cbsa,year,median_income,income_moe
10020,2010,42693,2243
10100,2010,45694,1574
10140,2010,41899,1429
10180,2010,42286,1168
10220,2010,37484,1808
10260,2010,11983,1478
10300,2010,48618,1174
10380,2010,13489,366
10420,2010,48570,589
10460,2010,39615,1570
10500,2010,36828,1221
10540,2010,45832,1228
10580,2010,57781,708
10620,2010,44802,1630
10660,2010,43090,1919
10700,2010,37661,1509
10740,2010,48107,561
10760,2010,36488,2644
10780,2010,40571,990
10820,2010,46789,1660
10860,2010,37020,2425
10880,2010,50240,1409
10900,2010,56908,621
10940,2010,40114,2763
10980,2010,36695,1279
11020,2010,42363,1030
11060,2010,41437,1764
11100,2010,46384,1071
11140,2010,32873,2539
11180,2010,48248,1401
11220,2010,42603,1915
11260,2010,71769,1054
11300,2010,43256,963
11340,2010,42871,1303
11380,2010,48699,4671
11420,2010,47479,1785
11460,2010,59065,1278
11500,2010,38407,1406
11540,2010,57036,822
11580,2010,35979,1645
11620,2010,39172,1917
11660,2010,31968,3369
11700,2010,44059,816
11740,2010,44542,1752
11780,2010,42139,1291
11820,2010,42223,2266
11860,2010,44175,4225
11900,2010,31559,1261
11940,2010,37146,2365
11980,2010,39779,1466
12020,2010,40627,1064
12060,2010,57550,377
12100,2010,54766,1130
12140,2010,46722,2135
12180,2010,48415,1409
12220,2010,40894,1162
12260,2010,44354,935
12300,2010,45973,1677
12380,2010,44497,2249
12420,2010,57561,600
12460,2010,33297,2443
12540,2010,47089,691
12580,2010,66195,410
12620,2010,42658,1095
12660,2010,50390,1342
12700,2010,60317,1168
12740,2010,55313,1427
12780,2010,44823,2227
12820,2010,31781,1886
12860,2010,49750,1737
12900,2010,34625,1574
12940,2010,48536,670
12980,2010,42568,1058
13020,2010,44659,1046
13060,2010,43205,2981
13100,2010,43311,2927
13140,2010,45029,971
13180,2010,52571,1188
13220,2010,38036,1917
13260,2010,40380,1647
13300,2010,40278,3741
13340,2010,46493,1964
13380,2010,49031,1383
13420,2010,43394,1813
13460,2010,53071,1384
13500,2010,27688,2179
13540,2010,47396,2346
13620,2010,41081,1265
13660,2010,35887,1791
13700,2010,39574,3276
13740,2010,48661,1187
13780,2010,46038,750
13820,2010,47760,580
13860,2010,44808,3693
13900,2010,52882,1158
13940,2010,44128,1924
13980,2010,41377,998
14020,2010,39915,1124
14060,2010,57642,1286
14100,2010,43233,1031
14140,2010,33352,1154
14180,2010,33407,2755
14220,2010,30363,2158
14260,2010,50998,530
14300,2010,44551,3077
14340,2010,49578,2086
14380,2010,31967,2281
14420,2010,42213,2396
14460,2010,69983,398
14500,2010,64839,1281
14540,2010,43088,1592
14580,2010,50136,1348
14620,2010,40097,1121
14660,2010,44075,1088
14700,2010,39811,1769
14740,2010,59549,1209
14780,2010,43159,3298
14820,2010,39408,2463
14860,2010,81268,944
14940,2010,55135,1550
15020,2010,38405,2772
15060,2010,37469,3658
15100,2010,45134,3238
15140,2010,32414,3176
15180,2010,31264,577
15220,2010,38832,2125
15260,2010,46440,2050
15340,2010,41228,1375
15380,2010,47093,469
15420,2010,40134,2727
15460,2010,42140,1494
15500,2010,44167,1245
15540,2010,58075,1179
15580,2010,37986,2441
15620,2010,40128,1125
15660,2010,40916,2267
15700,2010,45151,1681
15740,2010,37573,1581
15780,2010,31505,1997
15820,2010,35378,2285
15860,2010,37847,2026
15900,2010,41268,1239
15940,2010,44788,590
15980,2010,50014,554
16020,2010,42278,1443
16060,2010,32169,1444
16100,2010,46583,2728
16180,2010,52067,2926
16220,2010,50936,2214
16260,2010,42247,1817
16300,2010,53334,1031
16340,2010,38646,1820
16380,2010,49719,2295
16420,2010,36750,2267
16460,2010,38974,1776
16500,2010,43874,1774
16540,2010,51035,1098
16580,2010,46354,997
16620,2010,42795,779
16660,2010,37428,1474
16700,2010,50335,667
16740,2010,53471,449
16820,2010,56592,1168
16860,2010,43623,727
16900,2010,32743,1960
16940,2010,52824,1544
16980,2010,60574,218
17020,2010,43170,982
17060,2010,42626,1538
17140,2010,53651,382
17200,2010,50689,2193
17220,2010,37758,1631
17260,2010,24726,1785
17300,2010,44415,854
17340,2010,39491,1615
17380,2010,26005,1464
17420,2010,39501,1224
17460,2010,48514,365
17500,2010,37298,3997
17540,2010,46170,1741
17580,2010,38090,2036
17620,2010,14059,835
17660,2010,46336,1303
17700,2010,40603,3181
17740,2010,42133,1475
17780,2010,38426,1072
17820,2010,56358,636
17860,2010,45556,1268
17900,2010,48311,548
17940,2010,46278,1532
17980,2010,41323,772
18020,2010,52742,1482
18060,2010,37607,2209
18100,2010,49523,1944
18140,2010,52910,440
18180,2010,63012,1363
18220,2010,37038,2290
18260,2010,34505,1448
18300,2010,37491,1631
18340,2010,28122,2448
18380,2010,29960,3933
18420,2010,32342,2027
18460,2010,40192,2390
18500,2010,43867,932
18580,2010,43534,840
18620,2010,41654,2193
18660,2010,45338,2131
18700,2010,48012,2035
18740,2010,39469,1615
18820,2010,47694,1584
18860,2010,36118,4870
18880,2010,54242,1193
18900,2010,36813,1437
18940,2010,37261,2127
18980,2010,38567,1371
19020,2010,65132,3080
19060,2010,37327,1359
19100,2010,56349,230
19140,2010,41111,1122
19180,2010,39456,1329
19220,2010,36209,1735
19260,2010,35049,1068
19300,2010,50147,1046
19340,2010,48410,811
19380,2010,47381,511
19460,2010,43470,1196
19500,2010,44337,1251
19540,2010,43317,1886
19580,2010,44480,1985
19620,2010,36993,2271
19660,2010,44400,707
19700,2010,27997,2564
19740,2010,60137,383
19760,2010,45202,1586
19780,2010,57454,763
19820,2010,52409,229
19860,2010,49712,3198
19900,2010,26818,1975
19940,2010,48502,2448
19980,2010,46621,2806
20020,2010,38846,953
20060,2010,34844,1725
20100,2010,53183,1130
20140,2010,36676,1802
20180,2010,37130,1206
20220,2010,48573,1366
20260,2010,45479,674
20300,2010,44216,2943
20340,2010,43524,2365
20380,2010,42853,1391
20420,2010,56422,1984
20460,2010,37230,1775
20500,2010,50889,879
20540,2010,36856,1515
20580,2010,28813,2192
20620,2010,39502,1250
20660,2010,63017,2936
20700,2010,56733,2133
20740,2010,46975,1005
20780,2010,67078,3717
20820,2010,49509,2023
20900,2010,41148,2808
20940,2010,38685,1312
20980,2010,36464,2779
21020,2010,45876,2000
21060,2010,46467,1448
21120,2010,43642,3649
21140,2010,47258,1149
21220,2010,66850,1802
21260,2010,41232,2670
21300,2010,44502,1804
21340,2010,36333,487
21380,2010,37282,1949
21420,2010,40636,1980
21460,2010,42961,1133
21500,2010,43595,802
21540,2010,41951,1802
21580,2010,41437,3100
21640,2010,32716,1858
21660,2010,42923,720
21700,2010,40089,1219
21740,2010,58346,4424
21780,2010,46284,780
21820,2010,66598,2379
21860,2010,43960,2173
21900,2010,38115,1864
21940,2010,19627,912
21980,2010,51597,2574
22020,2010,48284,1166
22060,2010,58771,1780
22100,2010,38589,1903
22140,2010,46189,1294
22180,2010,43741,847
22220,2010,45466,775
22260,2010,43478,896
22280,2010,48433,2090
22300,2010,49070,2128
22340,2010,31497,2212
22380,2010,49510,1484
22420,2010,43483,617
22500,2010,39886,1026
22520,2010,39460,965
22540,2010,51549,981
22580,2010,35364,1507
22620,2010,27019,2493
22660,2010,56447,1152
22700,2010,40806,1613
22780,2010,43155,2321
22800,2010,41643,1904
22820,2010,43111,2847
22840,2010,35065,1772
22860,2010,42554,1115
22900,2010,38295,788
22980,2010,41014,4270
23060,2010,48866,613
23140,2010,48416,2207
23180,2010,49486,2092
23240,2010,52682,2957
23300,2010,43304,1473
23340,2010,42849,2542
23380,2010,48056,1782
23420,2010,46430,658
23460,2010,36422,1183
23500,2010,34132,2396
23540,2010,40528,999
23580,2010,50876,1401
23620,2010,48899,2436
23660,2010,40091,1917
23700,2010,31335,1661
23780,2010,50454,2400
23820,2010,60721,3753
23860,2010,42666,2069
23900,2010,56529,1263
23940,2010,76576,3128
23980,2010,37350,1844
24020,2010,50149,1240
24100,2010,43240,1904
24140,2010,41224,979
24180,2010,54583,2026
24220,2010,45266,1297
24260,2010,46066,999
24300,2010,52067,1262
24340,2010,49049,457
24380,2010,37361,2886
24420,2010,38035,1654
24460,2010,43763,1400
24500,2010,42389,1130
24540,2010,55596,1246
24580,2010,51952,817
24620,2010,36867,1512
24660,2010,43588,519
24700,2010,46894,2224
24740,2010,27797,1743
24780,2010,38916,1114
24820,2010,44280,1255
24860,2010,44705,665
24900,2010,23214,2012
24940,2010,38797,1970
24980,2010,32901,2598
25020,2010,16063,714
25060,2010,45353,1047
25100,2010,44623,2329
25180,2010,51661,1073
25220,2010,38957,1428
25260,2010,48684,1892
25300,2010,41990,1948
25340,2010,42698,1811
25380,2010,35644,1892
25420,2010,55372,792
25460,2010,35074,1866
25500,2010,45805,1334
25540,2010,66155,524
25580,2010,44233,1717
25620,2010,39273,1215
25660,2010,43606,3351
25700,2010,44543,3043
25720,2010,65204,3503
25740,2010,50943,1424
25760,2010,27361,1683
25780,2010,34025,1676
25820,2010,41127,3579
25860,2010,40346,879
25900,2010,54996,1555
25940,2010,53164,1500
25980,2010,42489,1881
26020,2010,43910,2187
26100,2010,55095,1050
26140,2010,37933,957
26180,2010,70093,725
26220,2010,51307,1970
26260,2010,36322,1873
26300,2010,36844,1213
26340,2010,34465,1662
26380,2010,48058,1081
26420,2010,55207,326
26460,2010,55546,3256
26480,2010,35947,1389
26500,2010,41700,1266
26540,2010,45964,2406
26580,2010,36607,756
26620,2010,53870,1032
26660,2010,34259,2250
26700,2010,40716,2216
26740,2010,41431,1248
26780,2010,58544,2189
26820,2010,50767,1424
26860,2010,40225,1166
26900,2010,53085,392
26940,2010,25012,1818
26980,2010,51226,1278
27020,2010,42005,1642
27060,2010,48655,1494
27100,2010,46117,1074
27140,2010,45447,834
27180,2010,40143,1673
27220,2010,62665,3049
27260,2010,52838,409
27300,2010,45461,2552
27340,2010,43561,1021
27380,2010,36966,2200
27420,2010,44620,2712
27460,2010,40639,1127
27500,2010,49716,1241
27540,2010,49695,1856
27580,2010,15556,2107
27620,2010,51164,1508
27660,2010,42907,3236
27700,2010,37340,2612
27740,2010,37572,1133
27780,2010,39574,955
27860,2010,37576,1218
27900,2010,38844,785
27940,2010,75517,5319
27980,2010,63989,1956
28020,2010,44723,755
28060,2010,44998,1967
28100,2010,50484,2098
28140,2010,55749,395
28180,2010,62531,2632
28260,2010,48447,2309
28300,2010,53828,1432
28340,2010,45818,1890
28380,2010,29375,1480
28420,2010,54374,1053
28500,2010,43072,2080
28540,2010,61695,5224
28580,2010,53821,1818
28620,2010,53889,3296
28660,2010,48228,861
28700,2010,37749,713
28740,2010,57584,1326
28780,2010,36659,5442
28820,2010,33625,1227
28860,2010,31213,1364
28900,2010,41818,1756
28940,2010,46218,555
28980,2010,60776,7958
29020,2010,46164,1461
29060,2010,54929,2371
29100,2010,49573,1116
29140,2010,43466,982
29180,2010,46472,1353
29220,2010,30686,2037
29260,2010,42162,2013
29300,2010,41770,2249
29340,2010,44368,1500
29380,2010,38214,2543
29420,2010,39785,915
29460,2010,43946,639
29500,2010,33623,3940
29540,2010,54765,568
29580,2010,38959,1473
29620,2010,50392,647
29660,2010,42890,3092
29700,2010,36684,904
29740,2010,36657,1312
29780,2010,32213,3396
29820,2010,56258,505
29860,2010,34843,1542
29900,2010,29368,2502
29940,2010,45831,1363
29980,2010,34985,1523
30020,2010,44012,1285
30060,2010,37294,1841
30100,2010,52120,1156
30140,2010,52356,1113
30220,2010,46430,2184
30260,2010,45474,1345
30280,2010,40435,2992
30300,2010,43103,1876
30340,2010,44470,2078
30380,2010,37539,1907
30420,2010,41783,2282
30460,2010,48545,1019
30500,2010,80053,2311
30580,2010,41373,2564
30620,2010,43632,1226
30660,2010,48999,3249
30700,2010,51092,572
30740,2010,47450,1653
30780,2010,46820,574
30820,2010,39354,1473
30860,2010,46817,1020
30900,2010,42587,1711
30940,2010,36787,1997
30980,2010,44276,820
31020,2010,45877,1602
31060,2010,103643,4094
31100,2010,59876,245
31140,2010,47823,438
31180,2010,42415,710
31260,2010,39148,1270
31300,2010,29667,1343
31340,2010,44560,997
31380,2010,33702,2099
31420,2010,40746,1397
31460,2010,46039,1652
31500,2010,42707,2123
31540,2010,59650,696
31580,2010,39312,1239
31620,2010,35148,3134
31660,2010,42050,1795
31700,2010,69321,928
31740,2010,43104,1598
31820,2010,49354,1115
31860,2010,51058,1305
31900,2010,42664,1237
31920,2010,48187,2462
31940,2010,40522,799
31980,2010,38985,1577
32020,2010,40511,1738
32060,2010,40579,1538
32100,2010,45130,1371
32140,2010,46872,2586
32180,2010,38818,2376
32220,2010,44425,1794
32260,2010,45232,1847
32270,2010,47204,1261
32280,2010,32358,2378
32300,2010,33642,1423
32340,2010,38621,2900
32380,2010,45588,1488
32420,2010,15165,568
32460,2010,35277,1966
32500,2010,33547,1850
32540,2010,39245,1961
32580,2010,31879,555
32620,2010,29944,1412
32660,2010,34946,2833
32700,2010,53026,2783
32740,2010,38924,1143
32780,2010,44142,1031
32820,2010,46260,509
32860,2010,48376,1845
32900,2010,43844,1566
32940,2010,32281,1266
32980,2010,46625,2469
33020,2010,40935,2823
33060,2010,35483,1300
33100,2010,48839,313
33140,2010,46014,1464
33180,2010,24724,2228
33220,2010,51103,1515
33260,2010,54945,2027
33300,2010,34513,3080
33340,2010,53043,405
33380,2010,35999,3147
33420,2010,41095,1653
33460,2010,65181,315
33500,2010,47998,1578
33540,2010,42887,1381
33580,2010,42355,3034
33620,2010,36458,2249
33660,2010,40996,723
33700,2010,51094,771
33740,2010,39705,1387
33780,2010,55366,1085
33820,2010,53088,1710
33860,2010,46404,952
33940,2010,46590,1888
33980,2010,46155,1439
34020,2010,40431,2132
34060,2010,39749,1613
34100,2010,37656,1205
34140,2010,36974,1919
34180,2010,42572,1539
34220,2010,32902,2299
34260,2010,35606,1764
34300,2010,43089,1778
34340,2010,37294,1448
34380,2010,36880,1536
34420,2010,39423,1807
34460,2010,33108,1974
34500,2010,40437,1768
34540,2010,45655,1439
34580,2010,54811,1119
34620,2010,38066,956
34660,2010,39194,1827
34700,2010,50850,1227
34740,2010,40670,819
34780,2010,37002,1732
34820,2010,43142,861
34860,2010,33189,1823
34900,2010,67389,2141
34940,2010,58106,1409
34980,2010,51574,408
35020,2010,27793,2020
35060,2010,30326,1156
35100,2010,43534,1463
35140,2010,41815,2044
35220,2010,41087,1348
35260,2010,42570,1119
35300,2010,61114,667
35340,2010,41783,1764
35380,2010,47647,637
35420,2010,42081,944
35460,2010,28809,2225
35500,2010,46396,1512
35580,2010,47696,1959
35620,2010,63915,260
35660,2010,42625,936
35700,2010,36519,2832
35740,2010,45400,1803
35820,2010,45293,2786
35840,2010,48679,713
35860,2010,43755,1693
35900,2010,33438,1750
35940,2010,47058,1446
35980,2010,65419,1122
36020,2010,57190,1742
36060,2010,31912,1703
36100,2010,40339,645
36140,2010,54292,1444
36180,2010,55487,2738
36220,2010,45815,1534
36260,2010,60796,723
36300,2010,42303,1489
36340,2010,39812,1186
36380,2010,38339,3410
36420,2010,46999,495
36460,2010,42466,1079
36500,2010,60930,1046
36540,2010,55158,621
36580,2010,45268,1448
36620,2010,41159,1469
36660,2010,31813,1338
36700,2010,32849,1366
36740,2010,50602,381
36780,2010,50974,859
36820,2010,45025,2613
36860,2010,50295,1026
36900,2010,40093,2076
36940,2010,55321,1930
36980,2010,42799,1223
37020,2010,46453,1640
37060,2010,39080,2585
37100,2010,75348,951
37140,2010,41288,1076
37220,2010,41181,2191
37260,2010,34645,1755
37300,2010,40378,1652
37340,2010,49523,841
37380,2010,48090,1521
37420,2010,40881,2548
37460,2010,47770,1179
37500,2010,38209,2003
37540,2010,36836,1435
37580,2010,38015,2102
37620,2010,41687,1105
37660,2010,39049,1604
37700,2010,47401,1758
37740,2010,37580,2160
37780,2010,32593,3523
37800,2010,53370,2227
37820,2010,45577,1354
37860,2010,47330,837
37900,2010,52451,615
37940,2010,39485,2398
37980,2010,60259,263
38020,2010,47462,2518
38060,2010,54700,288
38100,2010,40038,3151
38180,2010,53251,2790
38200,2010,45235,3420
38220,2010,36028,1057
38260,2010,35286,1484
38300,2010,47497,305
38340,2010,48907,1429
38380,2010,36509,1966
38420,2010,43889,1054
38460,2010,47489,2643
38500,2010,50141,1837
38540,2010,44465,1505
38580,2010,36683,1401
38620,2010,39505,1480
38660,2010,16693,407
38700,2010,50500,1732
38740,2010,33525,1797
38780,2010,37762,4492
38820,2010,44398,1946
38860,2010,55380,732
38900,2010,56275,402
38940,2010,47491,923
39020,2010,32812,2170
39060,2010,42315,1034
39100,2010,69671,978
39140,2010,43290,882
39220,2010,41967,2174
39260,2010,46059,2310
39300,2010,54920,504
39340,2010,56770,751
39380,2010,40699,1035
39420,2010,36368,2145
39460,2010,45037,1157
39500,2010,43261,1266
39540,2010,53855,1161
39580,2010,60026,560
39660,2010,46721,1215
39700,2010,22881,2634
39740,2010,53470,685
39780,2010,38137,1107
39820,2010,43944,1009
39860,2010,56366,2196
39900,2010,55724,775
39940,2010,38565,1725
39980,2010,41123,1275
40060,2010,57543,551
40080,2010,39689,1309
40100,2010,24441,1885
40140,2010,56841,377
40180,2010,46397,2591
40220,2010,48032,807
40260,2010,30488,1461
40300,2010,55733,1604
40340,2010,62395,983
40380,2010,51810,499
40420,2010,49184,924
40460,2010,30439,1596
40500,2010,45264,1899
40540,2010,69828,1963
40580,2010,40057,1348
40620,2010,40260,2806
40660,2010,41066,2001
40700,2010,39711,1014
40740,2010,37524,1771
40760,2010,43750,3689
40780,2010,38813,1088
40820,2010,37354,2389
40860,2010,47027,1690
40900,2010,60330,401
40940,2010,43714,2636
40980,2010,42954,763
41060,2010,51572,816
41100,2010,50050,989
41140,2010,43769,1321
41180,2010,53227,314
41220,2010,49230,2238
41260,2010,43745,1750
41420,2010,46997,876
41460,2010,45597,1591
41500,2010,59271,1270
41540,2010,48582,1632
41580,2010,43596,2124
41620,2010,58677,483
41660,2010,41489,1276
41700,2010,49221,387
41740,2010,63069,464
41780,2010,46593,1991
41820,2010,44120,2649
41860,2010,75707,442
41900,2010,15245,521
41940,2010,86286,710
41980,2010,21097,187
42020,2010,57365,1444
42060,2010,60078,1101
42100,2010,65253,1187
42140,2010,52696,1411
42180,2010,17605,1552
42220,2010,63274,1032
42300,2010,40194,1992
42340,2010,47954,1135
42380,2010,40543,1219
42420,2010,38903,1693
42460,2010,36312,2091
42500,2010,39588,1737
42540,2010,43037,601
42580,2010,51046,1023
42620,2010,39178,1858
42660,2010,65400,354
42680,2010,47341,1249
42700,2010,34946,1100
42740,2010,37658,1571
42780,2010,44713,1673
42820,2010,26029,1633
42860,2010,42266,2125
42900,2010,46707,2160
42940,2010,41476,1370
42980,2010,43980,2465
43060,2010,40085,1556
43100,2010,51127,1076
43140,2010,38208,1544
43180,2010,38550,2288
43220,2010,48104,2353
43260,2010,48141,2426
43300,2010,46875,1367
43320,2010,39774,1908
43340,2010,41124,751
43380,2010,48475,1855
43420,2010,44876,1551
43460,2010,37716,2831
43500,2010,36591,2280
43540,2010,68750,5893
43580,2010,45542,1165
43620,2010,54183,964
43660,2010,42401,3911
43700,2010,32771,1261
43740,2010,39194,1372
43780,2010,44731,842
43860,2010,48319,2478
43900,2010,42680,862
43940,2010,42356,3314
43980,2010,43542,2230
44020,2010,50174,2273
44060,2010,47250,695
44100,2010,52426,874
44140,2010,50753,679
44180,2010,42328,658
44220,2010,44141,1052
44260,2010,30320,2684
44300,2010,47016,1313
44340,2010,34327,1554
44380,2010,48962,1572
44420,2010,46776,1334
44500,2010,39200,2293
44540,2010,40961,2888
44580,2010,45266,1442
44600,2010,38185,858
44620,2010,51456,1237
44660,2010,34752,1451
44700,2010,54341,909
44740,2010,43182,1777
44780,2010,44392,1378
44860,2010,41642,2560
44900,2010,32419,1909
44940,2010,39137,1492
44980,2010,38387,1247
45000,2010,50317,4275
45020,2010,37102,2843
45060,2010,49920,628
45140,2010,32322,1761
45180,2010,36948,1331
45220,2010,44129,902
45260,2010,26441,2908
45300,2010,46475,329
45340,2010,35441,2388
45380,2010,41712,1854
45460,2010,40530,1085
45500,2010,41687,1184
45520,2010,42133,1911
45540,2010,43079,1511
45580,2010,34509,2208
45620,2010,35797,2032
45640,2010,44249,1037
45660,2010,42573,1418
45700,2010,36847,2165
45740,2010,34938,2413
45780,2010,45447,566
45820,2010,48601,978
45860,2010,69639,1251
45900,2010,48705,1326
45940,2010,71217,1289
45980,2010,29181,2285
46020,2010,57121,1881
46060,2010,45521,546
46100,2010,40780,1391
46140,2010,46494,533
46180,2010,38609,1325
46220,2010,40293,1041
46260,2010,27544,2346
46300,2010,41939,1301
46340,2010,46139,1362
46380,2010,43759,1346
46420,2010,33470,2633
46460,2010,38013,2003
46500,2010,49246,1733
46540,2010,45709,896
46580,2010,13509,1000
46620,2010,35087,2634
46660,2010,38973,1344
46700,2010,68409,1175
46740,2010,31467,1300
46780,2010,44415,2074
46820,2010,37198,4040
46860,2010,59730,3035
46900,2010,40105,4537
46980,2010,40404,3042
47020,2010,47994,1634
47080,2010,32338,2562
47180,2010,39523,1450
47220,2010,50651,1423
47260,2010,57605,467
47300,2010,43851,860
47340,2010,43157,2150
47380,2010,40672,909
47420,2010,47392,2081
47460,2010,45575,2141
47500,2010,33263,2617
47540,2010,52018,1730
47580,2010,55098,1813
47620,2010,41286,1305
47660,2010,44985,2112
47700,2010,50217,1441
47780,2010,44592,1923
47820,2010,40653,1724
47900,2010,85660,412
47920,2010,39599,1488
47940,2010,46503,977
47980,2010,43459,1792
48020,2010,54769,1175
48060,2010,43410,957
48100,2010,37466,3630
48140,2010,53471,1379
48180,2010,36151,1756
48220,2010,42108,2694
48300,2010,48685,1598
48460,2010,35282,1942
48500,2010,31727,2523
48540,2010,37739,875
48580,2010,54487,1343
48620,2010,48611,651
48660,2010,44064,1032
48700,2010,42689,1082
48740,2010,59370,1686
48780,2010,55396,2846
48820,2010,49512,2058
48900,2010,46980,898
48940,2010,46261,2327
48980,2010,38596,1558
49020,2010,51188,1488
49060,2010,40749,1942
49100,2010,44217,1944
49180,2010,45888,731
49260,2010,49672,3324
49300,2010,48375,1084
49340,2010,64152,768
49380,2010,43040,1842
49420,2010,42877,1205
49460,2010,47124,3205
49500,2010,13911,433
49540,2010,27356,2306
49620,2010,57494,817
49660,2010,41474,455
49700,2010,49190,1309
49740,2010,40340,1162
49780,2010,39538,1125
10020,2011,43349,2022
10100,2011,47395,1896
10140,2011,42729,1716
10180,2011,42644,1461
10220,2011,40641,1821
10260,2011,12975,1619
10300,2011,48595,1328
10380,2011,14257,274
10420,2011,49485,547
10460,2011,38588,1630
10500,2011,36613,1462
10540,2011,46872,1286
10580,2011,59339,758
10620,2011,43424,2134
10660,2011,43447,2897
10700,2011,38563,1197
10740,2011,48663,637
10760,2011,38914,1565
10780,2011,40402,952
10820,2011,48436,1591
10860,2011,37413,2741
10880,2011,51232,1292
10900,2011,58054,692
10940,2011,39867,2298
10980,2011,38081,2263
11020,2011,43243,1086
11060,2011,41391,1976
11100,2011,47234,1195
11140,2011,34465,2082
11180,2011,49733,1533
11220,2011,43254,2116
11260,2011,74271,1068
11300,2011,44035,1195
11340,2011,42854,1174
11380,2011,51598,4919
11420,2011,48502,1713
11460,2011,59737,1016
11500,2011,39467,1089
11540,2011,58389,850
11580,2011,36407,2172
11620,2011,40081,1464
11660,2011,32998,2929
11700,2011,44512,797
11740,2011,45641,1511
11780,2011,41501,1246
11820,2011,43670,2316
11860,2011,44433,5194
11900,2011,33546,2154
11940,2011,38604,2537
11980,2011,41242,971
12020,2011,40951,1101
12060,2011,57783,385
12100,2011,55222,975
12140,2011,47099,1838
12180,2011,50140,1330
12220,2011,42320,1495
12260,2011,45162,945
12300,2011,46904,1398
12380,2011,45596,2394
12420,2011,59476,590
12460,2011,31391,2723
12540,2011,48021,800
12580,2011,67891,454
12620,2011,43601,808
12660,2011,51121,1201
12700,2011,60525,1544
12740,2011,57163,1881
12780,2011,47144,2403
12820,2011,31269,1857
12860,2011,50861,1700
12900,2011,34878,1784
12940,2011,50146,642
12980,2011,42287,948
13020,2011,45962,1052
13060,2011,43962,4443
13100,2011,45573,2936
13140,2011,45622,769
13180,2011,53589,960
13220,2011,38596,2325
13260,2011,43195,1434
13300,2011,39247,3207
13340,2011,47378,1951
13380,2011,51389,1279
13420,2011,43989,2381
13460,2011,52962,1283
13500,2011,28511,2001
13540,2011,48083,3370
13620,2011,40375,1391
13660,2011,37677,1620
13700,2011,41887,2864
13740,2011,49952,1025
13780,2011,47398,1009
13820,2011,48411,639
13860,2011,49571,4690
13900,2011,55933,1772
13940,2011,46169,2106
13980,2011,42468,1284
14020,2011,40490,979
14060,2011,59410,1317
14100,2011,44650,1286
14140,2011,34806,1259
14180,2011,34267,2880
14220,2011,30554,2196
14260,2011,50899,555
14300,2011,44136,2323
14340,2011,51582,2476
14380,2011,34497,2706
14420,2011,44120,2237
14460,2011,71878,440
14500,2011,66479,1239
14540,2011,42162,1296
14580,2011,51391,1289
14620,2011,40721,1138
14660,2011,45085,1003
14700,2011,40333,1492
14740,2011,61112,1106
14780,2011,45320,4510
14820,2011,41103,2086
14860,2011,82558,857
14940,2011,55588,2369
15020,2011,38438,3431
15060,2011,39787,4004
15100,2011,46101,3000
15140,2011,33504,2331
15180,2011,32156,778
15220,2011,39965,1840
15260,2011,46199,1881
15340,2011,41336,1259
15380,2011,48332,516
15420,2011,41480,2867
15460,2011,43488,1515
15500,2011,44430,1438
15540,2011,60552,1343
15580,2011,40030,2788
15620,2011,41390,1066
15660,2011,41336,2499
15700,2011,46683,1771
15740,2011,38179,2205
15780,2011,32504,2228
15820,2011,35054,2301
15860,2011,38979,1697
15900,2011,42963,1470
15940,2011,45171,848
15980,2011,49444,808
16020,2011,43122,1240
16060,2011,32896,2066
16100,2011,47725,2649
16180,2011,54235,1987
16220,2011,53519,1853
16260,2011,42226,1863
16300,2011,55196,935
16340,2011,38514,2689
16380,2011,51236,1712
16420,2011,37440,3112
16460,2011,40097,1486
16500,2011,44373,1467
16540,2011,51171,973
16580,2011,46152,1242
16620,2011,44140,838
16660,2011,39141,1764
16700,2011,51332,579
16740,2011,54229,474
16820,2011,58026,1595
16860,2011,44164,758
16900,2011,32112,1806
16940,2011,54156,1903
16980,2011,61257,263
17020,2011,42971,1388
17060,2011,44577,1713
17140,2011,54651,412
17200,2011,51678,2232
17220,2011,39513,1664
17260,2011,26050,2613
17300,2011,45305,1200
17340,2011,39525,2054
17380,2011,27173,1612
17420,2011,39964,1183
17460,2011,49024,339
17500,2011,37989,3282
17540,2011,48063,1620
17580,2011,40397,1991
17620,2011,14480,793
17660,2011,48075,1329
17700,2011,40925,3632
17740,2011,42505,1273
17780,2011,37899,1384
17820,2011,57111,681
17860,2011,47118,1063
17900,2011,48766,790
17940,2011,46552,1816
17980,2011,41680,813
18020,2011,53692,2162
18060,2011,37626,2218
18100,2011,51273,2105
18140,2011,54112,424
18180,2011,65722,1486
18220,2011,35802,2323
18260,2011,33997,1481
18300,2011,37789,1626
18340,2011,29280,1688
18380,2011,32616,3856
18420,2011,32221,2288
18460,2011,41222,2079
18500,2011,44967,908
18580,2011,45199,1101
18620,2011,41074,1909
18660,2011,45956,1458
18700,2011,47716,2474
18740,2011,40727,1488
18820,2011,47929,1999
18860,2011,37588,5360
18880,2011,54140,1476
18900,2011,36955,1172
18940,2011,37970,2450
18980,2011,38703,2073
19020,2011,66458,3224
19060,2011,37804,1494
19100,2011,57658,266
19140,2011,40677,1374
19180,2011,40463,1069
19220,2011,36947,1412
19260,2011,36102,1023
19300,2011,51321,1499
19340,2011,49605,804
19380,2011,47864,567
19460,2011,44207,1089
19500,2011,45987,1144
19540,2011,46549,3241
19580,2011,46864,1721
19620,2011,38747,2336
19660,2011,44169,811
19700,2011,30921,2734
19740,2011,61734,379
19760,2011,45113,2450
19780,2011,59381,744
19820,2011,52244,236
19860,2011,54241,3309
19900,2011,26067,2469
19940,2011,49451,1935
19980,2011,49061,2062
20020,2011,40071,762
20060,2011,33840,1901
20100,2011,54783,1469
20140,2011,36185,2295
20180,2011,39391,1276
20220,2011,49663,1422
20260,2011,46133,674
20300,2011,48394,4707
20340,2011,45030,1599
20380,2011,42965,1596
20420,2011,56910,2745
20460,2011,36661,1933
20500,2011,51632,851
20540,2011,38909,1671
20580,2011,29504,2206
20620,2011,41003,1189
20660,2011,63399,2708
20700,2011,57700,2258
20740,2011,48255,1166
20780,2011,65059,4204
20820,2011,50938,2446
20900,2011,43689,2618
20940,2011,39402,1479
20980,2011,37794,2450
21020,2011,47193,2186
21060,2011,47310,1536
21120,2011,45726,2495
21140,2011,47308,1167
21220,2011,69094,2226
21260,2011,42769,2685
21300,2011,46589,1750
21340,2011,38259,661
21380,2011,38031,1819
21420,2011,41688,1471
21460,2011,43911,1706
21500,2011,44503,731
21540,2011,42932,1902
21580,2011,40232,2317
21640,2011,33883,2811
21660,2011,42621,686
21700,2011,40376,1196
21740,2011,59851,6217
21780,2011,47294,811
21820,2011,68922,2076
21860,2011,44791,3137
21900,2011,39870,1634
21940,2011,19846,950
21980,2011,52589,4473
22020,2011,50091,1099
22060,2011,59533,1531
22100,2011,37630,1850
22140,2011,49024,1602
22180,2011,45016,719
22220,2011,46131,738
22260,2011,45494,1135
22280,2011,46598,2663
22300,2011,49888,1990
22340,2011,34781,3095
22380,2011,49615,1811
22420,2011,43418,766
22500,2011,40565,963
22520,2011,39927,1193
22540,2011,52717,1009
22580,2011,37128,2004
22620,2011,26360,1471
22660,2011,57215,1152
22700,2011,41695,1442
22780,2011,46919,2433
22800,2011,41951,1670
22820,2011,42792,2115
22840,2011,36853,2114
22860,2011,45292,1272
22900,2011,39344,874
22980,2011,41333,4932
23060,2011,49808,794
23140,2011,48352,2488
23180,2011,48791,2671
23240,2011,54843,2829
23300,2011,43410,1853
23340,2011,44744,2402
23380,2011,47277,1740
23420,2011,46903,702
23460,2011,37772,1360
23500,2011,35025,2933
23540,2011,41198,947
23580,2011,52050,1449
23620,2011,50176,2703
23660,2011,40741,1348
23700,2011,31947,2094
23780,2011,51179,2726
23820,2011,60383,2632
23860,2011,42677,2293
23900,2011,57097,1035
23940,2011,78356,3577
23980,2011,37622,1567
24020,2011,51894,1218
24100,2011,45289,1948
24140,2011,41751,1334
24180,2011,53107,2347
24220,2011,46951,1211
24260,2011,47477,1132
24300,2011,52986,1589
24340,2011,50187,467
24380,2011,36020,2987
24420,2011,37824,1291
24460,2011,44989,1936
24500,2011,44074,1079
24540,2011,55825,1021
24580,2011,52944,759
24620,2011,36310,1830
24660,2011,43915,654
24700,2011,47810,3043
24740,2011,28591,2135
24780,2011,39937,1451
24820,2011,45055,1548
24860,2011,45888,680
24900,2011,23867,2079
24940,2011,39366,1762
24980,2011,33123,2601
25020,2011,16732,684
25060,2011,44170,1339
25100,2011,46631,2641
25180,2011,51729,876
25220,2011,40214,1666
25260,2011,48838,1893
25300,2011,42664,1620
25340,2011,43129,1994
25380,2011,36083,2008
25420,2011,56821,648
25460,2011,36424,1741
25500,2011,47222,1233
25540,2011,67695,592
25580,2011,46977,2704
25620,2011,40427,1168
25660,2011,46724,3966
25700,2011,43713,1720
25720,2011,64651,4498
25740,2011,54044,1909
25760,2011,28225,1936
25780,2011,34084,1944
25820,2011,41134,2979
25860,2011,40519,757
25900,2011,53591,1378
25940,2011,54572,1552
25980,2011,43443,1684
26020,2011,46781,2241
26100,2011,55661,1132
26140,2011,38189,1523
26180,2011,71263,839
26220,2011,54109,2749
26260,2011,35856,1986
26300,2011,38210,1514
26340,2011,34907,1221
26380,2011,48740,1355
26420,2011,56876,401
26460,2011,56185,2173
26480,2011,37577,1531
26500,2011,43026,1454
26540,2011,47137,2096
26580,2011,37537,779
26620,2011,54733,881
26660,2011,36885,2922
26700,2011,40455,2272
26740,2011,42207,1357
26780,2011,57323,3502
26820,2011,51729,1527
26860,2011,41424,1134
26900,2011,53531,442
26940,2011,27042,1683
26980,2011,53322,1593
27020,2011,43611,1348
27060,2011,49789,1885
27100,2011,47169,1240
27140,2011,46182,776
27180,2011,40573,1375
27220,2011,63562,4678
27260,2011,53363,533
27300,2011,45803,2048
27340,2011,45457,910
27380,2011,37758,2148
27420,2011,46317,2628
27460,2011,41432,889
27500,2011,50532,984
27540,2011,50913,1812
27580,2011,17022,2086
27620,2011,52659,1364
27660,2011,43585,2895
27700,2011,39470,3095
27740,2011,38002,1184
27780,2011,41202,939
27860,2011,38063,1371
27900,2011,40260,958
27940,2011,77465,4021
27980,2011,64583,2418
28020,2011,45679,709
28060,2011,45588,1546
28100,2011,49266,1837
28140,2011,56613,441
28180,2011,64422,2555
28260,2011,51058,2625
28300,2011,55241,1630
28340,2011,47768,1708
28380,2011,30806,1955
28420,2011,56407,1044
28500,2011,44529,2203
28540,2011,57243,5285
28580,2011,53889,1913
28620,2011,54750,3774
28660,2011,49300,924
28700,2011,38931,720
28740,2011,58808,1621
28780,2011,37265,5368
28820,2011,33749,1354
28860,2011,33089,1904
28900,2011,41787,1757
28940,2011,46666,647
28980,2011,66326,5525
29020,2011,46295,1297
29060,2011,56921,2025
29100,2011,50836,1085
29140,2011,44422,1100
29180,2011,47309,1189
29220,2011,31337,2158
29260,2011,40974,1722
29300,2011,41961,2705
29340,2011,44232,1585
29380,2011,38589,1942
29420,2011,40573,953
29460,2011,44398,722
29500,2011,39454,6409
29540,2011,55816,594
29580,2011,40034,1744
29620,2011,50168,695
29660,2011,45760,3099
29700,2011,37868,1050
29740,2011,37223,1226
29780,2011,32332,3099
29820,2011,55961,550
29860,2011,35684,1537
29900,2011,30465,2182
29940,2011,47063,1489
29980,2011,35737,1796
30020,2011,45947,1584
30060,2011,39697,2061
30100,2011,52936,1328
30140,2011,53474,1230
30220,2011,48201,3850
30260,2011,46269,1397
30280,2011,41620,2438
30300,2011,43520,1906
30340,2011,45699,1460
30380,2011,38892,1608
30420,2011,44888,2011
30460,2011,49226,925
30500,2011,82529,1926
30580,2011,44550,2903
30620,2011,43323,1315
30660,2011,48714,2435
30700,2011,51419,647
30740,2011,50279,2471
30780,2011,47731,707
30820,2011,39696,1490
30860,2011,48002,1404
30900,2011,42679,1825
30940,2011,37286,2018
30980,2011,45436,904
31020,2011,46461,1750
31060,2011,104914,5633
31100,2011,60667,215
31140,2011,48820,498
31180,2011,43784,837
31260,2011,39325,1774
31300,2011,30874,1097
31340,2011,45512,1172
31380,2011,34186,1906
31420,2011,39888,1155
31460,2011,47724,2125
31500,2011,43635,3561
31540,2011,61163,609
31580,2011,39187,1589
31620,2011,36163,3145
31660,2011,43673,2086
31700,2011,70591,1063
31740,2011,45122,1156
31820,2011,50181,1177
31860,2011,51895,1086
31900,2011,43098,1356
31920,2011,48291,1980
31940,2011,41780,1313
31980,2011,39377,1397
32020,2011,41337,1640
32060,2011,41319,1581
32100,2011,45495,1413
32140,2011,47254,2228
32180,2011,39727,3160
32220,2011,45357,1633
32260,2011,47691,2336
32270,2011,47182,1263
32280,2011,33932,2046
32300,2011,33464,1152
32340,2011,38680,2552
32380,2011,46720,1517
32420,2011,15088,627
32460,2011,35514,1994
32500,2011,34081,2533
32540,2011,41317,1685
32580,2011,32479,631
32620,2011,32315,1633
32660,2011,35575,2405
32700,2011,53332,1793
32740,2011,40379,1121
32780,2011,43386,1238
32820,2011,47344,542
32860,2011,48342,2064
32900,2011,43945,1460
32940,2011,33455,1666
32980,2011,47426,2128
33020,2011,41567,2670
33060,2011,36931,1547
33100,2011,49018,305
33140,2011,46934,1350
33180,2011,25269,1958
33220,2011,52465,1384
33260,2011,57807,2268
33300,2011,34189,2930
33340,2011,53618,461
33380,2011,36225,2338
33420,2011,40385,2737
33460,2011,66157,305
33500,2011,50438,1508
33540,2011,43895,1434
33580,2011,45102,2804
33620,2011,36484,2004
33660,2011,42187,902
33700,2011,50671,871
33740,2011,39490,1114
33780,2011,55826,1258
33820,2011,53933,1086
33860,2011,47146,903
33940,2011,47479,2143
33980,2011,47403,1671
34020,2011,40171,2415
34060,2011,42100,1593
34100,2011,37380,1113
34140,2011,39578,2171
34180,2011,44237,2067
34220,2011,33345,1507
34260,2011,35589,1674
34300,2011,43691,1602
34340,2011,36788,1430
34380,2011,36815,1483
34420,2011,39886,2095
34460,2011,33463,2418
34500,2011,42117,1479
34540,2011,48734,2031
34580,2011,55555,1209
34620,2011,38730,1566
34660,2011,39316,1504
34700,2011,51096,1833
34740,2011,40298,1001
34780,2011,37990,1534
34820,2011,42877,884
34860,2011,35378,1776
34900,2011,68641,1817
34940,2011,56876,1338
34980,2011,52347,402
35020,2011,27189,1512
35060,2011,31830,1292
35100,2011,45513,1422
35140,2011,42866,2669
35220,2011,40519,1961
35260,2011,43821,1193
35300,2011,62497,791
35340,2011,42989,2891
35380,2011,47566,507
35420,2011,42846,1454
35460,2011,28563,2715
35500,2011,48881,1937
35580,2011,48149,2167
35620,2011,65288,248
35660,2011,42488,1101
35700,2011,38092,2415
35740,2011,47133,1883
35820,2011,49572,2990
35840,2011,48745,645
35860,2011,44815,2170
35900,2011,33464,1754
35940,2011,48358,1383
35980,2011,67010,1232
36020,2011,59328,1585
36060,2011,32940,2143
36100,2011,40103,694
36140,2011,55315,1758
36180,2011,57474,2510
36220,2011,50056,1748
36260,2011,62340,770
36300,2011,43390,1202
36340,2011,40986,903
36380,2011,36929,3320
36420,2011,48498,518
36460,2011,42754,1046
36500,2011,63129,1038
36540,2011,56346,512
36580,2011,45334,1497
36620,2011,41343,2281
36660,2011,34350,1926
36700,2011,33162,1592
36740,2011,50433,363
36780,2011,51596,1024
36820,2011,46477,3105
36860,2011,51423,905
36900,2011,40269,1715
36940,2011,57290,1902
36980,2011,44518,1174
37020,2011,47552,1560
37060,2011,41166,2960
37100,2011,76728,1121
37140,2011,42879,1342
37220,2011,39740,2437
37260,2011,34174,1545
37300,2011,40577,2396
37340,2011,50068,773
37380,2011,48708,2134
37420,2011,43203,2998
37460,2011,48225,1726
37500,2011,39090,2010
37540,2011,36463,1140
37580,2011,40050,2730
37620,2011,42395,1087
37660,2011,40587,2665
37700,2011,48968,1647
37740,2011,37905,2009
37780,2011,35552,4734
37800,2011,53730,1800
37820,2011,45941,1893
37860,2011,48075,738
37900,2011,53219,727
37940,2011,39746,2000
37980,2011,61496,287
38020,2011,47359,1995
38060,2011,54732,324
38100,2011,42971,2050
38180,2011,57648,3815
38200,2011,46699,3532
38220,2011,37158,1100
38260,2011,36043,1826
38300,2011,49246,339
38340,2011,48705,1494
38380,2011,39335,3039
38420,2011,45022,1083
38460,2011,49260,1660
38500,2011,48536,2831
38540,2011,45080,1573
38580,2011,36657,1715
38620,2011,40164,1508
38660,2011,16950,448
38700,2011,52835,1936
38740,2011,34080,2469
38780,2011,35841,4561
38820,2011,46212,1868
38860,2011,56961,797
38900,2011,57307,400
38940,2011,47306,794
39020,2011,33596,1404
39060,2011,44150,1051
39100,2011,70694,890
39140,2011,44084,1031
39220,2011,43659,2048
39260,2011,45004,3703
39300,2011,55924,485
39340,2011,59104,896
39380,2011,41273,1202
39420,2011,35409,1728
39460,2011,45112,1307
39500,2011,45089,1418
39540,2011,54356,1108
39580,2011,61407,733
39660,2011,48155,1675
39700,2011,22894,2931
39740,2011,54823,788
39780,2011,38753,1238
39820,2011,44058,1192
39860,2011,56099,2734
39900,2011,55860,1046
39940,2011,37713,1902
39980,2011,40427,1198
40060,2011,58889,526
40080,2011,39843,1409
40100,2011,25598,1881
40140,2011,57096,379
40180,2011,48788,2451
40220,2011,49540,772
40260,2011,31635,1190
40300,2011,57094,2191
40340,2011,64453,965
40380,2011,52777,398
40420,2011,49724,936
40460,2011,31847,1187
40500,2011,46845,1735
40540,2011,72096,1843
40580,2011,40667,1165
40620,2011,40675,2154
40660,2011,43129,1977
40700,2011,40501,1228
40740,2011,37293,1468
40760,2011,44557,2215
40780,2011,39489,1620
40820,2011,35980,2457
40860,2011,48190,1944
40900,2011,60479,505
40940,2011,45000,2740
40980,2011,43258,863
41060,2011,52625,1037
41100,2011,50307,988
41140,2011,45051,1325
41180,2011,54149,351
41220,2011,51061,2329
41260,2011,42854,2411
41420,2011,47574,802
41460,2011,46189,1511
41500,2011,59737,1114
41540,2011,49668,2019
41580,2011,43121,1698
41620,2011,59930,612
41660,2011,43498,1669
41700,2011,50318,434
41740,2011,63857,476
41780,2011,47466,1887
41820,2011,44836,2864
41860,2011,76911,470
41900,2011,15355,592
41940,2011,88339,843
41980,2011,21368,218
42020,2011,58630,1863
42060,2011,61896,1260
42100,2011,66030,1605
42140,2011,53698,1742
42180,2011,17601,1671
42220,2011,64343,835
42300,2011,41108,1889
42340,2011,49033,1096
42380,2011,42433,1035
42420,2011,40702,1576
42460,2011,36383,1960
42500,2011,40532,2369
42540,2011,44319,604
42580,2011,53215,1270
42620,2011,41618,2366
42660,2011,67023,369
42680,2011,46363,1472
42700,2011,34913,1010
42740,2011,38669,1273
42780,2011,46184,2065
42820,2011,26909,2492
42860,2011,42641,1979
42900,2011,47266,1698
42940,2011,42569,1505
42980,2011,45666,2367
43060,2011,41332,1593
43100,2011,52993,1168
43140,2011,38352,1427
43180,2011,39480,1942
43220,2011,48912,2051
43260,2011,51667,2199
43300,2011,46993,1360
43320,2011,38975,2460
43340,2011,42398,768
43380,2011,50527,1740
43420,2011,45906,1860
43460,2011,39113,3379
43500,2011,36925,2076
43540,2011,67915,4024
43580,2011,47348,1424
43620,2011,55754,991
43660,2011,46380,3931
43700,2011,33282,1321
43740,2011,41102,1103
43780,2011,45226,670
43860,2011,48348,2072
43900,2011,43563,1017
43940,2011,45137,3413
43980,2011,45462,3004
44020,2011,52704,1940
44060,2011,49257,738
44100,2011,53682,1340
44140,2011,51751,667
44180,2011,43042,763
44220,2011,44037,868
44260,2011,29013,2381
44300,2011,48262,1437
44340,2011,33902,1250
44380,2011,51139,1624
44420,2011,47916,1487
44500,2011,40096,2052
44540,2011,42324,2415
44580,2011,46444,1721
44600,2011,39581,1181
44620,2011,51887,1694
44660,2011,35716,1477
44700,2011,53764,749
44740,2011,46145,2598
44780,2011,44433,1241
44860,2011,42844,2192
44900,2011,32224,2037
44940,2011,40542,1195
44980,2011,39605,976
45000,2011,52484,5291
45020,2011,37177,2235
45060,2011,51606,593
45140,2011,33990,2205
45180,2011,36609,1587
45220,2011,45011,1023
45260,2011,26178,2159
45300,2011,46890,325
45340,2011,36205,3384
45380,2011,43964,1796
45460,2011,42170,1212
45500,2011,42229,1373
45520,2011,43742,2047
45540,2011,44817,1617
45580,2011,34068,1445
45620,2011,34419,2703
45640,2011,44728,1548
45660,2011,41761,1363
45700,2011,37414,2581
45740,2011,37502,2122
45780,2011,45495,623
45820,2011,49634,1053
45860,2011,71497,1524
45900,2011,48822,1427
45940,2011,73883,1767
45980,2011,31179,1756
46020,2011,58077,2189
46060,2011,46341,616
46100,2011,40918,1314
46140,2011,47760,596
46180,2011,39878,1294
46220,2011,41368,796
46260,2011,29355,3525
46300,2011,42259,1181
46340,2011,46615,1519
46380,2011,44527,2035
46420,2011,33679,1944
46460,2011,38540,1666
46500,2011,48335,1886
46540,2011,47060,838
46580,2011,14153,1003
46620,2011,34456,3010
46660,2011,38678,1651
46700,2011,69914,1178
46740,2011,32186,1223
46780,2011,45111,1905
46820,2011,39118,4335
46860,2011,62450,3485
46900,2011,40050,3910
46980,2011,40469,2254
47020,2011,48531,1941
47080,2011,33084,2052
47180,2011,40391,2122
47220,2011,52004,1026
47260,2011,59211,453
47300,2011,43550,1003
47340,2011,44242,1936
47380,2011,41656,939
47420,2011,49545,2267
47460,2011,46793,1657
47500,2011,31700,2128
47540,2011,52838,1646
47580,2011,55738,1929
47620,2011,42167,1163
47660,2011,47268,2725
47700,2011,51141,1320
47780,2011,45231,1865
47820,2011,40986,2114
47900,2011,88486,384
47920,2011,39263,1368
47940,2011,47138,746
47980,2011,45141,2006
48020,2011,55615,1332
48060,2011,45559,1247
48100,2011,38046,4300
48140,2011,54316,1152
48180,2011,36293,2407
48220,2011,43125,2551
48300,2011,49573,1445
48460,2011,35625,2201
48500,2011,32919,3750
48540,2011,39516,980
48580,2011,55237,1724
48620,2011,50122,664
48660,2011,45882,988
48700,2011,43788,1234
48740,2011,60063,1800
48780,2011,62082,3435
48820,2011,49915,2107
48900,2011,46868,901
48940,2011,47264,2851
48980,2011,38760,1680
49020,2011,52164,1703
49060,2011,40924,1752
49100,2011,44848,1733
49180,2011,45847,665
49260,2011,51087,3381
49300,2011,49261,1273
49340,2011,65772,757
49380,2011,45552,2462
49420,2011,44419,931
49460,2011,51680,2528
49500,2011,14205,570
49540,2011,27979,2678
49620,2011,58586,792
49660,2011,41931,506
49700,2011,48857,1220
49740,2011,41441,1017
49780,2011,40590,1105
10020,2012,44339,2182
10100,2012,49652,1288
10140,2012,42440,1439
10180,2012,44007,1135
10220,2012,40680,1890
10260,2012,13095,1366
10300,2012,48528,1475
10380,2012,14808,313
10420,2012,49936,606
10460,2012,39054,1930
10500,2012,36216,1356
10540,2012,47129,1304
10580,2012,60841,663
10620,2012,43256,2060
10660,2012,43962,1988
10700,2012,38649,1971
10740,2012,48990,640
10760,2012,38300,1350
10780,2012,40625,912
10820,2012,50365,2137
10860,2012,40723,2302
10880,2012,51030,1108
10900,2012,58111,674
10940,2012,40224,2112
10980,2012,38900,1565
11020,2012,42687,1027
11060,2012,41563,2085
11100,2012,47866,909
11140,2012,34205,1924
11180,2012,49683,1578
11220,2012,42830,1624
11260,2012,75196,1096
11300,2012,44245,949
11340,2012,42659,1242
11380,2012,55327,4607
11420,2012,48291,1607
11460,2012,59063,958
11500,2012,40093,1289
11540,2012,59154,1002
11580,2012,35683,1719
11620,2012,41160,1577
11660,2012,32393,2297
11700,2012,44249,743
11740,2012,44996,1486
11780,2012,41075,1245
11820,2012,44330,1892
11860,2012,45666,5136
11900,2012,33836,1794
11940,2012,38944,2053
11980,2012,41100,1495
12020,2012,41035,1200
12060,2012,57470,342
12100,2012,54559,1127
12140,2012,46065,2049
12180,2012,50950,1078
12220,2012,43189,1551
12260,2012,45762,909
12300,2012,47424,1702
12380,2012,46239,2170
12420,2012,59646,635
12460,2012,30061,2157
12540,2012,47727,855
12580,2012,68616,524
12620,2012,43382,1045
12660,2012,52355,1589
12700,2012,60424,1478
12740,2012,57276,2378
12780,2012,47959,2160
12820,2012,31447,2654
12860,2012,51734,1531
12900,2012,34374,1883
12940,2012,51383,794
12980,2012,42164,1077
13020,2012,46068,1177
13060,2012,43146,3192
13100,2012,46164,3506
13140,2012,45955,951
13180,2012,53782,970
13220,2012,39325,2470
13260,2012,41600,1589
13300,2012,40707,2875
13340,2012,47345,2442
13380,2012,51639,1554
13420,2012,44038,2231
13460,2012,51468,1909
13500,2012,28612,2266
13540,2012,48938,3310
13620,2012,40854,1898
13660,2012,38332,1468
13700,2012,43393,3174
13740,2012,50415,1159
13780,2012,48114,870
13820,2012,48420,590
13860,2012,45000,2771
13900,2012,58858,2056
13940,2012,46817,2484
13980,2012,43131,960
14020,2012,40240,777
14060,2012,61049,1434
14100,2012,45662,1176
14140,2012,35088,1166
14180,2012,35651,2679
14220,2012,30490,2149
14260,2012,50619,754
14300,2012,43382,1864
14340,2012,51284,2307
14380,2012,34848,2540
14420,2012,46677,2501
14460,2012,72769,390
14500,2012,67403,1382
14540,2012,42695,1575
14580,2012,52211,1317
14620,2012,41351,1151
14660,2012,45829,895
14700,2012,40667,1150
14740,2012,61776,1153
14780,2012,44162,3673
14820,2012,40678,2476
14860,2012,82614,1105
14940,2012,55918,2313
15020,2012,37176,2833
15060,2012,38401,2433
15100,2012,47093,2788
15140,2012,32827,3145
15180,2012,32558,730
15220,2012,40821,1810
15260,2012,45979,2610
15340,2012,41877,1533
15380,2012,49572,457
15420,2012,43180,1775
15460,2012,44241,1655
15500,2012,44155,1272
15540,2012,61603,1397
15580,2012,39211,2273
15620,2012,40572,1333
15660,2012,40661,2100
15700,2012,46199,1816
15740,2012,39293,1801
15780,2012,31918,1572
15820,2012,35000,2389
15860,2012,40893,1899
15900,2012,43363,1350
15940,2012,45419,736
15980,2012,48453,742
16020,2012,42833,1631
16060,2012,32819,2341
16100,2012,47940,3344
16180,2012,53987,1963
16220,2012,55786,1742
16260,2012,42296,2564
16300,2012,56542,1145
16340,2012,38861,2423
16380,2012,52234,1985
16420,2012,38835,2848
16460,2012,41723,2086
16500,2012,43490,1324
16540,2012,52167,1164
16580,2012,46830,1434
16620,2012,46053,888
16660,2012,39087,1235
16700,2012,51546,692
16740,2012,54152,527
16820,2012,59526,1396
16860,2012,44306,733
16900,2012,32718,1949
16940,2012,54596,1570
16980,2012,61367,282
17020,2012,43339,1138
17060,2012,44089,2229
17140,2012,54779,338
17200,2012,53821,2111
17220,2012,40626,1414
17260,2012,25574,1973
17300,2012,45192,1125
17340,2012,38147,2086
17380,2012,27768,1708
17420,2012,40207,1314
17460,2012,48952,378
17500,2012,35736,2837
17540,2012,49010,1636
17580,2012,41250,2369
17620,2012,15090,1022
17660,2012,49151,1429
17700,2012,41073,1947
17740,2012,42995,1370
17780,2012,38599,994
17820,2012,57549,740
17860,2012,47383,1382
17900,2012,49200,883
17940,2012,45603,1622
17980,2012,41971,1130
18020,2012,54481,1588
18060,2012,37508,2502
18100,2012,51395,2042
18140,2012,54628,366
18180,2012,65487,1519
18220,2012,36602,3449
18260,2012,33982,1110
18300,2012,37853,2175
18340,2012,29876,2235
18380,2012,32320,4724
18420,2012,32846,2528
18460,2012,41894,2108
18500,2012,46519,1025
18580,2012,47108,1115
18620,2012,41511,1357
18660,2012,47497,2042
18700,2012,48635,2574
18740,2012,41885,1709
18820,2012,46026,1829
18860,2012,39626,4223
18880,2012,54118,1152
18900,2012,37963,1268
18940,2012,38686,3527
18980,2012,39244,1728
19020,2012,65567,3292
19060,2012,37522,1133
19100,2012,58190,318
19140,2012,40654,1399
19180,2012,40961,1198
19220,2012,37385,1928
19260,2012,36971,1222
19300,2012,50706,1371
19340,2012,51005,649
19380,2012,47421,571
19460,2012,44463,1262
19500,2012,46165,1101
19540,2012,45339,2754
19580,2012,46377,1874
19620,2012,40509,1699
19660,2012,43419,671
19700,2012,29365,2616
19740,2012,62407,377
19760,2012,46762,2453
19780,2012,59898,756
19820,2012,51903,293
19860,2012,58506,2779
19900,2012,26668,2039
19940,2012,50342,2444
19980,2012,50577,2008
20020,2012,40072,849
20060,2012,34545,2359
20100,2012,55786,1614
20140,2012,35599,2187
20180,2012,40768,1049
20220,2012,50885,1348
20260,2012,46864,727
20300,2012,48489,3175
20340,2012,44918,1936
20380,2012,44242,1968
20420,2012,57407,2873
20460,2012,37883,1671
20500,2012,52143,821
20540,2012,38167,3013
20580,2012,30959,1662
20620,2012,41870,1211
20660,2012,62942,3260
20700,2012,57773,2104
20740,2012,48900,1169
20780,2012,66695,4141
20820,2012,51009,1807
20900,2012,40988,3079
20940,2012,41255,1301
20980,2012,39349,2522
21020,2012,46438,1924
21060,2012,48009,1363
21120,2012,51506,4734
21140,2012,46712,1127
21220,2012,69963,2628
21260,2012,41739,2519
21300,2012,48128,1971
21340,2012,39699,621
21380,2012,38731,2259
21420,2012,43458,1429
21460,2012,44992,1771
21500,2012,45249,871
21540,2012,42504,2100
21580,2012,40791,1882
21640,2012,32029,1881
21660,2012,42628,858
21700,2012,40830,1524
21740,2012,59714,5039
21780,2012,47577,765
21820,2012,69485,2148
21860,2012,46790,2541
21900,2012,40827,1409
21940,2012,20764,1039
21980,2012,54538,3199
22020,2012,51411,1222
22060,2012,60438,1609
22100,2012,36716,1930
22140,2012,48701,1511
22180,2012,45572,924
22220,2012,46428,892
22260,2012,47579,1287
22280,2012,46088,2596
22300,2012,49350,1702
22340,2012,32586,4442
22380,2012,48320,1916
22420,2012,42730,708
22500,2012,40639,756
22520,2012,40473,1018
22540,2012,53399,1157
22580,2012,35941,1677
22620,2012,30104,3307
22660,2012,57927,1278
22700,2012,41751,1551
22780,2012,47251,3200
22800,2012,41647,1403
22820,2012,42829,2079
22840,2012,36853,1449
22860,2012,46260,1255
22900,2012,38652,875
22980,2012,41488,4290
23060,2012,50082,611
23140,2012,48321,2979
23180,2012,48861,1936
23240,2012,55017,2891
23300,2012,44572,1746
23340,2012,46475,2046
23380,2012,46785,2018
23420,2012,45741,646
23460,2012,37660,1232
23500,2012,33512,2153
23540,2012,42311,919
23580,2012,52174,1127
23620,2012,49735,2145
23660,2012,40560,1443
23700,2012,30780,1692
23780,2012,49617,2951
23820,2012,61099,2573
23860,2012,42472,3407
23900,2012,58465,1322
23940,2012,77090,3194
23980,2012,36767,1856
24020,2012,52908,1233
24100,2012,45333,2016
24140,2012,41233,1743
24180,2012,54487,1957
24220,2012,47429,1392
24260,2012,48245,1312
24300,2012,51029,1477
24340,2012,50491,500
24380,2012,35674,3455
24420,2012,36699,1474
24460,2012,46639,1897
24500,2012,43817,1500
24540,2012,56589,1049
24580,2012,53206,799
24620,2012,35613,1617
24660,2012,43913,638
24700,2012,48298,2342
24740,2012,27610,1973
24780,2012,40478,1213
24820,2012,44311,1227
24860,2012,45861,700
24900,2012,25859,2548
24940,2012,37911,1700
24980,2012,35912,4119
25020,2012,16583,611
25060,2012,43549,1274
25100,2012,47983,3170
25180,2012,52524,1198
25220,2012,40491,1876
25260,2012,48761,1255
25300,2012,44074,1532
25340,2012,43017,2348
25380,2012,37139,2010
25420,2012,57368,721
25460,2012,36529,2115
25500,2012,47143,1222
25540,2012,68410,727
25580,2012,48145,2760
25620,2012,40403,1292
25660,2012,42875,4207
25700,2012,44253,2339
25720,2012,65012,3123
25740,2012,55514,2016
25760,2012,27219,2160
25780,2012,34499,2223
25820,2012,42577,2849
25860,2012,40446,825
25900,2012,52098,1441
25940,2012,53670,1464
25980,2012,43883,1511
26020,2012,48793,2717
26100,2012,55760,1019
26140,2012,39034,1070
26180,2012,72292,869
26220,2012,56355,3986
26260,2012,32284,4104
26300,2012,38680,1498
26340,2012,35027,1423
26380,2012,50016,1508
26420,2012,57426,407
26460,2012,56445,2349
26480,2012,36981,1839
26500,2012,44455,1622
26540,2012,46538,2366
26580,2012,38797,779
26620,2012,55614,1022
26660,2012,38654,2302
26700,2012,43778,3037
26740,2012,43649,1483
26780,2012,55275,3516
26820,2012,51614,1266
26860,2012,43408,1205
26900,2012,53324,417
26940,2012,26611,1743
26980,2012,53756,1388
27020,2012,44341,1619
27060,2012,50539,1745
27100,2012,46572,1195
27140,2012,45976,786
27180,2012,42311,1370
27220,2012,63106,4595
27260,2012,52881,495
27300,2012,47171,1753
27340,2012,45812,1158
27380,2012,37508,2172
27420,2012,48678,2245
27460,2012,41975,873
27500,2012,50316,1022
27540,2012,50967,1477
27580,2012,17137,1966
27620,2012,52437,1403
27660,2012,41777,2219
27700,2012,36496,2864
27740,2012,39098,1088
27780,2012,41668,906
27860,2012,38977,1265
27900,2012,40767,876
27940,2012,78947,3346
27980,2012,64058,2029
28020,2012,45612,887
28060,2012,45545,1719
28100,2012,49994,1705
28140,2012,56826,358
28180,2012,64752,2975
28260,2012,51310,1912
28300,2012,56062,1493
28340,2012,46360,2034
28380,2012,30379,1651
28420,2012,57508,1253
28500,2012,43849,2075
28540,2012,59736,5220
28580,2012,53418,1845
28620,2012,55780,2379
28660,2012,49990,1046
28700,2012,38925,652
28740,2012,58934,1533
28780,2012,38040,3264
28820,2012,34440,1244
28860,2012,32853,1971
28900,2012,41066,2482
28940,2012,46422,646
28980,2012,70976,6230
29020,2012,45702,1425
29060,2012,57163,2258
29100,2012,51156,1095
29140,2012,44864,977
29180,2012,48185,1507
29220,2012,31312,1984
29260,2012,41784,2023
29300,2012,40246,2109
29340,2012,44924,1591
29380,2012,37534,2102
29420,2012,39383,904
29460,2012,43606,713
29500,2012,40152,4251
29540,2012,56172,790
29580,2012,42107,1739
29620,2012,50185,625
29660,2012,42882,3321
29700,2012,38421,1021
29740,2012,38462,1294
29780,2012,30499,3033
29820,2012,54218,425
29860,2012,36394,1220
29900,2012,30472,1976
29940,2012,48395,1781
29980,2012,36663,1601
30020,2012,46320,1600
30060,2012,39101,1793
30100,2012,53353,1333
30140,2012,54259,1005
30220,2012,51054,3076
30260,2012,46737,1815
30280,2012,40687,3466
30300,2012,44226,1790
30340,2012,44826,1624
30380,2012,38671,1468
30420,2012,44976,2575
30460,2012,49497,725
30500,2012,85032,1995
30580,2012,47731,2786
30620,2012,43194,1583
30660,2012,46647,3652
30700,2012,52320,841
30740,2012,50065,1908
30780,2012,48377,684
30820,2012,40682,1647
30860,2012,48936,1256
30900,2012,41135,1785
30940,2012,36835,2039
30980,2012,45565,1207
31020,2012,46568,1440
31060,2012,106426,4375
31100,2012,60583,229
31140,2012,49435,486
31180,2012,43800,878
31260,2012,40150,1838
31300,2012,30167,1016
31340,2012,45953,1184
31380,2012,35812,3344
31420,2012,40241,1026
31460,2012,47937,1911
31500,2012,43395,3017
31540,2012,61006,671
31580,2012,40501,1381
31620,2012,34895,2648
31660,2012,45702,1869
31700,2012,70472,1234
31740,2012,46858,1145
31820,2012,50091,1251
31860,2012,52883,1221
31900,2012,42894,1046
31920,2012,49047,2182
31940,2012,41245,1161
31980,2012,39751,1663
32020,2012,40966,1993
32060,2012,41596,1521
32100,2012,45349,1379
32140,2012,47256,1636
32180,2012,39090,2729
32220,2012,46718,2503
32260,2012,49259,1323
32270,2012,46999,1221
32280,2012,35509,1961
32300,2012,33730,1067
32340,2012,37815,1651
32380,2012,45664,1554
32420,2012,16178,683
32460,2012,36698,1883
32500,2012,34526,2653
32540,2012,41206,1630
32580,2012,33218,611
32620,2012,33434,2038
32660,2012,34008,1791
32700,2012,54171,1908
32740,2012,41664,1247
32780,2012,43664,1146
32820,2012,47477,524
32860,2012,47847,2200
32900,2012,43565,1385
32940,2012,35172,1766
32980,2012,48293,2095
33020,2012,41387,2681
33060,2012,36280,990
33100,2012,48582,334
33140,2012,47754,1390
33180,2012,25952,2427
33220,2012,52947,1711
33260,2012,59391,1650
33300,2012,32623,2745
33340,2012,53966,391
33380,2012,35896,2042
33420,2012,43041,2158
33460,2012,66751,367
33500,2012,52415,2322
33540,2012,44653,1437
33580,2012,48180,2723
33620,2012,38067,2200
33660,2012,42973,765
33700,2012,49866,817
33740,2012,38634,1219
33780,2012,54588,1350
33820,2012,55380,1849
33860,2012,47317,1036
33940,2012,47139,2230
33980,2012,47506,1350
34020,2012,40738,1594
34060,2012,42751,1685
34100,2012,37677,1173
34140,2012,39466,2266
34180,2012,45531,1967
34220,2012,33186,2387
34260,2012,35209,1529
34300,2012,43886,1682
34340,2012,36137,1453
34380,2012,35927,1144
34420,2012,40909,1909
34460,2012,32342,1550
34500,2012,41757,1866
34540,2012,49323,1747
34580,2012,56457,1420
34620,2012,38215,1271
34660,2012,39037,1984
34700,2012,51418,1783
34740,2012,40843,813
34780,2012,37748,1604
34820,2012,42183,1182
34860,2012,35641,1565
34900,2012,69571,1746
34940,2012,56104,1070
34980,2012,52779,520
35020,2012,28079,1849
35060,2012,32649,1291
35100,2012,46268,1471
35140,2012,42005,3068
35220,2012,40197,2141
35260,2012,44079,1289
35300,2012,62234,677
35340,2012,44611,1530
35380,2012,47429,471
35420,2012,43869,1340
35460,2012,29764,2047
35500,2012,48746,2187
35580,2012,47915,2094
35620,2012,65791,257
35660,2012,43471,869
35700,2012,37692,2712
35740,2012,48225,1891
35820,2012,49088,2775
35840,2012,48450,637
35860,2012,45273,2302
35900,2012,32009,1625
35940,2012,48335,1653
35980,2012,68310,1246
36020,2012,59500,1549
36060,2012,34891,2496
36100,2012,39770,831
36140,2012,56370,2067
36180,2012,58138,2234
36220,2012,50851,1921
36260,2012,62637,726
36300,2012,43745,1396
36340,2012,41814,1319
36380,2012,34289,3056
36420,2012,49534,455
36460,2012,43202,1082
36500,2012,63224,935
36540,2012,56727,516
36580,2012,46358,1632
36620,2012,39801,2316
36660,2012,36183,1823
36700,2012,33661,1666
36740,2012,49263,461
36780,2012,51603,933
36820,2012,47758,2428
36860,2012,51335,1019
36900,2012,41088,1973
36940,2012,58403,1663
36980,2012,45185,1568
37020,2012,47106,1681
37060,2012,42688,2602
37100,2012,76483,852
37140,2012,43810,1224
37220,2012,39150,2477
37260,2012,34429,1703
37300,2012,41471,2370
37340,2012,49099,878
37380,2012,48134,1822
37420,2012,45057,2608
37460,2012,47364,1440
37500,2012,38481,2078
37540,2012,36593,1505
37580,2012,39630,1892
37620,2012,43007,1117
37660,2012,40117,2139
37700,2012,49174,1694
37740,2012,38504,1609
37780,2012,39577,6737
37800,2012,53684,2400
37820,2012,48453,2208
37860,2012,48489,826
37900,2012,53925,699
37940,2012,39816,2135
37980,2012,61927,335
38020,2012,48169,2203
38060,2012,54022,320
38100,2012,41940,2811
38180,2012,58517,2892
38200,2012,46410,2773
38220,2012,37328,1563
38260,2012,36927,2100
38300,2012,50182,268
38340,2012,47513,1532
38380,2012,40521,2234
38420,2012,46138,1506
38460,2012,50522,2306
38500,2012,47218,2603
38540,2012,45476,1598
38580,2012,38768,2083
38620,2012,41026,1592
38660,2012,17225,409
38700,2012,54339,1677
38740,2012,34343,1633
38780,2012,39323,4984
38820,2012,46431,1871
38860,2012,56868,887
38900,2012,57896,456
38940,2012,45874,907
39020,2012,34783,1836
39060,2012,45441,921
39100,2012,71066,954
39140,2012,43652,1173
39220,2012,47240,2976
39260,2012,40263,2379
39300,2012,56066,562
39340,2012,59594,886
39380,2012,41820,1020
39420,2012,34169,2004
39460,2012,44596,1142
39500,2012,45078,1368
39540,2012,54900,1169
39580,2012,61919,697
39660,2012,50210,1123
39700,2012,26369,3349
39740,2012,55021,672
39780,2012,40307,1475
39820,2012,44396,1074
39860,2012,55603,1933
39900,2012,54077,787
39940,2012,37470,1969
39980,2012,39131,1662
40060,2012,58577,649
40080,2012,40000,1522
40100,2012,24653,1519
40140,2012,55928,332
40180,2012,48565,2777
40220,2012,49264,980
40260,2012,31351,1365
40300,2012,55590,1736
40340,2012,65145,1186
40380,2012,53155,460
40420,2012,49752,969
40460,2012,31726,1503
40500,2012,47714,1796
40540,2012,72139,3299
40580,2012,40159,1311
40620,2012,41388,1903
40660,2012,41442,2005
40700,2012,40096,1174
40740,2012,38155,1480
40760,2012,44149,3035
40780,2012,40060,1325
40820,2012,36553,2085
40860,2012,48968,1688
40900,2012,59829,454
40940,2012,45769,2094
40980,2012,42828,720
41060,2012,53355,832
41100,2012,49145,1580
41140,2012,45717,1400
41180,2012,54109,321
41220,2012,54155,2848
41260,2012,44741,2034
41420,2012,47687,829
41460,2012,47813,1674
41500,2012,60143,1081
41540,2012,48991,1700
41580,2012,41561,1058
41620,2012,60329,557
41660,2012,44357,1450
41700,2012,51208,461
41740,2012,63373,437
41780,2012,46906,1903
41820,2012,45284,2434
41860,2012,77183,394
41900,2012,15325,575
41940,2012,89940,773
41980,2012,21736,202
42020,2012,59628,1422
42060,2012,62723,1074
42100,2012,66571,2126
42140,2012,53642,1135
42180,2012,18024,1617
42220,2012,63565,911
42300,2012,41114,1529
42340,2012,49243,918
42380,2012,44650,1388
42420,2012,42889,2782
42460,2012,37059,1568
42500,2012,41610,1923
42540,2012,44507,542
42580,2012,52692,1013
42620,2012,41410,2231
42660,2012,67437,398
42680,2012,45274,1506
42700,2012,35350,1033
42740,2012,38543,1605
42780,2012,47059,1815
42820,2012,26178,1923
42860,2012,41854,1947
42900,2012,49155,2380
42940,2012,43300,1447
42980,2012,45883,2203
43060,2012,42467,1218
43100,2012,52967,1036
43140,2012,38181,1652
43180,2012,39635,2294
43220,2012,48878,2812
43260,2012,52352,2524
43300,2012,46587,1894
43320,2012,37683,2027
43340,2012,43799,809
43380,2012,51159,1986
43420,2012,45505,1585
43460,2012,38968,2757
43500,2012,37525,2282
43540,2012,64680,4305
43580,2012,47148,1001
43620,2012,56135,1313
43660,2012,46340,4655
43700,2012,32788,1675
43740,2012,42424,1097
43780,2012,45056,648
43860,2012,48238,2150
43900,2012,43421,892
43940,2012,43733,4289
43980,2012,46880,2749
44020,2012,53426,1902
44060,2012,49615,714
44100,2012,55588,1159
44140,2012,52395,631
44180,2012,43333,539
44220,2012,43684,898
44260,2012,29430,2628
44300,2012,49706,1234
44340,2012,34403,1815
44380,2012,50058,1396
44420,2012,47899,1709
44500,2012,40176,2267
44540,2012,41369,2952
44580,2012,46193,1583
44600,2012,40124,1023
44620,2012,51422,1819
44660,2012,36762,1387
44700,2012,53895,721
44740,2012,46947,1716
44780,2012,44214,1047
44860,2012,42257,2497
44900,2012,32825,2512
44940,2012,40726,1417
44980,2012,40963,1051
45000,2012,51921,3072
45020,2012,37671,2232
45060,2012,52230,521
45140,2012,35182,1691
45180,2012,35209,1691
45220,2012,45027,942
45260,2012,24700,2092
45300,2012,46606,380
45340,2012,33835,3264
45380,2012,44211,1688
45460,2012,42506,987
45500,2012,41668,1094
45520,2012,43601,1622
45540,2012,46981,2324
45580,2012,34905,2273
45620,2012,31471,2087
45640,2012,44318,1754
45660,2012,42375,1693
45700,2012,37033,2493
45740,2012,37535,2535
45780,2012,45078,585
45820,2012,49780,956
45860,2012,71345,1522
45900,2012,49417,891
45940,2012,73759,1519
45980,2012,31702,2002
46020,2012,57382,2013
46060,2012,46443,508
46100,2012,40222,1198
46140,2012,48338,514
46180,2012,40109,1424
46220,2012,41557,1117
46260,2012,27957,2989
46300,2012,42058,1184
46340,2012,47312,1314
46380,2012,43721,2226
46420,2012,32459,2382
46460,2012,39668,1952
46500,2012,50214,2280
46540,2012,47949,851
46580,2012,14752,1129
46620,2012,34110,2968
46660,2012,37525,1462
46700,2012,69006,1351
46740,2012,32181,1387
46780,2012,44602,2249
46820,2012,38377,2727
46860,2012,61850,2253
46900,2012,42271,5422
46980,2012,40876,2015
47020,2012,48914,1865
47080,2012,32102,2076
47180,2012,41089,1786
47220,2012,51530,1333
47260,2012,59293,453
47300,2012,43803,776
47340,2012,44389,1708
47380,2012,41589,1157
47420,2012,52081,2614
47460,2012,47166,1869
47500,2012,31289,1850
47540,2012,52267,1642
47580,2012,56265,1761
47620,2012,43108,1332
47660,2012,47960,2464
47700,2012,50822,1270
47780,2012,45927,1611
47820,2012,40147,2262
47900,2012,89826,437
47920,2012,38864,2649
47940,2012,48315,951
47980,2012,46933,1815
48020,2012,54705,1593
48060,2012,46549,991
48100,2012,36115,3554
48140,2012,53762,1105
48180,2012,36320,2255
48220,2012,43917,2680
48300,2012,51059,1368
48460,2012,34148,2634
48500,2012,31228,3640
48540,2012,41095,977
48580,2012,54443,1404
48620,2012,50511,631
48660,2012,46838,1061
48700,2012,44557,1208
48740,2012,58489,2084
48780,2012,69617,3983
48820,2012,50156,1535
48900,2012,48182,991
48940,2012,46443,2146
48980,2012,38398,1361
49020,2012,51815,1514
49060,2012,41905,1903
49100,2012,46900,2121
49180,2012,45356,727
49260,2012,52048,2944
49300,2012,49241,1004
49340,2012,65968,893
49380,2012,47539,2320
49420,2012,44256,1022
49460,2012,53589,1861
49500,2012,14667,593
49540,2012,26769,2266
49620,2012,58747,790
49660,2012,42224,557
49700,2012,49097,1629
49740,2012,41156,1168
49780,2012,40398,1302
10100,2013,51279,1821
10140,2013,42405,1657
10180,2013,44446,1336
10220,2013,41881,1216
10260,2013,11528,1354
10300,2013,47766,1481
10380,2013,15152,347
10420,2013,50392,550
10460,2013,39263,2187
10500,2013,35885,1146
10540,2013,46939,1414
10580,2013,61291,575
10620,2013,42518,2229
10660,2013,44683,1647
10700,2013,39526,1420
10740,2013,49339,642
10780,2013,40703,1269
10820,2013,50905,1793
10860,2013,40585,2247
10900,2013,57823,594
10940,2013,40359,1605
10980,2013,38016,1964
11020,2013,42992,1401
11060,2013,42824,1835
11100,2013,48146,833
11140,2013,34477,2328
11180,2013,50516,1453
11220,2013,44156,1953
11260,2013,75992,1076
11380,2013,57825,4939
11420,2013,48080,1450
11460,2013,59055,985
11500,2013,39962,1210
11540,2013,59751,806
11580,2013,34963,2372
11620,2013,41401,2401
11640,2013,17615,467
11660,2013,32721,2947
11680,2013,41878,1311
11700,2013,44006,741
11740,2013,46548,1736
11780,2013,40516,1397
11820,2013,44683,2224
11860,2013,45212,3320
11900,2013,33823,1895
11940,2013,39410,2169
11980,2013,40900,1547
12020,2013,40702,1159
12060,2013,56605,342
12100,2013,54235,1247
12140,2013,47247,1637
12180,2013,51581,1476
12220,2013,43542,1482
12260,2013,45454,947
12300,2013,46808,1006
12380,2013,46004,2173
12420,2013,60830,480
12460,2013,30619,2866
12540,2013,48552,697
12580,2013,69367,579
12620,2013,43734,1314
12660,2013,52140,1788
12680,2013,43833,1957
12700,2013,60526,1348
12740,2013,57281,1794
12780,2013,48687,1633
12820,2013,28585,3076
12860,2013,49922,1865
12900,2013,35026,1811
12940,2013,51748,706
12980,2013,42110,928
13020,2013,45376,1287
13060,2013,43096,2768
13100,2013,47654,3502
13140,2013,44977,932
13180,2013,53075,878
13220,2013,38077,1651
13260,2013,42627,1580
13300,2013,43690,3307
13340,2013,47542,2026
13380,2013,51939,1567
13420,2013,43231,2075
13460,2013,50209,2065
13500,2013,28297,2010
13540,2013,50221,2612
13620,2013,40788,1605
13660,2013,39470,1386
13700,2013,46206,3238
13720,2013,35566,1498
13740,2013,51048,1048
13780,2013,47891,965
13820,2013,48336,601
13900,2013,60831,1866
13940,2013,47941,2129
13980,2013,44034,1089
14010,2013,60999,1199
14020,2013,40718,1203
14100,2013,46135,1478
14140,2013,35205,1435
14180,2013,36428,2401
14220,2013,31778,1303
14260,2013,50126,770
14340,2013,51826,2774
14380,2013,34293,2491
14420,2013,44731,2592
14460,2013,73180,458
14500,2013,67956,1254
14540,2013,42569,1254
14580,2013,52833,1563
14620,2013,41834,1342
14660,2013,46470,866
14700,2013,39478,1549
14720,2013,63697,4151
14740,2013,62413,1175
14780,2013,44858,3694
14820,2013,41781,3251
14860,2013,82283,929
15020,2013,36498,2776
15060,2013,39516,3505
15100,2013,46896,3127
15180,2013,33179,879
15220,2013,39776,2051
15260,2013,43572,1798
15340,2013,40783,1610
15380,2013,50210,445
15420,2013,42874,1759
15460,2013,42970,1697
15500,2013,43043,1372
15540,2013,61763,1544
15580,2013,38659,2778
15620,2013,40997,1409
15660,2013,40926,1934
15680,2013,85672,2093
15700,2013,46361,1980
15740,2013,38841,1840
15780,2013,31771,1270
15820,2013,36384,2864
15860,2013,39943,1906
15900,2013,45130,1705
15940,2013,45424,711
15980,2013,47439,672
16020,2013,43182,1518
16060,2013,38930,1043
16100,2013,49165,2627
16180,2013,51957,2567
16220,2013,57791,2263
16260,2013,42369,2577
16300,2013,57003,1024
16340,2013,39208,2022
16380,2013,52535,2938
16460,2013,41010,1641
16500,2013,42860,1739
16540,2013,52637,1245
16580,2013,47368,1342
16620,2013,45324,866
16660,2013,38284,1650
16700,2013,51911,810
16740,2013,52051,352
16820,2013,58015,1282
16860,2013,44955,774
16940,2013,55864,2640
16980,2013,61156,253
17020,2013,43752,1016
17060,2013,43264,1480
17140,2013,54692,361
17200,2013,54059,1121
17220,2013,42034,1455
17260,2013,26407,1313
17300,2013,46069,1040
17340,2013,36548,2344
17380,2013,28599,1870
17420,2013,40811,1151
17460,2013,48954,381
17500,2013,35425,2255
17540,2013,49559,2487
17580,2013,39871,2484
17620,2013,17645,947
17640,2013,13495,1266
17660,2013,49002,1336
17700,2013,39669,2225
17740,2013,41856,1466
17780,2013,39266,1256
17820,2013,57229,822
17860,2013,48627,1373
17900,2013,49294,749
17980,2013,42288,989
18020,2013,54165,1734
18060,2013,37868,2003
18100,2013,51213,2463
18140,2013,54156,376
18180,2013,65353,1989
18220,2013,37391,2214
18260,2013,33884,961
18300,2013,37940,1623
18380,2013,35240,3415
18420,2013,33600,2718
18460,2013,39306,2877
18500,2013,47476,1052
18580,2013,47373,1319
18620,2013,40795,1796
18660,2013,47151,1820
18700,2013,48604,2164
18740,2013,41274,1638
18780,2013,53231,3272
18820,2013,46797,1724
18860,2013,37909,4058
18880,2013,52303,1134
18900,2013,37188,1329
18980,2013,38847,1443
19000,2013,36951,2533
19060,2013,36833,1360
19100,2013,58356,336
19140,2013,39165,1340
19180,2013,41400,1126
19220,2013,37247,1829
19260,2013,37213,1152
19300,2013,50221,1574
19340,2013,51151,720
19380,2013,47095,663
19420,2013,36741,2545
19460,2013,43312,1716
19500,2013,46559,1201
19540,2013,46695,2357
19580,2013,47593,2224
19620,2013,40450,1494
19660,2013,43133,586
19700,2013,29282,2629
19740,2013,62742,382
19760,2013,46385,2107
19780,2013,60750,809
19820,2013,51844,241
19860,2013,62559,4262
19940,2013,50060,2168
19980,2013,51178,2067
20020,2013,40076,849
20060,2013,35693,2401
20100,2013,55149,1601
20140,2013,35138,2055
20180,2013,41030,1123
20220,2013,51475,1202
20260,2013,47074,700
20300,2013,51181,2117
20340,2013,43885,2195
20380,2013,44625,1707
20420,2013,58080,3251
20460,2013,38897,1851
20500,2013,52549,854
20540,2013,38953,2809
20580,2013,31395,1820
20660,2013,61597,2790
20700,2013,57408,1606
20740,2013,49176,1227
20780,2013,74456,3959
20820,2013,52108,2079
20900,2013,40411,3483
20940,2013,41807,1164
20980,2013,37435,2565
21020,2013,46632,1769
21060,2013,47693,1202
21120,2013,48989,3868
21140,2013,45693,1116
21180,2013,37276,2520
21220,2013,70126,2605
21260,2013,42982,2927
21300,2013,48804,1704
21340,2013,40062,617
21380,2013,38981,1956
21420,2013,44530,1630
21460,2013,43768,2010
21500,2013,45202,702
21540,2013,42676,1756
21580,2013,40250,2092
21660,2013,42931,803
21700,2013,41426,1300
21740,2013,58515,4709
21780,2013,47810,958
21820,2013,69223,2598
21840,2013,48814,4896
21900,2013,42152,1823
21980,2013,49830,4269
22020,2013,52547,912
22060,2013,59915,2168
22100,2013,37238,1702
22140,2013,48196,1749
22180,2013,45252,839
22220,2013,47356,820
22260,2013,48961,1175
22280,2013,46137,2412
22300,2013,49589,1867
22340,2013,28547,2771
22380,2013,49555,1736
22420,2013,42089,671
22500,2013,40261,1054
22520,2013,41616,1043
22540,2013,53820,1386
22580,2013,36334,1619
22620,2013,30873,1621
22660,2013,58626,1165
22700,2013,41624,1387
22780,2013,49820,3218
22800,2013,42496,1410
22820,2013,43774,2378
22860,2013,46572,1235
22900,2013,38730,851
23060,2013,49573,682
23140,2013,48953,1840
23180,2013,48179,1945
23240,2013,53668,3432
23300,2013,43472,2015
23340,2013,48626,2495
23380,2013,46140,1400
23420,2013,45563,638
23460,2013,38013,1337
23500,2013,34202,1666
23540,2013,41826,1177
23580,2013,50853,1190
23620,2013,50067,2685
23660,2013,40667,1489
23700,2013,30458,1185
23780,2013,48382,2107
23820,2013,60100,3533
23860,2013,40131,2657
23900,2013,59492,1355
23940,2013,79488,3846
23980,2013,37337,2103
24020,2013,54086,1351
24060,2013,60237,3139
24100,2013,44276,2435
24140,2013,41731,1531
24220,2013,47973,1342
24260,2013,49794,1073
24300,2013,49471,1350
24340,2013,52108,469
24380,2013,37237,2996
24420,2013,37733,1509
24460,2013,44981,3242
24500,2013,44963,1330
24540,2013,57180,1110
24580,2013,52947,856
24620,2013,35545,1383
24640,2013,53663,1333
24660,2013,43608,499
24700,2013,48047,2907
24740,2013,28093,2272
24780,2013,40718,1113
24820,2013,43425,1144
24860,2013,45120,604
24900,2013,26854,2002
24940,2013,36390,1124
24980,2013,34129,2876
25020,2013,16427,627
25060,2013,45479,1067
25100,2013,49901,3374
25180,2013,54592,1123
25200,2013,57995,5541
25220,2013,40654,2310
25260,2013,48133,1384
25300,2013,43743,1694
25420,2013,57139,682
25460,2013,36837,2215
25500,2013,47192,1440
25540,2013,68404,662
25580,2013,49440,3219
25620,2013,41297,1357
25700,2013,43085,1873
25720,2013,65050,3456
25740,2013,56941,2072
25760,2013,26737,1565
25780,2013,34987,2199
25820,2013,41444,2667
25840,2013,48619,1907
25860,2013,40129,877
25880,2013,41759,1568
25900,2013,51250,1238
25940,2013,54246,1448
25980,2013,43722,2048
26020,2013,50694,3633
26090,2013,52061,1255
26140,2013,39100,1365
26220,2013,56725,3149
26300,2013,39162,1418
26340,2013,35710,1478
26380,2013,50250,1349
26420,2013,57712,326
26460,2013,57336,2527
26500,2013,44183,1623
26540,2013,46148,2514
26580,2013,41743,862
26620,2013,55774,1098
26660,2013,36604,1685
26700,2013,42196,2852
26740,2013,43798,1201
26780,2013,55170,2088
26820,2013,50841,1187
26860,2013,43997,1270
26900,2013,52147,384
26940,2013,26619,1260
26960,2013,47892,1858
26980,2013,53563,1186
27020,2013,44885,2129
27060,2013,51393,2157
27100,2013,46615,1363
27140,2013,44850,830
27160,2013,36356,1628
27180,2013,40959,1121
27220,2013,62291,3599
27260,2013,52258,521
27300,2013,47118,1883
27340,2013,45450,1227
27380,2013,38378,1861
27420,2013,50120,3323
27460,2013,42429,1103
27500,2013,49435,1211
27540,2013,51947,1841
27580,2013,19489,2501
27600,2013,53179,2083
27620,2013,51017,1299
27700,2013,35830,2115
27740,2013,38202,1200
27780,2013,41730,969
27860,2013,39524,1444
27900,2013,40954,930
27920,2013,46908,1529
27940,2013,81490,3743
27980,2013,63505,2162
28020,2013,45634,857
28060,2013,46581,1300
28100,2013,50102,1882
28140,2013,56815,413
28180,2013,62052,2213
28260,2013,52414,1881
28300,2013,55155,1859
28340,2013,47117,2174
28380,2013,31304,1311
28420,2013,58895,1024
28500,2013,43601,1966
28540,2013,62519,5210
28580,2013,53607,1334
28620,2013,52688,3045
28660,2013,49973,1016
28700,2013,39008,618
28740,2013,58590,1582
28780,2013,40583,3871
28820,2013,35770,1484
28860,2013,34727,2048
28900,2013,39627,2627
28940,2013,44666,606
29020,2013,43590,1628
29060,2013,58654,1726
29100,2013,51576,1317
29180,2013,46755,981
29200,2013,45062,1073
29260,2013,42542,1965
29300,2013,41161,1944
29340,2013,44204,1195
29380,2013,38070,1312
29420,2013,39200,884
29460,2013,43113,556
29500,2013,39714,3579
29540,2013,56483,796
29620,2013,49896,598
29660,2013,42774,2785
29700,2013,39449,1174
29740,2013,37933,1515
29780,2013,28275,3167
29820,2013,52873,454
29860,2013,36384,1622
29900,2013,29592,2532
29940,2013,49508,1960
29980,2013,37368,1853
30020,2013,46051,1314
30060,2013,39013,1830
30140,2013,54818,1007
30220,2013,50565,2271
30260,2013,48528,1369
30280,2013,42291,2964
30300,2013,44887,1772
30340,2013,44921,1459
30380,2013,40384,1520
30420,2013,46064,2101
30460,2013,49441,851
30580,2013,50185,2081
30620,2013,42823,1206
30660,2013,47133,2827
30700,2013,52049,833
30780,2013,48808,781
30820,2013,42184,1791
30860,2013,49056,1147
30880,2013,36999,2195
30900,2013,41940,1772
30940,2013,31719,1239
30980,2013,45819,1356
31020,2013,47596,1276
31060,2013,106686,4955
31080,2013,60252,235
31140,2013,49753,540
31180,2013,44245,980
31220,2013,41136,1962
31260,2013,41354,1681
31300,2013,29806,1037
31340,2013,46339,1139
31380,2013,36031,3098
31420,2013,40257,1128
31460,2013,45625,2264
31500,2013,43795,2523
31540,2013,60694,645
31580,2013,40891,1504
31620,2013,35128,3806
31660,2013,45667,1946
31680,2013,41193,2772
31700,2013,69829,1177
31740,2013,46423,1356
31820,2013,48881,1050
31860,2013,53041,1410
31900,2013,41835,1045
31930,2013,42834,1695
31940,2013,40997,1029
31980,2013,39747,1352
32000,2013,35297,2214
32020,2013,42572,1681
32100,2013,45622,1167
32140,2013,49594,2005
32180,2013,39519,2688
32220,2013,45675,2430
32260,2013,51555,1870
32280,2013,35273,2087
32300,2013,34010,1048
32340,2013,36641,2180
32380,2013,45489,1920
32420,2013,16240,596
32460,2013,38394,3170
32500,2013,41137,2948
32540,2013,41252,1597
32580,2013,34146,690
32620,2013,33375,1650
32660,2013,34641,1985
32700,2013,54167,2381
32740,2013,42504,1368
32780,2013,44005,1111
32820,2013,47497,572
32860,2013,48893,2011
32900,2013,42591,1310
32940,2013,34247,2176
32980,2013,49021,2041
33020,2013,43013,2390
33060,2013,36473,865
33100,2013,48148,294
33140,2013,47538,1238
33180,2013,26228,1913
33220,2013,53076,1548
33260,2013,62356,1806
33300,2013,31634,2081
33340,2013,53479,431
33420,2013,41670,1859
33460,2013,66940,353
33500,2013,56027,1760
33540,2013,46117,1462
33580,2013,49407,3602
33620,2013,37203,2529
33660,2013,43028,836
33700,2013,49297,890
33740,2013,38497,1346
33780,2013,53972,1191
33860,2013,47290,877
33940,2013,45718,3024
33980,2013,46534,1514
34020,2013,41571,1847
34060,2013,44727,1555
34100,2013,39669,1297
34140,2013,41735,2576
34180,2013,45949,2520
34220,2013,32484,1716
34260,2013,35343,1847
34300,2013,42842,2192
34340,2013,35641,1155
34380,2013,36372,1356
34420,2013,42939,2037
34460,2013,33555,2075
34500,2013,42981,1672
34540,2013,49750,1775
34580,2013,55925,1329
34620,2013,37474,1199
34660,2013,39677,2279
34700,2013,51425,1921
34740,2013,40979,995
34780,2013,38502,1318
34820,2013,43626,947
34860,2013,36777,1746
34900,2013,70443,1994
34940,2013,55843,994
34980,2013,52481,417
35020,2013,28084,1375
35060,2013,33953,1742
35100,2013,45781,1848
35140,2013,41718,3628
35220,2013,40679,1356
35260,2013,43546,1252
35300,2013,61996,747
35380,2013,47341,552
35420,2013,43739,1225
35440,2013,42365,2385
35460,2013,30573,2677
35500,2013,50513,2457
35580,2013,48256,1680
35620,2013,66285,250
35660,2013,43633,946
35700,2013,37745,2553
35740,2013,48646,1910
35820,2013,48152,2706
35840,2013,48558,578
35860,2013,44128,2728
35900,2013,33159,1497
35940,2013,49404,1703
35980,2013,66583,1217
36020,2013,58455,2149
36100,2013,39453,718
36140,2013,56494,1338
36220,2013,51466,1894
36260,2013,62378,827
36300,2013,43647,1555
36340,2013,41977,1152
36380,2013,34570,2356
36420,2013,49752,429
36460,2013,42603,1116
36500,2013,62229,1392
36540,2013,56943,587
36580,2013,47765,1819
36620,2013,38715,2452
36660,2013,35503,2314
36700,2013,34110,1447
36740,2013,48459,416
36780,2013,51010,970
36820,2013,47967,2128
36830,2013,43926,3701
36840,2013,49543,2889
36860,2013,51695,959
36900,2013,42031,1501
36940,2013,56480,1866
36980,2013,46205,1181
37020,2013,46217,1487
37060,2013,43328,2887
37080,2013,49852,2012
37100,2013,76544,758
37120,2013,44889,1682
37140,2013,44104,1385
37220,2013,39876,2066
37260,2013,32497,1605
37300,2013,40653,2153
37340,2013,48039,671
37420,2013,43504,2216
37460,2013,46678,1518
37500,2013,38413,1794
37540,2013,36950,1902
37580,2013,40104,2046
37620,2013,41977,1103
37660,2013,40916,2298
37740,2013,39954,2194
37780,2013,40571,4850
37860,2013,48594,922
37900,2013,53777,848
37940,2013,42023,2460
37980,2013,61923,311
38060,2013,53228,262
38100,2013,42510,3041
38180,2013,58121,3676
38220,2013,37092,1706
38240,2013,49544,2050
38260,2013,37378,2246
38300,2013,50935,307
38340,2013,48450,1647
38380,2013,41191,2754
38420,2013,46963,1107
38460,2013,50282,1903
38500,2013,45709,2152
38540,2013,43534,1742
38580,2013,38781,1686
38620,2013,41012,1175
38660,2013,16375,304
38700,2013,54614,2035
38740,2013,34969,1594
38780,2013,38764,3780
38820,2013,46033,1498
38840,2013,53202,2027
38860,2013,57371,904
38900,2013,58110,431
38920,2013,47027,3065
38940,2013,45484,829
39020,2013,35379,1896
39060,2013,45012,938
39140,2013,42987,1240
39220,2013,44724,3166
39260,2013,38795,3404
39300,2013,56007,528
39340,2013,59993,751
39380,2013,41777,1176
39420,2013,36257,2187
39460,2013,44378,1073
39500,2013,44464,1317
39540,2013,54090,1317
39580,2013,62088,770
39660,2013,50464,1147
39700,2013,25886,2460
39740,2013,55170,768
39780,2013,41924,2013
39820,2013,44651,1324
39860,2013,56836,2933
39900,2013,53125,826
39940,2013,36767,1689
39980,2013,38350,1467
40060,2013,58891,626
40080,2013,40584,1487
40100,2013,24927,1174
40140,2013,55269,406
40180,2013,50418,1967
40220,2013,49397,890
40260,2013,31973,1110
40300,2013,54541,1502
40340,2013,63183,1129
40380,2013,52762,426
40420,2013,49040,919
40460,2013,32384,1903
40540,2013,71525,2977
40580,2013,39495,1004
40620,2013,41964,1804
40660,2013,40821,1750
40700,2013,40524,1242
40740,2013,39131,2112
40780,2013,38951,1466
40820,2013,35769,2679
40860,2013,49271,1262
40900,2013,58940,489
40940,2013,44943,2574
40980,2013,42331,767
41060,2013,54015,865
41100,2013,49279,1763
41140,2013,45617,1150
41180,2013,54463,313
41220,2013,51990,2174
41400,2013,42300,1474
41420,2013,48017,1066
41460,2013,48144,1924
41500,2013,59168,1037
41540,2013,52161,918
41620,2013,60616,490
41660,2013,44626,1494
41700,2013,52139,373
41740,2013,62962,410
41760,2013,41414,1733
41780,2013,46498,1469
41820,2013,44819,2093
41860,2013,77887,545
41900,2013,16008,545
41940,2013,90962,685
41980,2013,22261,193
42020,2013,58697,1282
42100,2013,66519,1915
42140,2013,52917,1461
42180,2013,18033,1507
42200,2013,62779,1294
42220,2013,63356,1036
42300,2013,41637,1994
42340,2013,49535,946
42380,2013,46963,1192
42420,2013,43384,2009
42460,2013,37634,1612
42540,2013,45258,555
42620,2013,42487,1753
42660,2013,67745,420
42680,2013,44772,1672
42700,2013,35560,1135
42740,2013,38580,1976
42780,2013,46513,1611
42820,2013,26519,1526
42860,2013,41394,2003
42900,2013,47618,1982
42940,2013,43649,1871
42980,2013,46501,2330
43020,2013,45485,1547
43060,2013,42764,1199
43100,2013,52920,1060
43140,2013,38989,1447
43180,2013,40759,2611
43220,2013,48755,3038
43260,2013,52008,3282
43300,2013,46429,1598
43320,2013,36927,1688
43340,2013,43626,893
43380,2013,50427,2011
43420,2013,45755,1907
43460,2013,40651,2099
43500,2013,37899,2133
43580,2013,49870,1068
43620,2013,56012,1173
43660,2013,47513,2991
43700,2013,34092,1535
43740,2013,43597,1352
43760,2013,48426,1886
43780,2013,44535,878
43900,2013,41817,803
43940,2013,43273,3276
43980,2013,49035,2856
44020,2013,56136,1751
44060,2013,48381,701
44100,2013,55640,1261
44140,2013,51935,570
44180,2013,42653,675
44220,2013,43136,904
44260,2013,30987,2011
44300,2013,50336,1191
44340,2013,35840,2009
44420,2013,47935,1582
44460,2013,62002,5482
44500,2013,39586,2684
44540,2013,40415,2428
44580,2013,47667,1609
44620,2013,50996,1400
44660,2013,36812,1495
44700,2013,53380,761
44740,2013,46951,2318
44780,2013,44051,961
44860,2013,43657,2481
44900,2013,33228,2944
44920,2013,83336,4998
44940,2013,41366,1162
44980,2013,41208,900
45000,2013,53107,2579
45020,2013,36806,2001
45060,2013,52981,660
45140,2013,37260,1811
45180,2013,35629,1686
45220,2013,45516,889
45300,2013,46497,315
45340,2013,32637,4189
45380,2013,45145,1999
45460,2013,42314,1034
45500,2013,41882,1164
45520,2013,43765,1194
45540,2013,48493,2421
45580,2013,35329,1934
45620,2013,34035,2510
45660,2013,43764,1595
45700,2013,34591,2685
45740,2013,37898,3751
45780,2013,44556,692
45820,2013,49761,935
45860,2013,71338,1177
45900,2013,50011,1034
45940,2013,73480,1378
45980,2013,33090,2366
46020,2013,57353,2119
46060,2013,45841,616
46100,2013,40716,1540
46140,2013,48573,442
46180,2013,40730,1238
46220,2013,42642,1066
46300,2013,42792,1643
46340,2013,47432,1539
46380,2013,43469,1647
46460,2013,38216,2025
46500,2013,49157,2933
46520,2013,72764,848
46540,2013,47897,977
46620,2013,34902,3105
46660,2013,36798,1102
46700,2013,67177,1361
46740,2013,32402,1539
46780,2013,45355,2180
46820,2013,38173,2853
46860,2013,62067,3114
46900,2013,41658,3983
46980,2013,37390,2455
47020,2013,50454,1634
47080,2013,31454,1552
47180,2013,42119,2029
47220,2013,50750,1308
47240,2013,66288,4857
47260,2013,58844,508
47300,2013,42708,896
47340,2013,45286,1960
47380,2013,41163,977
47420,2013,52931,2222
47460,2013,46195,2034
47540,2013,52239,1846
47580,2013,51979,1522
47620,2013,43764,1370
47660,2013,47223,2319
47700,2013,50859,1727
47780,2013,47165,1925
47820,2013,40429,1947
47900,2013,90540,482
47920,2013,37619,1904
47940,2013,48637,913
47980,2013,47214,1904
48020,2013,53454,1069
48060,2013,46484,1273
48100,2013,37125,4459
48140,2013,53363,1177
48180,2013,35967,2432
48220,2013,44972,2760
48260,2013,40598,994
48300,2013,51488,1261
48460,2013,32533,1608
48540,2013,41192,913
48580,2013,54020,1365
48620,2013,50556,602
48660,2013,46401,1427
48700,2013,45430,1200
48780,2013,76210,3919
48820,2013,50149,1449
48900,2013,48783,1112
48940,2013,46048,2057
48980,2013,39204,1378
49020,2013,51512,2241
49080,2013,59472,6234
49100,2013,47468,2358
49180,2013,44832,680
49220,2013,47685,1211
49260,2013,51867,4169
49300,2013,49135,1119
49340,2013,64443,685
49380,2013,48208,2865
49420,2013,43506,1087
49460,2013,52578,2796
49620,2013,58745,712
49660,2013,42507,588
49700,2013,47778,1616
49740,2013,41595,1208
49780,2013,40524,1353
49820,2013,31109,5615
10100,2014,52641,1641
10140,2014,43379,1453
10180,2014,44249,1218
10220,2014,42566,1648
10260,2014,10550,1358
10300,2014,48118,1412
10380,2014,15681,356
10420,2014,50776,526
10460,2014,40614,2069
10500,2014,36805,1225
10540,2014,44965,1321
10580,2014,61841,609
10620,2014,42010,2184
10660,2014,45569,2045
10700,2014,39473,1255
10740,2014,48875,701
10780,2014,41032,1397
10820,2014,52485,1647
10860,2014,42463,1824
10900,2014,58681,539
10940,2014,41833,1831
10980,2014,38353,1459
11020,2014,43871,1235
11060,2014,42029,2279
11100,2014,49553,1254
11140,2014,34415,1880
11180,2014,51270,1680
11220,2014,44167,1575
11260,2014,76453,1247
11380,2014,61250,4569
11420,2014,48750,2191
11460,2014,60805,958
11500,2014,40919,1054
11540,2014,60413,867
11580,2014,36114,1888
11620,2014,43280,2554
11640,2014,17566,546
11660,2014,34109,2653
11680,2014,42157,1622
11700,2014,44820,840
11740,2014,47034,2043
11780,2014,40304,1435
11820,2014,47337,2368
11860,2014,44648,2491
11900,2014,33773,1510
11940,2014,39644,2345
11980,2014,40299,1322
12020,2014,41624,1089
12060,2014,56618,325
12100,2014,54392,1335
12140,2014,49561,2068
12180,2014,51792,1334
12220,2014,43641,1717
12260,2014,46144,822
12300,2014,46559,1319
12380,2014,47623,2341
12420,2014,61900,537
12460,2014,31090,3158
12540,2014,48574,913
12580,2014,70311,451
12620,2014,44543,1217
12660,2014,50982,1466
12680,2014,45655,3527
12700,2014,61597,1142
12740,2014,58293,2571
12780,2014,48870,2099
12820,2014,28304,2756
12860,2014,50573,1504
12900,2014,36186,1751
12940,2014,51829,795
12980,2014,43199,1353
13020,2014,45715,1487
13060,2014,40410,4324
13100,2014,49021,2806
13140,2014,44845,948
13180,2014,53189,1016
13220,2014,38606,1406
13260,2014,44553,1869
13300,2014,41738,2898
13340,2014,48416,1462
13380,2014,53025,1304
13420,2014,43990,1484
13460,2014,49584,1452
13500,2014,28765,2646
13540,2014,49303,2646
13620,2014,40877,1556
13660,2014,40396,1453
13700,2014,48768,2535
13720,2014,35880,1774
13740,2014,51481,1228
13780,2014,48290,896
13820,2014,48438,619
13900,2014,62375,1547
13940,2014,48088,2712
13980,2014,44564,1283
14010,2014,61173,1200
14020,2014,42416,1063
14100,2014,47909,1567
14140,2014,35910,1396
14180,2014,34424,1806
14220,2014,31750,1948
14260,2014,50776,719
14340,2014,52714,2324
14380,2014,35491,2726
14420,2014,47191,2233
14460,2014,74494,448
14500,2014,69407,1451
14540,2014,43396,1166
14580,2014,54298,2242
14620,2014,42913,1454
14660,2014,47742,1012
14700,2014,38360,1080
14720,2014,64521,6246
14740,2014,62473,1317
14780,2014,49236,4054
14820,2014,43959,4452
14860,2014,83163,1142
15020,2014,35502,2343
15060,2014,41939,3664
15100,2014,48406,3264
15180,2014,33390,885
15220,2014,40982,1965
15260,2014,44055,1975
15340,2014,41377,1209
15380,2014,50726,451
15420,2014,44467,1699
15460,2014,42750,1592
15500,2014,42592,1234
15540,2014,62175,1421
15580,2014,37503,2093
15620,2014,40566,976
15660,2014,42414,1937
15680,2014,88190,1740
15700,2014,45628,1589
15740,2014,40420,1588
15780,2014,32516,2057
15820,2014,35521,3230
15860,2014,40569,1721
15900,2014,45938,1803
15940,2014,46233,655
15980,2014,47908,590
16020,2014,42889,1531
16060,2014,39227,1228
16100,2014,51303,2985
16180,2014,50108,2629
16220,2014,56769,2136
16260,2014,42305,2573
16300,2014,59000,1104
16340,2014,39121,2706
16380,2014,52033,2157
16460,2014,41783,1423
16500,2014,42917,1447
16540,2014,53394,1212
16580,2014,48182,1271
16620,2014,45692,852
16660,2014,39363,1810
16700,2014,52517,653
16740,2014,52591,446
16820,2014,59189,1754
16860,2014,46228,765
16940,2014,58324,1920
16980,2014,61497,248
17020,2014,43165,1130
17060,2014,43450,1591
17140,2014,55204,446
17200,2014,54733,1152
17220,2014,42555,1477
17260,2014,27735,2127
17300,2014,46653,1078
17340,2014,35997,2154
17380,2014,29255,1924
17420,2014,41301,1047
17460,2014,49551,371
17500,2014,36504,3095
17540,2014,49849,3429
17580,2014,40318,2077
17620,2014,17938,1060
17640,2014,13871,1408
17660,2014,49292,1571
17700,2014,40716,2112
17740,2014,42538,1234
17780,2014,39915,868
17820,2014,57735,854
17860,2014,49059,1535
17900,2014,49238,577
17980,2014,42278,985
18020,2014,54488,2252
18060,2014,38672,1914
18100,2014,55391,2240
18140,2014,55115,416
18180,2014,65226,1624
18220,2014,37833,2489
18260,2014,34654,1125
18300,2014,39193,1306
18380,2014,36280,4363
18420,2014,33790,2715
18460,2014,40689,2446
18500,2014,47733,1010
18580,2014,49359,1227
18620,2014,40976,1405
18660,2014,48404,2194
18700,2014,49338,2262
18740,2014,41569,1640
18780,2014,50123,3328
18820,2014,46286,2868
18860,2014,39302,4825
18880,2014,53083,1381
18900,2014,38350,1438
18980,2014,39415,1333
19000,2014,36705,2666
19060,2014,37276,1367
19100,2014,59175,361
19140,2014,38818,1174
19180,2014,42548,1368
19220,2014,38185,1747
19260,2014,38133,1405
19300,2014,50183,1378
19340,2014,51263,752
19380,2014,47162,492
19420,2014,37512,3015
19460,2014,44273,1404
19500,2014,46696,1053
19540,2014,47964,3031
19580,2014,48853,1727
19620,2014,42735,2487
19660,2014,42571,638
19700,2014,28489,2424
19740,2014,64206,410
19760,2014,46420,2928
19780,2014,61640,817
19820,2014,52305,233
19860,2014,70243,3196
19940,2014,52004,2937
19980,2014,51374,1830
20020,2014,40515,744
20060,2014,34523,2260
20100,2014,55169,1334
20140,2014,34174,1795
20180,2014,41510,823
20220,2014,53410,1507
20260,2014,47574,826
20300,2014,48149,4504
20340,2014,43519,1976
20380,2014,44417,1637
20420,2014,58456,3191
20460,2014,38743,1402
20500,2014,52925,798
20540,2014,41426,2288
20580,2014,32536,2086
20660,2014,58495,3780
20700,2014,57748,1713
20740,2014,49537,1389
20780,2014,73774,5282
20820,2014,52374,1787
20900,2014,41992,3208
20940,2014,41772,1696
20980,2014,38762,2136
21020,2014,47296,1551
21060,2014,48617,1386
21120,2014,49027,4501
21140,2014,46983,918
21180,2014,40146,1616
21220,2014,72207,2868
21260,2014,45406,2855
21300,2014,49685,1973
21340,2014,40699,636
21380,2014,40427,2233
21420,2014,46726,2284
21460,2014,45558,1865
21500,2014,45703,910
21540,2014,42070,1642
21580,2014,38635,2294
21660,2014,43685,770
21700,2014,42153,1275
21740,2014,56158,4267
21780,2014,47425,864
21820,2014,70408,2051
21840,2014,44688,4262
21900,2014,43085,2307
21980,2014,46195,2321
22020,2014,53634,1735
22060,2014,60365,1952
22100,2014,37476,1487
22140,2014,48824,1775
22180,2014,44692,816
22220,2014,48627,960
22260,2014,50914,1226
22280,2014,47143,1878
22300,2014,50166,1403
22340,2014,30643,4059
22380,2014,48540,1918
22420,2014,41879,534
22500,2014,40673,860
22520,2014,41919,1212
22540,2014,54529,1337
22580,2014,36863,1744
22620,2014,31336,2516
22660,2014,58844,880
22700,2014,42112,1799
22780,2014,49604,2150
22800,2014,44083,1473
22820,2014,46223,2984
22860,2014,46867,1208
22900,2014,38833,808
23060,2014,49607,626
23140,2014,49669,2435
23180,2014,48665,2166
23240,2014,52414,3250
23300,2014,44631,1787
23340,2014,47991,2000
23380,2014,46099,1774
23420,2014,45201,713
23460,2014,38467,1460
23500,2014,34766,2039
23540,2014,41961,1186
23580,2014,51036,1075
23620,2014,51222,2674
23660,2014,39800,1758
23700,2014,29812,1594
23780,2014,48656,2256
23820,2014,58940,2459
23860,2014,41578,2076
23900,2014,60068,1139
23940,2014,78609,4364
23980,2014,37444,1712
24020,2014,54112,1238
24060,2014,60258,3346
24100,2014,45722,2547
24140,2014,41172,1439
24220,2014,48396,1699
24260,2014,50237,1099
24300,2014,48610,1538
24340,2014,53187,472
24380,2014,36279,4133
24420,2014,37447,1682
24460,2014,43573,2662
24500,2014,45091,1368
24540,2014,58100,1267
24580,2014,53053,911
24620,2014,35860,1289
24640,2014,54072,1378
24660,2014,43670,622
24700,2014,49631,2483
24740,2014,28936,2596
24780,2014,42011,1277
24820,2014,43323,1286
24860,2014,45428,554
24900,2014,27404,2456
24940,2014,35912,1059
24980,2014,33067,2947
25020,2014,16010,772
25060,2014,44826,1165
25100,2014,50172,4252
25180,2014,55868,1033
25200,2014,56424,5270
25220,2014,40721,1973
25260,2014,47341,1550
25300,2014,43448,1683
25420,2014,57461,844
25460,2014,37754,1816
25500,2014,48518,1361
25540,2014,68959,846
25580,2014,51342,2760
25620,2014,41702,1560
25700,2014,45127,3345
25720,2014,65582,4013
25740,2014,56470,1944
25760,2014,27183,2079
25780,2014,34075,2594
25820,2014,42995,2119
25840,2014,47499,1729
25860,2014,40820,800
25880,2014,42183,1214
25900,2014,51213,1492
25940,2014,53863,1174
25980,2014,44133,1767
26020,2014,55248,2210
26090,2014,52472,1353
26140,2014,38109,1405
26220,2014,56417,3474
26300,2014,39558,1488
26340,2014,36608,1312
26380,2014,50138,1418
26420,2014,58689,419
26460,2014,58625,2570
26500,2014,44163,1304
26540,2014,47356,1804
26580,2014,42448,823
26620,2014,55881,1109
26660,2014,38129,1605
26700,2014,44258,3992
26740,2014,44673,1364
26780,2014,56234,2657
26820,2014,50987,1174
26860,2014,45168,1257
26900,2014,52434,462
26940,2014,27941,1989
26960,2014,48100,1710
26980,2014,55030,1644
27020,2014,45340,2510
27060,2014,52836,1856
27100,2014,45452,1505
27140,2014,45366,808
27160,2014,37393,2574
27180,2014,41346,1088
27220,2014,66590,4575
27260,2014,52067,477
27300,2014,46760,2201
27340,2014,46141,1827
27380,2014,38949,2064
27420,2014,50926,2813
27460,2014,42720,925
27500,2014,49645,1123
27540,2014,52332,1825
27580,2014,16111,1926
27600,2014,52857,2087
27620,2014,51025,1232
27700,2014,37970,3043
27740,2014,39084,1186
27780,2014,42304,838
27860,2014,40358,1213
27900,2014,41562,873
27920,2014,45660,1591
27940,2014,84750,3755
27980,2014,64563,2133
28020,2014,46392,860
28060,2014,46858,1432
28100,2014,51000,1401
28140,2014,57056,357
28180,2014,62946,2398
28260,2014,52899,2037
28300,2014,56139,1659
28340,2014,49102,1843
28380,2014,31777,1485
28420,2014,59476,1409
28500,2014,42930,2547
28540,2014,61712,4721
28580,2014,55449,2024
28620,2014,53399,2583
28660,2014,50671,761
28700,2014,39178,676
28740,2014,58592,1619
28780,2014,37680,3195
28820,2014,35687,1557
28860,2014,35153,2095
28900,2014,39534,1769
28940,2014,44906,526
29020,2014,42078,1372
29060,2014,60782,2425
29100,2014,51160,1266
29180,2014,47174,1029
29200,2014,45364,965
29260,2014,43265,2250
29300,2014,41906,2186
29340,2014,44644,1397
29380,2014,39194,2398
29420,2014,38456,1089
29460,2014,43063,730
29500,2014,39746,3213
29540,2014,57120,826
29620,2014,50155,848
29660,2014,42298,2969
29700,2014,38679,991
29740,2014,38426,1361
29780,2014,28292,3477
29820,2014,52070,360
29860,2014,36862,1618
29900,2014,30834,1661
29940,2014,50732,1346
29980,2014,37371,1598
30020,2014,46283,1149
30060,2014,38693,2529
30140,2014,56173,1159
30220,2014,50485,3097
30260,2014,48827,1461
30280,2014,41822,2227
30300,2014,44993,2017
30340,2014,45765,1628
30380,2014,40947,1341
30420,2014,48180,1712
30460,2014,49997,711
30580,2014,48621,3475
30620,2014,43648,1100
30660,2014,49882,3274
30700,2014,52291,881
30780,2014,49179,607
30820,2014,44329,1763
30860,2014,49915,1019
30880,2014,37312,2798
30900,2014,41356,1607
30940,2014,32354,1268
30980,2014,46615,1321
31020,2014,46571,1366
31060,2014,105989,5896
31080,2014,60337,206
31140,2014,50386,429
31180,2014,45337,745
31220,2014,42156,2091
31260,2014,42374,1595
31300,2014,30581,1127
31340,2014,46913,1047
31380,2014,37959,2854
31420,2014,39609,1043
31460,2014,45490,1912
31500,2014,45306,2450
31540,2014,61227,745
31580,2014,42404,1518
31620,2014,37509,4401
31660,2014,47110,2132
31680,2014,41353,2812
31700,2014,70906,1243
31740,2014,48097,1240
31820,2014,48629,1444
31860,2014,54112,1484
31900,2014,42042,1098
31930,2014,43512,1974
31940,2014,41342,869
31980,2014,39885,1675
32000,2014,36271,2544
32020,2014,42904,1613
32100,2014,45066,1230
32140,2014,51182,1927
32180,2014,39027,2403
32220,2014,46969,2306
32260,2014,52354,1724
32280,2014,35845,1852
32300,2014,33417,1194
32340,2014,36237,1962
32380,2014,45542,1657
32420,2014,16333,734
32460,2014,39529,2269
32500,2014,39783,1790
32540,2014,41339,1841
32580,2014,34952,783
32620,2014,31322,1968
32660,2014,34592,1771
32700,2014,55437,2650
32740,2014,43622,1078
32780,2014,44086,965
32820,2014,47647,603
32860,2014,49897,1956
32900,2014,43066,1381
32940,2014,35235,1423
32980,2014,49189,2057
33020,2014,43139,2450
33060,2014,36616,1042
33100,2014,48435,281
33140,2014,47117,1485
33180,2014,24976,2327
33220,2014,52613,1675
33260,2014,66689,2047
33300,2014,30333,2025
33340,2014,53628,458
33420,2014,41370,2798
33460,2014,68019,395
33500,2014,58918,2059
33540,2014,47029,1733
33580,2014,51192,3180
33620,2014,39316,2963
33660,2014,43844,786
33700,2014,49573,1110
33740,2014,38406,1477
33780,2014,54911,1396
33860,2014,46977,892
33940,2014,44885,2090
33980,2014,47179,1773
34020,2014,41956,1644
34060,2014,46028,1425
34100,2014,39822,1276
34140,2014,41944,2221
34180,2014,46772,1976
34220,2014,32233,1677
34260,2014,35594,2299
34300,2014,43516,2198
34340,2014,35894,1315
34380,2014,37615,1329
34420,2014,42856,2719
34460,2014,35276,2405
34500,2014,43173,1474
34540,2014,48953,1857
34580,2014,54917,1524
34620,2014,37900,1022
34660,2014,38589,1890
34700,2014,52899,1832
34740,2014,41842,948
34780,2014,40133,1360
34820,2014,43681,830
34860,2014,39126,1760
34900,2014,70925,2288
34940,2014,56250,1194
34980,2014,52805,433
35020,2014,28937,1541
35060,2014,33629,1808
35100,2014,46173,1564
35140,2014,41971,3029
35220,2014,40247,1504
35260,2014,43991,1191
35300,2014,61646,600
35380,2014,47412,564
35420,2014,44656,1248
35440,2014,42429,1803
35460,2014,30888,2619
35500,2014,52430,2457
35580,2014,49527,2149
35620,2014,66902,235
35660,2014,44701,1100
35700,2014,38802,2164
35740,2014,49458,1669
35820,2014,49227,2930
35840,2014,49875,659
35860,2014,44758,2813
35900,2014,32157,1402
35940,2014,49315,1531
35980,2014,66693,1453
36020,2014,59107,2378
36100,2014,39339,741
36140,2014,57394,1758
36220,2014,54903,2011
36260,2014,63393,702
36300,2014,44454,1211
36340,2014,43291,1404
36380,2014,35490,2158
36420,2014,50967,461
36460,2014,43503,1179
36500,2014,62286,1292
36540,2014,57357,571
36580,2014,47884,2096
36620,2014,39237,1968
36660,2014,33928,1877
36700,2014,33615,1460
36740,2014,48559,473
36780,2014,51949,900
36820,2014,48750,3199
36830,2014,44533,4284
36840,2014,50415,2364
36860,2014,50985,1055
36900,2014,42189,1486
36940,2014,55764,2596
36980,2014,45639,1197
37020,2014,47723,1300
37060,2014,41343,3478
37080,2014,49655,2101
37100,2014,77335,779
37120,2014,44473,2080
37140,2014,43028,1758
37220,2014,41757,2105
37260,2014,32714,1543
37300,2014,42511,2149
37340,2014,48483,859
37420,2014,45179,3068
37460,2014,46742,1223
37500,2014,39500,2232
37540,2014,38694,1733
37580,2014,41130,1601
37620,2014,42223,1047
37660,2014,41434,1958
37740,2014,40042,1737
37780,2014,44950,5659
37860,2014,49255,955
37900,2014,54686,729
37940,2014,43862,3253
37980,2014,62169,322
38060,2014,53310,280
38100,2014,40997,2441
38180,2014,58027,3748
38220,2014,36856,1299
38240,2014,50393,1485
38260,2014,37154,2447
38300,2014,51883,262
38340,2014,49737,1509
38380,2014,42303,2022
38420,2014,47266,1326
38460,2014,50985,1902
38500,2014,47219,2348
38540,2014,43953,1326
38580,2014,37934,1756
38620,2014,41806,1291
38660,2014,16593,349
38700,2014,54723,2449
38740,2014,36160,1854
38780,2014,36567,2909
38820,2014,47008,1475
38840,2014,53599,1591
38860,2014,58000,1119
38900,2014,58832,486
38920,2014,47546,4141
38940,2014,45752,993
39020,2014,36945,1725
39060,2014,45020,980
39140,2014,44000,849
39220,2014,46366,3204
39260,2014,36158,2145
39300,2014,56267,583
39340,2014,60647,614
39380,2014,41974,994
39420,2014,35578,2283
39460,2014,44265,1254
39500,2014,45089,1108
39540,2014,55055,1114
39580,2014,62794,677
39660,2014,51041,1269
39700,2014,27627,2595
39740,2014,55798,920
39780,2014,42369,1978
39820,2014,44556,1108
39860,2014,57229,2663
39900,2014,53047,860
39940,2014,36491,1973
39980,2014,37932,1325
40060,2014,59677,497
40080,2014,40546,1504
40100,2014,25906,1702
40140,2014,55362,401
40180,2014,51749,2474
40220,2014,50056,724
40260,2014,32360,1121
40300,2014,55894,2123
40340,2014,64210,880
40380,2014,52717,538
40420,2014,49511,1039
40460,2014,34060,1196
40540,2014,69448,4924
40580,2014,39763,1158
40620,2014,41942,2031
40660,2014,41046,1517
40700,2014,40820,1458
40740,2014,40541,2275
40780,2014,39455,1792
40820,2014,34210,2794
40860,2014,48308,1638
40900,2014,59439,509
40940,2014,46965,2294
40980,2014,43566,652
41060,2014,54985,914
41100,2014,49498,1530
41140,2014,46145,1224
41180,2014,54959,355
41220,2014,52799,2132
41400,2014,43707,1314
41420,2014,48433,993
41460,2014,48354,1357
41500,2014,58582,983
41540,2014,53004,761
41620,2014,61529,572
41660,2014,45258,1693
41700,2014,52786,408
41740,2014,63996,576
41760,2014,41879,2097
41780,2014,48204,2133
41820,2014,46309,1930
41860,2014,80008,441
41900,2014,15389,680
41940,2014,92960,727
41980,2014,22254,211
42020,2014,59454,1455
42100,2014,66923,1815
42140,2014,52958,1624
42180,2014,16344,1598
42200,2014,63409,1372
42220,2014,63799,1179
42300,2014,40828,2014
42340,2014,50560,914
42380,2014,48418,1380
42420,2014,46310,1498
42460,2014,36874,1789
42540,2014,45812,620
42620,2014,42852,1872
42660,2014,68969,519
42680,2014,44645,1367
42700,2014,35911,1085
42740,2014,39624,1606
42780,2014,48718,1910
42820,2014,26494,2079
42860,2014,41197,1957
42900,2014,48932,1551
42940,2014,42499,1674
42980,2014,47758,2155
43020,2014,45987,1313
43060,2014,44250,979
43100,2014,53029,962
43140,2014,39197,1366
43180,2014,40989,2210
43220,2014,49538,2685
43260,2014,56015,2762
43300,2014,47631,1850
43320,2014,36591,1572
43340,2014,43779,838
43380,2014,51266,1925
43420,2014,45974,1548
43460,2014,39076,1650
43500,2014,38923,1550
43580,2014,49843,1273
43620,2014,57356,1209
43660,2014,50829,3510
43700,2014,33425,1713
43740,2014,44255,1269
43760,2014,48493,1823
43780,2014,45036,841
43900,2014,42588,829
43940,2014,44267,2818
43980,2014,49438,3990
44020,2014,56086,1704
44060,2014,49417,836
44100,2014,55842,1222
44140,2014,52546,875
44180,2014,42880,659
44220,2014,43011,1070
44260,2014,32348,3190
44300,2014,50295,1284
44340,2014,35642,1834
44420,2014,49262,1704
44460,2014,61095,4253
44500,2014,40711,1566
44540,2014,41749,2723
44580,2014,48343,1996
44620,2014,50837,1346
44660,2014,37637,1547
44700,2014,53253,679
44740,2014,48010,2233
44780,2014,44145,961
44860,2014,45158,2694
44900,2014,32496,2604
44920,2014,89886,4162
44940,2014,40662,1144
44980,2014,41560,970
45000,2014,53351,3363
45020,2014,37342,1779
45060,2014,53191,526
45140,2014,37230,1952
45180,2014,35514,1857
45220,2014,45377,1097
45300,2014,46706,348
45340,2014,35823,3486
45380,2014,45727,2437
45460,2014,42780,1162
45500,2014,41818,1062
45520,2014,43226,1935
45540,2014,49874,1915
45580,2014,34614,2395
45620,2014,35515,2384
45660,2014,44947,1634
45700,2014,34830,2764
45740,2014,40103,3400
45780,2014,44775,670
45820,2014,50797,852
45860,2014,72068,1422
45900,2014,50817,950
45940,2014,74118,1465
45980,2014,32798,2990
46020,2014,56949,2464
46060,2014,46233,554
46100,2014,41158,1388
46140,2014,49255,413
46180,2014,41701,1058
46220,2014,43567,1079
46300,2014,43282,1645
46340,2014,46669,1367
46380,2014,43290,1704
46460,2014,39050,2065
46500,2014,49840,2014
46520,2014,73581,786
46540,2014,48094,812
46620,2014,37078,3229
46660,2014,36289,1208
46700,2014,67341,1369
46740,2014,32835,2103
46780,2014,46436,1752
46820,2014,36627,3310
46860,2014,62363,3218
46900,2014,41901,3421
46980,2014,37686,2247
47020,2014,50549,1398
47080,2014,31842,1896
47180,2014,42997,2758
47220,2014,50603,1419
47240,2014,65518,6121
47260,2014,59244,455
47300,2014,42863,901
47340,2014,45657,2021
47380,2014,41876,1254
47420,2014,55159,1850
47460,2014,47309,1868
47540,2014,52773,2142
47580,2014,51404,2242
47620,2014,44391,1581
47660,2014,49978,2458
47700,2014,52706,1245
47780,2014,47104,1741
47820,2014,40671,1672
47900,2014,91756,419
47920,2014,40576,1953
47940,2014,49897,995
47980,2014,47891,1885
48020,2014,54522,1391
48060,2014,48613,1339
48100,2014,36094,2663
48140,2014,53779,1158
48180,2014,36974,2357
48220,2014,45056,2658
48260,2014,40973,979
48300,2014,51547,1502
48460,2014,33006,1786
48540,2014,41919,903
48580,2014,53998,1535
48620,2014,51059,614
48660,2014,45892,1416
48700,2014,45877,1478
48780,2014,82823,5425
48820,2014,52043,1384
48900,2014,48581,1215
48940,2014,45909,1715
48980,2014,39332,1292
49020,2014,51872,1843
49080,2014,62632,6433
49100,2014,48476,2018
49180,2014,44589,650
49220,2014,48241,1661
49260,2014,54387,4723
49300,2014,49244,1096
49340,2014,64629,865
49380,2014,50340,1996
49420,2014,43956,1255
49460,2014,50044,3923
49620,2014,58906,765
49660,2014,42543,426
49700,2014,48546,1698
49740,2014,41380,1127
49780,2014,40937,1213
49820,2014,30758,3975
10100,2015,53289,2030
10140,2015,43538,1652
10180,2015,44799,1146
10220,2015,43261,1340
10260,2015,10499,1326
10300,2015,48043,1244
10380,2015,15616,344
10420,2015,51160,559
10460,2015,39775,1700
10500,2015,37404,1010
10540,2015,45644,1566
10580,2015,62283,591
10620,2015,40910,1655
10660,2015,47105,1270
10700,2015,38983,1262
10740,2015,48495,697
10780,2015,40591,1236
10820,2015,54531,2085
10860,2015,42986,4198
10900,2015,58699,644
10940,2015,41912,1381
10980,2015,38829,1569
11020,2015,43981,1455
11060,2015,41560,2135
11100,2015,50383,983
11140,2015,33798,2176
11180,2015,50438,1346
11220,2015,43764,1943
11260,2015,76917,1387
11380,2015,70423,6038
11420,2015,48472,2487
11460,2015,61003,901
11500,2015,41703,925
11540,2015,60809,962
11580,2015,35165,2072
11620,2015,44531,2099
11640,2015,17047,568
11660,2015,35031,2501
11680,2015,43860,2337
11700,2015,44704,911
11740,2015,48003,1682
11780,2015,40544,1438
11820,2015,46408,2755
11860,2015,43581,3090
11900,2015,33872,1277
11940,2015,38535,2764
11980,2015,41607,1330
12020,2015,40308,914
12060,2015,57000,272
12100,2015,54461,1324
12140,2015,48341,2573
12180,2015,52082,1304
12220,2015,44570,2152
12260,2015,46518,863
12300,2015,46917,1596
12380,2015,49427,1840
12420,2015,63437,715
12460,2015,31284,2925
12540,2015,49026,865
12580,2015,70936,452
12620,2015,44271,1142
12660,2015,51055,1283
12680,2015,49298,2651
12700,2015,63251,1533
12740,2015,58788,2277
12780,2015,50023,2351
12820,2015,28003,3159
12860,2015,50880,1652
12900,2015,36265,1665
12940,2015,52427,816
12980,2015,42520,1056
13020,2015,45583,1434
13060,2015,40797,3834
13100,2015,50010,2526
13140,2015,45861,878
13180,2015,53783,1394
13220,2015,38967,1236
13260,2015,45875,1842
13300,2015,42302,3403
13340,2015,49783,1579
13380,2015,53145,1739
13420,2015,44757,2090
13460,2015,51223,1841
13500,2015,30767,2641
13540,2015,49573,2146
13620,2015,41214,1691
13660,2015,41889,1556
13700,2015,50091,2615
13720,2015,35556,2068
13740,2015,52431,1257
13780,2015,48540,1234
13820,2015,49260,763
13900,2015,63836,1605
13940,2015,50155,2345
13980,2015,45607,1366
14010,2015,61504,1035
14020,2015,42725,1318
14100,2015,47372,1800
14140,2015,36754,1263
14180,2015,34612,1846
14220,2015,30705,1997
14260,2015,51024,708
14340,2015,52985,2343
14380,2015,37656,1864
14420,2015,49353,3242
14460,2015,75389,428
14500,2015,70961,1552
14540,2015,43295,1191
14580,2015,55553,1893
14620,2015,43965,1272
14660,2015,48249,1079
14700,2015,39096,1234
14720,2015,67983,7621
14740,2015,62941,1072
14780,2015,51269,4039
14820,2015,45114,3814
14860,2015,84233,1252
15020,2015,36473,2581
15060,2015,40884,3055
15100,2015,50082,2006
15180,2015,33266,884
15220,2015,41962,2246
15260,2015,44185,1987
15340,2015,40795,1178
15380,2015,50962,465
15420,2015,45287,1633
15460,2015,44735,1325
15500,2015,41814,1165
15540,2015,63255,1330
15580,2015,37749,2340
15620,2015,41403,1029
15660,2015,41612,1876
15680,2015,86987,2126
15700,2015,47093,1931
15740,2015,40930,1885
15780,2015,32194,1778
15820,2015,33340,2455
15860,2015,40423,1747
15900,2015,46083,1993
15940,2015,47132,695
15980,2015,48537,713
16020,2015,43034,1753
16060,2015,40071,1091
16100,2015,56618,3151
16180,2015,47668,2495
16220,2015,56871,2135
16260,2015,43855,2718
16300,2015,59032,1134
16340,2015,37853,2768
16380,2015,53099,2186
16460,2015,42238,1761
16500,2015,44100,1437
16540,2015,53916,1606
16580,2015,48323,1340
16620,2015,44666,1188
16660,2015,40512,1688
16700,2015,53447,687
16740,2015,53076,425
16820,2015,60240,1558
16860,2015,46968,753
16940,2015,60706,2418
16980,2015,61828,221
17020,2015,43444,1068
17060,2015,43345,2054
17140,2015,55501,498
17200,2015,54744,1153
17220,2015,43728,1237
17260,2015,28851,2660
17300,2015,46614,891
17340,2015,35578,2034
17380,2015,27585,1896
17420,2015,41643,1183
17460,2015,49925,348
17500,2015,36771,2562
17540,2015,50498,2968
17580,2015,41084,2099
17620,2015,18233,1038
17640,2015,15240,1454
17660,2015,49403,1537
17700,2015,41083,1652
17740,2015,44373,1589
17780,2015,41067,1211
17820,2015,58414,872
17860,2015,49899,1601
17900,2015,49793,789
17980,2015,42456,909
18020,2015,55050,1705
18060,2015,40239,1534
18100,2015,56318,2310
18140,2015,55878,387
18180,2015,65983,1833
18220,2015,39379,3200
18260,2015,34841,1413
18300,2015,38605,1445
18380,2015,31615,3405
18420,2015,36163,3135
18460,2015,40907,2152
18500,2015,47280,1199
18580,2015,50267,881
18620,2015,41505,1916
18660,2015,49514,1892
18700,2015,49802,1596
18740,2015,41701,1707
18780,2015,51387,3065
18820,2015,48213,2275
18860,2015,40847,4369
18880,2015,53246,1281
18900,2015,38576,1714
18980,2015,38971,1526
19000,2015,38015,2394
19060,2015,38140,1175
19100,2015,59946,292
19140,2015,39459,1450
19180,2015,42977,1779
19220,2015,38436,1438
19260,2015,38228,1340
19300,2015,50254,1263
19340,2015,52316,552
19380,2015,47654,601
19420,2015,36146,2628
19460,2015,44403,1249
19500,2015,47176,1177
19540,2015,48188,2880
19580,2015,50663,1705
19620,2015,42174,1917
19660,2015,42159,636
19700,2015,27476,1672
19740,2015,65614,400
19760,2015,45969,3637
19780,2015,61844,712
19820,2015,52603,320
19860,2015,72099,2915
19940,2015,52379,2253
19980,2015,50777,1792
20020,2015,40596,878
20060,2015,33965,2469
20100,2015,54976,1350
20140,2015,32594,1880
20180,2015,42257,1051
20220,2015,54605,1219
20260,2015,48905,876
20300,2015,49802,3723
20340,2015,43781,2067
20380,2015,46353,1858
20420,2015,60278,1974
20460,2015,38847,1541
20500,2015,53295,908
20540,2015,42468,3230
20580,2015,33747,2484
20660,2015,58228,4949
20700,2015,57365,2071
20740,2015,50611,930
20780,2015,72214,3789
20820,2015,52224,2392
20900,2015,45176,3770
20940,2015,41079,1556
20980,2015,38678,2741
21020,2015,46386,1216
21060,2015,49458,1361
21120,2015,48601,3997
21140,2015,47913,1143
21180,2015,39457,2608
21220,2015,71462,3366
21260,2015,46458,3093
21300,2015,50320,1785
21340,2015,41578,540
21380,2015,40021,2182
21420,2015,48238,2296
21460,2015,46729,2066
21500,2015,45971,813
21540,2015,42031,1976
21580,2015,36098,3101
21660,2015,44103,729
21700,2015,42197,1183
21740,2015,56569,4738
21780,2015,47583,941
21820,2015,71068,1964
21840,2015,42899,3322
21900,2015,43165,2573
21980,2015,47415,2549
22020,2015,54590,1602
22060,2015,59598,2035
22100,2015,39741,2003
22140,2015,48671,1608
22180,2015,43861,791
22220,2015,49147,821
22260,2015,52365,1322
22280,2015,47255,1924
22300,2015,50895,1503
22340,2015,29994,2807
22380,2015,50234,1876
22420,2015,42327,575
22500,2015,40345,865
22520,2015,42381,1125
22540,2015,55473,1349
22580,2015,35630,1634
22620,2015,32105,2438
22660,2015,59805,1055
22700,2015,42408,1846
22780,2015,47931,2529
22800,2015,44745,1426
22820,2015,48450,2093
22860,2015,46312,1385
22900,2015,38589,906
23060,2015,49901,740
23140,2015,48478,2158
23180,2015,50025,1861
23240,2015,54859,3635
23300,2015,45331,1708
23340,2015,49068,1726
23380,2015,47209,1240
23420,2015,45233,692
23460,2015,39220,1976
23500,2015,35389,2199
23540,2015,42710,1528
23580,2015,51202,1016
23620,2015,52406,3128
23660,2015,39976,1529
23700,2015,28772,1243
23780,2015,49388,1992
23820,2015,58535,2413
23860,2015,42835,2695
23900,2015,60356,1250
23940,2015,80060,4714
23980,2015,37369,1649
24020,2015,53946,1509
24060,2015,59875,2885
24100,2015,46969,2248
24140,2015,40390,1311
24220,2015,50366,1197
24260,2015,50633,1244
24300,2015,49322,1601
24340,2015,53780,535
24380,2015,34565,2832
24420,2015,37665,1789
24460,2015,44013,2922
24500,2015,45205,1461
24540,2015,60572,923
24580,2015,53622,826
24620,2015,35196,957
24640,2015,55221,1954
24660,2015,43836,577
24700,2015,49799,2656
24740,2015,29144,2264
24780,2015,41119,1089
24820,2015,44632,1992
24860,2015,45936,576
24900,2015,26836,1447
24940,2015,36623,949
24980,2015,31779,2572
25020,2015,15114,643
25060,2015,44193,1036
25100,2015,50242,4649
25180,2015,55798,1046
25200,2015,53013,4368
25220,2015,41302,1952
25260,2015,46481,1200
25300,2015,42464,1937
25420,2015,57365,689
25460,2015,38395,1662
25500,2015,48305,1195
25540,2015,69869,627
25580,2015,50635,3236
25620,2015,42062,1497
25700,2015,45579,2813
25720,2015,66486,4869
25740,2015,56935,2211
25760,2015,26844,1699
25780,2015,33316,1974
25820,2015,43373,3130
25840,2015,48614,1832
25860,2015,40474,761
25880,2015,41961,1342
25900,2015,52108,1215
25940,2015,53631,1386
25980,2015,43332,1843
26020,2015,57533,3185
26090,2015,54264,1359
26140,2015,38312,1593
26220,2015,55827,3214
26300,2015,38733,1804
26340,2015,37779,1618
26380,2015,49442,1597
26420,2015,59649,454
26460,2015,59105,2511
26500,2015,44396,1166
26540,2015,46945,1854
26580,2015,42766,822
26620,2015,55947,1016
26660,2015,36738,1757
26700,2015,46267,2209
26740,2015,45288,1549
26780,2015,56128,2339
26820,2015,50621,1009
26860,2015,45195,1339
26900,2015,52842,443
26940,2015,27384,2093
26960,2015,49124,1626
26980,2015,55842,1771
27020,2015,44742,2933
27060,2015,52624,2016
27100,2015,46326,1459
27140,2015,45493,863
27160,2015,39460,2782
27180,2015,41365,1136
27220,2015,68318,4110
27260,2015,51998,522
27300,2015,46087,1527
27340,2015,46335,1705
27380,2015,39595,1845
27420,2015,52359,2422
27460,2015,42993,986
27500,2015,50324,1116
27540,2015,51822,1611
27580,2015,16033,2058
27600,2015,53379,2756
27620,2015,51081,1001
27700,2015,38955,3192
27740,2015,38991,1543
27780,2015,42107,941
27860,2015,40827,1158
27900,2015,42255,899
27920,2015,43992,1535
27940,2015,85746,2129
27980,2015,66476,2198
28020,2015,47167,831
28060,2015,47851,1921
28100,2015,52110,1466
28140,2015,57388,444
28180,2015,65101,2955
28260,2015,53460,2360
28300,2015,57782,1690
28340,2015,49331,1879
28380,2015,31077,1712
28420,2015,59332,1193
28500,2015,43810,2789
28540,2015,64222,3557
28580,2015,57290,1946
28620,2015,52591,2221
28660,2015,50288,758
28700,2015,39682,741
28740,2015,58918,1428
28780,2015,38191,2955
28820,2015,34717,1371
28860,2015,37514,2353
28900,2015,40336,1774
28940,2015,45660,685
29020,2015,44226,2187
29060,2015,62159,2383
29100,2015,51001,1100
29180,2015,47449,977
29200,2015,46582,1032
29260,2015,43822,2257
29300,2015,41489,1789
29340,2015,45878,1346
29380,2015,41926,1816
29420,2015,38488,1064
29460,2015,43162,880
29500,2015,41095,2591
29540,2015,57721,761
29620,2015,50421,616
29660,2015,42834,2677
29700,2015,38862,1215
29740,2015,38853,1605
29780,2015,29237,2717
29820,2015,51575,401
29860,2015,36032,1719
29900,2015,30958,1678
29940,2015,50939,1104
29980,2015,37814,1629
30020,2015,46245,1292
30060,2015,39712,2881
30140,2015,55499,1191
30220,2015,50665,2310
30260,2015,49803,1912
30280,2015,42661,2531
30300,2015,47060,2073
30340,2015,47537,1689
30380,2015,41288,1473
30420,2015,48739,2021
30460,2015,50921,646
30580,2015,47134,3527
30620,2015,44103,1461
30660,2015,50539,2403
30700,2015,52177,633
30780,2015,49112,803
30820,2015,45078,1980
30860,2015,50300,1162
30880,2015,36763,2541
30900,2015,42290,1971
30940,2015,32428,1295
30980,2015,47066,1314
31020,2015,47452,1861
31060,2015,101934,5499
31080,2015,60705,220
31140,2015,51205,378
31180,2015,45807,742
31220,2015,42024,2229
31260,2015,44223,1611
31300,2015,30608,913
31340,2015,47770,1067
31380,2015,40314,2322
31420,2015,39501,1040
31460,2015,45073,1837
31500,2015,45718,1835
31540,2015,61886,592
31580,2015,42346,1747
31620,2015,36619,3136
31660,2015,47923,1935
31680,2015,40000,2603
31700,2015,71244,998
31740,2015,48158,1213
31820,2015,48398,1198
31860,2015,53437,1345
31900,2015,41877,854
31930,2015,43509,2272
31940,2015,42056,1188
31980,2015,40294,1275
32000,2015,35965,2343
32020,2015,42966,2226
32100,2015,45409,1226
32140,2015,51600,1294
32180,2015,40101,2635
32220,2015,45974,2696
32260,2015,53351,1636
32280,2015,37037,1742
32300,2015,34382,1468
32340,2015,35854,1955
32380,2015,46334,1304
32420,2015,15829,639
32460,2015,39530,2015
32500,2015,38824,2186
32540,2015,42576,1748
32580,2015,34782,734
32620,2015,31425,1612
32660,2015,35376,1892
32700,2015,56128,2402
32740,2015,44579,1114
32780,2015,44028,1107
32820,2015,47552,621
32860,2015,49788,2028
32900,2015,42462,1214
32940,2015,36398,1448
32980,2015,49721,2124
33020,2015,41310,1457
33060,2015,36347,985
33100,2015,48745,320
33140,2015,46872,1714
33180,2015,22443,1863
33220,2015,54059,1681
33260,2015,68470,2781
33300,2015,30791,1885
33340,2015,54336,433
33420,2015,39516,1932
33460,2015,68778,424
33500,2015,61213,1511
33540,2015,46164,1598
33580,2015,51245,3054
33620,2015,37832,2748
33660,2015,43809,999
33700,2015,50125,718
33740,2015,37235,1340
33780,2015,55653,1535
33860,2015,46523,966
33940,2015,43999,1949
33980,2015,48457,1644
34020,2015,40781,1518
34060,2015,45317,1418
34100,2015,39772,1193
34140,2015,42439,2751
34180,2015,48714,2269
34220,2015,32409,1672
34260,2015,35396,2040
34300,2015,43848,2110
34340,2015,36164,1126
34380,2015,39377,1283
34420,2015,44178,2778
34460,2015,35987,2379
34500,2015,43247,2341
34540,2015,48533,2141
34580,2015,54129,1535
34620,2015,38830,977
34660,2015,37034,2435
34700,2015,53676,1919
34740,2015,42829,917
34780,2015,39984,1419
34820,2015,44286,921
34860,2015,39538,2005
34900,2015,71379,2063
34940,2015,57452,1354
34980,2015,54047,467
35020,2015,29088,1588
35060,2015,31345,1707
35100,2015,46445,1340
35140,2015,40127,2476
35220,2015,41855,1443
35260,2015,44571,1352
35300,2015,61640,688
35380,2015,47163,462
35420,2015,45310,1405
35440,2015,42101,1209
35460,2015,31187,2688
35500,2015,55033,2218
35580,2015,52598,2042
35620,2015,67296,236
35660,2015,44993,1009
35700,2015,40140,2637
35740,2015,51361,1756
35820,2015,50196,2264
35840,2015,50921,568
35860,2015,44736,2657
35900,2015,33232,1812
35940,2015,48745,1624
35980,2015,66233,1476
36020,2015,58815,2402
36100,2015,39459,657
36140,2015,57637,1972
36220,2015,57150,2189
36260,2015,63772,643
36300,2015,44705,1540
36340,2015,43644,1393
36380,2015,35405,1546
36420,2015,51461,394
36460,2015,42601,1264
36500,2015,61677,1071
36540,2015,58249,547
36580,2015,48588,2049
36620,2015,39652,2564
36660,2015,32625,1978
36700,2015,34218,1148
36740,2015,48768,545
36780,2015,52018,870
36820,2015,48726,3067
36830,2015,46564,3684
36840,2015,51081,2161
36860,2015,50717,1128
36900,2015,43138,1547
36940,2015,57858,2118
36980,2015,45939,1466
37020,2015,48233,936
37060,2015,44643,3328
37080,2015,50225,1785
37100,2015,77348,954
37120,2015,45028,2413
37140,2015,43222,1645
37220,2015,41712,1666
37260,2015,31715,939
37300,2015,41327,1842
37340,2015,48925,739
37420,2015,43288,2693
37460,2015,47003,1351
37500,2015,41286,1835
37540,2015,38234,1575
37580,2015,40748,1632
37620,2015,41693,1043
37660,2015,41439,2132
37740,2015,39751,1776
37780,2015,43540,4236
37860,2015,49860,892
37900,2015,54860,847
37940,2015,45184,2384
37980,2015,62513,371
38060,2015,53723,315
38100,2015,40976,1830
38180,2015,58827,3301
38220,2015,36963,1671
38240,2015,50998,1230
38260,2015,36534,1708
38300,2015,52499,308
38340,2015,49956,1524
38380,2015,43375,2063
38420,2015,49067,1323
38460,2015,49930,1894
38500,2015,48485,2296
38540,2015,43779,1584
38580,2015,36850,1489
38620,2015,42134,1434
38660,2015,16296,365
38700,2015,54254,2297
38740,2015,35738,1990
38780,2015,35546,2764
38820,2015,47253,1606
38840,2015,53914,2059
38860,2015,58584,1161
38900,2015,60286,400
38920,2015,51078,5676
38940,2015,46293,994
39020,2015,35903,1592
39060,2015,45535,1071
39140,2015,44748,1150
39220,2015,46900,3014
39260,2015,37106,3149
39300,2015,56849,573
39340,2015,61913,703
39380,2015,41286,901
39420,2015,36631,1859
39460,2015,44244,1207
39500,2015,45726,1272
39540,2015,55584,1058
39580,2015,63363,733
39660,2015,51244,1284
39700,2015,26495,3380
39740,2015,55936,756
39780,2015,41001,2564
39820,2015,44620,1209
39860,2015,57062,2249
39900,2015,53030,1088
39940,2015,37272,2414
39980,2015,38494,1518
40060,2015,59919,647
40080,2015,40828,1301
40100,2015,26172,2076
40140,2015,55092,367
40180,2015,52773,2488
40220,2015,50340,692
40260,2015,31724,1023
40300,2015,54849,1940
40340,2015,64897,1061
40380,2015,52483,560
40420,2015,49987,723
40460,2015,32687,1591
40540,2015,69022,4015
40580,2015,39061,1600
40620,2015,41618,1758
40660,2015,41549,1582
40700,2015,41312,1316
40740,2015,40630,2301
40780,2015,39071,1686
40820,2015,33467,2386
40860,2015,49372,1961
40900,2015,60003,526
40940,2015,45964,2599
40980,2015,43042,795
41060,2015,55603,877
41100,2015,50774,1694
41140,2015,47140,1496
41180,2015,55066,407
41220,2015,52473,2324
41400,2015,44497,1487
41420,2015,49583,985
41460,2015,48123,1565
41500,2015,58783,1121
41540,2015,52908,922
41620,2015,62192,572
41660,2015,46887,1557
41700,2015,53122,452
41740,2015,64309,514
41760,2015,42171,2148
41780,2015,48011,1442
41820,2015,45608,2018
41860,2015,81552,480
41900,2015,15107,681
41940,2015,95405,762
41980,2015,21802,199
42020,2015,60691,1137
42100,2015,67256,1534
42140,2015,54315,1546
42180,2015,15674,2135
42200,2015,63985,1293
42220,2015,64240,1224
42300,2015,41993,1700
42340,2015,50618,673
42380,2015,48987,1974
42420,2015,45933,1299
42460,2015,37745,1399
42540,2015,46298,579
42620,2015,42554,2009
42660,2015,70475,403
42680,2015,45798,1567
42700,2015,35093,1209
42740,2015,39928,1478
42780,2015,49917,1630
42820,2015,27306,2075
42860,2015,41237,2057
42900,2015,49292,1571
42940,2015,42258,1584
42980,2015,47000,1869
43020,2015,46677,1484
43060,2015,44688,804
43100,2015,53713,1167
43140,2015,39453,1628
43180,2015,41984,2178
43220,2015,50406,2362
43260,2015,55455,3115
43300,2015,47952,1896
43320,2015,35921,1585
43340,2015,43551,1011
43380,2015,54550,3033
43420,2015,45075,1485
43460,2015,39162,1848
43500,2015,38311,2093
43580,2015,50650,856
43620,2015,57889,1313
43660,2015,56842,5454
43700,2015,34790,2528
43740,2015,44587,1459
43760,2015,50306,2202
43780,2015,45650,761
43900,2015,42834,999
43940,2015,45548,2643
43980,2015,50389,4507
44020,2015,57265,2366
44060,2015,49042,751
44100,2015,56399,1007
44140,2015,52759,834
44180,2015,43123,652
44220,2015,43625,1128
44260,2015,32485,3651
44300,2015,52186,1466
44340,2015,36032,1674
44420,2015,49620,1714
44460,2015,64963,5211
44500,2015,41416,1503
44540,2015,42319,3162
44580,2015,47401,1519
44620,2015,51613,1330
44660,2015,37667,1606
44700,2015,53274,946
44740,2015,48195,2162
44780,2015,44449,1194
44860,2015,44396,2791
44900,2015,32913,2074
44920,2015,91773,5336
44940,2015,41332,1214
44980,2015,42406,1185
45000,2015,51555,2789
45020,2015,37102,2028
45060,2015,53534,568
45140,2015,38694,2794
45180,2015,34691,1532
45220,2015,45344,934
45300,2015,47085,364
45340,2015,36582,4167
45380,2015,45334,2860
45460,2015,42089,1098
45500,2015,41206,941
45520,2015,43422,2729
45540,2015,50350,2179
45580,2015,35774,2147
45620,2015,36641,1929
45660,2015,45444,1614
45700,2015,37653,2622
45740,2015,40315,2971
45780,2015,45350,713
45820,2015,51360,957
45860,2015,72061,1357
45900,2015,51125,1047
45940,2015,72804,1555
45980,2015,32825,2455
46020,2015,56521,2539
46060,2015,46162,620
46100,2015,42447,1415
46140,2015,50023,363
46180,2015,41190,973
46220,2015,43697,1140
46300,2015,43523,1927
46340,2015,46929,1127
46380,2015,42980,1757
46460,2015,38012,2167
46500,2015,50974,2386
46520,2015,74460,773
46540,2015,47695,939
46620,2015,38568,3257
46660,2015,36220,981
46700,2015,66828,1238
46740,2015,34177,2949
46780,2015,48060,2909
46820,2015,36608,3292
46860,2015,66815,3343
46900,2015,41630,5068
46980,2015,38044,2227
47020,2015,51700,1222
47080,2015,34140,2964
47180,2015,42725,2193
47220,2015,49984,1313
47240,2015,64222,8996
47260,2015,58852,541
47300,2015,42031,920
47340,2015,45649,1432
47380,2015,42231,1098
47420,2015,54020,2341
47460,2015,47238,1773
47540,2015,54274,2595
47580,2015,50909,1359
47620,2015,44020,1459
47660,2015,49792,2561
47700,2015,52821,1366
47780,2015,47342,1870
47820,2015,40391,1538
47900,2015,92324,363
47920,2015,40503,2039
47940,2015,50793,851
47980,2015,48912,1934
48020,2015,56877,2337
48060,2015,49505,1562
48100,2015,35457,2524
48140,2015,54083,1252
48180,2015,36605,2118
48220,2015,46125,2850
48260,2015,42136,1114
48300,2015,52410,1588
48460,2015,32784,1602
48540,2015,43212,1200
48580,2015,53445,1863
48620,2015,51424,530
48660,2015,46277,1302
48700,2015,47313,1237
48780,2015,88013,5058
48820,2015,52632,1266
48900,2015,49065,1366
48940,2015,46787,1741
48980,2015,39847,1255
49020,2015,53585,1614
49080,2015,65212,5239
49100,2015,50547,1745
49180,2015,44311,660
49220,2015,48961,1413
49260,2015,55300,3713
49300,2015,50383,1075
49340,2015,64367,745
49380,2015,50625,1945
49420,2015,44749,1242
49460,2015,48176,3370
49620,2015,58269,741
49660,2015,42609,444
49700,2015,49781,1809
49740,2015,40743,1111
49780,2015,41130,1241
49820,2015,32162,4878
10100,2016,53682,2316
10140,2016,44521,1713
10180,2016,46473,1571
10220,2016,44041,2036
10260,2016,11296,1218
10300,2016,49300,1450
10380,2016,15564,450
10420,2016,51749,519
10460,2016,41502,1992
10500,2016,38674,1173
10540,2016,46782,1603
10580,2016,63758,626
10620,2016,44140,2418
10660,2016,48827,1667
10700,2016,39831,1255
10740,2016,49711,763
10760,2016,39395,2619
10780,2016,41836,1303
10820,2016,56347,1983
10860,2016,43321,5680
10900,2016,60441,592
10940,2016,42145,1370
10980,2016,39832,1522
11020,2016,44033,1187
11060,2016,44331,2555
11100,2016,51672,940
11140,2016,35153,2790
11180,2016,51201,1342
11220,2016,44455,2039
11260,2016,79225,1180
11380,2016,70121,7053
11420,2016,50418,2058
11460,2016,62484,984
11500,2016,41954,1381
11540,2016,61840,808
11580,2016,35513,1638
11620,2016,46913,1964
11640,2016,17069,567
11660,2016,35595,2201
11680,2016,44960,2818
11700,2016,46443,899
11740,2016,48509,1671
11780,2016,41158,1295
11820,2016,47492,2221
11860,2016,46103,2697
11900,2016,34221,1295
11940,2016,38661,2216
11980,2016,43434,1511
12020,2016,40955,1240
12060,2016,59183,301
12100,2016,55456,1308
12120,2016,32334,2283
12140,2016,50398,1705
12180,2016,53114,1178
12220,2016,45056,1961
12260,2016,47178,821
12300,2016,48570,1346
12380,2016,51778,1713
12420,2016,66093,508
12460,2016,33514,3867
12540,2016,49788,909
12580,2016,72801,505
12620,2016,45302,1150
12660,2016,53225,1413
12680,2016,51408,1514
12700,2016,65382,1119
12740,2016,58171,1989
12780,2016,50038,1701
12820,2016,30279,2087
12860,2016,52641,1500
12900,2016,37592,2510
12940,2016,53004,853
12980,2016,44681,1179
13020,2016,45851,1250
13060,2016,41253,3323
13100,2016,48731,3992
13140,2016,47170,927
13180,2016,54111,1298
13220,2016,39900,1181
13260,2016,46044,2335
13300,2016,44005,3595
13340,2016,51136,1773
13380,2016,54207,1103
13420,2016,45201,1707
13460,2016,54211,1952
13500,2016,32601,2268
13540,2016,51489,3350
13620,2016,44043,2045
13660,2016,41827,1429
13700,2016,51219,1983
13720,2016,34160,1668
13740,2016,54867,1462
13780,2016,49707,994
13820,2016,50529,486
13900,2016,64918,1742
13940,2016,49943,2534
13980,2016,47456,1478
14010,2016,62317,1267
14020,2016,43828,1295
14100,2016,48755,1518
14140,2016,37729,1202
14180,2016,35003,1909
14220,2016,31013,1342
14260,2016,52377,684
14300,2016,45471,2917
14340,2016,54513,2459
14380,2016,39443,2033
14420,2016,50114,2716
14460,2016,77809,497
14500,2016,72282,1203
14540,2016,45356,1093
14580,2016,57021,1888
14620,2016,44023,1227
14660,2016,49957,1186
14700,2016,39453,1396
14720,2016,70192,4595
14740,2016,65017,937
14780,2016,52718,3927
14820,2016,43918,3768
14860,2016,86670,1113
15020,2016,36250,2640
15060,2016,38661,3198
15100,2016,52086,2542
15140,2016,35094,2273
15180,2016,34578,1003
15220,2016,43235,2221
15260,2016,45063,1611
15340,2016,40563,1211
15380,2016,52303,425
15420,2016,46177,1628
15460,2016,44745,1743
15500,2016,43209,1061
15540,2016,64127,1345
15580,2016,39580,2948
15620,2016,40901,992
15660,2016,41390,2256
15680,2016,86810,2442
15700,2016,47907,2615
15740,2016,41566,1766
15780,2016,32130,2325
15820,2016,32977,2726
15860,2016,42308,1887
15900,2016,46183,1892
15940,2016,48705,701
15980,2016,50390,566
16020,2016,45728,1542
16060,2016,40630,1087
16100,2016,59625,3665
16140,2016,53785,2931
16180,2016,47948,2492
16220,2016,56983,2251
16260,2016,43799,2721
16300,2016,60537,1379
16340,2016,39356,2839
16380,2016,55220,2363
16420,2016,40445,2040
16460,2016,43427,1772
16500,2016,44526,1600
16540,2016,55751,1358
16580,2016,50268,1054
16620,2016,45176,1045
16660,2016,40094,1577
16700,2016,55125,722
16740,2016,55191,484
16820,2016,61664,1394
16860,2016,47751,872
16940,2016,61201,1739
16980,2016,63327,250
17020,2016,44366,1131
17060,2016,44587,1820
17140,2016,56861,410
17200,2016,56636,1183
17220,2016,44316,1238
17260,2016,28217,2379
17300,2016,47816,1305
17340,2016,36132,2745
17380,2016,27457,1901
17420,2016,43293,1240
17460,2016,51001,287
17500,2016,37552,2424
17540,2016,50067,2880
17580,2016,42170,2249
17620,2016,18453,1358
17640,2016,16540,1563
17660,2016,50924,1311
17700,2016,42646,1668
17740,2016,46428,1869
17780,2016,42948,1476
17820,2016,60335,862
17860,2016,50813,833
17900,2016,51287,495
17980,2016,43307,1166
18020,2016,55874,1651
18060,2016,41219,1943
18100,2016,58473,2954
18140,2016,57440,520
18180,2016,67181,1366
18220,2016,40851,1963
18260,2016,35567,1178
18300,2016,39110,1423
18380,2016,31672,2371
18420,2016,38892,2401
18460,2016,41600,3053
18500,2016,48823,1240
18580,2016,51675,881
18620,2016,43388,2182
18660,2016,50910,1761
18700,2016,52015,2151
18740,2016,43380,1883
18780,2016,53664,4678
18820,2016,50253,2311
18860,2016,42363,3792
18880,2016,55199,1045
18900,2016,40123,1297
18980,2016,39297,1344
19000,2016,40278,2673
19060,2016,40302,1246
19100,2016,61330,268
19140,2016,40812,1498
19180,2016,43552,1549
19220,2016,37488,1840
19260,2016,39459,1100
19300,2016,51365,991
19340,2016,53535,862
19380,2016,49223,531
19420,2016,38355,3410
19460,2016,45804,1544
19500,2016,47477,1284
19540,2016,47572,2926
19580,2016,50822,1936
19620,2016,44170,2428
19660,2016,43432,608
19700,2016,27326,2019
19740,2016,68173,514
19760,2016,46599,3000
19780,2016,63534,803
19820,2016,54037,312
19860,2016,76817,5044
19940,2016,55067,2472
19980,2016,49688,3045
20020,2016,40871,796
20060,2016,34536,2347
20100,2016,55184,1410
20140,2016,33521,2140
20180,2016,43361,1203
20220,2016,56154,1545
20260,2016,50078,806
20300,2016,50552,2828
20340,2016,43493,2249
20380,2016,47930,1702
20420,2016,61910,2330
20460,2016,39936,1627
20500,2016,54842,953
20540,2016,42833,3011
20580,2016,37155,2462
20660,2016,61395,3858
20700,2016,58980,2069
20740,2016,51376,1250
20780,2016,78763,3924
20820,2016,52977,2067
20900,2016,46445,3229
20940,2016,42560,1587
20980,2016,39836,2576
21020,2016,46711,1262
21060,2016,50087,1414
21120,2016,48851,6755
21140,2016,49692,1139
21180,2016,40308,2715
21220,2016,74672,2584
21260,2016,47898,3137
21300,2016,49578,1657
21340,2016,42023,673
21380,2016,40611,2616
21420,2016,49675,1937
21460,2016,47872,2517
21500,2016,47094,710
21540,2016,42353,2045
21580,2016,33972,2668
21640,2016,33491,2322
21660,2016,45222,822
21700,2016,42685,1286
21740,2016,53323,5322
21780,2016,47838,989
21820,2016,73831,2012
21840,2016,45257,5401
21860,2016,51984,3552
21900,2016,46430,2366
21980,2016,45368,2790
22020,2016,55941,1342
22060,2016,61683,1985
22100,2016,41461,1415
22140,2016,48624,1357
22180,2016,44532,690
22220,2016,50651,585
22260,2016,53351,1280
22280,2016,49007,2453
22300,2016,51604,1337
22340,2016,29510,2985
22380,2016,51106,1578
22420,2016,43246,649
22500,2016,40452,871
22520,2016,43696,1261
22540,2016,56376,1320
22580,2016,36144,2048
22620,2016,35066,2235
22660,2016,61942,1051
22700,2016,42196,1801
22780,2016,49216,3300
22800,2016,46543,1652
22820,2016,49495,2108
22840,2016,38248,1595
22860,2016,46561,1374
22900,2016,39543,879
23060,2016,50369,561
23140,2016,50096,3191
23180,2016,51534,1450
23240,2016,55850,4205
23300,2016,45624,1786
23340,2016,49830,2264
23380,2016,49032,1409
23420,2016,45963,661
23460,2016,40478,1494
23500,2016,35719,1766
23540,2016,44337,1633
23580,2016,51902,1137
23620,2016,56269,3421
23660,2016,40605,1405
23700,2016,29272,1684
23780,2016,50533,2149
23820,2016,59769,2463
23860,2016,45299,2299
23900,2016,61927,1492
23940,2016,80822,4313
23980,2016,38366,1518
24020,2016,54214,1125
24060,2016,63389,2575
24100,2016,46090,1878
24140,2016,40457,1418
24220,2016,51329,1222
24260,2016,52068,951
24300,2016,50070,1685
24330,2016,49507,1743
24340,2016,55675,550
24380,2016,36160,2183
24420,2016,37867,1700
24460,2016,44449,1991
24500,2016,45469,1669
24540,2016,62820,1323
24580,2016,54361,859
24620,2016,36711,1340
24640,2016,56347,1704
24660,2016,45107,624
24700,2016,51185,1690
24740,2016,28452,1905
24780,2016,42308,1218
24820,2016,47043,1749
24860,2016,47263,583
24900,2016,28562,2445
24940,2016,36863,1120
24980,2016,33026,2501
25020,2016,14907,559
25060,2016,45423,1042
25100,2016,51503,4168
25180,2016,56676,1043
25200,2016,53213,4644
25220,2016,43690,2618
25260,2016,47241,1395
25300,2016,45573,1874
25420,2016,58774,814
25460,2016,37889,1615
25500,2016,49385,1815
25540,2016,71379,663
25580,2016,51201,3009
25620,2016,43572,2066
25700,2016,50140,3144
25720,2016,71337,5882
25740,2016,60105,2605
25760,2016,26829,2185
25780,2016,32733,1989
25820,2016,47219,3679
25840,2016,50071,1724
25860,2016,41526,855
25880,2016,44458,1505
25900,2016,53936,1836
25940,2016,55556,1867
25980,2016,44316,1914
26020,2016,58152,2559
26090,2016,55630,1517
26140,2016,39054,1401
26220,2016,56581,3351
26260,2016,33016,2667
26300,2016,40011,1693
26340,2016,39423,1808
26380,2016,50298,1706
26420,2016,60902,303
26460,2016,59916,2708
26500,2016,45250,1203
26540,2016,47042,1561
26580,2016,43299,835
26620,2016,58084,1321
26660,2016,38796,1766
26700,2016,48423,3882
26740,2016,46000,1848
26780,2016,57738,2399
26820,2016,52939,1427
26860,2016,45118,1248
26900,2016,54261,456
26940,2016,27126,1803
26960,2016,50037,1481
26980,2016,56819,1717
27020,2016,43975,2248
27060,2016,54133,1892
27100,2016,47709,1530
27140,2016,46972,897
27160,2016,40330,2576
27180,2016,43155,1504
27220,2016,71380,4811
27260,2016,53661,680
27300,2016,47611,2573
27340,2016,46786,1241
27380,2016,40769,1475
27420,2016,53685,2439
27460,2016,43211,1023
27500,2016,50968,1037
27540,2016,53539,1693
27580,2016,15893,2245
27600,2016,54246,2714
27620,2016,52662,1077
27660,2016,39202,3105
27700,2016,39908,2817
27740,2016,40311,839
27780,2016,42917,973
27860,2016,41883,901
27900,2016,43286,1271
27920,2016,45243,1770
27940,2016,87436,3015
27980,2016,68771,2167
28020,2016,49058,852
28060,2016,48407,1575
28100,2016,54697,1493
28140,2016,59344,458
28180,2016,68224,2724
28260,2016,54279,2233
28300,2016,58359,1906
28340,2016,49657,2051
28380,2016,31220,1190
28420,2016,60263,980
28500,2016,44261,2597
28540,2016,64162,3024
28580,2016,60303,1862
28620,2016,52529,2859
28660,2016,51169,654
28700,2016,40432,712
28740,2016,60393,1330
28780,2016,41280,2977
28820,2016,36956,2126
28860,2016,37924,2584
28900,2016,41951,1972
28940,2016,47357,622
29020,2016,45928,1189
29060,2016,61245,2189
29100,2016,52004,1185
29180,2016,48549,1052
29200,2016,48143,1547
29260,2016,45564,2592
29300,2016,42545,1852
29340,2016,47039,1441
29380,2016,42848,2335
29420,2016,39856,1002
29460,2016,44146,826
29500,2016,42354,3581
29540,2016,59237,893
29620,2016,51562,676
29660,2016,43043,2366
29700,2016,38711,1204
29740,2016,38636,1479
29780,2016,27000,2865
29820,2016,52629,488
29860,2016,37204,1838
29900,2016,30013,1956
29940,2016,52698,1683
29980,2016,40457,1800
30020,2016,47319,1325
30060,2016,40436,1844
30140,2016,56191,1457
30220,2016,50331,2918
30260,2016,51349,2078
30280,2016,44900,3507
30300,2016,48020,1788
30340,2016,48728,1442
30380,2016,42019,1777
30420,2016,50766,2330
30460,2016,51933,693
30580,2016,47507,4006
30620,2016,45575,1458
30660,2016,52676,1839
30700,2016,54168,855
30780,2016,50252,557
30820,2016,47163,1671
30860,2016,51777,1169
30880,2016,37262,2777
30900,2016,43918,2057
30940,2016,32901,1136
30980,2016,47301,1234
31020,2016,49127,1347
31060,2016,105902,6659
31080,2016,62216,202
31140,2016,52437,423
31180,2016,46632,669
31220,2016,43497,1841
31260,2016,44185,2107
31300,2016,31298,874
31340,2016,48269,1210
31380,2016,41484,2369
31420,2016,40375,1075
31460,2016,45742,1704
31500,2016,47065,2117
31540,2016,63642,656
31580,2016,43169,2077
31620,2016,36507,3378
31660,2016,49782,1942
31680,2016,42589,3633
31700,2016,73189,1198
31740,2016,50108,1349
31820,2016,49613,1096
31860,2016,55097,1559
31900,2016,42849,1409
31930,2016,44763,1988
31940,2016,42679,1180
31980,2016,40272,1635
32000,2016,37590,1897
32020,2016,43557,2281
32100,2016,46822,1239
32140,2016,51920,1644
32180,2016,40645,1723
32220,2016,46230,2767
32260,2016,54193,2022
32280,2016,38040,2108
32300,2016,34542,1986
32340,2016,39908,2643
32380,2016,48148,1917
32420,2016,15875,775
32460,2016,40268,2083
32500,2016,38613,3421
32540,2016,43601,1511
32580,2016,36094,765
32620,2016,30653,1854
32660,2016,36245,1714
32700,2016,56783,2248
32740,2016,45637,1267
32780,2016,46343,1227
32820,2016,48545,609
32860,2016,51787,2363
32900,2016,44397,1141
32940,2016,36757,1609
32980,2016,52221,2068
33020,2016,41930,1758
33060,2016,37139,1006
33100,2016,50064,291
33140,2016,48165,1686
33180,2016,22603,1703
33220,2016,54852,1890
33260,2016,71181,2424
33300,2016,31829,2267
33340,2016,55625,418
33420,2016,42824,3327
33460,2016,70915,330
33500,2016,62904,1922
33540,2016,46371,1354
33580,2016,49548,3489
33620,2016,40638,3746
33660,2016,44263,997
33700,2016,51591,797
33740,2016,38656,1569
33780,2016,56968,1251
33860,2016,47614,988
33940,2016,43890,2941
33980,2016,50599,1382
34020,2016,40771,1353
34060,2016,46484,1580
34100,2016,41432,1356
34140,2016,42133,2064
34180,2016,50145,1915
34220,2016,33968,1931
34260,2016,38115,1703
34300,2016,44444,2162
34340,2016,37345,1192
34380,2016,40706,1222
34420,2016,45026,2252
34460,2016,37369,1934
34500,2016,43467,2303
34540,2016,48619,1872
34580,2016,56433,1357
34620,2016,39537,990
34660,2016,36692,1784
34700,2016,55971,1816
34740,2016,43920,983
34780,2016,41117,1292
34820,2016,45940,789
34860,2016,38915,2010
34900,2016,74609,1865
34940,2016,59783,1045
34980,2016,56152,442
35020,2016,30431,1749
35060,2016,30697,1883
35100,2016,46584,1255
35140,2016,39841,2920
35220,2016,44509,1488
35260,2016,45764,1392
35300,2016,62715,921
35380,2016,48319,570
35420,2016,46992,1668
35440,2016,41303,1879
35460,2016,31081,2196
35500,2016,55503,1470
35580,2016,53319,1758
35620,2016,69211,323
35660,2016,45980,1012
35700,2016,38941,2732
35740,2016,50722,1676
35820,2016,52180,2166
35840,2016,52235,562
35860,2016,47236,3377
35900,2016,34846,1778
35940,2016,48838,1689
35980,2016,67574,1516
36020,2016,60261,2168
36100,2016,40295,694
36140,2016,59338,1661
36220,2016,58335,3083
36260,2016,65687,761
36300,2016,46313,1536
36340,2016,43885,1297
36380,2016,36415,1507
36420,2016,52825,527
36460,2016,43884,1373
36500,2016,62854,1077
36540,2016,59803,598
36580,2016,49689,1861
36620,2016,40484,2839
36660,2016,31424,1461
36700,2016,34763,1392
36740,2016,50183,524
36780,2016,53501,982
36820,2016,49599,2635
36830,2016,47554,3932
36840,2016,51465,2502
36860,2016,51873,967
36900,2016,43824,1788
36940,2016,58141,2395
36980,2016,46749,1399
37020,2016,48470,1069
37060,2016,43162,3886
37080,2016,50317,1867
37100,2016,78593,962
37120,2016,44093,1857
37140,2016,42653,1470
37220,2016,42266,2548
37260,2016,33003,1543
37300,2016,42146,2539
37340,2016,49914,752
37420,2016,45264,3497
37460,2016,47958,1288
37500,2016,42755,2814
37540,2016,38378,2365
37580,2016,40283,1934
37620,2016,43532,1482
37660,2016,41851,1939
37740,2016,40593,1420
37780,2016,46464,4684
37800,2016,57412,3498
37860,2016,50563,795
37900,2016,56111,954
37940,2016,45646,2233
37980,2016,63952,381
38060,2016,55227,324
38100,2016,41598,1762
38180,2016,59206,3291
38220,2016,36656,1687
38240,2016,51873,1583
38260,2016,37607,1807
38300,2016,54020,360
38340,2016,52253,1386
38380,2016,44995,2380
38420,2016,49077,1320
38460,2016,50502,1858
38500,2016,49725,2577
38540,2016,45216,1932
38580,2016,38578,2395
38620,2016,42831,1249
38660,2016,16717,373
38700,2016,54074,2858
38740,2016,36302,2253
38780,2016,34933,3172
38820,2016,47180,1585
38840,2016,54580,1818
38860,2016,60486,801
38900,2016,62772,520
38920,2016,54167,6295
38940,2016,47231,1128
39020,2016,37936,1870
39060,2016,46573,1151
39140,2016,46638,1145
39220,2016,47793,3365
39260,2016,39583,5349
39300,2016,58699,621
39340,2016,63994,921
39380,2016,42000,978
39420,2016,38636,2073
39460,2016,44865,1142
39500,2016,47713,1632
39540,2016,56359,1024
39580,2016,65834,810
39660,2016,51486,1182
39700,2016,28817,2404
39740,2016,57068,838
39780,2016,40687,2118
39820,2016,45582,963
39860,2016,60452,2170
39900,2016,55103,906
39940,2016,39184,2694
39980,2016,39691,1414
40060,2016,61124,525
40080,2016,41884,1244
40100,2016,26682,1762
40140,2016,56295,391
40180,2016,53559,2345
40220,2016,50517,907
40260,2016,32234,1382
40300,2016,55832,1594
40340,2016,66248,983
40380,2016,53480,435
40420,2016,50867,717
40460,2016,32526,1956
40540,2016,68233,3412
40580,2016,39388,1210
40620,2016,41603,2343
40660,2016,42955,2106
40700,2016,42052,1597
40740,2016,41356,1832
40760,2016,40065,2835
40780,2016,40095,1577
40820,2016,34527,3124
40860,2016,50029,1717
40900,2016,61686,417
40940,2016,47422,3914
40980,2016,43712,815
41060,2016,55995,1044
41100,2016,52865,1433
41140,2016,47622,1611
41180,2016,56726,383
41220,2016,53327,2122
41260,2016,47917,2502
41400,2016,45389,1233
41420,2016,51488,889
41460,2016,48769,1196
41500,2016,60889,992
41540,2016,53600,826
41620,2016,64564,634
41660,2016,47907,1774
41700,2016,54638,462
41740,2016,66529,460
41760,2016,43697,2775
41780,2016,48276,1599
41820,2016,46402,2332
41860,2016,85947,520
41900,2016,15308,773
41940,2016,100469,641
41980,2016,22085,229
42020,2016,64014,1807
42100,2016,70088,1935
42140,2016,55370,1268
42180,2016,15295,1837
42200,2016,65161,1202
42220,2016,66833,1161
42300,2016,42287,1723
42340,2016,52115,794
42380,2016,51035,1656
42420,2016,46756,1979
42460,2016,38422,1863
42540,2016,46926,613
42620,2016,42197,1798
42660,2016,73044,439
42680,2016,47446,1431
42700,2016,35865,981
42740,2016,40467,1894
42780,2016,51110,1675
42820,2016,28136,2380
42860,2016,41818,1478
42900,2016,50073,1833
42940,2016,42586,1777
42980,2016,48546,2877
43020,2016,47752,1534
43060,2016,44351,1250
43100,2016,54392,891
43140,2016,39134,1894
43180,2016,43819,2347
43220,2016,51764,2240
43260,2016,53914,2832
43300,2016,50212,1503
43320,2016,36868,1318
43340,2016,42859,973
43380,2016,56169,2620
43420,2016,45383,1470
43460,2016,40276,1951
43500,2016,38890,1640
43580,2016,52402,993
43620,2016,59621,1340
43660,2016,55661,5117
43700,2016,34673,2072
43740,2016,45424,1346
43760,2016,50731,1795
43780,2016,46489,1010
43900,2016,44017,1027
43940,2016,48220,3462
43980,2016,48888,4177
44020,2016,57914,3079
44060,2016,49929,742
44100,2016,56947,1120
44140,2016,53609,890
44180,2016,43973,651
44220,2016,44154,1138
44260,2016,33431,3855
44300,2016,54407,1529
44340,2016,37125,1872
44420,2016,51678,1215
44460,2016,63505,4842
44500,2016,42492,2087
44540,2016,43340,4492
44580,2016,49151,2144
44620,2016,52411,1342
44660,2016,38085,1739
44700,2016,55045,896
44740,2016,49942,2399
44780,2016,45410,1451
44860,2016,45748,3375
44900,2016,35245,2499
44920,2016,91470,4440
44940,2016,40777,1258
44980,2016,43701,1305
45000,2016,51457,2483
45020,2016,38411,2566
45060,2016,54581,561
45140,2016,38585,1774
45180,2016,37146,1657
45220,2016,47011,911
45300,2016,48521,365
45340,2016,35323,3393
45380,2016,47417,2411
45460,2016,42883,1129
45500,2016,41210,1175
45520,2016,46814,2168
45540,2016,52594,2311
45580,2016,35699,2787
45620,2016,38241,3046
45660,2016,48415,2105
45700,2016,37613,2963
45740,2016,37088,4607
45780,2016,46654,611
45820,2016,52861,1097
45860,2016,73519,1457
45900,2016,53215,1279
45940,2016,73966,1714
45980,2016,33193,2358
46020,2016,57429,2569
46060,2016,46764,511
46100,2016,45467,948
46140,2016,50950,348
46180,2016,41094,1130
46220,2016,45348,1149
46300,2016,45297,1992
46340,2016,48683,1775
46380,2016,43510,1518
46460,2016,36915,1454
46500,2016,53673,2572
46520,2016,77161,727
46540,2016,49580,1121
46620,2016,39011,3144
46660,2016,37793,1084
46700,2016,69227,1596
46740,2016,36027,1870
46780,2016,50547,1983
46820,2016,38399,3341
46860,2016,67943,2849
46900,2016,43635,5021
46980,2016,37650,2156
47020,2016,54671,2471
47080,2016,34509,2680
47180,2016,44624,1879
47220,2016,49537,1599
47240,2016,63534,10331
47260,2016,60059,405
47300,2016,42789,1042
47340,2016,47473,2057
47380,2016,43778,1402
47420,2016,55586,2467
47460,2016,48015,2111
47540,2016,55914,1953
47580,2016,52400,1675
47620,2016,44977,1505
47660,2016,48977,2076
47700,2016,54482,1921
47780,2016,47939,3127
47820,2016,40906,2074
47900,2016,93804,405
47920,2016,41954,1831
47940,2016,52469,1061
47980,2016,50133,2326
48020,2016,57290,2430
48060,2016,49911,1403
48100,2016,36222,2818
48140,2016,54227,1236
48180,2016,36733,2462
48220,2016,47250,2891
48260,2016,42319,1129
48300,2016,52475,1600
48460,2016,33964,1523
48500,2016,33142,4450
48540,2016,43736,1288
48580,2016,55575,1814
48620,2016,52068,651
48660,2016,46043,1226
48700,2016,48731,1150
48780,2016,90080,4363
48820,2016,53514,1581
48900,2016,50445,919
48940,2016,48675,2494
48980,2016,40260,1166
49020,2016,56053,1410
49080,2016,67295,7365
49100,2016,52840,2769
49180,2016,45296,696
49220,2016,49926,1525
49260,2016,58569,4989
49300,2016,51363,1295
49340,2016,65973,883
49380,2016,53269,2027
49420,2016,45700,933
49460,2016,48723,3418
49620,2016,59853,817
49660,2016,43455,528
49700,2016,51008,1383
49740,2016,41467,1093
49780,2016,42464,1589
49820,2016,36976,5406
10100,2017,54533,2641
10140,2017,45483,2355
10180,2017,48156,1831
10220,2017,46689,2453
10260,2017,11680,1168
10300,2017,51339,1406
10380,2017,15769,450
10420,2017,53418,632
10460,2017,43533,1693
10500,2017,40612,1238
10540,2017,49515,1904
10580,2017,65743,762
10620,2017,46017,2247
10660,2017,51174,1600
10700,2017,41104,1311
10740,2017,50781,609
10760,2017,42181,2590
10780,2017,42275,1374
10820,2017,58667,2623
10860,2017,41103,3613
10900,2017,62479,652
10940,2017,42256,1399
10980,2017,40954,1521
11020,2017,45664,1034
11060,2017,45189,2555
11100,2017,53665,929
11140,2017,35189,2376
11180,2017,52671,2162
11220,2017,47449,2192
11260,2017,80724,1201
11380,2017,70753,6115
11420,2017,52749,2174
11460,2017,65618,1092
11500,2017,43686,1491
11540,2017,63415,1305
11580,2017,35435,1717
11620,2017,47754,1702
11640,2017,17298,607
11660,2017,37144,2739
11680,2017,46624,2505
11700,2017,48159,874
11740,2017,50893,1608
11780,2017,43017,1597
11820,2017,49828,1932
11860,2017,46640,4084
11900,2017,37191,2008
11940,2017,39990,2047
11980,2017,44888,1447
12020,2017,42418,999
12060,2017,61733,378
12100,2017,57514,1710
12120,2017,35026,2265
12140,2017,51374,2180
12180,2017,54664,1603
12220,2017,47564,1712
12260,2017,49064,1113
12300,2017,50116,1664
12380,2017,53700,2339
12420,2017,69717,545
12460,2017,36934,3234
12540,2017,50826,771
12580,2017,75646,633
12620,2017,47886,1189
12660,2017,54447,1543
12680,2017,55182,2157
12700,2017,68048,1279
12740,2017,60602,2838
12780,2017,50388,1871
12820,2017,31672,1947
12860,2017,54033,1511
12900,2017,39945,2414
12940,2017,55329,974
12980,2017,46213,1008
13020,2017,45983,1430
13060,2017,44896,4175
13100,2017,52223,2284
13140,2017,48962,1066
13180,2017,56038,1504
13220,2017,41141,1407
13260,2017,49985,2106
13300,2017,45415,4540
13340,2017,53051,1732
13380,2017,56419,1506
13420,2017,45923,1753
13460,2017,59152,2132
13500,2017,33921,1434
13540,2017,52251,3311
13620,2017,44120,1907
13660,2017,43470,1558
13700,2017,51084,2142
13720,2017,34542,1684
13740,2017,57812,1118
13780,2017,50673,824
13820,2017,52088,484
13900,2017,66467,1584
13940,2017,51307,2748
13980,2017,50409,1245
14010,2017,63333,1551
14020,2017,46146,1540
14100,2017,49968,1414
14140,2017,39073,1455
14180,2017,36417,1718
14220,2017,32962,3070
14260,2017,54120,940
14300,2017,47875,2798
14340,2017,57906,3321
14380,2017,41541,1476
14420,2017,50035,4099
14460,2017,81838,480
14500,2017,75669,1234
14540,2017,46716,1172
14580,2017,59397,1808
14620,2017,45866,1426
14660,2017,52126,952
14700,2017,41135,1377
14720,2017,73538,3671
14740,2017,68336,1336
14780,2017,55793,4336
14820,2017,44559,3059
14860,2017,89773,1202
15020,2017,37308,4064
15060,2017,42519,6221
15100,2017,53473,2404
15140,2017,36118,1856
15180,2017,36095,962
15220,2017,43062,1925
15260,2017,44887,1878
15340,2017,41726,1070
15380,2017,53534,522
15420,2017,48095,1697
15460,2017,47511,1509
15500,2017,44281,1192
15540,2017,65476,1517
15580,2017,40480,2706
15620,2017,42631,1316
15660,2017,43452,2229
15680,2017,86508,3942
15700,2017,50532,3733
15740,2017,42744,2537
15780,2017,33107,2720
15820,2017,36455,2861
15860,2017,44712,1951
15900,2017,48599,1862
15940,2017,50217,787
15980,2017,52052,572
16020,2017,46872,1954
16060,2017,42407,1345
16100,2017,60703,3524
16140,2017,54563,2886
16180,2017,49341,2023
16220,2017,59400,2542
16260,2017,45422,3795
16300,2017,62399,1227
16340,2017,40652,2098
16380,2017,57052,2526
16420,2017,40037,2245
16460,2017,44679,2207
16500,2017,46387,1943
16540,2017,58267,1638
16580,2017,50720,1104
16620,2017,45155,1244
16660,2017,43253,1885
16700,2017,57666,811
16740,2017,57871,485
16820,2017,63486,1379
16860,2017,49471,908
16940,2017,62879,1820
16980,2017,65757,275
17020,2017,46516,1130
17060,2017,45792,2053
17140,2017,59478,436
17200,2017,58777,1419
17220,2017,47546,1534
17260,2017,28728,2702
17300,2017,50369,844
17340,2017,40446,2857
17380,2017,28468,2121
17420,2017,45570,1843
17460,2017,52446,341
17500,2017,37966,2224
17540,2017,50295,2832
17580,2017,41941,1840
17620,2017,19110,2063
17640,2017,16246,1471
17660,2017,53189,1643
17700,2017,43977,2660
17740,2017,48192,1961
17780,2017,45078,1686
17820,2017,62751,883
17860,2017,52005,1208
17900,2017,52728,624
17980,2017,44209,1074
18020,2017,57331,2560
18060,2017,43198,2630
18100,2017,58679,2906
18140,2017,60170,429
18180,2017,69856,1417
18220,2017,41476,2097
18260,2017,36898,1361
18300,2017,40848,1581
18380,2017,33194,3700
18420,2017,38919,1799
18460,2017,44474,1781
18500,2017,50157,1301
18580,2017,52883,761
18620,2017,45103,2407
18660,2017,52451,2006
18700,2017,54682,2361
18740,2017,43251,2607
18780,2017,53010,4266
18820,2017,53075,1710
18860,2017,41287,4114
18880,2017,57421,1192
18900,2017,40994,1588
18980,2017,40997,1715
19000,2017,45078,4356
19060,2017,42169,1091
19100,2017,63870,307
19140,2017,43076,1890
19180,2017,44930,1688
19220,2017,39960,2096
19260,2017,40124,1213
19300,2017,52562,1348
19340,2017,54629,890
19380,2017,51204,576
19420,2017,39368,2581
19460,2017,46725,1364
19500,2017,49052,1793
19540,2017,48290,2581
19580,2017,55295,2089
19620,2017,44609,2594
19660,2017,45016,663
19700,2017,27602,1859
19740,2017,71884,430
19760,2017,47350,3568
19780,2017,65971,724
19820,2017,56339,303
19860,2017,77328,5603
19940,2017,58319,3414
19980,2017,49890,3711
20020,2017,42431,770
20060,2017,36572,1549
20100,2017,57647,1456
20140,2017,35364,1535
20180,2017,45188,1457
20220,2017,59150,1287
20260,2017,51785,750
20300,2017,52469,3568
20340,2017,44805,2077
20380,2017,50323,1222
20420,2017,62533,2438
20460,2017,41197,1668
20500,2017,57600,1054
20540,2017,44386,2404
20580,2017,37734,2701
20660,2017,65595,5078
20700,2017,61430,1956
20740,2017,53219,1287
20780,2017,83803,4624
20820,2017,54655,2216
20900,2017,50145,3208
20940,2017,44779,1850
20980,2017,41106,2148
21020,2017,48112,1400
21060,2017,51441,1230
21120,2017,49625,5818
21140,2017,52449,1232
21180,2017,40094,3137
21220,2017,76094,3885
21260,2017,53163,1678
21300,2017,51251,1531
21340,2017,43170,672
21380,2017,42992,2717
21420,2017,50724,1975
21460,2017,49821,1945
21500,2017,48192,1037
21540,2017,44639,2018
21580,2017,33422,2549
21640,2017,32796,2222
21660,2017,47710,857
21700,2017,43718,1579
21740,2017,54672,7803
21780,2017,49873,1004
21820,2017,76250,2761
21840,2017,44516,3640
21860,2017,53627,3587
21900,2017,48158,1899
21980,2017,46914,3854
22020,2017,59074,1966
22060,2017,63311,1942
22100,2017,42873,2064
22140,2017,49686,1618
22180,2017,44883,787
22220,2017,52551,813
22260,2017,55181,1509
22280,2017,50920,1612
22300,2017,52831,2001
22340,2017,32344,2976
22380,2017,53523,2500
22420,2017,45231,666
22500,2017,40888,1007
22520,2017,45090,1139
22540,2017,57798,1461
22580,2017,38573,2221
22620,2017,33102,2378
22660,2017,64980,1414
22700,2017,42148,2144
22780,2017,51137,2137
22800,2017,49011,1447
22820,2017,51456,1911
22840,2017,38842,2154
22860,2017,46620,1257
22900,2017,40686,881
23060,2017,51642,562
23140,2017,51659,2997
23180,2017,53068,1653
23240,2017,56267,3468
23300,2017,46427,1906
23340,2017,51748,1807
23380,2017,50370,1439
23420,2017,48730,655
23460,2017,42064,1487
23500,2017,35286,2263
23540,2017,45323,1441
23580,2017,55622,1940
23620,2017,60027,2476
23660,2017,41972,1269
23700,2017,30336,1354
23780,2017,51671,1657
23820,2017,61176,1683
23860,2017,46967,2473
23900,2017,62661,1660
23940,2017,80178,3568
23980,2017,39117,1090
24020,2017,56608,1868
24060,2017,66689,2457
24100,2017,48033,2240
24140,2017,41766,1480
24220,2017,52377,1351
24260,2017,54479,1230
24300,2017,51971,1350
24330,2017,52050,1877
24340,2017,58094,655
24380,2017,36089,1706
24420,2017,40705,2203
24460,2017,46070,3301
24500,2017,46827,1361
24540,2017,66489,1582
24580,2017,56831,1029
24620,2017,38266,1638
24640,2017,57307,2221
24660,2017,47145,610
24700,2017,52270,1808
24740,2017,29387,1351
24780,2017,43526,1420
24820,2017,50064,1661
24860,2017,49371,690
24900,2017,29182,2533
24940,2017,38074,1402
24980,2017,34876,2457
25020,2017,15157,765
25060,2017,46951,1048
25100,2017,49469,5998
25180,2017,58843,1350
25200,2017,54530,4715
25220,2017,45901,2690
25260,2017,49742,1744
25300,2017,46352,2254
25420,2017,60978,847
25460,2017,40250,1295
25500,2017,52264,1566
25540,2017,73209,605
25580,2017,51721,2585
25620,2017,45546,1931
25700,2017,49562,3498
25720,2017,74552,4096
25740,2017,61346,1723
25760,2017,26652,1395
25780,2017,35246,2781
25820,2017,51543,3468
25840,2017,50545,1393
25860,2017,44326,1079
25880,2017,46160,1444
25900,2017,56395,1657
25940,2017,56945,1605
25980,2017,45212,2013
26020,2017,59285,2560
26090,2017,58487,1264
26140,2017,40574,1147
26220,2017,57269,3838
26260,2017,38119,3723
26300,2017,41672,1593
26340,2017,41348,1390
26380,2017,50013,1511
26420,2017,62922,363
26460,2017,61093,1999
26500,2017,46765,1246
26540,2017,50063,2039
26580,2017,44315,1045
26620,2017,59583,1376
26660,2017,40578,1601
26700,2017,48995,3809
26740,2017,47897,1385
26780,2017,59869,2044
26820,2017,54663,1406
26860,2017,46306,1207
26900,2017,56528,542
26940,2017,28556,2587
26960,2017,51980,1721
26980,2017,59800,1630
27020,2017,45946,2330
27060,2017,56200,1682
27100,2017,49715,1516
27140,2017,49381,881
27160,2017,43397,2292
27180,2017,43552,1953
27220,2017,74756,3280
27260,2017,56449,656
27300,2017,49306,2682
27340,2017,48162,1509
27380,2017,44294,2017
27420,2017,56088,2738
27460,2017,44304,1256
27500,2017,53410,1255
27540,2017,55138,2195
27580,2017,15615,3424
27600,2017,57999,2894
27620,2017,53680,1131
27660,2017,40744,3794
27700,2017,41534,2946
27740,2017,40429,972
27780,2017,44943,969
27860,2017,43649,1523
27900,2017,45913,1397
27920,2017,46096,1555
27940,2017,90749,3559
27980,2017,72743,1651
28020,2017,51319,864
28060,2017,51410,1582
28100,2017,56542,1415
28140,2017,61479,350
28180,2017,72330,3242
28260,2017,54709,2272
28300,2017,60148,1832
28340,2017,52393,2082
28380,2017,32348,1601
28420,2017,61999,1063
28500,2017,48698,2928
28540,2017,67321,2867
28580,2017,63030,1692
28620,2017,53625,2786
28660,2017,52353,801
28700,2017,41558,720
28740,2017,61652,1401
28780,2017,41539,3193
28820,2017,37515,1768
28860,2017,38766,1811
28900,2017,42531,1905
28940,2017,49820,579
29020,2017,47958,1663
29060,2017,65834,3253
29100,2017,54574,1199
29180,2017,49514,994
29200,2017,50795,856
29260,2017,46228,1934
29300,2017,43597,2067
29340,2017,48481,1310
29380,2017,43504,2151
29420,2017,41567,796
29460,2017,45988,753
29500,2017,43201,4374
29540,2017,61492,650
29620,2017,53710,760
29660,2017,45816,1840
29700,2017,40442,1234
29740,2017,39114,1347
29780,2017,29168,2833
29820,2017,54882,434
29860,2017,37747,2159
29900,2017,32739,2150
29940,2017,54370,1728
29980,2017,41522,1476
30020,2017,49608,1549
30060,2017,42646,2489
30140,2017,57698,1688
30220,2017,49184,2913
30260,2017,53768,2069
30280,2017,46837,3183
30300,2017,50760,1439
30340,2017,49538,1293
30380,2017,46286,1795
30420,2017,51923,1687
30460,2017,54436,955
30580,2017,47535,3069
30620,2017,47905,1708
30660,2017,58271,2629
30700,2017,56132,922
30780,2017,51362,718
30820,2017,47990,1746
30860,2017,53548,1290
30880,2017,37859,3152
30900,2017,45558,2327
30940,2017,33745,1560
30980,2017,48359,1224
31020,2017,49804,1607
31060,2017,110190,6543
31080,2017,65331,290
31140,2017,54624,451
31180,2017,48709,1107
31220,2017,45524,1693
31260,2017,46472,1452
31300,2017,32407,916
31340,2017,50711,877
31380,2017,42911,3068
31420,2017,41171,1261
31460,2017,48210,2108
31500,2017,50722,2808
31540,2017,66609,596
31580,2017,44048,2031
31620,2017,37072,3441
31660,2017,50733,1529
31680,2017,40626,1975
31700,2017,75777,1259
31740,2017,51427,1627
31820,2017,51053,1209
31860,2017,56458,1490
31900,2017,44138,1267
31930,2017,46021,1778
31940,2017,44776,1305
31980,2017,42046,1728
32000,2017,38776,1998
32020,2017,44708,1991
32100,2017,48491,1702
32140,2017,54181,2200
32180,2017,41567,2050
32220,2017,48644,2576
32260,2017,52752,1749
32280,2017,36550,2299
32300,2017,36338,1785
32340,2017,41370,1806
32380,2017,50621,1750
32420,2017,15613,852
32460,2017,40369,1825
32500,2017,43082,4017
32540,2017,44941,1883
32580,2017,37097,803
32620,2017,30772,1339
32660,2017,36765,1207
32700,2017,56946,3025
32740,2017,47179,1277
32780,2017,48688,1163
32820,2017,50194,394
32860,2017,54605,2455
32900,2017,46338,1301
32940,2017,38774,2042
32980,2017,54203,2674
33020,2017,44056,2242
33060,2017,38472,987
33100,2017,51758,246
33140,2017,49921,1962
33180,2017,23558,2343
33220,2017,57117,1948
33260,2017,75570,3376
33300,2017,35197,3068
33340,2017,57531,426
33420,2017,45067,2933
33460,2017,73735,375
33500,2017,64032,2236
33540,2017,49412,1947
33580,2017,50463,4597
33620,2017,44754,3583
33660,2017,45802,1034
33700,2017,54260,976
33740,2017,39904,1152
33780,2017,59479,1498
33860,2017,49089,911
33940,2017,44865,2428
33980,2017,51584,1561
34020,2017,41345,1496
34060,2017,48622,1628
34100,2017,43683,1828
34140,2017,43310,2143
34180,2017,52382,1805
34220,2017,34503,1794
34260,2017,40072,1602
34300,2017,45154,2005
34340,2017,39071,1506
34380,2017,42771,1204
34420,2017,46980,2674
34460,2017,40847,1837
34500,2017,46109,1918
34540,2017,51211,1892
34580,2017,59263,1403
34620,2017,41208,1503
34660,2017,39269,2306
34700,2017,56398,2540
34740,2017,46077,806
34780,2017,41329,1214
34820,2017,47732,870
34860,2017,41482,2289
34900,2017,79637,1895
34940,2017,62407,1257
34980,2017,59365,465
35020,2017,30285,1569
35060,2017,29001,1903
35100,2017,48041,1319
35140,2017,39600,2704
35220,2017,46131,1368
35260,2017,47188,1429
35300,2017,64872,827
35380,2017,50154,490
35420,2017,49460,2069
35440,2017,43291,1854
35460,2017,32027,2163
35500,2017,56363,2388
35580,2017,55764,1955
35620,2017,72205,305
35660,2017,47132,1298
35700,2017,39630,2778
35740,2017,51740,1593
35820,2017,55832,2348
35840,2017,54473,778
35860,2017,48362,3477
35900,2017,37173,2218
35940,2017,49710,1428
35980,2017,69411,1516
36020,2017,61516,1663
36100,2017,41964,878
36140,2017,62332,1965
36220,2017,59528,2471
36260,2017,68558,922
36300,2017,48330,1867
36340,2017,46487,1389
36380,2017,39059,1686
36420,2017,54946,482
36460,2017,45571,1241
36500,2017,66113,1328
36540,2017,62345,599
36580,2017,51254,1528
36620,2017,43131,2648
36660,2017,32163,1363
36700,2017,34943,1752
36740,2017,52261,427
36780,2017,55128,996
36820,2017,50568,1801
36830,2017,48131,5933
36840,2017,53167,2539
36860,2017,54830,1099
36900,2017,44863,1914
36940,2017,58882,2980
36980,2017,48217,1564
37020,2017,50967,1316
37060,2017,45019,3118
37080,2017,52089,1982
37100,2017,81972,983
37120,2017,44711,2010
37140,2017,42917,1553
37220,2017,44225,3588
37260,2017,33619,1120
37300,2017,42313,2337
37340,2017,51536,616
37420,2017,48314,5246
37460,2017,49863,1599
37500,2017,45566,3644
37540,2017,40415,1748
37580,2017,42198,2190
37620,2017,45066,1391
37660,2017,45706,2966
37740,2017,41179,1678
37780,2017,49390,6945
37800,2017,57917,2942
37860,2017,51926,763
37900,2017,57301,882
37940,2017,46666,2064
37980,2017,66285,354
38060,2017,57935,332
38100,2017,44734,3994
38180,2017,60097,2923
38220,2017,38547,1227
38240,2017,54468,1850
38260,2017,38017,1911
38300,2017,56073,381
38340,2017,55190,1350
38380,2017,46012,2409
38420,2017,50522,1012
38460,2017,52759,1739
38500,2017,51869,2198
38540,2017,47390,1605
38580,2017,40516,2717
38620,2017,44067,1504
38660,2017,16736,411
38700,2017,54339,2539
38740,2017,37878,2668
38780,2017,35928,3076
38820,2017,48002,1653
38840,2017,56193,2122
38860,2017,63992,886
38900,2017,66657,589
38920,2017,58788,3841
38940,2017,50045,954
39020,2017,38978,1851
39060,2017,47642,1383
39140,2017,48259,1287
39220,2017,46994,2951
39260,2017,41777,3308
39300,2017,61536,534
39340,2017,66742,811
39380,2017,42386,1201
39420,2017,41574,2048
39460,2017,46511,1143
39500,2017,48302,1488
39540,2017,58334,1215
39580,2017,68870,767
39660,2017,52683,1429
39700,2017,29104,2657
39740,2017,59580,931
39780,2017,42512,2803
39820,2017,47258,1104
39860,2017,62431,3013
39900,2017,58654,1129
39940,2017,39506,3062
39980,2017,41813,1479
40060,2017,63599,710
40080,2017,44778,1742
40100,2017,27133,1554
40140,2017,59173,392
40180,2017,55013,2341
40220,2017,52609,820
40260,2017,33558,1149
40300,2017,57655,1762
40340,2017,69003,1052
40380,2017,55256,582
40420,2017,52360,807
40460,2017,33607,2248
40540,2017,71083,4336
40580,2017,41593,1370
40620,2017,41681,1892
40660,2017,46096,2012
40700,2017,44023,1555
40740,2017,42177,2361
40760,2017,42145,4891
40780,2017,40351,1658
40820,2017,34424,2465
40860,2017,52635,1977
40900,2017,64407,544
40940,2017,48173,2637
40980,2017,45034,1104
41060,2017,58335,1059
41100,2017,55175,1757
41140,2017,49568,1478
41180,2017,59046,490
41220,2017,53687,1418
41260,2017,49876,2142
41400,2017,45498,1393
41420,2017,54304,814
41460,2017,49897,1641
41500,2017,63249,1209
41540,2017,56283,893
41620,2017,67838,898
41660,2017,49838,2146
41700,2017,56495,426
41740,2017,70588,617
41760,2017,45607,2239
41780,2017,51033,1456
41820,2017,49272,2653
41860,2017,92714,488
41900,2017,15424,774
41940,2017,105809,832
41980,2017,22288,188
42020,2017,67175,1720
42100,2017,73663,1682
42140,2017,57945,1544
42180,2017,16816,2183
42200,2017,68023,1420
42220,2017,71769,1046
42300,2017,44030,1729
42340,2017,55021,1189
42380,2017,50900,1451
42420,2017,48063,2189
42460,2017,39281,1994
42540,2017,49239,648
42620,2017,44074,3056
42660,2017,77269,461
42680,2017,49009,1267
42700,2017,36374,1135
42740,2017,43097,2031
42780,2017,54182,1422
42820,2017,30065,1775
42860,2017,43978,2030
42900,2017,51601,1402
42940,2017,44473,1797
42980,2017,49080,3445
43020,2017,50679,1234
43060,2017,46159,1521
43100,2017,56114,1555
43140,2017,40002,1561
43180,2017,47117,2721
43220,2017,53087,2046
43260,2017,56455,2977
43300,2017,52683,2034
43320,2017,38798,1774
43340,2017,42572,967
43380,2017,57673,2610
43420,2017,47847,1539
43460,2017,41628,1816
43500,2017,40470,2626
43580,2017,54474,1394
43620,2017,62047,1106
43660,2017,54565,5212
43700,2017,35022,2420
43740,2017,46132,1176
43760,2017,54325,2700
43780,2017,48681,1053
43900,2017,46431,1060
43940,2017,49275,3202
43980,2017,48978,4257
44020,2017,59889,2921
44060,2017,51709,744
44100,2017,58956,1159
44140,2017,55306,1073
44180,2017,45326,671
44220,2017,46275,1248
44260,2017,37348,2573
44300,2017,56466,1612
44340,2017,39305,2425
44420,2017,54427,1975
44460,2017,67472,4036
44500,2017,47013,2530
44540,2017,44876,5064
44580,2017,51969,1904
44620,2017,54620,1028
44660,2017,39149,2201
44700,2017,57813,863
44740,2017,52784,1870
44780,2017,47856,1474
44860,2017,47832,1988
44900,2017,35718,2489
44920,2017,94952,4770
44940,2017,41946,1164
44980,2017,44534,1601
45000,2017,54083,2927
45020,2017,42019,2694
45060,2017,56305,704
45140,2017,39187,1462
45180,2017,38591,2030
45220,2017,48618,1000
45300,2017,50567,315
45340,2017,35314,2651
45380,2017,50668,1800
45460,2017,44120,1263
45500,2017,43753,1866
45520,2017,48510,2079
45540,2017,54771,2856
45580,2017,35375,2480
45620,2017,41336,2327
45660,2017,49153,1729
45700,2017,38728,3078
45740,2017,39756,3790
45780,2017,48284,731
45820,2017,55194,991
45860,2017,76438,1577
45900,2017,55926,1398
45940,2017,77027,1571
45980,2017,35684,2430
46020,2017,60610,2262
46060,2017,48676,534
46100,2017,47082,1291
46140,2017,52210,376
46180,2017,43759,1132
46220,2017,48344,1004
46300,2017,48403,2026
46340,2017,50742,1276
46380,2017,46528,1787
46460,2017,36442,2274
46500,2017,54495,2126
46520,2017,80078,978
46540,2017,50814,809
46620,2017,40781,3100
46660,2017,38448,1642
46700,2017,72950,1244
46740,2017,37342,2011
46780,2017,50974,1902
46820,2017,41773,2505
46860,2017,67012,3914
46900,2017,43913,4945
46980,2017,38506,2596
47020,2017,55837,2035
47080,2017,37279,2693
47180,2017,44837,1750
47220,2017,50000,1518
47240,2017,67535,8612
47260,2017,61889,440
47300,2017,44871,1286
47340,2017,49052,1738
47380,2017,45721,1167
47420,2017,58051,2724
47460,2017,52184,1978
47540,2017,59516,1900
47580,2017,52997,1838
47620,2017,45781,1519
47660,2017,50689,2574
47700,2017,57190,1972
47780,2017,48355,2821
47820,2017,41101,2273
47900,2017,97148,502
47920,2017,44289,2298
47940,2017,53689,1310
47980,2017,52025,2248
48020,2017,59215,2680
48060,2017,50322,1205
48100,2017,39063,3047
48140,2017,56509,1350
48180,2017,37897,2690
48220,2017,48520,3845
48260,2017,44576,1340
48300,2017,55236,1551
48460,2017,34984,1567
48500,2017,34118,4893
48540,2017,45625,1226
48580,2017,58401,1447
48620,2017,53953,805
48660,2017,46558,1145
48700,2017,50634,1359
48780,2017,89874,5659
48820,2017,56604,1610
48900,2017,51137,868
48940,2017,49997,2050
48980,2017,42095,1540
49020,2017,60350,1346
49080,2017,69324,7633
49100,2017,53975,3093
49180,2017,47099,783
49220,2017,51603,1624
49260,2017,57602,4085
49300,2017,54037,1104
49340,2017,68311,827
49380,2017,53267,2305
49420,2017,47470,1167
49460,2017,50029,4014
49620,2017,61707,624
49660,2017,44947,605
49700,2017,53101,1533
49740,2017,43253,1376
49780,2017,43325,1836
49820,2017,34550,6700
10100,2018,57184,2806
10140,2018,47770,2089
10180,2018,49945,1551
10220,2018,49235,1957
10260,2018,12902,1027
10300,2018,53972,1421
10380,2018,16369,432
10420,2018,55718,721
10460,2018,42752,2422
10500,2018,42861,1233
10540,2018,52097,1597
10580,2018,68651,714
10620,2018,49590,1817
10660,2018,52447,1975
10700,2018,42490,1703
10740,2018,51998,662
10760,2018,43361,3489
10780,2018,44182,1413
10820,2018,60676,3012
10860,2018,42005,5407
10900,2018,64877,689
10940,2018,44991,1870
10980,2018,41991,1451
11020,2018,47969,1449
11060,2018,45757,2590
11100,2018,54912,1082
11140,2018,36809,2524
11180,2018,54554,1755
11220,2018,45837,2770
11260,2018,81745,1499
11380,2018,74233,4834
11420,2018,56101,2154
11460,2018,69434,1194
11500,2018,45197,1578
11540,2018,65031,1321
11580,2018,35057,2284
11620,2018,49216,1550
11640,2018,17402,533
11660,2018,39752,3177
11680,2018,48087,1792
11700,2018,50765,763
11740,2018,52730,2111
11780,2018,44823,1563
11820,2018,52583,2663
11860,2018,48667,3855
11900,2018,37778,3027
11940,2018,41398,2661
11980,2018,45798,1788
12020,2018,45246,1394
12060,2018,64766,296
12100,2018,59989,1631
12120,2018,35000,3118
12140,2018,53808,2076
12180,2018,56579,1673
12220,2018,48056,1506
12260,2018,51104,917
12300,2018,52929,1484
12380,2018,53665,3302
12420,2018,73213,538
12460,2018,39148,2377
12540,2018,52479,729
12580,2018,78686,587
12620,2018,49374,1640
12660,2018,56732,1108
12680,2018,57469,3191
12700,2018,70621,1245
12740,2018,62108,2065
12780,2018,52103,2180
12820,2018,33333,2531
12860,2018,59338,2493
12900,2018,43523,2344
12940,2018,56913,1091
12980,2018,47426,1119
13020,2018,48005,1473
13060,2018,45500,3150
13100,2018,51662,3264
13140,2018,51094,912
13180,2018,58870,1805
13220,2018,41471,1440
13260,2018,52092,2964
13300,2018,42032,4701
13340,2018,55150,1796
13380,2018,59285,1481
13420,2018,47410,2260
13460,2018,63680,2405
13500,2018,34203,2307
13540,2018,53040,2307
13620,2018,44745,1233
13660,2018,44460,1813
13700,2018,51961,2499
13720,2018,34649,1603
13740,2018,58878,1819
13780,2018,52779,1026
13820,2018,54291,495
13900,2018,68474,1816
13940,2018,51288,1923
13980,2018,52189,1154
14010,2018,64646,1476
14020,2018,47365,1463
14100,2018,50947,1685
14140,2018,40218,1530
14180,2018,37237,1966
14220,2018,34985,2963
14260,2018,57105,733
14300,2018,50761,1798
14340,2018,61111,2181
14380,2018,45268,2359
14420,2018,50651,3341
14460,2018,85508,612
14500,2018,78642,1583
14540,2018,49068,1586
14580,2018,61499,1915
14620,2018,46953,1217
14660,2018,53001,1157
14700,2018,43206,1418
14720,2018,77589,4772
14740,2018,71610,1435
14780,2018,56237,5282
14820,2018,46629,3483
14860,2018,92969,1158
15020,2018,40355,3626
15060,2018,46396,3602
15100,2018,56370,2989
15140,2018,38362,2866
15180,2018,37132,1130
15220,2018,45457,2375
15260,2018,48240,1548
15340,2018,42892,1604
15380,2018,55371,571
15420,2018,50830,2056
15460,2018,50345,1702
15500,2018,45735,1314
15540,2018,68265,1550
15580,2018,42237,2458
15620,2018,44350,1135
15660,2018,44313,2530
15680,2018,90438,3303
15700,2018,52145,4243
15740,2018,43975,2042
15780,2018,35879,1764
15820,2018,39055,2615
15860,2018,46296,2175
15900,2018,50180,2198
15940,2018,52205,691
15980,2018,54691,759
16020,2018,49419,1684
16060,2018,43587,1219
16100,2018,62982,3186
16140,2018,57674,3499
16180,2018,52034,2130
16220,2018,60550,2371
16260,2018,46809,3453
16300,2018,64218,1237
16340,2018,43491,2813
16380,2018,59417,2186
16420,2018,43110,2396
16460,2018,46102,1606
16500,2018,50216,2241
16540,2018,59713,1974
16580,2018,52581,919
16620,2018,44096,1202
16660,2018,45697,2927
16700,2018,60884,988
16740,2018,60822,480
16820,2018,67224,1482
16860,2018,51473,753
16940,2018,64220,1924
16980,2018,68715,285
17020,2018,48443,1477
17060,2018,48403,1554
17140,2018,61870,527
17200,2018,60607,1371
17220,2018,49467,1817
17260,2018,30009,3835
17300,2018,51933,1340
17340,2018,42475,2511
17380,2018,29912,1918
17420,2018,47046,1653
17460,2018,54273,354
17500,2018,40728,2333
17540,2018,50156,2409
17580,2018,46182,2612
17620,2018,19833,2057
17640,2018,16887,1447
17660,2018,54457,1455
17700,2018,45173,2772
17740,2018,50536,1543
17780,2018,48213,1361
17820,2018,65335,754
17860,2018,54043,1666
17900,2018,54491,697
17980,2018,46695,977
18020,2018,59045,2696
18060,2018,45355,3489
18100,2018,62617,3413
18140,2018,62898,450
18180,2018,72478,1697
18220,2018,43317,2254
18260,2018,39453,1615
18300,2018,43308,1940
18380,2018,35096,3062
18420,2018,40180,2264
18460,2018,49140,2426
18500,2018,51789,1417
18580,2018,54499,1028
18620,2018,47920,2701
18660,2018,54489,1872
18700,2018,58655,1968
18740,2018,44491,1998
18780,2018,52807,6292
18820,2018,53610,2718
18860,2018,45258,5035
18880,2018,59877,1519
18900,2018,43893,1465
18980,2018,42558,1523
19000,2018,44028,2589
19060,2018,44647,1261
19100,2018,66982,327
19140,2018,46381,2625
19180,2018,45384,1686
19220,2018,41466,1444
19260,2018,41091,1186
19300,2018,55962,1204
19340,2018,55941,1015
19380,2018,53393,593
19420,2018,39451,3060
19460,2018,48330,1585
19500,2018,50444,1467
19540,2018,51713,3626
19580,2018,57665,1949
19620,2018,45521,2689
19660,2018,48066,725
19700,2018,27377,1797
19740,2018,75565,492
19760,2018,50738,3694
19780,2018,68669,809
19820,2018,58544,301
19860,2018,75708,4591
19940,2018,57901,2678
19980,2018,53072,2421
20020,2018,44275,963
20060,2018,38266,2489
20100,2018,58775,1756
20140,2018,37706,1604
20180,2018,47270,1523
20220,2018,61321,1092
20260,2018,54022,735
20300,2018,51527,2468
20340,2018,46166,1704
20380,2018,51630,1150
20420,2018,64372,2658
20460,2018,43245,2238
20500,2018,60113,1045
20540,2018,43762,3208
20580,2018,38035,2789
20660,2018,67204,5374
20700,2018,63931,1854
20740,2018,56278,1117
20780,2018,84685,4478
20820,2018,56293,3135
20900,2018,49619,2779
20940,2018,45834,1861
20980,2018,44000,2866
21020,2018,49032,1306
21060,2018,52738,1329
21120,2018,48725,5363
21140,2018,55399,1260
21180,2018,41094,2882
21220,2018,77222,3695
21260,2018,55193,2987
21300,2018,53299,1328
21340,2018,44531,738
21380,2018,44191,3806
21420,2018,51332,2166
21460,2018,53155,2474
21500,2018,49716,919
21540,2018,46490,2326
21580,2018,NA,NA
21640,2018,33888,2325
21660,2018,49958,934
21700,2018,45528,1359
21740,2018,58235,5671
21780,2018,51860,898
21820,2018,77095,2705
21840,2018,43378,3950
21860,2018,53915,4255
21900,2018,48605,1960
21980,2018,51514,4276
22020,2018,62832,1498
22060,2018,65758,2206
22100,2018,45774,2067
22140,2018,50582,1564
22180,2018,45958,806
22220,2018,55121,836
22260,2018,57131,1540
22280,2018,55493,3149
22300,2018,55644,1981
22340,2018,32705,2957
22380,2018,57616,1629
22420,2018,47006,731
22500,2018,41851,883
22520,2018,46683,1364
22540,2018,59373,1270
22580,2018,40347,2043
22620,2018,35356,2573
22660,2018,67664,1346
22700,2018,44261,2199
22780,2018,51665,4064
22800,2018,49699,1815
22820,2018,51626,2649
22840,2018,39233,2081
22860,2018,47772,1438
22900,2018,42553,862
23060,2018,54158,657
23140,2018,52488,2916
23180,2018,54855,1917
23240,2018,58325,4646
23300,2018,48016,1535
23340,2018,53101,1756
23380,2018,51701,1582
23420,2018,51261,808
23460,2018,44023,1776
23500,2018,35836,2201
23540,2018,48648,1258
23580,2018,59898,1521
23620,2018,57646,4167
23660,2018,43709,1897
23700,2018,31674,1548
23780,2018,55673,2819
23820,2018,62503,1960
23860,2018,48071,2850
23900,2018,64507,1226
23940,2018,79916,4196
23980,2018,39774,1367
24020,2018,57035,1479
24060,2018,72228,2833
24100,2018,50248,1597
24140,2018,42192,1443
24220,2018,53413,1418
24260,2018,55672,1252
24300,2018,53683,1202
24330,2018,53022,1487
24340,2018,61225,614
24380,2018,37368,3303
24420,2018,43046,1996
24460,2018,50198,2734
24500,2018,48160,1419
24540,2018,70908,1339
24580,2018,59830,1141
24620,2018,40138,1831
24640,2018,59522,1827
24660,2018,48776,667
24700,2018,54622,1928
24740,2018,30834,1278
24780,2018,44315,1147
24820,2018,52691,1888
24860,2018,52047,580
24900,2018,30132,2208
24940,2018,40071,1495
24980,2018,36877,3654
25020,2018,16337,994
25060,2018,47729,1069
25100,2018,50450,4014
25180,2018,60136,1211
25200,2018,51207,2577
25220,2018,46297,1962
25260,2018,53865,2352
25300,2018,49401,2364
25420,2018,63381,800
25460,2018,42910,1667
25500,2018,54136,1461
25540,2018,75752,792
25580,2018,51536,2722
25620,2018,47116,1840
25700,2018,52700,4242
25720,2018,77449,5814
25740,2018,62755,1856
25760,2018,29263,3332
25780,2018,37282,2841
25820,2018,51841,4192
25840,2018,52138,1404
25860,2018,46241,885
25880,2018,48392,1547
25900,2018,59297,1896
25940,2018,60087,1964
25980,2018,47657,1931
26020,2018,59797,2304
26090,2018,59883,1786
26140,2018,41424,1281
26220,2018,62935,4086
26260,2018,40314,3424
26300,2018,43146,1686
26340,2018,43648,2052
26380,2018,50957,1388
26420,2018,65381,484
26460,2018,63032,2254
26500,2018,48597,1311
26540,2018,52208,1838
26580,2018,44689,912
26620,2018,62293,1439
26660,2018,41529,1719
26700,2018,51700,3767
26740,2018,49174,1352
26780,2018,61275,2251
26820,2018,57126,1357
26860,2018,46877,1462
26900,2018,59232,473
26940,2018,30029,2823
26960,2018,54343,2112
26980,2018,61657,1370
27020,2018,48984,1846
27060,2018,58743,1600
27100,2018,51431,1295
27140,2018,52057,869
27160,2018,45340,2441
27180,2018,45771,1546
27220,2018,78452,4369
27260,2018,58957,638
27300,2018,49117,2584
27340,2018,49491,1299
27380,2018,46044,1936
27420,2018,57642,2929
27460,2018,45332,1182
27500,2018,55832,1073
27540,2018,56489,2544
27580,2018,15424,2978
27600,2018,62495,1852
27620,2018,56808,1393
27660,2018,39653,2929
27700,2018,44869,3467
27740,2018,42320,1281
27780,2018,45901,1074
27860,2018,44302,1158
27900,2018,47724,1158
27920,2018,49185,2156
27940,2018,88213,3956
27980,2018,77097,2267
28020,2018,53946,941
28060,2018,52966,2038
28100,2018,57981,1451
28140,2018,64020,389
28180,2018,78482,3257
28260,2018,56952,2867
28300,2018,63057,2005
28340,2018,55033,2988
28380,2018,34186,1772
28420,2018,64396,1353
28500,2018,52473,2685
28540,2018,70356,3342
28580,2018,67023,2323
28620,2018,56123,2722
28660,2018,53953,774
28700,2018,42579,819
28740,2018,63348,1313
28780,2018,41778,3553
28820,2018,38387,2001
28860,2018,39984,2060
28900,2018,43522,2272
28940,2018,52113,674
29020,2018,50869,1938
29060,2018,68368,3130
29100,2018,56098,1204
29180,2018,50486,1122
29200,2018,52034,1311
29260,2018,48617,3393
29300,2018,43850,2033
29340,2018,49566,1392
29380,2018,44491,3128
29420,2018,43266,1301
29460,2018,48500,709
29500,2018,44657,5731
29540,2018,63823,643
29620,2018,56014,661
29660,2018,46865,2174
29700,2018,42293,1239
29740,2018,39164,1431
29780,2018,31660,1787
29820,2018,56802,452
29860,2018,39992,2605
29900,2018,35617,2203
29940,2018,55832,2064
29980,2018,41553,1586
30020,2018,52194,1460
30060,2018,46192,3544
30140,2018,59114,1681
30220,2018,48116,2342
30260,2018,56026,2766
30280,2018,49370,3134
30300,2018,52056,1739
30340,2018,51412,1287
30380,2018,47526,1807
30420,2018,54909,2982
30460,2018,56385,1178
30580,2018,47025,3239
30620,2018,50552,1657
30660,2018,57899,2733
30700,2018,58478,1014
30780,2018,53008,674
30820,2018,49234,1685
30860,2018,56800,1201
30880,2018,38123,3369
30900,2018,47545,2318
30940,2018,35604,1447
30980,2018,49958,1460
31020,2018,51752,1326
31060,2018,115248,7220
31080,2018,69138,272
31140,2018,56638,502
31180,2018,49998,1066
31220,2018,49663,2106
31260,2018,47714,1985
31300,2018,33679,951
31340,2018,52076,1035
31380,2018,43724,3039
31420,2018,42531,1142
31460,2018,52884,1923
31500,2018,51119,2756
31540,2018,69372,715
31580,2018,45738,2211
31620,2018,36148,2798
31660,2018,51696,2339
31680,2018,41262,1831
31700,2018,78655,1474
31740,2018,53109,1709
31820,2018,53489,1451
31860,2018,58691,1705
31900,2018,47346,1723
31930,2018,48572,2183
31940,2018,46728,1224
31980,2018,42593,1787
32000,2018,40913,1929
32020,2018,45464,2223
32100,2018,50771,1421
32140,2018,55525,1986
32180,2018,43201,2304
32220,2018,51202,2234
32260,2018,54027,1407
32280,2018,38566,1757
32300,2018,36061,1718
32340,2018,43349,2081
32380,2018,53075,1325
32420,2018,14979,736
32460,2018,41615,1819
32500,2018,41415,5350
32540,2018,45346,2004
32580,2018,38398,891
32620,2018,31122,1660
32660,2018,37715,2218
32700,2018,57765,3206
32740,2018,49144,1173
32780,2018,50851,984
32820,2018,51360,567
32860,2018,56268,2577
32900,2018,50129,1671
32940,2018,39867,1761
32980,2018,56086,2436
33020,2018,43761,1422
33060,2018,39070,1109
33100,2018,54239,317
33140,2018,51101,1370
33180,2018,24628,2786
33220,2018,59271,2398
33260,2018,78581,3476
33300,2018,37955,2822
33340,2018,59751,525
33420,2018,45979,4275
33460,2018,76870,442
33500,2018,67295,2136
33540,2018,51270,1971
33580,2018,50408,4279
33620,2018,46610,3310
33660,2018,46166,1129
33700,2018,57387,1316
33740,2018,41456,1137
33780,2018,61514,1239
33860,2018,51130,1168
33940,2018,48739,2573
33980,2018,54428,1755
34020,2018,40485,1543
34060,2018,49471,1429
34100,2018,44664,1716
34140,2018,45466,2349
34180,2018,54982,1906
34220,2018,35472,1945
34260,2018,41481,1723
34300,2018,46715,2094
34340,2018,41068,1401
34380,2018,44408,1929
34420,2018,46698,3475
34460,2018,41289,2059
34500,2018,47617,2804
34540,2018,55131,1985
34580,2018,62865,1581
34620,2018,42705,1457
34660,2018,40219,2017
34700,2018,57348,3178
34740,2018,48329,978
34780,2018,42689,1814
34820,2018,49816,693
34860,2018,43598,2009
34900,2018,84753,2198
34940,2018,65675,1598
34980,2018,62718,456
35020,2018,29678,2047
35060,2018,27795,1572
35100,2018,49323,1516
35140,2018,42765,2131
35220,2018,48235,1827
35260,2018,48860,1724
35300,2018,67128,912
35380,2018,51449,558
35420,2018,51170,1952
35440,2018,46061,1891
35460,2018,33614,2524
35500,2018,55727,3204
35580,2018,57728,3041
35620,2018,75086,342
35660,2018,49135,1239
35700,2018,40467,2823
35740,2018,54545,1841
35820,2018,56658,3011
35840,2018,57506,904
35860,2018,49801,3944
35900,2018,40829,2647
35940,2018,51559,1719
35980,2018,71368,1434
36020,2018,64809,1871
36100,2018,43361,929
36140,2018,63690,1641
36220,2018,60676,1959
36260,2018,71886,841
36300,2018,49305,1513
36340,2018,47982,1401
36380,2018,40367,2024
36420,2018,57072,518
36460,2018,47240,1386
36500,2018,69592,1269
36540,2018,65227,611
36580,2018,53121,1287
36620,2018,46468,1933
36660,2018,33288,2619
36700,2018,36188,1604
36740,2018,55095,441
36780,2018,57124,1152
36820,2018,52950,1915
36830,2018,49142,5961
36840,2018,55486,2842
36860,2018,56456,1204
36900,2018,47715,2128
36940,2018,62731,2041
36980,2018,50114,1711
37020,2018,54742,1401
37060,2018,47132,4004
37080,2018,55628,2587
37100,2018,84017,1199
37120,2018,45960,2816
37140,2018,44489,1732
37220,2018,45711,3237
37260,2018,35649,1475
37300,2018,43355,2033
37340,2018,54359,842
37420,2018,47170,4894
37460,2018,51271,1277
37500,2018,47497,2882
37540,2018,40837,1768
37580,2018,43562,2785
37620,2018,45586,1798
37660,2018,47668,3485
37740,2018,42092,1810
37780,2018,58384,6808
37800,2018,58492,2948
37860,2018,54119,947
37900,2018,59047,842
37940,2018,47460,2030
37980,2018,69465,371
38060,2018,60996,294
38100,2018,45820,4345
38180,2018,65707,5303
38220,2018,39362,1818
38240,2018,57899,2155
38260,2018,40174,1415
38300,2018,58290,420
38340,2018,56674,1559
38380,2018,47080,2713
38420,2018,52958,1330
38460,2018,55178,2165
38500,2018,54229,1733
38540,2018,49739,1696
38580,2018,41432,2666
38620,2018,45426,1758
38660,2018,17373,368
38700,2018,56200,3116
38740,2018,39058,2674
38780,2018,40775,5000
38820,2018,49913,1998
38840,2018,57918,2484
38860,2018,67596,818
38900,2018,70724,511
38920,2018,55469,4258
38940,2018,52659,1043
39020,2018,39731,1594
39060,2018,49190,1207
39140,2018,50180,1188
39220,2018,50278,2066
39260,2018,44524,3873
39300,2018,64248,533
39340,2018,70179,807
39380,2018,44634,1315
39420,2018,42163,2124
39460,2018,49225,979
39500,2018,50868,1390
39540,2018,59749,1011
39580,2018,72297,694
39660,2018,55714,1523
39700,2018,29944,5675
39740,2018,61522,826
39780,2018,42899,2347
39820,2018,50905,1445
39860,2018,64765,2211
39900,2018,61180,884
39940,2018,41396,2758
39980,2018,44228,1545
40060,2018,66258,751
40080,2018,46726,2345
40100,2018,29294,2918
40140,2018,62301,383
40180,2018,54242,3180
40220,2018,54664,788
40260,2018,34654,1282
40300,2018,59707,1963
40340,2018,71501,1173
40380,2018,57417,545
40420,2018,54058,761
40460,2018,36091,2225
40540,2018,73008,3133
40580,2018,43989,1131
40620,2018,42846,2355
40660,2018,46367,1732
40700,2018,45812,1303
40740,2018,43197,1797
40760,2018,42267,6929
40780,2018,42051,1706
40820,2018,34154,2582
40860,2018,54973,1754
40900,2018,68662,495
40940,2018,51352,2134
40980,2018,46919,752
41060,2018,59792,1009
41100,2018,56877,1511
41140,2018,51211,1302
41180,2018,61317,390
41220,2018,56397,2166
41260,2018,51112,2209
41400,2018,46306,1282
41420,2018,56542,1000
41460,2018,50602,1404
41500,2018,66676,1234
41540,2018,58803,1126
41620,2018,71221,668
41660,2018,51738,2268
41700,2018,58201,487
41740,2018,74855,578
41760,2018,48710,2285
41780,2018,52270,2065
41820,2018,48873,2218
41860,2018,99592,709
41900,2018,15584,757
41940,2018,114742,1041
41980,2018,22729,236
42020,2018,70699,1500
42100,2018,78041,1462
42140,2018,59192,1499
42180,2018,17640,2025
42200,2018,71657,1476
42220,2018,76753,1039
42300,2018,44483,2030
42340,2018,57470,1252
42380,2018,51457,1337
42420,2018,50191,1983
42460,2018,39816,1602
42540,2018,51670,698
42620,2018,43822,2407
42660,2018,82189,453
42680,2018,52336,1202
42700,2018,37314,1444
42740,2018,44382,2231
42780,2018,57638,2133
42820,2018,31602,1447
42860,2018,46056,1633
42900,2018,54695,2055
42940,2018,45943,1619
42980,2018,49506,3494
43020,2018,53126,1528
43060,2018,47683,1214
43100,2018,58943,1596
43140,2018,40393,1428
43180,2018,48945,2166
43220,2018,55726,1752
43260,2018,58521,2598
43300,2018,54370,1905
43320,2018,40054,1508
43340,2018,43707,983
43380,2018,61042,2368
43420,2018,48649,1372
43460,2018,42231,2077
43500,2018,37880,4254
43580,2018,57817,1258
43620,2018,63940,971
43660,2018,55889,5767
43700,2018,37921,2782
43740,2018,48224,1132
43760,2018,56493,3992
43780,2018,51549,862
43900,2018,48949,1037
43940,2018,52245,3466
43980,2018,47874,4268
44020,2018,58099,5435
44060,2018,54128,748
44100,2018,60961,1291
44140,2018,56513,1061
44180,2018,46840,799
44220,2018,48502,1315
44260,2018,38800,3306
44300,2018,58055,2017
44340,2018,41789,1849
44420,2018,55721,1627
44460,2018,74273,3839
44500,2018,48819,2400
44540,2018,48922,4300
44580,2018,53828,2296
44620,2018,57368,1929
44660,2018,40944,1977
44700,2018,61145,1022
44740,2018,54556,2888
44780,2018,50117,1027
44860,2018,51877,2465
44900,2018,36107,1896
44920,2018,100453,5764
44940,2018,43792,1589
44980,2018,47063,1630
45000,2018,56362,1943
45020,2018,44346,4193
45060,2018,58248,701
45140,2018,40936,1729
45180,2018,40710,1469
45220,2018,50401,883
45300,2018,52882,303
45340,2018,36758,2641
45380,2018,52415,2072
45460,2018,46067,1116
45500,2018,45185,1545
45520,2018,50973,2064
45540,2018,55228,2011
45580,2018,36529,3721
45620,2018,40112,2153
45660,2018,49936,2160
45700,2018,42790,2827
45740,2018,43416,4330
45780,2018,50428,774
45820,2018,56125,1123
45860,2018,78314,1991
45900,2018,59063,1530
45940,2018,79990,1403
45980,2018,34678,3262
46020,2018,63240,1916
46060,2018,51037,502
46100,2018,48712,1597
46140,2018,54110,375
46180,2018,45362,1477
46220,2018,50110,993
46300,2018,50441,1509
46340,2018,53511,1452
46380,2018,49233,2356
46460,2018,38646,1855
46500,2018,57103,2180
46520,2018,82906,756
46540,2018,53401,725
46620,2018,41752,3354
46660,2018,40200,1456
46700,2018,77609,1309
46740,2018,39872,2347
46780,2018,52754,1607
46820,2018,43189,3636
46860,2018,66736,3909
46900,2018,48773,6797
46980,2018,40786,2068
47020,2018,56215,2917
47080,2018,37897,3055
47180,2018,46457,2124
47220,2018,52593,1718
47240,2018,71224,12123
47260,2018,64534,474
47300,2018,47518,1141
47340,2018,50637,1869
47380,2018,47438,1234
47420,2018,59532,3048
47460,2018,56163,3271
47540,2018,61758,1899
47580,2018,54664,1956
47620,2018,48409,1276
47660,2018,53056,2319
47700,2018,58402,1991
47780,2018,51032,2118
47820,2018,43688,3421
47900,2018,100732,455
47920,2018,46478,2496
47940,2018,55442,1308
47980,2018,54774,4288
48020,2018,63676,2189
48060,2018,52268,1528
48100,2018,37594,3486
48140,2018,59543,1425
48180,2018,41540,2859
48220,2018,48884,2251
48260,2018,45932,1226
48300,2018,57391,2251
48460,2018,36143,1580
48500,2018,35121,4821
48540,2018,48208,1478
48580,2018,61106,1402
48620,2018,55818,732
48660,2018,47609,1297
48700,2018,52407,1386
48780,2018,86575,8091
48820,2018,59089,2058
48900,2018,52767,1228
48940,2018,51354,2321
48980,2018,42850,1379
49020,2018,62967,1536
49080,2018,70373,7457
49100,2018,55529,2364
49180,2018,48936,860
49220,2018,53473,1503
49260,2018,58706,3782
49300,2018,56348,1184
49340,2018,70716,752
49380,2018,54149,3111
49420,2018,49871,1159
49460,2018,54694,4108
49620,2018,63902,933
49660,2018,45989,614
49700,2018,55329,1598
49740,2018,44058,1027
49780,2018,45276,1771
49820,2018,31113,4819
10100,2019,59270,3203
10140,2019,51240,2489
10180,2019,52511,1733
10220,2019,50392,2234
10300,2019,55450,1314
10380,2019,16470,454
10420,2019,57285,772
10460,2019,41988,1745
10500,2019,44844,1501
10540,2019,55893,2004
10580,2019,71285,804
10620,2019,52623,1740
10660,2019,53631,2266
10700,2019,45983,1454
10740,2019,54072,608
10760,2019,43941,2149
10780,2019,46367,1318
10820,2019,63819,3345
10860,2019,41461,5212
10900,2019,67652,765
10940,2019,47848,1985
10980,2019,43363,1942
11020,2019,49181,1178
11060,2019,49703,2278
11100,2019,55515,985
11140,2019,38156,3495
11180,2019,58600,1955
11220,2019,49462,2159
11260,2019,83048,1291
11380,2019,76158,5655
11420,2019,58279,2292
11460,2019,72586,1463
11500,2019,47255,2090
11540,2019,67616,1233
11580,2019,35438,1979
11620,2019,51195,1985
11640,2019,17954,706
11660,2019,41620,3924
11700,2019,52735,927
11740,2019,52823,1565
11780,2019,46700,1775
11820,2019,54886,2779
11860,2019,50439,5066
11900,2019,40905,2063
11940,2019,43285,2849
11980,2019,47355,2119
12020,2019,47214,1498
12060,2019,68316,398
12100,2019,62110,1537
12120,2019,36275,2972
12140,2019,56421,2714
12180,2019,58377,1860
12220,2019,51463,2221
12260,2019,53269,959
12300,2019,55365,1948
12380,2019,54295,3129
12420,2019,76844,621
12460,2019,41481,3584
12540,2019,53350,909
12580,2019,81598,596
12620,2019,50808,1326
12660,2019,59943,1719
12680,2019,60127,3114
12700,2019,74336,1919
12740,2019,62791,2283
12780,2019,54997,2181
12860,2019,60524,2085
12900,2019,40436,1777
12940,2019,58912,1012
12980,2019,48607,1126
13020,2019,48819,1424
13060,2019,48913,3593
13100,2019,53110,2341
13140,2019,54016,994
13180,2019,60652,1263
13220,2019,42817,1683
13260,2019,53610,2810
13300,2019,44578,5310
13340,2019,56754,2301
13380,2019,62984,1391
13420,2019,49160,2350
13460,2019,67043,1740
13500,2019,33586,3267
13540,2019,56183,3305
13620,2019,47117,2095
13660,2019,45018,1645
13700,2019,54208,2825
13720,2019,38175,2485
13740,2019,61278,1239
13780,2019,54295,1002
13820,2019,57447,704
13900,2019,71398,1765
13940,2019,55472,2418
13980,2019,55065,1360
14010,2019,67675,1712
14020,2019,49798,1430
14100,2019,51745,1602
14140,2019,41715,1548
14180,2019,39962,3007
14220,2019,37570,3086
14260,2019,60568,988
14300,2019,54648,1933
14380,2019,47526,2387
14420,2019,52524,4580
14460,2019,90333,514
14500,2019,83019,1785
14540,2019,49700,1183
14580,2019,66397,2238
14620,2019,48647,1463
14660,2019,55154,959
14700,2019,46031,2826
14720,2019,79277,3671
14740,2019,75411,1403
14780,2019,54971,4622
14820,2019,50212,3624
14860,2019,95645,1039
15020,2019,42606,3769
15060,2019,48440,4060
15100,2019,58136,2545
15140,2019,37905,3688
15180,2019,38758,962
15220,2019,48365,3207
15260,2019,50671,2013
15340,2019,44971,1768
15380,2019,57621,656
15420,2019,53116,1937
15460,2019,51667,1508
15500,2019,49688,1485
15540,2019,71413,1682
15580,2019,45718,3069
15620,2019,47193,1424
15660,2019,45865,2150
15680,2019,89845,3200
15700,2019,52917,3255
15740,2019,45917,1846
15780,2019,37220,3030
15820,2019,41514,2064
15860,2019,49409,1820
15940,2019,53978,892
15980,2019,57832,825
16020,2019,51429,1731
16060,2019,45052,1203
16100,2019,65328,3613
16140,2019,59212,2944
16180,2019,55718,2218
16220,2019,62772,2078
16260,2019,51807,2936
16300,2019,64687,1161
16340,2019,44891,4327
16380,2019,62952,2214
16420,2019,43590,1935
16460,2019,47519,1613
16500,2019,53484,1685
16540,2019,63379,1460
16580,2019,53641,1052
16620,2019,45225,1455
16660,2019,48142,1885
16700,2019,63649,912
16740,2019,63217,460
16820,2019,72697,2399
16860,2019,53126,1093
16940,2019,66910,3107
16980,2019,71770,337
17020,2019,52537,1618
17060,2019,51092,2111
17140,2019,63987,398
17220,2019,51552,1780
17260,2019,29121,4019
17300,2019,53027,1100
17340,2019,47040,2697
17380,2019,29854,2075
17420,2019,49921,1675
17460,2019,56008,442
17500,2019,40820,2424
17540,2019,51688,2798
17580,2019,45092,2676
17620,2019,19692,1707
17640,2019,18189,1690
17660,2019,57242,1581
17700,2019,45157,2834
17740,2019,51947,1657
17780,2019,50240,1336
17820,2019,68687,948
17860,2019,54808,1447
17900,2019,55971,754
17980,2019,47571,949
18020,2019,63431,2198
18060,2019,50441,2406
18100,2019,62305,3435
18140,2019,65150,522
18180,2019,75737,1965
18220,2019,46175,2303
18260,2019,41913,1963
18300,2019,45051,2288
18380,2019,36042,3020
18420,2019,42086,1860
18460,2019,50563,2276
18500,2019,53663,1101
18580,2019,56013,1078
18620,2019,48529,2943
18660,2019,56023,1867
18700,2019,62077,2483
18740,2019,46606,2825
18780,2019,57229,6703
18820,2019,55522,1895
18860,2019,45283,5017
18880,2019,62161,1502
18900,2019,45958,1849
18980,2019,44918,1921
19000,2019,45288,2640
19060,2019,47330,1497
19100,2019,70281,312
19140,2019,48481,1755
19180,2019,46515,1848
19220,2019,44779,2559
19260,2019,42175,1242
19300,2019,58320,1564
19340,2019,58531,982
19420,2019,42206,3492
19430,2019,55634,707
19460,2019,50422,1492
19500,2019,50480,1549
19540,2019,52504,3269
19580,2019,59931,3132
19620,2019,46147,2523
19660,2019,50360,744
19700,2019,29360,1783
19740,2019,79664,565
19760,2019,53209,2622
19780,2019,70126,830
19820,2019,60984,366
19860,2019,72123,3892
19940,2019,58194,3391
19980,2019,51711,2909
20020,2019,46351,889
20060,2019,40423,1783
20100,2019,60910,1897
20140,2019,39066,1678
20180,2019,49015,1448
20220,2019,63031,1310
20260,2019,56573,813
20300,2019,54871,2501
20340,2019,47214,1914
20420,2019,68685,3081
20460,2019,44212,2075
20500,2019,62289,998
20540,2019,44185,2440
20580,2019,39625,3109
20660,2019,73547,3785
20700,2019,63934,1599
20740,2019,59584,1198
20780,2019,84790,4430
20820,2019,56685,2748
20900,2019,48310,3139
20940,2019,47622,1761
20980,2019,44663,3590
21020,2019,49788,2421
21060,2019,54132,1352
21120,2019,50721,6208
21140,2019,57021,1449
21180,2019,43320,3147
21220,2019,80725,4250
21260,2019,56004,2556
21300,2019,54940,2058
21340,2019,46795,781
21380,2019,46217,2483
21420,2019,54006,2382
21460,2019,55637,1849
21500,2019,51529,1014
21540,2019,47434,2199
21580,2019,39952,2593
21640,2019,32327,2132
21660,2019,52426,898
21700,2019,48041,1798
21740,2019,63403,4030
21780,2019,54063,905
21820,2019,76992,3115
21840,2019,47708,5691
21860,2019,52798,3353
21900,2019,50305,1689
21980,2019,57824,5634
22020,2019,64666,1327
22060,2019,68584,2227
22100,2019,46466,2695
22140,2019,50518,1562
22180,2019,48459,665
22220,2019,57603,908
22260,2019,58682,1774
22280,2019,56875,2597
22300,2019,58450,2249
22340,2019,32229,3845
22380,2019,59460,1953
22420,2019,48588,827
22500,2019,44114,1302
22520,2019,48084,1576
22540,2019,62391,1327
22580,2019,42608,1633
22620,2019,35348,2831
22660,2019,71881,1640
22700,2019,47466,3472
22780,2019,53492,4124
22800,2019,50694,1368
22820,2019,53682,2609
22840,2019,40440,1676
22860,2019,49141,1717
22900,2019,44750,1032
23060,2019,55341,725
23140,2019,54286,2115
23180,2019,56024,1934
23240,2019,59155,3026
23300,2019,48805,1430
23340,2019,54085,2510
23380,2019,54089,1521
23420,2019,53969,794
23460,2019,44637,1878
23500,2019,36883,2887
23540,2019,46843,1675
23580,2019,62984,1831
23620,2019,60202,4068
23660,2019,44129,2263
23700,2019,33834,1536
23780,2019,59477,5159
23820,2019,66810,3442
23860,2019,48456,2381
23900,2019,67253,2098
23940,2019,78833,2717
23980,2019,40899,1739
24020,2019,59395,1722
24060,2019,76482,3220
24100,2019,50482,2194
24140,2019,44416,1980
24180,2019,64041,2590
24220,2019,55609,1749
24260,2019,57086,1998
24300,2019,55379,1902
24330,2019,55139,1948
24340,2019,63302,594
24380,2019,39413,3522
24420,2019,45616,2104
24460,2019,49723,2884
24500,2019,49913,1616
24540,2019,74150,1069
24580,2019,62405,962
24620,2019,42595,1893
24660,2019,50891,698
24700,2019,57949,3008
24740,2019,29705,1885
24780,2019,47437,1940
24820,2019,55620,2206
24860,2019,54886,648
24900,2019,30218,2416
24940,2019,42336,1607
24980,2019,40122,3776
25020,2019,16980,962
25060,2019,49068,1000
25100,2019,52282,3586
25180,2019,61138,1109
25200,2019,54987,9689
25220,2019,47832,2945
25260,2019,57848,1714
25300,2019,50960,2566
25420,2019,64916,1007
25460,2019,44562,2162
25500,2019,56500,1954
25540,2019,77769,788
25580,2019,53023,2547
25620,2019,46800,1666
25700,2019,52883,4253
25720,2019,94989,3335
25740,2019,66419,2775
25760,2019,29320,3264
25780,2019,40529,2098
25820,2019,49701,3904
25840,2019,54645,1986
25860,2019,48114,878
25880,2019,49622,1426
25900,2019,62409,2061
25940,2019,64959,1842
25980,2019,50160,2393
26020,2019,60546,2950
26090,2019,62965,2221
26140,2019,44237,1416
26220,2019,65679,4024
26260,2019,41125,3916
26300,2019,44777,1753
26340,2019,44198,2068
26380,2019,51837,1599
26420,2019,67516,443
26460,2019,66787,2129
26500,2019,51678,1232
26540,2019,53632,1739
26580,2019,45441,1174
26620,2019,64483,972
26660,2019,43742,1765
26700,2019,51662,3152
26740,2019,49936,1432
26780,2019,62121,2075
26820,2019,61007,1475
26860,2019,49320,1726
26900,2019,61552,521
26940,2019,30838,3237
26980,2019,62544,1382
27020,2019,51730,2388
27060,2019,60240,1981
27100,2019,53658,1143
27140,2019,52504,904
27160,2019,47550,2185
27180,2019,46875,1156
27220,2019,81427,4613
27260,2019,61723,626
27300,2019,52040,2598
27340,2019,50278,1533
27380,2019,48186,2205
27420,2019,57674,2781
27460,2019,46820,1192
27500,2019,57875,1625
27530,2019,43629,1841
27540,2019,57849,2486
27580,2019,14808,2882
27600,2019,65385,2706
27620,2019,59186,1556
27660,2019,42105,4627
27700,2019,45483,2430
27740,2019,44439,1409
27780,2019,46659,1197
27860,2019,46068,1723
27900,2019,49098,1051
27940,2019,88390,4059
27980,2019,80948,3153
28020,2019,56511,997
28060,2019,56182,2573
28100,2019,58902,1656
28140,2019,66632,532
28180,2019,83554,4362
28260,2019,59493,2455
28300,2019,64751,1891
28340,2019,56789,2386
28380,2019,36380,2196
28420,2019,67310,1607
28500,2019,55990,2968
28540,2019,72728,3182
28580,2019,70033,2233
28620,2019,59381,3316
28660,2019,54798,810
28700,2019,44869,1001
28740,2019,64304,1347
28780,2019,43500,2983
28820,2019,39402,2060
28860,2019,42042,2269
28900,2019,46491,2296
28940,2019,54636,537
29020,2019,52373,1737
29060,2019,69447,4219
29100,2019,58501,1513
29180,2019,51955,1036
29200,2019,53321,1056
29260,2019,52171,3923
29300,2019,44439,2364
29340,2019,51196,1420
29380,2019,46494,2732
29420,2019,45587,1297
29460,2019,50584,745
29500,2019,43239,7391
29540,2019,66056,740
29620,2019,57925,803
29660,2019,49322,2791
29700,2019,46475,1679
29740,2019,40973,1947
29780,2019,30666,2277
29820,2019,59340,538
29860,2019,40585,2270
29900,2019,37238,2139
29940,2019,59435,2683
29980,2019,43614,1679
30020,2019,52076,1525
30060,2019,47257,3252
30100,2019,61913,1408
30140,2019,60281,1496
30220,2019,48248,2819
30260,2019,59399,3328
30280,2019,53197,3789
30300,2019,56430,2400
30340,2019,53509,1770
30380,2019,50219,1700
30420,2019,54716,2828
30460,2019,58685,1055
30580,2019,49291,3984
30620,2019,53131,1407
30660,2019,57308,2900
30700,2019,61031,913
30780,2019,54746,802
30820,2019,50923,1527
30860,2019,58809,1773
30900,2019,49415,1923
30940,2019,35911,1593
30980,2019,51580,1012
31020,2019,54506,1908
31060,2019,121324,4613
31080,2019,72998,326
31140,2019,59158,526
31180,2019,51942,1350
31220,2019,51725,2027
31260,2019,50453,2079
31300,2019,34976,897
31340,2019,53798,1059
31380,2019,44471,2569
31420,2019,44332,1481
31460,2019,57585,2351
31500,2019,52718,3034
31540,2019,72374,786
31580,2019,47170,2624
31620,2019,36193,2784
31660,2019,50407,2230
31680,2019,43889,2791
31700,2019,81460,948
31740,2019,54141,1390
31820,2019,56612,1605
31860,2019,60827,1395
31900,2019,49547,1682
31930,2019,50021,1729
31940,2019,48933,1099
31980,2019,44356,1770
32000,2019,43646,2858
32020,2019,47498,2226
32100,2019,53970,1740
32140,2019,57730,2668
32180,2019,44720,3087
32260,2019,56437,2505
32280,2019,39937,2236
32300,2019,37309,1602
32340,2019,44232,1652
32380,2019,54388,1685
32420,2019,15197,772
32460,2019,44043,2517
32500,2019,45377,5807
32540,2019,46784,1605
32580,2019,40014,951
32620,2019,31784,1993
32660,2019,41125,1585
32700,2019,59089,3865
32740,2019,50304,1345
32780,2019,53412,1291
32820,2019,53209,564
32860,2019,58783,2604
32900,2019,53672,1936
32940,2019,41107,1517
33020,2019,44261,1292
33060,2019,39872,1133
33100,2019,56775,406
33140,2019,53658,1738
33180,2019,26272,1591
33220,2019,62625,2002
33260,2019,79140,2740
33300,2019,41584,3032
33340,2019,62389,434
33380,2019,28951,2004
33420,2019,50154,3374
33460,2019,80421,435
33500,2019,68669,2156
33540,2019,54062,2037
33580,2019,51590,2626
33620,2019,47740,2638
33660,2019,47302,1044
33700,2019,60704,1045
33740,2019,40119,1276
33780,2019,62203,1547
33860,2019,52649,876
33940,2019,51647,2195
33980,2019,57194,2086
34020,2019,40485,1583
34060,2019,52332,1613
34100,2019,45878,1231
34140,2019,49158,2621
34180,2019,55556,2420
34220,2019,36435,1962
34260,2019,42260,2095
34300,2019,46855,1859
34340,2019,43597,1779
34350,2019,36168,3309
34380,2019,45116,1394
34420,2019,49600,2200
34460,2019,44688,2336
34500,2019,49896,2257
34540,2019,57749,2562
34580,2019,67028,1786
34620,2019,43512,1664
34660,2019,42273,2371
34700,2019,58453,2650
34740,2019,50854,1187
34780,2019,43078,1589
34820,2019,52660,722
34860,2019,44847,2727
34900,2019,88596,2026
34940,2019,69653,1389
34980,2019,66347,620
35020,2019,30239,1942
35060,2019,28567,2348
35100,2019,51017,1548
35140,2019,44226,3287
35220,2019,49832,1987
35260,2019,50204,1859
35300,2019,69905,894
35380,2019,53084,591
35420,2019,53243,1349
35440,2019,47882,1579
35460,2019,36716,2462
35580,2019,61120,3180
35620,2019,78773,390
35660,2019,50795,1113
35700,2019,41259,2645
35740,2019,55793,1852
35820,2019,59488,2390
35840,2019,60810,825
35860,2019,54191,4117
35900,2019,44107,2135
35940,2019,52560,1689
35980,2019,73490,1433
36020,2019,68604,1923
36100,2019,45371,898
36140,2019,67074,2716
36220,2019,62973,1875
36260,2019,75062,844
36300,2019,50940,1535
36340,2019,49945,1396
36380,2019,41760,2208
36420,2019,59084,488
36460,2019,48703,1620
36500,2019,72003,1398
36540,2019,67885,733
36580,2019,54028,1607
36620,2019,46936,2164
36660,2019,36403,1727
36700,2019,37955,1414
36740,2019,58368,558
36780,2019,58543,1456
36820,2019,54825,3109
36830,2019,48294,5600
36837,2019,58160,1306
36840,2019,56582,3044
36900,2019,46246,2274
36940,2019,64903,2247
36980,2019,52046,1366
37060,2019,50272,2950
37100,2019,88131,1069
37120,2019,47214,2845
37140,2019,46584,1981
37220,2019,47300,3233
37260,2019,37670,2268
37300,2019,43455,2317
37340,2019,56775,1142
37420,2019,49327,5043
37460,2019,54316,1400
37500,2019,47056,2598
37540,2019,40502,2486
37580,2019,45117,2599
37620,2019,47218,1487
37660,2019,47643,2802
37740,2019,43524,2214
37770,2019,46729,8409
37780,2019,53581,10071
37800,2019,61038,2812
37860,2019,56007,842
37900,2019,59397,735
37940,2019,50657,2212
37980,2019,72343,415
38060,2019,63883,287
38100,2019,46901,4436
38180,2019,65712,3571
38220,2019,41798,1982
38240,2019,59963,2199
38260,2019,41004,2260
38300,2019,60535,390
38340,2019,59230,1868
38380,2019,48384,1979
38420,2019,54800,1264
38460,2019,56365,1585
38500,2019,52658,1848
38540,2019,51429,2484
38580,2019,45351,2893
38620,2019,46809,2532
38660,2019,17683,541
38700,2019,55160,3265
38740,2019,38726,2232
38780,2019,42702,4047
38820,2019,52192,1968
38860,2019,70266,875
38900,2019,74792,559
38920,2019,58776,3156
38940,2019,55153,1248
39020,2019,41330,1946
39060,2019,52280,1440
39100,2019,80534,971
39150,2019,52451,1376
39220,2019,51158,2215
39260,2019,49006,4279
39300,2019,67818,769
39340,2019,74387,867
39380,2019,46783,1461
39420,2019,42745,2318
39460,2019,51499,1195
39500,2019,52132,1262
39540,2019,61336,1392
39580,2019,75851,776
39660,2019,57615,1830
39700,2019,35521,4216
39740,2019,63728,863
39780,2019,44514,2916
39820,2019,54667,1486
39860,2019,66800,2830
39900,2019,64801,727
39940,2019,43630,2689
39980,2019,46516,1828
40060,2019,68529,811
40080,2019,47106,1809
40100,2019,30387,2246
40140,2019,65121,488
40180,2019,55896,2381
40220,2019,56596,1114
40260,2019,36128,1362
40300,2019,60986,1651
40340,2019,73697,1257
40380,2019,60102,529
40420,2019,56027,969
40460,2019,36148,2885
40530,2019,45137,4591
40540,2019,74843,3334
40580,2019,44559,2005
40620,2019,44154,2257
40660,2019,48336,2266
40700,2019,47267,1480
40740,2019,43359,2155
40760,2019,46216,7003
40780,2019,43633,2272
40820,2019,35467,3534
40860,2019,56139,1883
40900,2019,72280,605
40940,2019,51353,2121
40980,2019,48000,920
41060,2019,61985,1043
41100,2019,59839,1736
41140,2019,52810,1315
41180,2019,63705,412
41220,2019,56951,3786
41260,2019,53440,2036
41400,2019,48345,1557
41420,2019,60178,1082
41460,2019,52383,1469
41500,2019,71015,1262
41540,2019,60446,1117
41620,2019,74842,709
41660,2019,53883,2415
41700,2019,60327,509
41740,2019,78980,723
41760,2019,50256,3474
41780,2019,54226,1691
41820,2019,49994,2504
41860,2019,106025,531
41900,2019,16151,697
41940,2019,122478,1085
41980,2019,23156,265
42020,2019,73518,1656
42100,2019,82234,2168
42140,2019,61200,1600
42180,2019,19827,2150
42200,2019,74624,1710
42220,2019,81018,1194
42300,2019,46486,2266
42340,2019,59459,1375
42380,2019,52358,1443
42420,2019,49766,1876
42460,2019,41769,1158
42500,2019,48700,3777
42540,2019,53491,661
42620,2019,44029,2554
42660,2019,86856,483
42680,2019,54740,1707
42700,2019,40942,1641
42740,2019,46157,1542
42780,2019,58997,2539
42820,2019,33845,1728
42860,2019,49134,2533
42900,2019,54545,1638
42940,2019,49610,2373
42980,2019,51250,3199
43020,2019,55152,1689
43060,2019,49250,1628
43100,2019,60696,1512
43140,2019,42247,1453
43180,2019,50415,2235
43220,2019,57634,2177
43260,2019,60807,3095
43300,2019,54815,1867
43320,2019,40067,1628
43340,2019,46407,1388
43380,2019,63806,1793
43420,2019,49260,1858
43460,2019,44139,2963
43500,2019,37843,4507
43580,2019,59937,1549
43620,2019,65621,1381
43660,2019,54326,6585
43700,2019,39998,2897
43740,2019,49089,930
43760,2019,60108,4605
43780,2019,53323,1039
43900,2019,52332,778
43940,2019,52641,2837
43980,2019,50521,4036
44020,2019,59969,4159
44060,2019,56410,867
44100,2019,62533,899
44140,2019,59419,764
44180,2019,48549,728
44220,2019,50873,1215
44260,2019,41109,2127
44300,2019,60403,1405
44340,2019,45550,2531
44420,2019,57140,1423
44460,2019,77443,3722
44500,2019,52742,3408
44540,2019,53318,3595
44580,2019,54232,1984
44620,2019,58853,1840
44660,2019,41603,1923
44700,2019,64432,745
44740,2019,57125,2309
44780,2019,52086,1677
44860,2019,52078,2235
44900,2019,36807,2268
44940,2019,44486,1351
44980,2019,48671,1565
45000,2019,56352,2090
45020,2019,45537,2459
45060,2019,60337,680
45140,2019,42774,1581
45180,2019,41325,2101
45220,2019,51874,885
45300,2019,55285,427
45340,2019,38329,3996
45380,2019,52834,1881
45460,2019,48591,1288
45500,2019,47377,1582
45520,2019,53105,2042
45540,2019,57226,2594
45580,2019,37640,2814
45620,2019,43740,3427
45660,2019,52500,1565
45700,2019,45639,3008
45740,2019,47164,4740
45780,2019,52601,664
45820,2019,57603,1135
45860,2019,79906,2031
45900,2019,61019,1642
45940,2019,81057,1626
45980,2019,37446,2508
46020,2019,66096,3314
46060,2019,53379,628
46100,2019,51361,1408
46140,2019,55739,425
46180,2019,46258,1318
46220,2019,50408,1246
46300,2019,52919,1416
46340,2019,56810,1866
46380,2019,51416,2038
46420,2019,41186,2716
46460,2019,39615,1911
46500,2019,60112,2210
46520,2019,85857,907
46540,2019,55757,971
46620,2019,41679,2973
46660,2019,41647,1468
46700,2019,81472,1384
46780,2019,54254,1760
46820,2019,50724,10473
46860,2019,65264,3930
46900,2019,45302,5723
46980,2019,45113,2182
47020,2019,57163,2679
47080,2019,40513,2995
47180,2019,47380,3163
47220,2019,54149,1622
47240,2019,71811,11763
47260,2019,66759,593
47300,2019,49687,1171
47340,2019,54259,2538
47380,2019,49077,1201
47420,2019,61136,2607
47460,2019,57858,3778
47540,2019,64074,1886
47580,2019,58832,2322
47620,2019,50250,1822
47660,2019,55273,2557
47700,2019,61366,2385
47780,2019,53629,1890
47820,2019,45212,4100
47900,2019,103751,520
47920,2019,47308,3240
47940,2019,57495,1338
47980,2019,58503,1925
48020,2019,66291,1974
48060,2019,52685,1357
48100,2019,38682,2556
48140,2019,61783,1187
48180,2019,38469,2829
48220,2019,49900,3030
48260,2019,47314,1195
48300,2019,59757,2139
48460,2019,38357,2332
48500,2019,31833,2798
48540,2019,50390,1326
48580,2019,63776,1732
48620,2019,57379,669
48660,2019,49779,1355
48700,2019,54241,1433
48780,2019,87161,7443
48820,2019,60294,2188
48900,2019,55265,1319
48940,2019,52815,2069
48980,2019,43877,1694
49020,2019,67072,2152
49060,2019,50102,2779
49080,2019,67756,5951
49100,2019,59329,2030
49180,2019,50774,668
49220,2019,54913,1192
49260,2019,59001,3741
49300,2019,58300,1227
49340,2019,73408,920
49380,2019,55304,2938
49420,2019,51637,1030
49460,2019,58342,3235
49500,2019,15463,632
49620,2019,66457,916
49660,2019,47360,754
49700,2019,58551,1502
49740,2019,45243,1279
49780,2019,47254,1640
49820,2019,33952,5328
10100,2020,62042,3858
10140,2020,50665,2056
10180,2020,54857,1805
10220,2020,51682,3628
10300,2020,57314,1780
10380,2020,16744,455
10420,2020,59313,879
10460,2020,45032,2105
10500,2020,46323,1381
10540,2020,59547,2241
10580,2020,72810,950
10620,2020,54104,2023
10660,2020,54628,1858
10700,2020,50216,1709
10740,2020,55370,847
10760,2020,47213,2657
10780,2020,48294,1771
10820,2020,65430,4225
10860,2020,45699,4409
10900,2020,69769,777
10940,2020,49795,1836
10980,2020,42603,1871
11020,2020,50856,1517
11060,2020,52535,4652
11100,2020,56055,1342
11140,2020,39068,3640
11180,2020,60442,1839
11220,2020,50146,2124
11260,2020,82890,1592
11380,2020,75147,9031
11420,2020,58905,3009
11460,2020,75730,1560
11500,2020,50128,1964
11540,2020,70261,1012
11580,2020,36360,2616
11620,2020,51554,2020
11640,2020,18917,665
11660,2020,39500,3635
11700,2020,54992,1195
11740,2020,55422,2238
11780,2020,47925,2297
11820,2020,57466,2917
11860,2020,50683,5302
11900,2020,42414,3686
11940,2020,46872,3205
11980,2020,49469,2488
12020,2020,49503,1797
12060,2020,71193,459
12100,2020,63680,2011
12120,2020,35558,2902
12140,2020,58415,3797
12180,2020,57985,2448
12220,2020,52930,3248
12260,2020,55049,1046
12300,2020,55368,2112
12380,2020,55378,2898
12420,2020,80852,688
12460,2020,40567,3779
12540,2020,54851,1087
12580,2020,83811,751
12620,2020,52128,1836
12660,2020,62808,1745
12680,2020,63032,3482
12700,2020,76863,1835
12740,2020,64862,2041
12780,2020,53384,2536
12860,2020,60635,2599
12900,2020,43802,1957
12940,2020,60043,1117
12980,2020,50219,1386
13020,2020,48290,1583
13060,2020,48733,4020
13100,2020,51812,2425
13140,2020,54256,1572
13180,2020,62591,1392
13220,2020,43444,1777
13260,2020,57740,2954
13300,2020,45287,5775
13340,2020,60417,3720
13380,2020,65420,2177
13420,2020,50525,2744
13460,2020,68937,2092
13500,2020,31528,3889
13540,2020,58200,4209
13620,2020,48945,1963
13660,2020,45797,1936
13700,2020,57761,2906
13720,2020,39886,4215
13740,2020,62722,1560
13780,2020,54695,1479
13820,2020,59185,994
13900,2020,72886,2311
13940,2020,58260,2673
13980,2020,55475,1527
14010,2020,68037,2128
14020,2020,52226,2237
14100,2020,53546,2050
14140,2020,41979,2025
14160,2020,57565,4876
14180,2020,42986,2383
14220,2020,39185,4316
14260,2020,64717,1092
14300,2020,57898,3258
14380,2020,46453,2534
14420,2020,57921,4535
14460,2020,93537,576
14500,2020,87476,2160
14540,2020,51591,1555
14580,2020,70124,2091
14620,2020,49240,1964
14660,2020,56641,1256
14700,2020,47860,3033
14720,2020,80709,5148
14740,2020,78969,1482
14780,2020,59623,4078
14820,2020,51509,4005
14860,2020,97539,1460
15020,2020,41355,2482
15060,2020,53174,3566
15100,2020,57471,4317
15140,2020,38994,4087
15180,2020,41200,1153
15220,2020,49180,4087
15260,2020,53541,2141
15340,2020,46391,1611
15380,2020,59079,788
15420,2020,52668,1931
15460,2020,52268,1960
15500,2020,51580,1749
15540,2020,73447,2320
15580,2020,49359,2177
15620,2020,49418,1644
15660,2020,48662,2477
15680,2020,95864,3872
15700,2020,52799,3779
15740,2020,46352,2556
15780,2020,39511,2408
15820,2020,46001,2349
15860,2020,52364,3102
15940,2020,54854,1099
15980,2020,59608,1036
16020,2020,51428,1480
16060,2020,46563,1511
16100,2020,65000,3898
16140,2020,59198,1953
16180,2020,58305,2023
16220,2020,62168,3323
16260,2020,52045,2456
16300,2020,66620,1613
16340,2020,46846,4848
16380,2020,65566,2583
16420,2020,45937,2604
16460,2020,49925,2470
16500,2020,54970,2707
16540,2020,63420,1761
16580,2020,54897,1397
16620,2020,46099,1316
16660,2020,48377,2113
16700,2020,65894,1002
16740,2020,65725,612
16820,2020,75176,2128
16860,2020,54425,946
16940,2020,69369,2811
16980,2020,74621,406
17020,2020,54972,2501
17060,2020,51508,2431
17140,2020,66435,533
17220,2020,52176,2163
17260,2020,30761,3214
17300,2020,54911,1202
17340,2020,49254,1891
17380,2020,32412,3241
17420,2020,51015,2306
17460,2020,57263,459
17500,2020,36978,3948
17540,2020,52221,1825
17580,2020,48903,2442
17620,2020,18319,2281
17640,2020,17694,1620
17660,2020,60903,2525
17700,2020,45288,2962
17740,2020,52782,1477
17780,2020,51261,1162
17820,2020,71171,960
17860,2020,57980,1876
17900,2020,56680,1123
17980,2020,48903,1451
18020,2020,66978,3123
18060,2020,48170,2869
18100,2020,60878,3121
18140,2020,66715,579
18180,2020,77937,2321
18220,2020,47465,4132
18260,2020,42590,2169
18300,2020,49445,3052
18380,2020,38272,3857
18420,2020,40938,2944
18460,2020,54147,3259
18500,2020,55349,1418
18580,2020,56714,1612
18620,2020,47574,3390
18660,2020,59194,3852
18700,2020,65142,2258
18740,2020,48552,2177
18780,2020,54583,8488
18820,2020,56408,2384
18860,2020,49981,5145
18880,2020,65075,1828
18900,2020,49423,2610
18980,2020,48388,2887
19000,2020,46610,2735
19060,2020,50188,1785
19100,2020,72882,399
19140,2020,50322,1982
19180,2020,46842,1372
19220,2020,47201,2587
19260,2020,43113,1895
19300,2020,61756,2268
19340,2020,59876,968
19420,2020,46096,2734
19430,2020,57631,874
19460,2020,51842,2058
19500,2020,53725,1750
19540,2020,52712,3351
19580,2020,62110,3181
19620,2020,47675,4805
19660,2020,53339,992
19700,2020,32251,3688
19740,2020,83289,608
19760,2020,49256,4724
19780,2020,71734,864
19820,2020,62768,416
19860,2020,69368,2761
19940,2020,59986,3816
19980,2020,53743,2981
20020,2020,47608,1324
20060,2020,41568,2802
20100,2020,60117,1839
20140,2020,39364,1852
20180,2020,50150,1678
20220,2020,64493,1829
20260,2020,58729,849
20300,2020,53967,2007
20340,2020,51156,2536
20420,2020,69291,5084
20460,2020,47175,3068
20500,2020,64745,1243
20540,2020,45042,3265
20580,2020,41385,3957
20660,2020,73102,4031
20700,2020,68734,2106
20740,2020,62031,1197
20780,2020,85877,5439
20820,2020,59932,3301
20900,2020,51770,4080
20940,2020,46222,2499
20980,2020,45293,3346
21020,2020,53255,1936
21060,2020,56680,1952
21120,2020,47095,5453
21140,2020,58509,1505
21180,2020,45206,3791
21220,2020,79274,3753
21260,2020,59703,3193
21300,2020,54883,2149
21340,2020,48193,1032
21380,2020,50070,2760
21420,2020,55435,4406
21460,2020,56799,3287
21500,2020,52863,1284
21540,2020,47008,1998
21580,2020,42264,3387
21640,2020,34923,2956
21660,2020,54942,1089
21700,2020,49235,2278
21740,2020,72458,8889
21780,2020,55553,1114
21820,2020,76464,2792
21840,2020,47401,5786
21860,2020,53851,4847
21900,2020,52856,2543
21980,2020,56335,6530
22020,2020,65995,1712
22060,2020,70600,2914
22100,2020,46307,3162
22140,2020,47643,2595
22180,2020,50133,706
22220,2020,61761,1478
22260,2020,59456,2188
22280,2020,58814,2228
22300,2020,57384,2283
22340,2020,32077,4008
22380,2020,59000,1900
22420,2020,50269,1037
22500,2020,45037,1722
22520,2020,48244,2090
22540,2020,64147,1806
22580,2020,43183,1753
22620,2020,36053,3541
22660,2020,76366,1539
22700,2020,51909,2902
22780,2020,58426,3784
22800,2020,52463,1563
22820,2020,58468,3522
22840,2020,42267,2236
22860,2020,50267,1729
22900,2020,46424,1356
23060,2020,57693,1163
23140,2020,53750,2737
23180,2020,57673,3601
23240,2020,61445,4525
23300,2020,50466,2177
23340,2020,58439,3455
23380,2020,55245,1957
23420,2020,57109,929
23460,2020,44934,1643
23500,2020,37787,3294
23540,2020,47848,1550
23580,2020,63651,1909
23620,2020,62733,4416
23660,2020,44464,2327
23700,2020,36179,1784
23780,2020,58059,4182
23820,2020,71415,2713
23860,2020,52488,3472
23900,2020,68411,2608
23940,2020,76735,5423
23980,2020,41425,1630
24020,2020,62284,1681
24060,2020,77448,4057
24100,2020,51663,3298
24140,2020,47221,1774
24180,2020,71253,3923
24220,2020,55122,1876
24260,2020,57938,2256
24300,2020,57157,2612
24330,2020,55744,1908
24340,2020,66297,710
24380,2020,44731,3783
24420,2020,47733,2680
24460,2020,48863,2616
24500,2020,52049,1546
24540,2020,74332,1878
24580,2020,64951,1022
24620,2020,43150,1939
24660,2020,52233,834
24700,2020,60794,3064
24740,2020,32011,2443
24780,2020,49337,2248
24820,2020,54799,3077
24860,2020,57432,835
24900,2020,32190,2281
24940,2020,41081,2397
24980,2020,39952,4159
25020,2020,17040,879
25060,2020,51058,1229
25100,2020,50702,2568
25180,2020,64118,1367
25200,2020,63543,4662
25220,2020,48745,3904
25260,2020,61556,1585
25300,2020,54250,2232
25420,2020,67219,930
25460,2020,45558,2541
25500,2020,59261,2154
25540,2020,78631,827
25580,2020,56007,2476
25620,2020,48231,1232
25700,2020,57053,5321
25720,2020,97523,4883
25740,2020,66545,2912
25760,2020,33724,5950
25780,2020,41827,3252
25820,2020,49790,4707
25840,2020,57791,3221
25860,2020,49706,1052
25880,2020,51535,2031
25900,2020,65401,1919
25940,2020,67723,2279
25980,2020,50588,2274
26020,2020,61867,2788
26090,2020,65071,2384
26140,2020,45689,1264
26220,2020,72418,6739
26260,2020,44101,4619
26300,2020,48150,2999
26340,2020,45386,2095
26380,2020,53267,2838
26420,2020,69328,503
26460,2020,68750,2716
26500,2020,53597,3024
26540,2020,54286,2011
26580,2020,48085,1060
26620,2020,66450,1575
26660,2020,41508,1531
26700,2020,52978,3137
26740,2020,51520,1419
26780,2020,62885,3027
26820,2020,61877,1412
26860,2020,49270,1715
26900,2020,63545,601
26940,2020,31515,2323
26980,2020,63131,1943
27020,2020,51568,1910
27060,2020,61361,2094
27100,2020,54511,1702
27140,2020,53639,1045
27160,2020,48915,2839
27180,2020,48146,1841
27220,2020,83225,5665
27260,2020,63064,849
27300,2020,53688,3062
27340,2020,51560,1807
27380,2020,50199,3975
27420,2020,52815,4539
27460,2020,48315,1496
27500,2020,59519,2229
27530,2020,45833,2723
27540,2020,60994,3087
27580,2020,16003,3126
27600,2020,68307,3418
27620,2020,60586,1633
27660,2020,42716,6728
27700,2020,45773,3607
27740,2020,45970,1382
27780,2020,47644,1451
27860,2020,47610,1820
27900,2020,50244,1307
27940,2020,88077,3724
27980,2020,84363,2227
28020,2020,58836,1507
28060,2020,57763,3043
28100,2020,59370,2091
28140,2020,69240,604
28180,2020,82818,4855
28260,2020,63409,3693
28300,2020,64686,3146
28340,2020,58947,3102
28380,2020,38020,2215
28420,2020,70545,2026
28500,2020,57196,3400
28540,2020,74678,3876
28580,2020,72012,4580
28620,2020,65420,3161
28660,2020,55306,1446
28700,2020,46685,1131
28740,2020,65306,1764
28780,2020,47176,4712
28820,2020,39923,1963
28860,2020,42682,2900
28900,2020,48560,2641
28940,2020,56857,661
29020,2020,56387,2334
29060,2020,67328,4828
29100,2020,60165,1653
29180,2020,52827,1319
29200,2020,52826,1304
29260,2020,53940,3352
29300,2020,46062,1868
29340,2020,52986,2216
29380,2020,44818,3070
29420,2020,47686,1355
29460,2020,51535,861
29500,2020,40469,9069
29540,2020,69588,1188
29620,2020,60278,866
29660,2020,51362,3244
29700,2020,50296,1580
29740,2020,44024,2292
29780,2020,32141,2895
29820,2020,61048,519
29860,2020,41899,2003
29900,2020,35936,2492
29940,2020,61020,2649
29980,2020,43734,1949
30020,2020,52219,1528
30060,2020,46582,4112
30100,2020,64082,1442
30140,2020,61632,1999
30220,2020,47010,2775
30260,2020,56824,3355
30280,2020,55299,4747
30300,2020,55657,3432
30340,2020,55002,2003
30380,2020,52641,1778
30420,2020,57761,3769
30460,2020,60769,915
30580,2020,49395,3528
30620,2020,51892,2208
30660,2020,58122,2854
30700,2020,62883,1153
30780,2020,55983,911
30820,2020,51145,1426
30860,2020,60466,1995
30900,2020,49020,1851
30940,2020,36814,1538
30980,2020,53524,1439
31020,2020,58791,2882
31060,2020,119266,4427
31080,2020,76399,315
31140,2020,60891,553
31180,2020,53003,1541
31220,2020,51568,2713
31260,2020,49684,2450
31300,2020,35362,1375
31340,2020,56983,1786
31380,2020,43591,4551
31420,2020,46083,1500
31460,2020,61924,2695
31500,2020,51981,3322
31540,2020,73807,1081
31580,2020,47014,2608
31620,2020,37609,5385
31660,2020,52905,2050
31680,2020,46390,5226
31700,2020,82099,1260
31740,2020,54488,2531
31820,2020,58464,2459
31860,2020,63288,2136
31900,2020,49186,1862
31930,2020,51808,1903
31940,2020,51134,1576
31980,2020,46900,2256
32000,2020,47085,3260
32020,2020,49225,3075
32100,2020,54585,2263
32140,2020,57274,3147
32180,2020,47585,2975
32260,2020,58735,3536
32280,2020,41488,2731
32300,2020,38115,1969
32340,2020,46303,1565
32380,2020,56422,1484
32420,2020,15757,711
32460,2020,45614,2975
32500,2020,46241,5270
32540,2020,47511,2188
32580,2020,41846,974
32620,2020,32726,2666
32660,2020,42668,2310
32700,2020,59928,3386
32740,2020,51919,1847
32780,2020,56327,1899
32820,2020,53896,575
32860,2020,59588,4042
32900,2020,56330,1450
32940,2020,40698,2129
33020,2020,44699,2170
33060,2020,40662,1089
33100,2020,59030,490
33140,2020,57010,2189
33180,2020,28442,3544
33220,2020,64078,3509
33260,2020,82768,3822
33300,2020,43312,3013
33340,2020,63739,644
33380,2020,30324,1860
33420,2020,55986,2625
33460,2020,82887,510
33500,2020,68127,2063
33540,2020,56247,1842
33580,2020,49149,3111
33620,2020,50440,2365
33660,2020,49370,1279
33700,2020,62873,1328
33740,2020,43212,1940
33780,2020,65453,1699
33860,2020,54250,950
33940,2020,56051,3967
33980,2020,57871,2532
34020,2020,40218,1780
34060,2020,53681,1676
34100,2020,46798,1794
34140,2020,51312,2506
34180,2020,59165,3295
34220,2020,36799,2047
34260,2020,43504,2832
34300,2020,45656,2570
34340,2020,44979,3011
34350,2020,36250,3942
34380,2020,46783,1719
34420,2020,52732,3201
34460,2020,46271,4161
34500,2020,51662,2698
34540,2020,61590,2205
34580,2020,71021,1546
34620,2020,45910,1849
34660,2020,41841,2381
34700,2020,60435,3574
34740,2020,53478,1300
34780,2020,41633,1774
34820,2020,53832,1091
34860,2020,44507,2782
34900,2020,92219,2624
34940,2020,70217,2044
34980,2020,68406,620
35020,2020,31653,1705
35060,2020,30625,2574
35100,2020,52345,2084
35140,2020,46038,2700
35220,2020,51104,1891
35260,2020,50080,1725
35300,2020,71370,1130
35380,2020,54388,906
35420,2020,54451,2077
35440,2020,50775,2264
35460,2020,38530,3946
35580,2020,59804,2399
35620,2020,81951,316
35660,2020,52500,1560
35700,2020,41424,2990
35740,2020,54304,1818
35820,2020,59536,4326
35840,2020,62438,1005
35860,2020,61610,5229
35900,2020,44980,2049
35940,2020,55041,2233
35980,2020,75831,1832
36020,2020,70765,2180
36100,2020,46587,1434
36140,2020,72385,1989
36220,2020,63096,2438
36260,2020,78680,1310
36300,2020,52071,1420
36340,2020,51405,1384
36380,2020,46097,2842
36420,2020,60476,752
36460,2020,50700,1342
36500,2020,75867,1706
36540,2020,69439,762
36580,2020,56171,1720
36620,2020,48198,2013
36660,2020,40859,1666
36700,2020,36802,2453
36740,2020,61229,623
36780,2020,59947,1509
36820,2020,56417,3870
36830,2020,51601,4234
36837,2020,59448,1380
36840,2020,55873,3925
36900,2020,46433,3029
36940,2020,68172,4122
36980,2020,54946,2200
37060,2020,53318,3654
37100,2020,89295,1119
37120,2020,45644,3070
37140,2020,47811,2627
37220,2020,47308,4341
37260,2020,40068,1808
37300,2020,45847,2728
37340,2020,59359,1230
37420,2020,54957,5524
37460,2020,56483,1516
37500,2020,50083,3363
37540,2020,41037,2242
37580,2020,48036,2391
37620,2020,48369,2140
37660,2020,47922,3014
37740,2020,46907,3169
37770,2020,48708,8710
37780,2020,60532,14800
37800,2020,64136,2564
37860,2020,58759,1419
37900,2020,60094,945
37940,2020,50616,3214
37980,2020,74825,475
38060,2020,67068,362
38100,2020,51538,3301
38180,2020,69868,4668
38220,2020,41856,2250
38240,2020,63324,3507
38260,2020,42615,1948
38300,2020,61969,476
38340,2020,62166,2305
38380,2020,47500,3708
38420,2020,54144,1421
38460,2020,59510,2553
38500,2020,54207,2347
38540,2020,51914,2074
38580,2020,50529,3602
38620,2020,47456,2781
38660,2020,17827,636
38700,2020,58676,3014
38740,2020,41124,1927
38780,2020,42917,3311
38820,2020,55090,2777
38860,2020,72552,1234
38900,2020,77511,823
38920,2020,57170,6165
38940,2020,58039,1215
39020,2020,41866,2015
39060,2020,53703,1536
39100,2020,81331,1113
39150,2020,53329,1470
39220,2020,50328,1796
39260,2020,59000,5791
39300,2020,70676,794
39340,2020,76864,1004
39380,2020,49979,1415
39420,2020,42288,2674
39460,2020,52724,1452
39500,2020,53700,1859
39540,2020,62556,1946
39580,2020,78706,1253
39660,2020,59076,2206
39700,2020,37906,3817
39740,2020,66154,1336
39780,2020,48895,2550
39820,2020,57139,1761
39860,2020,69334,3951
39900,2020,68214,1893
39940,2020,48068,2840
39980,2020,47756,2027
40060,2020,71223,851
40080,2020,49162,2054
40100,2020,30931,2851
40140,2020,68331,496
40180,2020,54291,2723
40220,2020,57642,1191
40260,2020,37061,1794
40300,2020,63643,2156
40340,2020,76787,1152
40380,2020,61747,658
40420,2020,56899,1264
40460,2020,39051,3156
40530,2020,47924,8481
40540,2020,73384,6022
40580,2020,46482,1272
40620,2020,44987,2662
40660,2020,50657,3025
40700,2020,50031,1730
40740,2020,46254,2393
40760,2020,44939,3077
40780,2020,46373,2691
40820,2020,36496,3492
40860,2020,57176,2489
40900,2020,75533,568
40940,2020,55693,3071
40980,2020,49565,1241
41060,2020,64118,1568
41100,2020,61747,1832
41140,2020,53298,1557
41180,2020,65725,464
41220,2020,60594,4451
41260,2020,54961,2659
41400,2020,49407,2022
41420,2020,62539,1209
41460,2020,52287,1661
41500,2020,76943,1395
41540,2020,62799,1135
41620,2020,77102,910
41660,2020,57431,3313
41700,2020,61437,487
41740,2020,82426,734
41760,2020,51594,3114
41780,2020,58408,3150
41820,2020,52294,2710
41860,2020,110837,791
41900,2020,16682,677
41940,2020,129343,1198
41980,2020,23709,251
42020,2020,77948,1751
42100,2020,89986,2417
42140,2020,60668,2400
42180,2020,20000,1893
42200,2020,78925,1565
42220,2020,86173,1168
42300,2020,50454,1752
42340,2020,60851,1302
42380,2020,52375,1931
42420,2020,53147,2557
42460,2020,42578,2418
42500,2020,45123,3747
42540,2020,53853,847
42620,2020,44000,1849
42660,2020,90790,511
42680,2020,57945,2678
42700,2020,43708,1841
42740,2020,49315,1798
42780,2020,60227,2589
42820,2020,33317,1786
42860,2020,49691,2068
42900,2020,54865,2636
42940,2020,51734,2485
42980,2020,55097,3087
43020,2020,56121,2256
43060,2020,51150,1511
43100,2020,62101,1724
43140,2020,43512,1898
43180,2020,52973,3039
43220,2020,60565,2091
43260,2020,59380,4197
43300,2020,58296,2001
43320,2020,43140,2357
43340,2020,46610,1441
43380,2020,64522,3141
43420,2020,51505,1147
43460,2020,46310,1948
43500,2020,37453,3245
43580,2020,61399,1317
43620,2020,67713,1680
43660,2020,50277,6419
43700,2020,40658,3456
43740,2020,51255,1636
43760,2020,60509,4193
43780,2020,55101,1069
43900,2020,53757,1267
43940,2020,52146,3000
43980,2020,51259,4208
44020,2020,60975,4405
44060,2020,59656,823
44100,2020,62590,1730
44140,2020,61360,846
44180,2020,50496,900
44220,2020,51504,1436
44260,2020,40921,1994
44300,2020,61921,1857
44340,2020,48786,1980
44420,2020,58166,2156
44460,2020,76198,5621
44500,2020,55383,4591
44540,2020,49560,5566
44580,2020,57172,2612
44620,2020,60316,1841
44660,2020,42103,3432
44700,2020,68628,1259
44740,2020,54014,4120
44780,2020,53253,1392
44860,2020,54600,3530
44900,2020,37351,3864
44940,2020,45854,2118
44980,2020,49273,1714
45000,2020,56971,3441
45020,2020,43692,3580
45060,2020,61890,948
45140,2020,43378,3026
45180,2020,43969,2845
45220,2020,53423,1441
45300,2020,57097,479
45340,2020,41973,3403
45380,2020,52120,2169
45460,2020,50418,1197
45500,2020,49496,1789
45520,2020,54725,3260
45540,2020,59618,2930
45580,2020,39221,3569
45620,2020,47133,4452
45660,2020,52897,1780
45700,2020,44827,2949
45740,2020,46766,4424
45780,2020,53600,854
45820,2020,59815,1458
45860,2020,81590,3041
45900,2020,64466,1475
45940,2020,83306,1966
45980,2020,39218,3492
46020,2020,68333,3075
46060,2020,55023,785
46100,2020,50266,1839
46140,2020,57341,744
46180,2020,50132,1838
46220,2020,50871,1644
46300,2020,53944,1688
46340,2020,59450,2471
46380,2020,52915,2375
46420,2020,41117,2718
46460,2020,39985,2217
46500,2020,59909,2628
46520,2020,87722,1252
46540,2020,58983,1174
46620,2020,45936,5135
46660,2020,43859,1799
46700,2020,84638,1362
46780,2020,55991,2423
46820,2020,51447,7268
46860,2020,59428,5834
46900,2020,45121,3941
46980,2020,46909,1780
47020,2020,58629,2590
47080,2020,41607,2187
47180,2020,47394,3888
47220,2020,55709,2200
47240,2020,77318,11503
47260,2020,68454,753
47300,2020,52534,1235
47340,2020,56573,3670
47380,2020,49534,1408
47420,2020,59705,3168
47460,2020,60615,3240
47540,2020,66193,2596
47580,2020,63074,2132
47620,2020,52034,2272
47660,2020,56440,1769
47700,2020,62789,2254
47780,2020,53800,1962
47820,2020,48051,3675
47900,2020,106415,534
47920,2020,48637,3750
47940,2020,58996,1578
47980,2020,59849,2710
48020,2020,67167,2187
48060,2020,54726,1793
48100,2020,40165,3839
48140,2020,62237,1758
48180,2020,41363,4746
48220,2020,51351,2638
48260,2020,47525,1522
48300,2020,62894,2475
48460,2020,39482,2253
48500,2020,33209,3299
48540,2020,49928,1840
48580,2020,66034,1605
48620,2020,58333,937
48660,2020,51099,1914
48700,2020,54906,1628
48780,2020,79508,7533
48820,2020,64252,2357
48900,2020,57488,1758
48940,2020,54683,3219
48980,2020,44594,1669
49020,2020,69417,2136
49060,2020,50786,2035
49080,2020,66123,4707
49100,2020,60020,2523
49180,2020,52607,790
49220,2020,55684,1625
49260,2020,54746,4406
49300,2020,61424,1462
49340,2020,75705,1033
49380,2020,56000,3120
49420,2020,54917,1110
49460,2020,61878,4278
49500,2020,15754,739
49620,2020,68940,987
49660,2020,48020,812
49700,2020,61655,1903
49740,2020,48790,1981
49780,2020,48350,2007
49820,2020,32945,4100
10100,2021,64194,2992
10140,2021,53615,1957
10180,2021,57356,2033
10220,2021,55862,4035
10300,2021,60656,1641
10380,2021,17785,590
10420,2021,63331,711
10460,2021,46949,2707
10500,2021,49500,1671
10540,2021,63313,2179
10580,2021,77758,1003
10620,2021,56462,2585
10660,2021,59862,2833
10700,2021,52938,1990
10740,2021,58335,954
10760,2021,50417,2643
10780,2021,50005,2097
10820,2021,69069,3709
10860,2021,46641,5850
10900,2021,73091,1115
10940,2021,53347,2210
10980,2021,44864,1962
11020,2021,54368,1585
11060,2021,55551,3722
11100,2021,58878,1392
11140,2021,37669,2415
11180,2021,63814,1594
11220,2021,53533,2026
11260,2021,86252,1533
11380,2021,80518,12627
11420,2021,61698,3370
11460,2021,79198,1873
11500,2021,50977,1889
11540,2021,74044,1442
11580,2021,39945,2646
11620,2021,53227,1999
11640,2021,19752,710
11660,2021,45351,4449
11700,2021,58039,1408
11740,2021,58168,3129
11780,2021,49680,2517
11820,2021,61846,2651
11860,2021,52243,4758
11900,2021,47061,3372
11940,2021,51253,3252
11980,2021,51963,2229
12020,2021,52958,1720
12060,2021,75267,540
12100,2021,66473,1759
12120,2021,38464,2175
12140,2021,60757,3220
12180,2021,59602,3084
12220,2021,57191,3176
12260,2021,58093,1236
12300,2021,58097,2254
12380,2021,60386,2397
12420,2021,85398,783
12460,2021,45134,3898
12540,2021,58824,1190
12580,2021,87513,741
12620,2021,55125,1632
12660,2021,67702,1885
12680,2021,64354,4081
12700,2021,82619,2539
12740,2021,70128,3014
12780,2021,55216,2484
12860,2021,63734,3072
12900,2021,44655,2500
12940,2021,63270,1318
12980,2021,53286,1501
13020,2021,52510,2069
13060,2021,48566,5809
13100,2021,55000,2800
13140,2021,57899,1289
13180,2021,66403,1571
13220,2021,44466,2732
13260,2021,60041,3823
13300,2021,48822,4362
13340,2021,64196,3623
13380,2021,70011,2188
13420,2021,55910,2933
13460,2021,74082,1934
13500,2021,32136,2692
13540,2021,63448,3413
13620,2021,52054,2314
13660,2021,48440,2258
13700,2021,60260,3485
13720,2021,44131,4541
13740,2021,65788,1717
13780,2021,56621,1571
13820,2021,62873,807
13900,2021,75715,2564
13940,2021,63106,3538
13980,2021,57381,1828
14010,2021,70339,2143
14020,2021,54060,1809
14100,2021,57015,1960
14140,2021,43842,1942
14160,2021,62802,3825
14180,2021,45740,2670
14220,2021,39168,2966
14260,2021,69801,1233
14300,2021,59686,3836
14380,2021,48786,3859
14420,2021,57288,3695
14460,2021,99039,596
14500,2021,92466,2254
14540,2021,54850,1710
14580,2021,76208,2868
14620,2021,52350,2450
14660,2021,59647,1399
14700,2021,51031,2955
14720,2021,93505,6657
14740,2021,84600,2221
14780,2021,65913,6586
14820,2021,57830,5241
14860,2021,101194,1352
15020,2021,43926,2397
15060,2021,57553,3647
15100,2021,59178,2665
15140,2021,39952,5016
15180,2021,43057,1642
15220,2021,49232,3849
15260,2021,55778,3316
15340,2021,48449,2276
15380,2021,62282,736
15420,2021,56688,2402
15460,2021,55033,2369
15500,2021,55078,1796
15540,2021,79246,2168
15580,2021,50331,3538
15620,2021,53103,2312
15660,2021,50520,2054
15680,2021,102859,4430
15700,2021,55652,3923
15740,2021,48434,3027
15780,2021,46040,6298
15820,2021,49467,2716
15860,2021,53411,2748
15940,2021,58001,941
15980,2021,63235,827
16020,2021,57051,3487
16060,2021,49067,1631
16100,2021,67759,4458
16140,2021,61157,2852
16180,2021,62217,2154
16220,2021,64100,2505
16260,2021,56308,3573
16300,2021,70210,1049
16340,2021,48958,3083
16380,2021,68692,3029
16420,2021,46124,3972
16460,2021,53209,2079
16500,2021,60581,2289
16540,2021,66329,1613
16580,2021,58102,1878
16620,2021,49832,1357
16660,2021,51419,1973
16700,2021,70275,1120
16740,2021,69559,587
16820,2021,79660,2262
16860,2021,58277,1241
16940,2021,71550,2501
16980,2021,78790,424
17020,2021,59863,1989
17060,2021,54004,2587
17140,2021,70308,700
17220,2021,54245,2014
17260,2021,31312,3899
17300,2021,57963,1415
17340,2021,53399,2483
17380,2021,33729,2703
17420,2021,54845,2223
17460,2021,61320,475
17500,2021,38843,3523
17540,2021,56345,2149
17580,2021,51199,3386
17620,2021,19267,2335
17640,2021,18563,1777
17660,2021,64936,2334
17700,2021,47697,4342
17740,2021,56077,1791
17780,2021,53541,1175
17820,2021,75641,835
17860,2021,61901,1753
17900,2021,58992,1106
17980,2021,51694,1447
18020,2021,71183,3352
18060,2021,49660,3000
18100,2021,64105,2701
18140,2021,71020,744
18180,2021,82457,1860
18220,2021,48101,3580
18260,2021,46922,1703
18300,2021,52548,3145
18380,2021,41605,5317
18420,2021,44068,2636
18460,2021,56680,5574
18500,2021,58652,1727
18580,2021,59483,1439
18620,2021,50466,3828
18660,2021,62163,3876
18700,2021,68732,2689
18740,2021,49297,3934
18780,2021,58583,4509
18820,2021,58311,4233
18860,2021,53280,5046
18880,2021,67623,2091
18900,2021,52630,2557
18980,2021,52690,2074
19000,2021,48133,2227
19060,2021,52738,1923
19100,2021,76916,464
19140,2021,52898,1780
19180,2021,49063,2268
19220,2021,50520,2676
19260,2021,43931,1678
19300,2021,64346,2377
19340,2021,63282,1022
19420,2021,48872,2728
19430,2021,61763,1009
19460,2021,55232,1806
19500,2021,55954,2566
19540,2021,56037,2984
19580,2021,65779,2393
19620,2021,51949,4270
19660,2021,57791,960
19700,2021,33914,3606
19740,2021,88512,643
19760,2021,57130,4205
19780,2021,75134,1046
19820,2021,66878,416
19860,2021,70391,3061
19940,2021,62250,2685
19980,2021,59578,7502
20020,2021,49336,1324
20060,2021,43614,1983
20100,2021,63715,1759
20140,2021,42382,1964
20180,2021,52826,1729
20220,2021,68198,2351
20260,2021,62184,1146
20300,2021,55543,3786
20340,2021,53470,2321
20420,2021,75089,3486
20460,2021,49225,3493
20500,2021,68913,1650
20540,2021,50245,4301
20580,2021,44502,6144
20660,2021,79349,4240
20700,2021,72679,2655
20740,2021,64112,1221
20780,2021,91338,4058
20820,2021,65590,2935
20900,2021,53963,3180
20940,2021,49078,2530
20980,2021,46444,3923
21020,2021,54867,2957
21060,2021,59781,2366
21120,2021,50365,7231
21140,2021,61182,1636
21180,2021,47343,4669
21220,2021,82199,4590
21260,2021,64134,3881
21300,2021,58175,2144
21340,2021,50849,911
21380,2021,52274,2262
21420,2021,60732,2693
21460,2021,59034,3382
21500,2021,55949,1261
21540,2021,51117,3339
21580,2021,46994,3543
21640,2021,35907,2876
21660,2021,59016,1426
21700,2021,53350,2424
21740,2021,75106,5621
21780,2021,59134,1205
21820,2021,78321,3174
21840,2021,47950,4468
21860,2021,57002,6884
21900,2021,55094,2250
21980,2021,61776,5837
22020,2021,68560,1529
22060,2021,71384,2504
22100,2021,50015,2863
22140,2021,47485,2423
22180,2021,52835,849
22220,2021,66565,1273
22260,2021,63587,1670
22280,2021,63952,2668
22300,2021,60828,2404
22340,2021,34455,4971
22380,2021,61888,1657
22420,2021,54052,1011
22500,2021,48328,1771
22520,2021,50942,2128
22540,2021,66390,2064
22580,2021,45500,2080
22620,2021,34981,3619
22660,2021,80664,1574
22700,2021,56934,2977
22780,2021,59252,3774
22800,2021,54594,1815
22820,2021,62914,4401
22840,2021,44037,2276
22860,2021,53215,1909
22900,2021,48903,1766
23060,2021,62031,1262
23140,2021,55582,2678
23180,2021,59631,3730
23240,2021,64438,4849
23300,2021,53806,2269
23340,2021,60962,2999
23380,2021,56414,3412
23420,2021,61276,1031
23460,2021,46984,1870
23500,2021,41330,2439
23540,2021,51755,1230
23580,2021,67571,2999
23620,2021,63338,4135
23660,2021,45994,2559
23700,2021,40262,2816
23780,2021,61380,3824
23820,2021,75688,3772
23860,2021,55719,3290
23900,2021,72492,2312
23940,2021,83480,3406
23980,2021,44017,1488
24020,2021,66325,1816
24060,2021,82890,3967
24100,2021,55240,1769
24140,2021,49488,2114
24180,2021,75851,3403
24220,2021,58338,2621
24260,2021,60622,1990
24300,2021,62127,2136
24330,2021,58393,2539
24340,2021,70347,763
24380,2021,47300,9399
24420,2021,51733,3291
24460,2021,50077,2391
24500,2021,56377,2240
24540,2021,80843,1732
24580,2021,68952,1193
24620,2021,47361,3365
24660,2021,55544,1098
24700,2021,65000,3736
24740,2021,34399,1970
24780,2021,50422,2325
24820,2021,57440,2574
24860,2021,60544,1064
24900,2021,33429,3771
24940,2021,44513,2263
24980,2021,40808,4147
25020,2021,17065,1132
25060,2021,53528,1395
25100,2021,50781,4418
25180,2021,67192,1318
25200,2021,70866,6068
25220,2021,50659,3172
25260,2021,63267,1900
25300,2021,57072,2858
25420,2021,71285,1047
25460,2021,47989,2206
25500,2021,61669,2030
25540,2021,82359,914
25580,2021,57783,3633
25620,2021,51454,1389
25700,2021,54858,7056
25720,2021,104505,3908
25740,2021,66862,2683
25760,2021,32235,5634
25780,2021,45243,5012
25820,2021,49611,3405
25840,2021,62979,3118
25860,2021,53163,1285
25880,2021,54110,1727
25900,2021,68399,1980
25940,2021,70369,2528
25980,2021,50966,2268
26020,2021,62319,3771
26090,2021,70269,2215
26140,2021,48664,1580
26220,2021,77815,6210
26260,2021,43171,2286
26300,2021,49985,2983
26340,2021,48906,1835
26380,2021,58260,2505
26420,2021,72551,578
26460,2021,73065,3068
26500,2021,57055,2479
26540,2021,56705,2296
26580,2021,50739,1129
26620,2021,71057,1672
26660,2021,44104,1820
26700,2021,56797,3652
26740,2021,53359,1806
26780,2021,67067,4052
26820,2021,65307,1833
26860,2021,52546,1884
26900,2021,67330,583
26940,2021,32608,3031
26980,2021,67357,1912
27020,2021,54528,1979
27060,2021,64260,2393
27100,2021,57746,1798
27140,2021,56205,888
27160,2021,50983,3643
27180,2021,51304,1995
27220,2021,87143,6302
27260,2021,66664,1045
27300,2021,56084,3319
27340,2021,54732,2443
27380,2021,54222,2953
27420,2021,54652,5137
27460,2021,50408,1701
27500,2021,65518,1314
27530,2021,47442,4101
27540,2021,63739,3658
27580,2021,16780,2300
27600,2021,73455,3843
27620,2021,64135,1231
27660,2021,45578,6003
27700,2021,45115,6677
27740,2021,49278,1450
27780,2021,51018,1454
27860,2021,49745,2269
27900,2021,53137,1227
27940,2021,90126,5629
27980,2021,88249,3778
28020,2021,61739,1457
28060,2021,63582,2226
28100,2021,61664,2325
28140,2021,73299,660
28180,2021,86287,6253
28260,2021,66218,2263
28300,2021,69360,3130
28340,2021,63292,2543
28380,2021,42194,3051
28420,2021,75505,1543
28500,2021,62204,2711
28540,2021,77820,3365
28580,2021,73153,3602
28620,2021,69500,2936
28660,2021,58426,1191
28700,2021,49392,1351
28740,2021,71040,2664
28780,2021,49911,3699
28820,2021,41092,1805
28860,2021,47237,3651
28900,2021,50790,3271
28940,2021,60862,970
29020,2021,59238,2526
29060,2021,75035,4759
29100,2021,62756,1855
29180,2021,55539,1326
29200,2021,54490,1580
29260,2021,55227,3008
29300,2021,48743,1924
29340,2021,59828,3002
29380,2021,47750,2464
29420,2021,49738,1355
29460,2021,55099,846
29500,2021,42778,7931
29540,2021,73688,1394
29620,2021,63591,1000
29660,2021,50733,3070
29700,2021,54618,1567
29740,2021,47151,2190
29780,2021,36538,3997
29820,2021,64210,574
29860,2021,42988,1852
29900,2021,39866,2523
29940,2021,62594,2534
29980,2021,45721,1511
30020,2021,54494,1656
30060,2021,46968,3480
30100,2021,67956,1597
30140,2021,66164,1918
30220,2021,49241,2594
30260,2021,61807,3913
30280,2021,60036,4785
30300,2021,60044,4097
30340,2021,59287,2177
30380,2021,54738,1752
30420,2021,59292,3196
30460,2021,63360,1088
30580,2021,51809,4531
30620,2021,55114,2060
30660,2021,59809,2905
30700,2021,65508,1116
30780,2021,58441,1030
30820,2021,53792,2297
30860,2021,64498,2167
30900,2021,51776,2218
30940,2021,40250,1661
30980,2021,57111,1679
31020,2021,64506,2695
31060,2021,123677,6431
31080,2021,81652,366
31140,2021,64533,727
31180,2021,56167,1841
31220,2021,55035,1875
31260,2021,52377,3075
31300,2021,36736,1263
31340,2021,60217,1316
31380,2021,45704,3619
31420,2021,49619,1832
31460,2021,66709,2541
31500,2021,53784,4094
31540,2021,77519,1021
31580,2021,49495,2850
31620,2021,41115,3843
31660,2021,55279,2310
31680,2021,46724,4035
31700,2021,86930,1682
31740,2021,57804,1959
31820,2021,61454,2454
31860,2021,67860,2385
31900,2021,52605,1831
31930,2021,54167,2971
31940,2021,54659,1488
31980,2021,50009,2241
32000,2021,50615,3279
32020,2021,51144,3455
32100,2021,57981,2151
32140,2021,62388,2637
32180,2021,49705,4601
32260,2021,63591,3508
32280,2021,43773,3091
32300,2021,40299,1887
32340,2021,47669,2296
32380,2021,58753,1504
32420,2021,16456,674
32460,2021,48187,3110
32500,2021,48106,5020
32540,2021,49669,2070
32580,2021,44666,1239
32620,2021,36308,2399
32660,2021,46189,2761
32700,2021,63816,2849
32740,2021,55042,1669
32780,2021,61020,1772
32820,2021,56926,741
32860,2021,64420,2278
32900,2021,58861,1698
32940,2021,41858,3060
33020,2021,47178,2588
33060,2021,42311,1133
33100,2021,62870,422
33140,2021,60226,2501
33180,2021,32123,4632
33220,2021,67642,1930
33260,2021,87812,3381
33300,2021,47737,3495
33340,2021,67448,679
33380,2021,31197,1989
33420,2021,59796,3248
33460,2021,87397,540
33500,2021,72118,2055
33540,2021,61423,2067
33580,2021,52841,3880
33620,2021,51403,2418
33660,2021,51010,1047
33700,2021,68368,1506
33740,2021,43952,1918
33780,2021,68006,1860
33860,2021,56356,1157
33940,2021,58551,4124
33980,2021,61805,2094
34020,2021,43097,1852
34060,2021,56312,1795
34100,2021,48464,2149
34140,2021,56673,2665
34180,2021,63566,2306
34220,2021,41623,3954
34260,2021,43530,2018
34300,2021,48475,2914
34340,2021,50881,2487
34350,2021,38493,4023
34380,2021,48840,1885
34420,2021,52546,3163
34460,2021,47442,3065
34500,2021,54692,2216
34540,2021,64439,2153
34580,2021,75308,1743
34620,2021,49321,1903
34660,2021,44534,3886
34700,2021,61547,3144
34740,2021,57047,1016
34780,2021,44166,1907
34820,2021,57489,1222
34860,2021,47306,3383
34900,2021,97498,3817
34940,2021,75543,2266
34980,2021,72537,612
35020,2021,34483,3219
35060,2021,33965,3881
35100,2021,54743,2275
35140,2021,50950,4069
35220,2021,54154,1845
35260,2021,53106,2256
35300,2021,75043,1069
35380,2021,57656,748
35420,2021,57545,2241
35440,2021,54961,2226
35460,2021,41558,3605
35580,2021,62999,2334
35620,2021,86445,389
35660,2021,55893,1678
35700,2021,45089,3117
35740,2021,57808,2809
35820,2021,61133,4606
35840,2021,67508,965
35860,2021,63612,5537
35900,2021,46079,2450
35940,2021,59049,2104
35980,2021,79040,1703
36020,2021,75628,2246
36100,2021,50808,1465
36140,2021,76237,2787
36220,2021,64975,2339
36260,2021,82990,1032
36300,2021,54351,1681
36340,2021,55899,1559
36380,2021,47020,3178
36420,2021,63351,684
36460,2021,53537,1681
36500,2021,81501,1570
36540,2021,73757,834
36580,2021,60523,2353
36620,2021,52486,2966
36660,2021,41068,2550
36700,2021,38052,1815
36740,2021,65086,626
36780,2021,63938,1318
36820,2021,60617,4002
36830,2021,54573,4597
36837,2021,62152,1272
36840,2021,63996,4562
36900,2021,51222,2529
36940,2021,73468,3680
36980,2021,58036,2545
37060,2021,54720,2688
37100,2021,94150,1310
37120,2021,50052,2907
37140,2021,53891,2007
37220,2021,52570,3607
37260,2021,39975,2123
37300,2021,49736,4060
37340,2021,63632,1363
37420,2021,51885,6605
37460,2021,60473,1830
37500,2021,51367,2949
37540,2021,43444,1986
37580,2021,51561,3131
37620,2021,50142,1879
37660,2021,51425,2535
37740,2021,51406,3633
37770,2021,58456,10619
37780,2021,53448,12870
37800,2021,66822,2331
37860,2021,63860,1077
37900,2021,62684,819
37940,2021,53762,2582
37980,2021,79070,454
38060,2021,72211,483
38100,2021,53855,2140
38180,2021,77416,5204
38220,2021,44756,1573
38240,2021,67440,2983
38260,2021,45191,2684
38300,2021,65894,516
38340,2021,63159,2188
38380,2021,48649,3715
38420,2021,58289,2069
38460,2021,62470,2472
38500,2021,58296,3470
38540,2021,56190,2612
38580,2021,50489,3571
38620,2021,50391,2318
38660,2021,18439,588
38700,2021,61419,2501
38740,2021,43756,2179
38780,2021,47897,5495
38820,2021,60044,2571
38860,2021,77759,1111
38900,2021,82901,653
38920,2021,61887,9517
38940,2021,62757,1551
39020,2021,43266,2121
39060,2021,57785,1587
39100,2021,86326,1592
39150,2021,56170,1530
39220,2021,51725,2456
39260,2021,64820,4609
39300,2021,74422,881
39340,2021,82742,932
39380,2021,53430,1537
39420,2021,43613,3334
39460,2021,57887,1415
39500,2021,56895,2020
39540,2021,67224,2069
39580,2021,83581,964
39660,2021,63266,1606
39700,2021,39401,5032
39740,2021,69272,1108
39780,2021,52901,3393
39820,2021,61937,2140
39860,2021,71414,3545
39900,2021,74216,1457
39940,2021,55621,2327
39980,2021,49952,2218
40060,2021,74592,897
40080,2021,52555,1789
40100,2021,33334,3181
40140,2021,73424,511
40180,2021,57887,3338
40220,2021,60907,1400
40260,2021,38350,1922
40300,2021,67534,2878
40340,2021,80865,1716
40380,2021,65812,682
40420,2021,59559,1133
40460,2021,38926,4126
40530,2021,51509,11294
40540,2021,76668,4403
40580,2021,49369,1964
40620,2021,48124,2592
40660,2021,52388,3499
40700,2021,52479,1642
40740,2021,47620,3276
40760,2021,47247,3541
40780,2021,48154,1785
40820,2021,38458,3327
40860,2021,59751,2133
40900,2021,81264,635
40940,2021,57105,3762
40980,2021,52749,1222
41060,2021,67555,1548
41100,2021,65040,2332
41140,2021,55966,1697
41180,2021,69635,528
41220,2021,61636,4778
41260,2021,57551,2956
41400,2021,51664,1824
41420,2021,65881,1406
41460,2021,55431,2403
41500,2021,82013,1767
41540,2021,66491,1209
41620,2021,82506,893
41660,2021,61456,3878
41700,2021,65355,614
41740,2021,88240,741
41760,2021,55206,3275
41780,2021,60149,2572
41820,2021,57674,2617
41860,2021,118547,1027
41900,2021,17614,749
41940,2021,138370,1373
41980,2021,24755,256
42020,2021,82514,2487
42100,2021,96093,2903
42140,2021,64423,2450
42180,2021,20784,1664
42200,2021,84356,1598
42220,2021,91607,1792
42300,2021,53079,1590
42340,2021,64703,1476
42380,2021,54383,1659
42420,2021,56265,2926
42460,2021,43785,1904
42500,2021,45794,2015
42540,2021,57568,1056
42620,2021,46345,2390
42660,2021,97675,648
42680,2021,61594,1720
42700,2021,46895,2297
42740,2021,51936,2439
42780,2021,62951,2505
42820,2021,34957,2379
42860,2021,52842,2293
42900,2021,59086,3167
42940,2021,54363,2671
42980,2021,59504,2970
43020,2021,59228,2862
43060,2021,54896,1583
43100,2021,65352,1508
43140,2021,45646,1866
43180,2021,55354,2944
43220,2021,66325,5127
43260,2021,62531,5074
43300,2021,62078,2283
43320,2021,46126,1874
43340,2021,47729,1626
43380,2021,66536,3722
43420,2021,55077,1773
43460,2021,50556,3613
43500,2021,39429,3663
43580,2021,64438,1829
43620,2021,72547,1406
43660,2021,53376,7726
43700,2021,42652,3731
43740,2021,54332,1363
43760,2021,66846,6779
43780,2021,58996,1252
43900,2021,57627,1572
43940,2021,56166,5012
43980,2021,52307,5309
44020,2021,65215,3703
44060,2021,63524,1091
44100,2021,66999,1663
44140,2021,64659,906
44180,2021,53827,681
44220,2021,54869,1474
44260,2021,42946,2759
44300,2021,64995,2522
44340,2021,50583,1938
44420,2021,61397,2103
44460,2021,83725,5755
44500,2021,56691,3134
44540,2021,50998,4444
44580,2021,59812,3300
44620,2021,65550,1760
44660,2021,43686,2570
44700,2021,74962,1145
44740,2021,53645,5302
44780,2021,57080,2074
44860,2021,57745,3015
44900,2021,37946,3361
44940,2021,48423,1678
44980,2021,51005,1618
45000,2021,59292,5190
45020,2021,44700,4596
45060,2021,65112,903
45140,2021,47421,3598
45180,2021,45400,2867
45220,2021,56304,1612
45300,2021,61121,482
45340,2021,49481,6351
45380,2021,53188,2527
45460,2021,51531,1244
45500,2021,52262,2054
45520,2021,57853,3761
45540,2021,63323,2738
45580,2021,43257,3269
45620,2021,52315,3150
45660,2021,56043,2315
45700,2021,46245,4351
45740,2021,50194,4430
45780,2021,57312,1027
45820,2021,61574,1581
45860,2021,84797,2786
45900,2021,67769,1821
45940,2021,85687,2147
45980,2021,40106,4007
46020,2021,74617,3763
46060,2021,59215,923
46100,2021,53337,2959
46140,2021,60866,670
46180,2021,55837,1679
46220,2021,54449,1966
46300,2021,57953,2193
46340,2021,62518,2257
46380,2021,56378,1858
46420,2021,40048,3273
46460,2021,45606,2477
46500,2021,62865,2270
46520,2021,92600,1155
46540,2021,61452,1422
46620,2021,51602,5989
46660,2021,46092,2431
46700,2021,89648,1708
46780,2021,59210,3063
46820,2021,56077,7938
46860,2021,61293,5921
46900,2021,45262,6940
46980,2021,50686,2502
47020,2021,60419,2399
47080,2021,43636,3568
47180,2021,51784,4601
47220,2021,58397,1882
47240,2021,77392,13934
47260,2021,71612,811
47300,2021,57394,1402
47340,2021,59611,3554
47380,2021,52836,1522
47420,2021,61322,3604
47460,2021,63686,3699
47540,2021,69315,2558
47580,2021,67027,2570
47620,2021,55796,2486
47660,2021,59952,2587
47700,2021,66764,2871
47780,2021,57083,3884
47820,2021,51894,2948
47900,2021,111252,555
47920,2021,52964,2553
47940,2021,61632,1639
47980,2021,63268,2424
48020,2021,71735,2799
48060,2021,58271,2276
48100,2021,41395,5733
48140,2021,66703,1648
48180,2021,43495,4326
48220,2021,55074,4816
48260,2021,50495,1717
48300,2021,66663,3013
48460,2021,43200,2591
48500,2021,35638,3040
48540,2021,53169,1874
48580,2021,69382,1940
48620,2021,61445,858
48660,2021,55051,1706
48700,2021,58177,2450
48780,2021,80142,8084
48820,2021,67798,3331
48900,2021,63036,1877
48940,2021,57409,3729
48980,2021,47348,1862
49020,2021,72904,2857
49060,2021,51732,2374
49080,2021,70315,4683
49100,2021,61753,3674
49180,2021,55454,994
49220,2021,57996,1923
49260,2021,55165,4681
49300,2021,64594,2161
49340,2021,80333,989
49380,2021,57101,4117
49420,2021,58380,1842
49460,2021,67052,4589
49500,2021,16749,744
49620,2021,72543,1131
49660,2021,50966,804
49700,2021,65113,1918
49740,2021,52563,1436
49780,2021,52224,1990
49820,2021,34406,3990
10100,2022,70693,2952
10140,2022,59105,2791
10180,2022,61924,2110
10220,2022,59457,3645
10300,2022,65484,1751
10380,2022,19455,530
10420,2022,68647,775
10460,2022,50833,2899
10500,2022,53173,2465
10540,2022,69523,2648
10580,2022,83360,1150
10620,2022,60634,2906
10660,2022,65679,2178
10700,2022,58272,2006
10740,2022,63971,1011
10760,2022,53054,2593
10780,2022,55650,1899
10820,2022,72472,4761
10860,2022,46922,5879
10900,2022,78597,973
10940,2022,57934,2238
10980,2022,49133,2119
11020,2022,59386,2058
11060,2022,60954,4606
11100,2022,64147,1186
11140,2022,39867,2705
11180,2022,68107,1574
11220,2022,58033,2108
11260,2022,93016,2117
11380,2022,86458,16116
11420,2022,68837,3230
11460,2022,84245,2357
11500,2022,54339,2221
11540,2022,79958,1476
11580,2022,45000,2941
11620,2022,56968,1833
11640,2022,22368,870
11660,2022,48071,5734
11700,2022,64538,1574
11740,2022,62254,2954
11780,2022,53663,2186
11820,2022,68025,3203
11860,2022,55281,4814
11900,2022,48750,3695
11940,2022,57982,5006
11980,2022,59778,2599
12020,2022,59130,1485
12060,2022,82625,569
12100,2022,73113,1917
12120,2022,41153,2502
12140,2022,68110,4173
12180,2022,63227,2736
12220,2022,59288,2943
12260,2022,62941,1507
12300,2022,62118,1971
12380,2022,66972,3831
12420,2022,92939,756
12460,2022,47383,5797
12540,2022,63883,1325
12580,2022,94167,740
12620,2022,59438,1637
12660,2022,72930,2091
12680,2022,66212,2681
12700,2022,90447,2270
12740,2022,77278,2901
12780,2022,59426,2550
12860,2022,68178,3117
12900,2022,48875,2682
12940,2022,67979,1123
12980,2022,58191,1531
13020,2022,57887,2395
13060,2022,56412,3540
13100,2022,60035,4191
13140,2022,62427,1494
13180,2022,71747,1661
13220,2022,48859,3519
13260,2022,64210,3797
13300,2022,50283,5028
13340,2022,69125,3303
13380,2022,77581,2536
13420,2022,62173,3292
13460,2022,82042,2944
13500,2022,34275,3166
13540,2022,68558,2903
13620,2022,55247,3519
13660,2022,54132,3181
13700,2022,67243,4393
13720,2022,46680,3001
13740,2022,72377,2420
13780,2022,61271,1828
13820,2022,68329,904
13900,2022,81846,2398
13940,2022,69433,4024
13980,2022,62017,2250
14010,2022,75356,2591
14020,2022,59998,2242
14100,2022,61559,2033
14140,2022,47294,1818
14160,2022,68074,3789
14180,2022,50012,4432
14220,2022,41803,3193
14260,2022,78138,1191
14300,2022,65835,4008
14380,2022,50034,4190
14420,2022,62211,4695
14460,2022,107117,644
14500,2022,99770,2277
14540,2022,60914,2080
14580,2022,83434,2988
14620,2022,57861,2748
14660,2022,64975,1557
14700,2022,54467,3157
14720,2022,100611,8401
14740,2022,93675,2257
14780,2022,70043,6589
14820,2022,62056,4310
14860,2022,107351,1610
15020,2022,47069,3673
15060,2022,64300,5381
15100,2022,64438,3539
15140,2022,44890,5609
15180,2022,47435,1616
15220,2022,53792,2553
15260,2022,60777,3220
15340,2022,52486,2180
15380,2022,67638,756
15420,2022,63555,1636
15460,2022,58890,2714
15500,2022,60866,2024
15540,2022,86183,2604
15580,2022,56297,2474
15620,2022,58374,2645
15660,2022,57555,3290
15680,2022,113668,4210
15700,2022,57490,3045
15740,2022,53901,4161
15780,2022,50152,5843
15820,2022,56136,4456
15860,2022,56165,3295
15940,2022,62859,1133
15980,2022,69368,834
16020,2022,62671,3697
16060,2022,53747,1917
16100,2022,77458,3025
16140,2022,68041,2371
16180,2022,67465,2052
16220,2022,69104,3149
16260,2022,63005,4390
16300,2022,75477,1203
16340,2022,51956,4304
16380,2022,73278,3276
16420,2022,50935,4071
16460,2022,59099,2310
16500,2022,67247,2762
16540,2022,71808,2153
16580,2022,62281,1641
16620,2022,54473,1301
16660,2022,56476,1867
16700,2022,77460,1291
16740,2022,76177,772
16820,2022,86188,2305
16860,2022,65387,1535
16940,2022,76282,2658
16980,2022,85087,395
17020,2022,66085,2261
17060,2022,58048,2381
17140,2022,76247,696
17220,2022,55838,1820
17260,2022,36075,2567
17300,2022,62188,1443
17340,2022,56259,2439
17380,2022,37845,3176
17420,2022,60001,2206
17460,2022,66481,605
17500,2022,49259,4850
17540,2022,61080,2438
17580,2022,55427,3635
17620,2022,20569,2208
17640,2022,20123,1942
17660,2022,71949,2241
17700,2022,51513,2424
17740,2022,60600,2282
17780,2022,58659,1640
17820,2022,82334,1198
17860,2022,65863,1668
17900,2022,63471,1025
17980,2022,55720,1646
18020,2022,76912,3813
18060,2022,53687,2264
18100,2022,69943,4198
18140,2022,76541,730
18180,2022,88806,2398
18220,2022,52219,4087
18260,2022,52638,2161
18300,2022,57563,3261
18380,2022,47463,9876
18420,2022,47716,4160
18460,2022,61292,4909
18500,2022,62506,1793
18580,2022,64005,1313
18620,2022,56261,4330
18660,2022,65029,2872
18700,2022,72882,3355
18740,2022,52048,3051
18780,2022,63983,5415
18820,2022,62937,5863
18860,2022,61149,4376
18880,2022,74279,2128
18900,2022,56002,2777
18980,2022,58119,2269
19000,2022,51758,3116
19060,2022,57539,1739
19100,2022,83398,507
19140,2022,60017,2907
19180,2022,52787,1819
19220,2022,53228,2376
19260,2022,46853,2028
19300,2022,71039,2374
19340,2022,68395,1111
19420,2022,55568,2205
19430,2022,67088,894
19460,2022,60036,2168
19500,2022,59622,2177
19540,2022,61731,3337
19580,2022,69302,3324
19620,2022,57250,4587
19660,2022,64197,1111
19700,2022,38241,5121
19740,2022,96920,813
19760,2022,68525,6225
19780,2022,81103,1080
19820,2022,72456,447
19860,2022,78608,3260
19940,2022,64588,2939
19980,2022,67997,6667
20020,2022,54171,1333
20060,2022,46936,3923
20100,2022,69278,1968
20140,2022,46411,2927
20180,2022,56982,1591
20220,2022,73495,2421
20260,2022,67612,1273
20300,2022,59041,3865
20340,2022,57065,2454
20420,2022,81936,2984
20460,2022,54289,3433
20500,2022,76040,1419
20540,2022,53150,2728
20580,2022,48497,4896
20660,2022,81667,4291
20700,2022,80656,2560
20740,2022,70009,1727
20780,2022,98887,4834
20820,2022,73181,3811
20900,2022,59712,4083
20940,2022,53847,2214
20980,2022,49745,5298
21020,2022,60668,4344
21060,2022,64111,2442
21120,2022,51499,5808
21140,2022,63978,2412
21180,2022,51186,4366
21220,2022,87631,4097
21260,2022,66800,3005
21300,2022,61358,2475
21340,2022,55344,1051
21380,2022,56068,2680
21420,2022,64165,2469
21460,2022,62199,3570
21500,2022,59396,1515
21540,2022,53852,3409
21580,2022,52031,4182
21640,2022,39599,3202
21660,2022,65157,1401
21700,2022,57881,2131
21740,2022,78164,6724
21780,2022,64084,1371
21820,2022,81655,4690
21840,2022,52210,5023
21860,2022,61674,4915
21900,2022,59974,2364
21980,2022,69922,7313
22020,2022,73641,2115
22060,2022,78214,3088
22100,2022,53083,3501
22140,2022,50734,2213
22180,2022,57488,944
22220,2022,73316,1025
22260,2022,67990,2597
22280,2022,70026,3491
22300,2022,67006,3050
22340,2022,38255,4097
22380,2022,67266,1828
22420,2022,58594,1313
22500,2022,52401,1820
22520,2022,56113,2328
22540,2022,70368,2178
22580,2022,50512,3085
22620,2022,39822,3288
22660,2022,87199,2139
22700,2022,65335,3112
22780,2022,62541,4332
22800,2022,58590,1768
22820,2022,70471,3883
22840,2022,47920,2836
22860,2022,56547,2244
22900,2022,53224,1752
23060,2022,66758,1290
23140,2022,59515,2762
23180,2022,64669,3575
23240,2022,70162,5719
23300,2022,57527,2369
23340,2022,66793,6453
23380,2022,60814,3063
23420,2022,67756,967
23460,2022,52177,1922
23500,2022,47011,2783
23540,2022,56638,1160
23580,2022,74153,2650
23620,2022,66374,5551
23660,2022,50263,3338
23700,2022,44029,2840
23780,2022,68481,3826
23820,2022,84262,4442
23860,2022,59782,4565
23900,2022,78975,3334
23940,2022,88151,4229
23980,2022,47855,2245
24020,2022,71380,2231
24060,2022,86831,5308
24100,2022,60557,2646
24140,2022,54323,2745
24180,2022,80013,3773
24220,2022,65971,2227
24260,2022,63314,3915
24300,2022,68077,2075
24330,2022,63962,2918
24340,2022,76898,951
24380,2022,49866,7183
24420,2022,56068,2989
24460,2022,54634,2015
24500,2022,61351,2847
24540,2022,89182,1677
24580,2022,74208,1207
24620,2022,51975,3691
24660,2022,59567,1057
24700,2022,71566,3961
24740,2022,38394,4280
24780,2022,54915,2627
24820,2022,60237,3901
24860,2022,66226,967
24900,2022,35452,3670
24940,2022,47553,2407
24980,2022,45745,4951
25020,2022,19290,1275
25060,2022,58287,1246
25100,2022,55682,2561
25180,2022,72751,1303
25200,2022,81271,5826
25220,2022,55274,2869
25260,2022,68540,2253
25300,2022,62527,3180
25420,2022,76189,1030
25460,2022,52078,2933
25500,2022,66823,2530
25540,2022,89371,1092
25580,2022,61502,2829
25620,2022,55078,1749
25700,2022,59665,5137
25720,2022,114857,4767
25740,2022,72168,3129
25760,2022,37458,4178
25780,2022,48340,3954
25820,2022,51942,3123
25840,2022,69901,2592
25860,2022,57943,1261
25880,2022,59425,2360
25900,2022,74238,2166
25940,2022,77536,3120
25980,2022,55427,2436
26020,2022,65855,4832
26090,2022,75543,2369
26140,2022,52569,2000
26220,2022,80254,5597
26260,2022,44423,2522
26300,2022,54229,2613
26340,2022,52857,2226
26380,2022,62443,3018
26420,2022,78061,600
26460,2022,81741,2769
26500,2022,61300,2892
26540,2022,59894,2463
26580,2022,55964,1121
26620,2022,78521,2064
26660,2022,47193,2982
26700,2022,64167,5325
26740,2022,57390,2192
26780,2022,73296,4073
26820,2022,73337,1556
26860,2022,57170,2657
26900,2022,73571,819
26940,2022,37403,3958
26980,2022,72680,2457
27020,2022,59483,2129
27060,2022,69995,2807
27100,2022,62581,1580
27140,2022,60085,1177
27160,2022,56549,4420
27180,2022,55807,2354
27220,2022,102435,9089
27260,2022,73194,887
27300,2022,62004,3642
27340,2022,59976,2239
27380,2022,56971,4815
27420,2022,59167,6970
27460,2022,54625,1754
27500,2022,70630,1649
27530,2022,52987,3833
27540,2022,67610,3230
27580,2022,18363,2443
27600,2022,82056,4488
27620,2022,70195,1621
27660,2022,52470,5233
27700,2022,49847,6009
27740,2022,54217,1870
27780,2022,54221,1809
27860,2022,52709,2356
27900,2022,56930,1811
27940,2022,95711,6801
27980,2022,95379,3268
28020,2022,67905,1566
28060,2022,68025,2865
28100,2022,65489,2802
28140,2022,78827,626
28180,2022,88869,4471
28260,2022,70727,3183
28300,2022,76551,4519
28340,2022,70286,3007
28380,2022,44868,3104
28420,2022,82146,1701
28500,2022,66713,4159
28540,2022,82763,5567
28580,2022,80111,3496
28620,2022,79742,4130
28660,2022,63394,1364
28700,2022,53644,1173
28740,2022,77197,3493
28780,2022,52407,4989
28820,2022,43063,1794
28860,2022,51618,3354
28900,2022,57219,2936
28940,2022,66715,880
29020,2022,62014,3730
29060,2022,80719,6424
29100,2022,69043,2292
29180,2022,58150,1184
29200,2022,57188,1356
29260,2022,61946,3800
29300,2022,52767,2111
29340,2022,64764,3039
29380,2022,53501,3291
29420,2022,53592,1874
29460,2022,60901,1004
29500,2022,45268,12510
29540,2022,81458,1462
29620,2022,68270,1201
29660,2022,55887,3746
29700,2022,59984,1866
29740,2022,51232,2122
29780,2022,42301,5793
29820,2022,69911,566
29860,2022,48389,2529
29900,2022,41948,2917
29940,2022,66153,2646
29980,2022,51038,2271
30020,2022,57196,1407
30060,2022,49202,2100
30100,2022,74152,1526
30140,2022,72532,1949
30220,2022,53283,4003
30260,2022,64914,4753
30280,2022,65325,4291
30300,2022,64488,3720
30340,2022,64500,2165
30380,2022,58012,1989
30420,2022,68128,4287
30460,2022,68089,1115
30580,2022,57131,4351
30620,2022,58976,2172
30660,2022,62547,2975
30700,2022,70899,1530
30780,2022,62664,1260
30820,2022,59011,2275
30860,2022,71739,1846
30900,2022,55862,2818
30940,2022,45127,1735
30980,2022,62910,1801
31020,2022,70912,2483
31060,2022,135801,8616
31080,2022,89105,413
31140,2022,69771,763
31180,2022,61535,2192
31220,2022,60744,2249
31260,2022,57055,2484
31300,2022,39393,1287
31340,2022,64307,1710
31380,2022,48904,3294
31420,2022,54700,1872
31460,2022,73543,2844
31500,2022,57801,4168
31540,2022,82996,1336
31580,2022,54466,3097
31620,2022,47441,6433
31660,2022,60270,2896
31680,2022,50260,4610
31700,2022,95112,2183
31740,2022,61270,2780
31820,2022,66412,2707
31860,2022,73472,3065
31900,2022,56557,1991
31930,2022,59053,2477
31940,2022,58291,1831
31980,2022,53033,2844
32000,2022,53532,4528
32020,2022,55106,4581
32100,2022,63115,2533
32140,2022,68919,3026
32180,2022,55396,4866
32260,2022,70828,2981
32280,2022,47769,2693
32300,2022,42458,2121
32340,2022,53917,2349
32380,2022,63785,1894
32420,2022,17675,765
32460,2022,52526,3916
32500,2022,48460,3700
32540,2022,53054,2380
32580,2022,49371,1140
32620,2022,40131,2290
32660,2022,52948,2054
32700,2022,71250,3751
32740,2022,58734,2298
32780,2022,67690,2163
32820,2022,62178,921
32860,2022,69721,3255
32900,2022,64772,2142
32940,2022,45386,2122
33020,2022,51745,2309
33060,2022,46186,1099
33100,2022,69085,465
33140,2022,66854,2323
33180,2022,33658,4253
33220,2022,73643,3212
33260,2022,89345,5068
33300,2022,51988,3522
33340,2022,72937,755
33380,2022,34263,1859
33420,2022,65242,2873
33460,2022,94673,507
33500,2022,78112,2006
33540,2022,66840,1960
33580,2022,57432,3333
33620,2022,51480,5742
33660,2022,55247,1371
33700,2022,74872,1371
33740,2022,47351,1795
33780,2022,72573,2027
33860,2022,60849,1239
33940,2022,65033,3836
33980,2022,66965,2014
34020,2022,47322,2292
34060,2022,60670,1962
34100,2022,52913,2259
34140,2022,62258,3753
34180,2022,66387,4186
34220,2022,47235,4294
34260,2022,47403,2413
34300,2022,55000,3487
34340,2022,52743,2438
34350,2022,42194,4232
34380,2022,52638,2248
34420,2022,56096,3673
34460,2022,51889,3964
34500,2022,58384,2185
34540,2022,71246,3724
34580,2022,82029,2066
34620,2022,53377,2357
34660,2022,48276,4599
34700,2022,67427,3296
34740,2022,61347,1338
34780,2022,50289,2189
34820,2022,63296,1438
34860,2022,51153,2141
34900,2022,105809,2981
34940,2022,82011,1934
34980,2022,79020,896
35020,2022,37726,3588
35060,2022,41310,2062
35100,2022,60258,2426
35140,2022,56706,2943
35220,2022,57632,2808
35260,2022,57585,1767
35300,2022,81544,1179
35380,2022,62748,890
35420,2022,61953,2272
35440,2022,57794,2344
35460,2022,45110,4299
35580,2022,67038,3230
35620,2022,93610,426
35660,2022,60379,1576
35700,2022,51885,3210
35740,2022,63350,2246
35820,2022,63119,2970
35840,2022,74469,1032
35860,2022,66892,4481
35900,2022,49119,3036
35940,2022,64144,2599
35980,2022,84755,1832
36020,2022,82850,2941
36100,2022,55265,1592
36140,2022,83870,3707
36220,2022,70566,2966
36260,2022,91022,1695
36300,2022,58339,2025
36340,2022,59278,2044
36380,2022,50476,4129
36420,2022,67963,679
36460,2022,56889,1778
36500,2022,88895,2161
36540,2022,79634,961
36580,2022,65778,2967
36620,2022,55155,2837
36660,2022,44478,2152
36700,2022,41020,2178
36740,2022,71551,791
36780,2022,70041,1478
36820,2022,65200,3944
36830,2022,63105,3509
36837,2022,67181,1469
36840,2022,68217,5387
36900,2022,56209,2477
36940,2022,79722,3847
36980,2022,64366,2869
37060,2022,59748,3181
37100,2022,102141,1528
37120,2022,52813,3967
37140,2022,57960,2288
37220,2022,53602,2914
37260,2022,44852,2826
37300,2022,57445,4562
37340,2022,71308,1222
37420,2022,54852,4086
37460,2022,65999,2086
37500,2022,54879,2724
37540,2022,48025,2606
37580,2022,58246,2845
37620,2022,54175,2483
37660,2022,56143,3549
37740,2022,55242,2715
37770,2022,56042,17005
37780,2022,57329,12396
37800,2022,74193,3055
37860,2022,69374,1106
37900,2022,67718,1190
37940,2022,59551,2079
37980,2022,85555,633
38060,2022,79935,551
38100,2022,54220,4942
38180,2022,83641,5314
38220,2022,47559,1925
38240,2022,77981,3531
38260,2022,49779,3272
38300,2022,71283,563
38340,2022,69744,2608
38380,2022,50721,4549
38420,2022,63497,2131
38460,2022,67097,2802
38500,2022,66016,4130
38540,2022,60704,3066
38580,2022,54605,3568
38620,2022,53746,2826
38660,2022,19867,582
38700,2022,68175,3105
38740,2022,46581,2735
38780,2022,52644,6336
38820,2022,66108,2368
38860,2022,84095,1263
38900,2022,90451,859
38920,2022,62267,6177
38940,2022,69429,1394
39020,2022,46360,1684
39060,2022,63574,1527
39100,2022,92870,1649
39150,2022,62430,1633
39220,2022,53734,4102
39260,2022,74969,5998
39300,2022,81136,1036
39340,2022,91190,987
39380,2022,59436,1906
39420,2022,49345,3719
39460,2022,62164,1688
39500,2022,61924,2317
39540,2022,72658,2080
39580,2022,91818,1181
39660,2022,68363,1917
39700,2022,42839,5591
39740,2022,74617,1191
39780,2022,59029,4103
39820,2022,68347,2480
39860,2022,78338,3302
39900,2022,81576,1623
39940,2022,56594,2651
39980,2022,54854,2833
40060,2022,80877,777
40080,2022,57096,2085
40100,2022,35979,3029
40140,2022,81041,641
40180,2022,60030,2738
40220,2022,65687,1366
40260,2022,42846,1938
40300,2022,75782,3204
40340,2022,86788,1714
40380,2022,71349,785
40420,2022,63834,1323
40460,2022,42354,4774
40530,2022,58168,6458
40540,2022,79375,4715
40580,2022,53553,1706
40620,2022,53242,2323
40660,2022,57868,3066
40700,2022,56440,1715
40740,2022,49673,2393
40760,2022,47919,4280
40780,2022,52259,2354
40820,2022,37001,3309
40860,2022,62641,2613
40900,2022,89227,678
40940,2022,64089,4152
40980,2022,56579,1405
41060,2022,72564,1547
41100,2022,71976,3410
41140,2022,61030,1850
41180,2022,75316,638
41220,2022,68104,4423
41260,2022,61672,4091
41400,2022,55473,2209
41420,2022,72154,1422
41460,2022,60896,3196
41500,2022,91043,1900
41540,2022,72964,1474
41620,2022,90277,965
41660,2022,66832,3208
41700,2022,70910,721
41740,2022,96974,993
41760,2022,61816,3128
41780,2022,65171,2842
41820,2022,60941,3191
41860,2022,129315,1072
41900,2022,19871,777
41940,2022,151713,1635
41980,2022,26853,274
42020,2022,90158,2311
42100,2022,104409,3173
42140,2022,70522,2573
42180,2022,22680,1860
42200,2022,92332,1889
42220,2022,99266,1988
42300,2022,58408,1797
42340,2022,70705,1359
42380,2022,60650,2167
42420,2022,59842,3906
42460,2022,46748,2079
42500,2022,49343,2719
42540,2022,62318,993
42620,2022,51144,3710
42660,2022,107206,763
42680,2022,67543,2000
42700,2022,53679,2624
42740,2022,57581,2677
42780,2022,65914,3666
42820,2022,37180,3448
42860,2022,56710,2695
42900,2022,64050,3355
42940,2022,60103,2743
42980,2022,65609,2777
43020,2022,65222,2858
43060,2022,58270,1744
43100,2022,68969,2040
43140,2022,50723,2733
43180,2022,59955,3085
43220,2022,74388,4042
43260,2022,68898,6798
43300,2022,66608,2399
43320,2022,50335,2034
43340,2022,53053,1526
43380,2022,73502,3349
43420,2022,58421,2593
43460,2022,54621,3245
43500,2022,44895,4241
43580,2022,69065,1699
43620,2022,78552,1547
43660,2022,58932,12603
43700,2022,48768,2292
43740,2022,57357,1592
43760,2022,70432,4691
43780,2022,62448,1392
43900,2022,61955,1496
43940,2022,62977,5473
43980,2022,61756,6929
44020,2022,72446,4086
44060,2022,69752,976
44100,2022,72445,2105
44140,2022,70547,1306
44180,2022,58291,893
44220,2022,58954,1554
44260,2022,45358,3518
44300,2022,70087,1941
44340,2022,53675,2647
44420,2022,67711,3039
44460,2022,95144,5677
44500,2022,59654,4017
44540,2022,54864,4203
44580,2022,62828,3966
44620,2022,71301,2422
44660,2022,46658,3321
44700,2022,82837,1448
44740,2022,62662,5799
44780,2022,62281,1641
44860,2022,63766,3617
44900,2022,43556,3819
44940,2022,52942,1765
44980,2022,55952,1495
45000,2022,59515,3551
45020,2022,47437,3661
45060,2022,70096,1090
45140,2022,52410,4475
45180,2022,52457,2838
45220,2022,59757,1185
45300,2022,67197,521
45340,2022,55145,5503
45380,2022,56933,2958
45460,2022,56449,1855
45500,2022,53628,2630
45520,2022,61316,4317
45540,2022,70105,3601
45580,2022,48740,5263
45620,2022,55958,3925
45660,2022,62476,2411
45700,2022,52561,5143
45740,2022,52901,3887
45780,2022,61620,980
45820,2022,65665,2167
45860,2022,89394,1978
45900,2022,73845,1634
45940,2022,92697,2156
45980,2022,42616,4107
46020,2022,79395,3823
46060,2022,64323,957
46100,2022,58259,1875
46140,2022,65784,804
46180,2022,59860,2461
46220,2022,58132,1937
46300,2022,62912,2786
46340,2022,69053,2201
46380,2022,61335,2198
46420,2022,42305,3766
46460,2022,50638,2113
46500,2022,70486,3886
46520,2022,99816,1259
46540,2022,66823,1714
46620,2022,55000,8404
46660,2022,51216,1584
46700,2022,97037,1724
46780,2022,64841,3528
46820,2022,55963,6277
46860,2022,67983,5086
46900,2022,50769,9320
46980,2022,54117,2094
47020,2022,66105,2153
47080,2022,47430,4847
47180,2022,58173,3492
47220,2022,62310,2205
47240,2022,93225,8589
47260,2022,77082,734
47300,2022,64474,1489
47340,2022,66194,5189
47380,2022,59193,1735
47420,2022,67099,3422
47460,2022,66635,4619
47540,2022,75231,2795
47580,2022,73788,3709
47620,2022,57925,3005
47660,2022,62503,2556
47700,2022,70945,3073
47780,2022,64113,4054
47820,2022,56081,2803
47900,2022,119803,706
47920,2022,56773,3504
47940,2022,66732,1499
47980,2022,67993,3499
48020,2022,77018,2226
48060,2022,62782,2286
48100,2022,44665,7499
48140,2022,71675,1926
48180,2022,49055,3870
48220,2022,58669,3871
48260,2022,54142,1971
48300,2022,75185,2759
48460,2022,46401,3651
48500,2022,37412,3918
48540,2022,56691,2027
48580,2022,75172,2150
48620,2022,66643,1041
48660,2022,60641,1670
48700,2022,63437,2788
48780,2022,86139,5773
48820,2022,73285,3549
48900,2022,68845,1911
48940,2022,64210,4538
48980,2022,49827,2161
49020,2022,79416,2773
49060,2022,55726,2349
49080,2022,75574,8165
49100,2022,66162,4142
49180,2022,60145,1122
49220,2022,63273,2057
49260,2022,60873,3391
49300,2022,70320,1919
49340,2022,86708,1220
49380,2022,62973,5081
49420,2022,64910,2209
49460,2022,68847,5533
49500,2022,19166,960
49620,2022,79183,1416
49660,2022,54650,864
49700,2022,70176,2099
49740,2022,56439,1344
49780,2022,56810,2758
49820,2022,35061,3758
10100,2023,70761,3303
10140,2023,63539,2689
10180,2023,66464,2039
10220,2023,62564,4420
10300,2023,67013,1691
10380,2023,20800,727
10420,2023,71312,969
10460,2023,52717,2406
10480,2023,48011,3357
10500,2023,54219,2113
10540,2023,73396,2930
10580,2023,86072,1298
10620,2023,61631,4099
10660,2023,69012,2229
10700,2023,60946,2309
10740,2023,67995,1126
10760,2023,57185,2897
10780,2023,56492,1784
10820,2023,77264,3133
10860,2023,45939,2503
10900,2023,82602,1256
10940,2023,61128,2280
10980,2023,51909,1945
11020,2023,60594,1783
11060,2023,61497,3744
11100,2023,66571,1333
11140,2023,42821,1935
11180,2023,71090,1875
11200,2023,86391,2372
11220,2023,62923,3436
11260,2023,95918,1755
11360,2023,69012,3266
11380,2023,76902,8775
11420,2023,71483,3450
11460,2023,87156,2133
11500,2023,55826,2168
11540,2023,83919,1650
11580,2023,50868,3499
11620,2023,58856,1791
11640,2023,24436,758
11660,2023,50985,4659
11680,2023,58263,2513
11700,2023,69236,1507
11740,2023,64991,3173
11820,2023,68705,3596
11860,2023,62164,6647
11900,2023,53837,3216
11940,2023,59361,4039
11980,2023,63955,2911
12020,2023,62897,2390
12060,2023,86338,676
12100,2023,80600,1803
12140,2023,70080,5327
12180,2023,66583,2266
12220,2023,58991,2099
12260,2023,66628,1362
12300,2023,65062,2268
12380,2023,71495,4338
12420,2023,97638,1163
12460,2023,50485,7297
12520,2023,57844,4135
12540,2023,67660,1400
12580,2023,97300,919
12620,2023,63248,2103
12660,2023,77648,1981
12700,2023,94452,2087
12740,2023,79853,2906
12780,2023,61205,3814
12860,2023,72055,3586
12900,2023,56009,4703
12940,2023,68910,1516
12980,2023,60385,1762
13020,2023,60523,2180
13060,2023,55174,6186
13100,2023,64426,3108
13140,2023,65245,1470
13180,2023,73992,1815
13220,2023,52345,3012
13260,2023,65551,3449
13300,2023,56075,8185
13340,2023,69183,3413
13380,2023,80989,2462
13420,2023,67257,2518
13460,2023,85509,1831
13540,2023,71494,4402
13660,2023,57774,2199
13700,2023,71457,3000
13740,2023,74599,2439
13780,2023,63347,1724
13820,2023,69627,970
13860,2023,72432,7052
13900,2023,83982,2781
13940,2023,76842,4355
13980,2023,64627,2441
14010,2023,78329,2870
14020,2023,62949,2389
14100,2023,61992,2529
14140,2023,46906,2433
14180,2023,53428,4079
14220,2023,42776,3425
14260,2023,82694,1233
14300,2023,68377,4672
14380,2023,51367,3383
14420,2023,65470,5440
14460,2023,112484,779
14500,2023,102772,2628
14540,2023,62437,2071
14580,2023,87454,3078
14620,2023,61705,3002
14660,2023,69311,1667
14700,2023,58258,2800
14710,2023,68021,4236
14720,2023,102233,9332
14740,2023,98546,2118
14780,2023,75085,6997
14820,2023,64523,5307
14860,2023,111656,1839
14940,2023,77315,2922
15020,2023,48316,3584
15060,2023,64769,5572
15100,2023,67341,4801
15180,2023,51334,1640
15220,2023,55305,3343
15260,2023,64819,3070
15340,2023,55477,2643
15380,2023,70572,808
15420,2023,68214,3734
15460,2023,61453,3281
15500,2023,64445,2226
15540,2023,90911,2296
15580,2023,57504,3994
15620,2023,62833,2375
15660,2023,61997,3790
15700,2023,60495,3107
15740,2023,55756,3280
15780,2023,52267,5195
15820,2023,55929,4136
15860,2023,61027,4495
15900,2023,58617,2360
15940,2023,65666,1254
15980,2023,73099,1143
16020,2023,67267,2799
16060,2023,45572,3777
16100,2023,79605,4603
16140,2023,68528,2429
16180,2023,71809,2636
16220,2023,71247,1848
16260,2023,65527,4321
16300,2023,77084,1803
16340,2023,55308,3992
16380,2023,78036,3269
16460,2023,60839,2138
16500,2023,69690,3237
16540,2023,74946,1764
16580,2023,64558,1460
16620,2023,58089,1580
16660,2023,56040,3322
16700,2023,82272,1253
16740,2023,80201,772
16820,2023,90552,2421
16860,2023,68666,1502
16940,2023,77884,2917
16980,2023,88850,436
17020,2023,68574,2351
17060,2023,59819,3455
17140,2023,79490,732
17220,2023,58376,1563
17260,2023,36259,2810
17300,2023,66210,1420
17340,2023,58738,2308
17380,2023,37315,3178
17410,2023,68507,620
17420,2023,63490,1847
17500,2023,48979,4768
17540,2023,65177,3062
17580,2023,55193,3952
17620,2023,21780,1562
17640,2023,21611,1505
17650,2023,70533,4963
17660,2023,77034,2380
17740,2023,61958,2137
17780,2023,59691,1686
17820,2023,87180,1170
17860,2023,69463,1962
17900,2023,66146,1090
17980,2023,57762,1311
18020,2023,80365,4774
18060,2023,51587,3925
18100,2023,75501,3364
18140,2023,79847,702
18180,2023,93944,2418
18220,2023,56659,3753
18260,2023,53328,2173
18300,2023,60313,3431
18340,2023,45067,2582
18380,2023,42745,3658
18420,2023,49404,5403
18460,2023,65622,3596
18500,2023,64740,2007
18580,2023,65801,1312
18620,2023,59310,3774
18660,2023,67527,2810
18700,2023,76011,3407
18740,2023,54687,3617
18820,2023,66571,5447
18860,2023,66780,6256
18880,2023,79150,2534
18900,2023,58475,2539
18980,2023,60916,2736
19060,2023,59413,1508
19100,2023,87155,524
19140,2023,65715,2593
19180,2023,54537,1470
19220,2023,56209,3151
19260,2023,48994,2039
19300,2023,75019,2751
19340,2023,71925,1176
19430,2023,69752,1024
19460,2023,63987,2025
19500,2023,62449,2164
19540,2023,63128,4768
19580,2023,73615,4002
19620,2023,59673,4312
19660,2023,67599,1173
19700,2023,37917,5287
19740,2023,102339,695
19760,2023,64995,3526
19780,2023,84209,1136
19810,2023,71117,2512
19820,2023,75123,510
19860,2023,82133,3053
19940,2023,68459,3601
19980,2023,70495,5527
20020,2023,56772,1381
20060,2023,48038,3773
20100,2023,72872,1932
20140,2023,50316,3797
20180,2023,60181,1906
20220,2023,75919,2773
20260,2023,71067,1408
20300,2023,61325,3815
20340,2023,60236,2751
20420,2023,85296,3572
20460,2023,54280,2535
20500,2023,81017,1656
20540,2023,54973,2303
20580,2023,51270,5723
20660,2023,84378,5182
20700,2023,82374,2758
20740,2023,72513,2132
20780,2023,103174,6326
20820,2023,74219,3912
20900,2023,66100,3893
20940,2023,56393,2266
20980,2023,50221,4191
21020,2023,63912,5566
21060,2023,67630,3097
21120,2023,52323,4425
21140,2023,65617,2240
21180,2023,55057,4290
21220,2023,83305,5867
21260,2023,69928,3828
21300,2023,63469,2608
21340,2023,58800,1202
21380,2023,58788,2302
21420,2023,67302,2878
21460,2023,64672,3538
21500,2023,61476,1408
21540,2023,54829,3042
21580,2023,53901,5101
21640,2023,43740,2599
21660,2023,69311,1539
21700,2023,61135,1997
21740,2023,81526,6196
21780,2023,67671,1348
21820,2023,84722,5460
21860,2023,62969,3165
21900,2023,67537,3405
21980,2023,73268,5865
22020,2023,75523,1838
22060,2023,82792,2658
22100,2023,54813,3857
22140,2023,53020,2556
22180,2023,58909,831
22190,2023,63115,3242
22220,2023,77979,1372
22260,2023,70912,1842
22300,2023,69699,3809
22340,2023,39081,3479
22380,2023,69748,2305
22420,2023,60673,1303
22500,2023,53874,1652
22520,2023,58049,2336
22540,2023,73154,2698
22580,2023,49771,2569
22620,2023,41784,4056
22660,2023,91364,1674
22700,2023,68054,3664
22780,2023,66435,3925
22800,2023,59803,3489
22820,2023,75407,4808
22840,2023,51149,2343
22900,2023,56717,1803
23060,2023,69378,1127
23140,2023,63690,2966
23180,2023,68277,4300
23190,2023,57392,5485
23240,2023,67799,6755
23300,2023,61943,3064
23340,2023,71294,6266
23380,2023,62500,3027
23420,2023,71897,1054
23460,2023,53070,1864
23500,2023,49047,2478
23540,2023,58946,1181
23580,2023,77430,2838
23620,2023,72472,5093
23660,2023,53291,3809
23680,2023,56455,4368
23700,2023,44496,2765
23780,2023,72437,4380
23820,2023,88659,6123
23900,2023,81071,2227
23940,2023,95253,6736
23980,2023,49004,2039
24020,2023,74953,2396
24100,2023,62615,2240
24140,2023,58082,2512
24180,2023,86802,5044
24220,2023,68653,2265
24260,2023,67397,3377
24300,2023,71485,1848
24330,2023,66380,2645
24340,2023,80296,841
24420,2023,59097,2906
24460,2023,56733,2762
24500,2023,66203,2345
24540,2023,93287,2429
24580,2023,77459,1184
24600,2023,76182,5329
24620,2023,54071,3235
24640,2023,72584,2140
24660,2023,63083,1362
24700,2023,74228,3101
24740,2023,40117,3242
24780,2023,58851,2190
24820,2023,64654,4567
24860,2023,69016,1036
24900,2023,37718,3984
24940,2023,51044,2530
24980,2023,46918,3280
25020,2023,20430,1611
25060,2023,61266,1233
25100,2023,59275,5303
25180,2023,75473,1556
25200,2023,81389,4085
25220,2023,57256,4845
25260,2023,68750,2976
25300,2023,63425,3460
25420,2023,79281,1121
25460,2023,53775,2587
25500,2023,72145,2312
25540,2023,92823,1036
25580,2023,67077,2426
25620,2023,59008,2068
25700,2023,59889,4452
25720,2023,125583,4012
25740,2023,74040,2777
25770,2023,79318,3934
25775,2023,58404,2198
25780,2023,46943,3266
25820,2023,54114,6052
25840,2023,69037,3794
25850,2023,60614,2091
25860,2023,60255,1481
25880,2023,60869,2774
25900,2023,77215,2280
25940,2023,81015,2575
25980,2023,60329,2635
26020,2023,68750,4810
26090,2023,80255,2217
26140,2023,55355,2103
26220,2023,82095,6281
26300,2023,55409,2233
26340,2023,56403,1966
26380,2023,64269,3557
26420,2023,80458,526
26460,2023,83619,3965
26500,2023,65429,3008
26540,2023,62734,3176
26580,2023,58483,1310
26620,2023,83529,1366
26660,2023,49862,5103
26700,2023,63082,5255
26740,2023,60498,1953
26780,2023,78468,4144
26820,2023,77300,2543
26860,2023,58739,2243
26900,2023,77065,873
26980,2023,74142,2249
27020,2023,61960,2623
27060,2023,73012,3102
27100,2023,65004,2012
27140,2023,60489,1100
27180,2023,58740,1873
27220,2023,106679,9473
27260,2023,77013,1103
27300,2023,66168,3866
27340,2023,64568,1873
27380,2023,59830,5223
27420,2023,60172,5876
27460,2023,56507,1981
27500,2023,74390,2111
27540,2023,71918,3016
27600,2023,85012,4632
27620,2023,72425,1770
27700,2023,49562,5317
27740,2023,56096,1509
27780,2023,56292,1713
27860,2023,55478,2429
27900,2023,60146,1560
27940,2023,100513,7275
27980,2023,95049,3064
28020,2023,70525,1367
28060,2023,71327,1749
28100,2023,68325,2842
28140,2023,81927,676
28180,2023,93612,4932
28260,2023,75141,3908
28300,2023,81001,3886
28340,2023,70908,3008
28380,2023,47368,3139
28420,2023,85881,2193
28450,2023,79412,2215
28500,2023,67927,4826
28540,2023,89155,6912
28580,2023,82430,3751
28620,2023,81214,5786
28660,2023,67203,1403
28680,2023,72399,4195
28700,2023,55948,1153
28740,2023,81804,2953
28780,2023,57612,4078
28820,2023,44795,2264
28860,2023,56468,3921
28880,2023,96912,1636
28900,2023,59353,3154
28940,2023,69734,976
29020,2023,62496,2618
29060,2023,87983,5056
29100,2023,71009,1567
29180,2023,60910,1679
29200,2023,59895,1417
29260,2023,64212,3369
29300,2023,53959,2244
29340,2023,67010,3180
29380,2023,55070,3248
29420,2023,55799,1721
29460,2023,63644,868
29470,2023,94175,7330
29540,2023,83703,1740
29620,2023,70886,1114
29660,2023,59881,6537
29700,2023,62506,2316
29720,2023,19323,1088
29740,2023,55663,2067
29780,2023,47700,4822
29820,2023,73845,670
29860,2023,49867,3772
29900,2023,43500,2777
29940,2023,68756,2645
29980,2023,53233,2510
30020,2023,59060,1557
30060,2023,50825,2533
30140,2023,76350,2027
30150,2023,79161,2027
30180,2023,81600,2809
30260,2023,72894,5156
30280,2023,70829,5770
30300,2023,70694,3532
30340,2023,67298,2594
30380,2023,61415,1922
30420,2023,66023,3066
30460,2023,70717,1236
30500,2023,123577,3144
30580,2023,62269,6466
30620,2023,62001,2572
30660,2023,64188,3133
30700,2023,73095,1633
30780,2023,65309,1296
30820,2023,58842,3207
30860,2023,77520,2391
30900,2023,56525,3002
30980,2023,65210,1916
31020,2023,72932,2981
31060,2023,143188,8714
31080,2023,93525,441
31140,2023,71737,625
31180,2023,62288,1319
31220,2023,62296,2509
31260,2023,58847,2883
31300,2023,40318,1300
31340,2023,67782,1485
31380,2023,50434,3371
31420,2023,58127,1973
31500,2023,59987,3944
31540,2023,86827,1403
31580,2023,57610,4163
31620,2023,47363,5136
31680,2023,52644,3937
31700,2023,100436,1773
31740,2023,64096,3394
31820,2023,68611,2393
31860,2023,74722,2557
31900,2023,57649,2267
31930,2023,61355,2843
31940,2023,60185,2466
31980,2023,54007,2475
32000,2023,55527,3603
32020,2023,57306,4297
32060,2023,65521,3734
32100,2023,64675,2064
32140,2023,72761,2964
32180,2023,56566,3401
32260,2023,72785,3066
32280,2023,49502,2298
32300,2023,47021,2666
32340,2023,55970,2917
32380,2023,66394,2130
32390,2023,61900,2508
32420,2023,20400,615
32460,2023,50576,3457
32540,2023,54787,2675
32580,2023,52281,1265
32620,2023,41963,2036
32660,2023,54088,2967
32700,2023,77701,3510
32740,2023,60254,1974
32780,2023,71443,1561
32820,2023,64743,928
32860,2023,71785,2721
32900,2023,65044,2052
32940,2023,49156,3541
33020,2023,56232,4379
33060,2023,48656,1641
33100,2023,73481,523
33140,2023,70452,2189
33180,2023,32403,3821
33220,2023,77538,2803
33260,2023,93442,4627
33300,2023,55413,4351
33340,2023,76404,715
33380,2023,37396,2742
33420,2023,64972,5357
33460,2023,98180,598
33500,2023,79195,2038
33540,2023,70888,2208
33580,2023,64723,4829
33620,2023,55310,5921
33660,2023,58119,1304
33700,2023,79661,1906
33740,2023,49203,1971
33780,2023,75272,1826
33860,2023,62746,1425
33900,2023,66143,2688
33910,2023,69826,2633
33940,2023,66072,4303
33980,2023,70235,2152
34020,2023,51768,3798
34060,2023,62394,1722
34100,2023,58130,2174
34140,2023,65179,4252
34180,2023,71115,3731
34220,2023,49691,4713
34260,2023,48427,2668
34300,2023,58976,3763
34340,2023,56095,3150
34380,2023,53759,1969
34420,2023,56163,2034
34460,2023,55186,3527
34500,2023,61102,2397
34540,2023,73988,4066
34580,2023,85474,2182
34620,2023,56932,2366
34660,2023,51854,3769
34680,2023,66734,3507
34700,2023,69512,2971
34740,2023,63495,1493
34780,2023,51999,2180
34820,2023,64623,1669
34860,2023,51528,2285
34880,2023,119750,25378
34900,2023,108970,3018
34940,2023,86173,2482
34980,2023,82499,706
35020,2023,38706,2722
35060,2023,46798,1970
35100,2023,63380,3433
35140,2023,59670,3291
35220,2023,60144,2924
35300,2023,86266,1735
35340,2023,57811,3369
35380,2023,62271,1005
35420,2023,64494,2918
35440,2023,61314,2626
35460,2023,48416,3183
35580,2023,68690,3342
35620,2023,97334,454
35660,2023,63152,1945
35700,2023,53614,3573
35740,2023,66629,2177
35820,2023,64652,3731
35840,2023,78278,1325
35900,2023,50438,3044
35940,2023,65972,2903
35980,2023,84185,1981
36020,2023,88358,2918
36100,2023,58535,1504
36180,2023,81455,4456
36220,2023,71031,3603
36260,2023,98361,1364
36340,2023,61626,2362
36380,2023,52288,3531
36420,2023,70499,785
36460,2023,58248,1978
36500,2023,93985,1815
36540,2023,83023,977
36580,2023,67086,2827
36620,2023,59225,3814
36660,2023,45637,3082
36700,2023,43214,2271
36740,2023,75611,857
36780,2023,72873,1743
36820,2023,69019,5938
36830,2023,65042,4825
36837,2023,70941,1750
36840,2023,72142,6333
36900,2023,60034,3024
36940,2023,83448,4523
36980,2023,65656,2831
37020,2023,64464,2866
37060,2023,61617,3014
37100,2023,107327,1391
37120,2023,53955,2136
37140,2023,62286,2221
37220,2023,55975,5179
37260,2023,47256,1961
37300,2023,58846,4186
37340,2023,75817,932
37420,2023,56658,5503
37460,2023,67834,1956
37500,2023,56793,2743
37540,2023,48540,2778
37580,2023,57315,3522
37620,2023,56029,2579
37740,2023,59089,2938
37800,2023,78059,3404
37860,2023,73588,1482
37900,2023,70872,1112
37940,2023,61130,3825
37950,2023,73724,5841
37980,2023,89273,595
38060,2023,84703,507
38100,2023,56535,4927
38180,2023,78965,5982
38210,2023,42014,2364
38220,2023,48727,2543
38240,2023,82837,3212
38260,2023,50311,2799
38300,2023,73942,634
38340,2023,72565,2511
38380,2023,53276,3638
38420,2023,64349,1798
38460,2023,69208,2576
38500,2023,68041,4668
38540,2023,64080,2470
38620,2023,56673,2707
38660,2023,20646,652
38700,2023,70796,3681
38740,2023,49213,3349
38820,2023,67999,2005
38860,2023,88602,1497
38900,2023,94573,856
38920,2023,71870,10785
38940,2023,72506,1728
39020,2023,49571,2919
39040,2023,71143,4402
39060,2023,66901,1609
39150,2023,66106,1808
39220,2023,53673,3677
39300,2023,85646,1103
39340,2023,96745,1035
39380,2023,62250,2088
39420,2023,52893,4525
39460,2023,66154,1973
39480,2023,87564,4005
39500,2023,63470,2488
39540,2023,75331,1810
39580,2023,96066,1180
39660,2023,71985,1953
39700,2023,45645,6244
39740,2023,77684,1522
39780,2023,61834,3283
39820,2023,71931,2596
39860,2023,82749,2711
39900,2023,84684,1596
39940,2023,60690,3475
39960,2023,64619,2076
39980,2023,56652,3411
40060,2023,84405,914
40080,2023,58837,1981
40090,2023,90267,5200
40100,2023,38182,3996
40140,2023,86031,733
40180,2023,64646,2796
40220,2023,67447,1499
40260,2023,45823,2730
40300,2023,79244,3185
40340,2023,89675,1666
40380,2023,74438,844
40420,2023,66571,1510
40460,2023,43626,5421
40540,2023,76464,6349
40580,2023,57437,1963
40620,2023,55427,3157
40660,2023,62540,3154
40700,2023,58983,1752
40740,2023,52029,2646
40760,2023,51643,4281
40770,2023,51493,5249
40780,2023,54936,2933
40820,2023,38035,5384
40860,2023,64778,2933
40900,2023,93986,788
40940,2023,67326,4549
40980,2023,58347,1402
41060,2023,75670,1246
41100,2023,76411,3253
41140,2023,62900,2089
41180,2023,78225,675
41260,2023,64103,4145
41400,2023,58474,2811
41420,2023,76010,1389
41460,2023,63998,3682
41500,2023,94486,1879
41540,2023,69592,2849
41620,2023,95045,1116
41660,2023,66037,3565
41700,2023,74297,707
41740,2023,102285,899
41760,2023,65168,3290
41780,2023,70687,1971
41820,2023,63060,2807
41860,2023,133780,1056
41940,2023,157444,1809
41980,2023,27966,312
42020,2023,93398,2535
42100,2023,109266,2959
42140,2023,74689,3218
42200,2023,95977,1875
42220,2023,102840,2032
42300,2023,60631,1502
42340,2023,74632,1717
42380,2023,62482,2505
42420,2023,61156,5076
42460,2023,49454,2597
42540,2023,63656,874
42580,2023,78162,1865
42620,2023,53435,4396
42660,2023,112594,909
42680,2023,71049,2035
42700,2023,55581,2153
42740,2023,60232,2670
42780,2023,68435,2745
42820,2023,36810,3543
42860,2023,60193,4091
42900,2023,66007,3860
42940,2023,63829,3050
42980,2023,70208,4000
43020,2023,66189,2812
43060,2023,60828,1653
43100,2023,71898,2647
43140,2023,55769,2864
43180,2023,62197,3116
43220,2023,78359,4033
43260,2023,70855,6422
43300,2023,70455,2166
43320,2023,52752,2280
43340,2023,54635,1758
43380,2023,72822,3392
43420,2023,58970,1831
43460,2023,55225,2545
43500,2023,45921,3171
43580,2023,72027,2188
43620,2023,81418,1876
43640,2023,79277,2804
43660,2023,62689,14842
43700,2023,50943,2251
43740,2023,59378,1484
43760,2023,72259,5678
43780,2023,65385,1209
43890,2023,68213,2864
43900,2023,62440,1377
43940,2023,66766,5800
43980,2023,64082,6067
44020,2023,74570,3265
44060,2023,72836,1204
44100,2023,74580,1630
44140,2023,70535,1145
44180,2023,61488,1066
44220,2023,60846,1717
44260,2023,46930,3666
44300,2023,72748,1937
44340,2023,56172,2462
44420,2023,70949,2922
44460,2023,93984,5392
44500,2023,65351,4335
44540,2023,55074,6544
44580,2023,64536,4377
44620,2023,73284,2229
44660,2023,48937,2090
44700,2023,88531,1554
44740,2023,66564,4878
44780,2023,64707,2507
44860,2023,64725,5774
44900,2023,47785,4344
44940,2023,55990,2721
44980,2023,59922,2026
45000,2023,64395,5496
45020,2023,50160,4096
45060,2023,73558,941
45140,2023,53668,3481
45180,2023,56331,2151
45220,2023,63078,1370
45300,2023,71254,519
45340,2023,58908,4464
45380,2023,59253,3611
45460,2023,55380,1727
45500,2023,55046,2109
45520,2023,63602,4399
45580,2023,50904,6611
45620,2023,58186,3666
45660,2023,65020,2383
45700,2023,50810,3531
45740,2023,52264,6008
45780,2023,63749,1236
45820,2023,68160,1953
45860,2023,91035,2915
45880,2023,56056,8469
45900,2023,77495,1749
45940,2023,96333,2433
45980,2023,47961,3371
46020,2023,84905,4336
46060,2023,67929,992
46100,2023,61256,2824
46140,2023,67823,639
46180,2023,63188,2768
46220,2023,59975,1973
46300,2023,66473,2910
46340,2023,71923,1916
46380,2023,64688,2951
46460,2023,53102,2557
46500,2023,74239,2617
46520,2023,104264,1357
46540,2023,68830,1572
46580,2023,17624,1547
46620,2023,57849,8803
46660,2023,54581,1598
46700,2023,99994,2122
46780,2023,65344,2933
46820,2023,58794,5550
46860,2023,69861,3315
46900,2023,51626,5313
46980,2023,56648,2110
47020,2023,69618,2930
47080,2023,53809,4402
47180,2023,58863,4347
47220,2023,64499,1963
47240,2023,102348,14770
47260,2023,80533,761
47300,2023,69489,1785
47340,2023,68414,4924
47380,2023,63880,1650
47420,2023,70762,3889
47460,2023,72212,4129
47540,2023,76454,3547
47580,2023,78702,3675
47620,2023,59013,2552
47660,2023,67123,2893
47700,2023,73922,3409
47780,2023,68561,6104
47820,2023,57997,3520
47900,2023,123896,689
47920,2023,60047,4059
47930,2023,86365,2065
47940,2023,68916,1445
47980,2023,65080,5327
48020,2023,80604,3319
48060,2023,64978,2730
48140,2023,76185,2620
48180,2023,49037,5177
48200,2023,61001,3705
48220,2023,59108,2919
48260,2023,57149,2183
48300,2023,79007,3544
48460,2023,49814,3263
48540,2023,58705,2022
48580,2023,77359,2434
48620,2023,68930,1090
48660,2023,63618,2056
48680,2023,73297,3166
48700,2023,64412,2266
48780,2023,90224,4796
48820,2023,75097,4223
48900,2023,73687,1069
48940,2023,68125,3971
48980,2023,51381,1884
49010,2023,61553,3725
49020,2023,82413,2756
49080,2023,79946,6961
49100,2023,70198,2679
49180,2023,64282,1157
49220,2023,66417,2136
49260,2023,65060,4109
49300,2023,71769,2489
49340,2023,93561,1275
49380,2023,65509,4706
49420,2023,68015,2240
49460,2023,73855,6118
49620,2023,82238,1228
49660,2023,55357,1221
49700,2023,74762,2599
49740,2023,60417,1438
49780,2023,59203,3001
49820,2023,36527,4167
10100,2024,71488,2849
10140,2024,64414,2530
10180,2024,67328,2746
10220,2024,63017,3403
10300,2024,70518,1768
10380,2024,22398,859
10420,2024,72371,1076
10460,2024,55876,2502
10480,2024,51237,4682
10500,2024,56906,1699
10540,2024,76329,2762
10580,2024,88074,1336
10620,2024,60704,3835
10660,2024,71023,1725
10700,2024,62571,2999
10740,2024,70783,969
10760,2024,59356,4275
10780,2024,56353,2086
10820,2024,79043,3167
10860,2024,50888,5990
10900,2024,84587,1380
10940,2024,63556,2453
10980,2024,53950,2679
11020,2024,62382,1699
11060,2024,62799,5005
11100,2024,69611,1798
11140,2024,43688,3436
11180,2024,73127,2402
11200,2024,87001,3028
11220,2024,64943,3486
11260,2024,100505,2005
11360,2024,71287,2853
11380,2024,72242,9282
11420,2024,74911,3605
11460,2024,89180,2487
11500,2024,55029,2763
11540,2024,85825,1972
11580,2024,54417,3888
11620,2024,60723,1563
11640,2024,25084,1076
11660,2024,52034,4819
11680,2024,57878,3114
11700,2024,71838,1824
11740,2024,69860,4887
11820,2024,71822,4774
11860,2024,61112,7953
11900,2024,56001,2207
11940,2024,61438,3780
11980,2024,65179,3668
12020,2024,65608,2404
12060,2024,89724,630
12100,2024,82105,1955
12140,2024,74331,4948
12180,2024,67904,2566
12220,2024,63649,2414
12260,2024,69344,1537
12300,2024,69077,2603
12380,2024,73074,2698
12420,2024,100431,996
12460,2024,53317,4692
12520,2024,60936,5432
12540,2024,70210,1287
12580,2024,99470,889
12620,2024,66356,1898
12660,2024,79541,2340
12700,2024,95241,2510
12740,2024,83449,2615
12780,2024,60162,2298
12860,2024,73314,2536
12900,2024,56609,4487
12940,2024,69599,1385
12980,2024,63177,2107
13020,2024,61763,2526
13060,2024,58628,4363
13100,2024,67247,3160
13140,2024,64659,1430
13180,2024,75929,2575
13220,2024,52620,2324
13260,2024,66468,3421
13300,2024,57673,5833
13340,2024,71551,3564
13380,2024,81784,2688
13420,2024,68975,3678
13460,2024,89788,2056
13540,2024,73325,4802
13660,2024,60951,2088
13700,2024,69649,3878
13740,2024,77194,2674
13780,2024,64590,2056
13820,2024,71498,989
13860,2024,73991,4815
13900,2024,85156,3425
13940,2024,77878,5354
13980,2024,65839,2266
14010,2024,79905,2544
14020,2024,65543,2233
14100,2024,64644,2531
14140,2024,50550,3434
14180,2024,52548,4766
14220,2024,45380,3664
14260,2024,85987,1175
14300,2024,72295,5678
14380,2024,51693,3285
14420,2024,67228,8462
14460,2024,115863,796
14500,2024,103994,2268
14540,2024,63328,2648
14580,2024,93528,3326
14620,2024,62905,3125
14660,2024,71384,1552
14700,2024,56497,3805
14710,2024,72217,4229
14720,2024,105544,7070
14740,2024,104158,1592
14780,2024,77825,5635
14820,2024,66184,5016
14860,2024,114565,1713
14940,2024,83616,3829
15020,2024,51119,4425
15060,2024,62244,8210
15100,2024,70064,6292
15180,2024,52601,1632
15220,2024,57470,4278
15260,2024,66623,2703
15340,2024,58044,2663
15380,2024,72237,940
15420,2024,70536,3886
15460,2024,62811,2925
15500,2024,65651,1854
15540,2024,93043,2393
15580,2024,61754,3962
15620,2024,62015,2846
15660,2024,63650,2284
15700,2024,61839,4414
15740,2024,58478,3866
15780,2024,51429,4585
15820,2024,56014,2846
15860,2024,62664,4433
15900,2024,60599,2308
15940,2024,67801,1182
15980,2024,76107,1463
16020,2024,66759,2991
16060,2024,48763,3394
16100,2024,78426,5993
16140,2024,72930,2443
16180,2024,72355,3090
16220,2024,72156,2040
16260,2024,66247,4058
16300,2024,78080,2070
16340,2024,58515,3430
16380,2024,76782,4484
16460,2024,61240,3240
16500,2024,74796,3695
16540,2024,77003,2046
16580,2024,65528,1747
16620,2024,60117,1599
16660,2024,56478,3441
16700,2024,85254,1335
16740,2024,83304,782
16820,2024,93598,2285
16860,2024,72161,1254
16940,2024,80173,3160
16980,2024,90887,454
17020,2024,67928,2444
17060,2024,61303,2761
17140,2024,81120,823
17220,2024,59928,1905
17260,2024,37461,3152
17300,2024,68967,1231
17340,2024,60621,2557
17380,2024,39585,4860
17410,2024,70678,603
17420,2024,66135,1426
17500,2024,53559,4739
17540,2024,66981,2735
17580,2024,55690,4158
17620,2024,23203,1953
17640,2024,21901,1891
17650,2024,73035,5225
17660,2024,81861,2371
17740,2024,63724,1967
17780,2024,60087,1900
17820,2024,90144,1355
17860,2024,72340,1500
17900,2024,68359,1206
17980,2024,59336,1529
18020,2024,79901,3751
18060,2024,51117,3178
18100,2024,75378,3203
18140,2024,81945,776
18180,2024,97004,2796
18220,2024,59321,3870
18260,2024,55380,2166
18300,2024,62143,3912
18340,2024,46363,2029
18380,2024,45105,3085
18420,2024,51260,4689
18460,2024,67309,3432
18500,2024,65887,2505
18580,2024,67453,1547
18620,2024,63111,4150
18660,2024,70418,2912
18700,2024,77702,4029
18740,2024,55577,3620
18820,2024,71479,5393
18860,2024,67058,6573
18880,2024,81993,2190
18900,2024,60375,3059
18980,2024,62656,3563
19060,2024,62091,2149
19100,2024,90275,491
19140,2024,67846,2215
19180,2024,56877,1806
19220,2024,56921,3191
19260,2024,49874,1715
19300,2024,78775,2602
19340,2024,72738,1221
19430,2024,71739,1045
19460,2024,68116,2498
19500,2024,62666,2127
19540,2024,65289,4066
19580,2024,73064,4002
19620,2024,66100,5286
19660,2024,71277,998
19700,2024,36419,4439
19740,2024,105762,739
19760,2024,65944,6358
19780,2024,85890,1070
19810,2024,71388,2046
19820,2024,76664,554
19860,2024,85938,4337
19940,2024,70292,2918
19980,2024,70781,6473
20020,2024,57791,1475
20060,2024,48870,4104
20100,2024,74477,2101
20140,2024,54207,4500
20180,2024,62152,1988
20220,2024,77630,2303
20260,2024,71769,1461
20300,2024,61762,4676
20340,2024,61620,3572
20420,2024,86056,3029
20460,2024,57225,3657
20500,2024,83500,1552
20540,2024,58154,3239
20580,2024,49568,4673
20660,2024,84811,6636
20700,2024,83565,2142
20740,2024,74595,2004
20780,2024,104096,5224
20820,2024,79157,3684
20900,2024,66924,3866
20940,2024,57681,2564
20980,2024,55259,4567
21020,2024,66589,7087
21060,2024,67534,2372
21120,2024,53328,6367
21140,2024,68561,2286
21180,2024,52757,4392
21220,2024,85882,5682
21260,2024,73804,4984
21300,2024,63716,2911
21340,2024,59751,1132
21380,2024,59354,3840
21420,2024,66182,2425
21460,2024,68353,3218
21500,2024,63354,1812
21540,2024,57809,3201
21580,2024,57155,4325
21640,2024,44925,4223
21660,2024,71544,1376
21700,2024,61160,1660
21740,2024,82471,3316
21780,2024,68232,1707
21820,2024,88267,4639
21860,2024,59507,3542
21900,2024,67370,4114
21980,2024,79163,4413
22020,2024,76756,1900
22060,2024,83181,2894
22100,2024,57477,4527
22140,2024,55872,1667
22180,2024,61763,932
22190,2024,64667,3852
22220,2024,81650,1472
22260,2024,72255,2093
22300,2024,73141,3050
22340,2024,41758,3419
22380,2024,72966,2339
22420,2024,62281,1425
22500,2024,54443,2182
22520,2024,61891,1883
22540,2024,74275,2612
22580,2024,51410,2731
22620,2024,42574,6151
22660,2024,93765,1936
22700,2024,68975,4434
22780,2024,64466,5463
22800,2024,62382,3274
22820,2024,73278,2653
22840,2024,51204,2508
22900,2024,58468,1723
23060,2024,71213,1005
23140,2024,65019,3538
23180,2024,68568,5023
23190,2024,59858,5221
23240,2024,76162,7606
23300,2024,64043,3674
23340,2024,74329,6008
23380,2024,62295,3763
23420,2024,74468,1250
23460,2024,54563,2653
23500,2024,50288,2291
23540,2024,61468,1450
23580,2024,80901,2550
23620,2024,73932,4874
23660,2024,57030,3310
23680,2024,56830,4410
23700,2024,47668,2757
23780,2024,73009,4668
23820,2024,91077,5860
23900,2024,84092,2436
23940,2024,89869,5261
23980,2024,50729,2867
24020,2024,75836,1968
24100,2024,66533,2501
24140,2024,59733,2739
24180,2024,88160,6107
24220,2024,69836,3527
24260,2024,69704,3612
24300,2024,73658,2093
24330,2024,68603,4097
24340,2024,82874,875
24420,2024,60098,3546
24460,2024,58851,3181
24500,2024,67690,2796
24540,2024,97097,2383
24580,2024,79267,1292
24600,2024,78378,6390
24620,2024,56194,3104
24640,2024,74907,3304
24660,2024,65565,1248
24700,2024,69783,7427
24740,2024,42165,3051
24780,2024,58188,2075
24820,2024,64486,3989
24860,2024,71240,820
24900,2024,39534,5211
24940,2024,52860,2479
24980,2024,46897,4989
25020,2024,21186,1373
25060,2024,62418,1476
25100,2024,60069,4227
25180,2024,78802,1109
25200,2024,88522,5824
25220,2024,56760,2614
25260,2024,70995,2735
25300,2024,63545,2670
25420,2024,80919,1437
25460,2024,54384,3202
25500,2024,75065,2617
25540,2024,95118,1166
25580,2024,69510,2890
25620,2024,60285,2115
25700,2024,63084,5107
25720,2024,127160,4432
25740,2024,78528,3115
25770,2024,81323,4306
25775,2024,59053,2620
25780,2024,50465,4966
25820,2024,60799,5480
25840,2024,68427,3294
25850,2024,59976,1687
25860,2024,62787,1624
25880,2024,64242,2663
25900,2024,78639,2560
25940,2024,83304,2752
25980,2024,61709,2310
26020,2024,68015,5605
26090,2024,83283,2480
26140,2024,56546,1701
26220,2024,88947,6561
26300,2024,57181,2452
26340,2024,58128,3096
26380,2024,64038,2571
26420,2024,82168,590
26460,2024,81528,5033
26500,2024,65557,2012
26540,2024,66301,3809
26580,2024,60078,1323
26620,2024,85989,1337
26660,2024,52324,4014
26700,2024,67681,5231
26740,2024,60645,2574
26780,2024,80084,3795
26820,2024,80291,2114
26860,2024,60208,2473
26900,2024,79852,856
26980,2024,75088,2437
27020,2024,64552,3662
27060,2024,74024,4332
27100,2024,66073,1893
27140,2024,61644,1292
27180,2024,61177,1807
27220,2024,118796,7529
27260,2024,79643,1023
27300,2024,66353,2877
27340,2024,68148,2456
27380,2024,61261,4398
27420,2024,61856,4203
27460,2024,58351,1736
27500,2024,75673,2128
27540,2024,75979,4593
27600,2024,89544,3436
27620,2024,74030,1500
27700,2024,53427,6493
27740,2024,57762,1796
27780,2024,58418,1532
27860,2024,56738,2935
27900,2024,61901,1735
27940,2024,101661,7108
27980,2024,97109,2855
28020,2024,72532,1537
28060,2024,73925,2517
28100,2024,71281,2921
28140,2024,83460,831
28180,2024,97668,5401
28260,2024,76109,3400
28300,2024,83329,3984
28340,2024,71723,2416
28380,2024,47849,4146
28420,2024,89010,2114
28450,2024,81239,2462
28500,2024,69395,3840
28540,2024,92885,5657
28580,2024,87738,4111
28620,2024,88994,5211
28660,2024,69923,1525
28680,2024,74378,4646
28700,2024,57792,1597
28740,2024,86271,2871
28780,2024,61292,4466
28820,2024,45143,2547
28860,2024,61485,4373
28880,2024,98233,1810
28900,2024,58830,3154
28940,2024,72422,976
29020,2024,64027,2106
29060,2024,92783,4217
29100,2024,73340,2043
29180,2024,60892,1370
29200,2024,62011,1628
29260,2024,65661,3326
29300,2024,54888,2590
29340,2024,66700,2270
29380,2024,59205,3290
29420,2024,57684,1429
29460,2024,65978,1143
29470,2024,94008,4855
29540,2024,86959,1323
29620,2024,72550,1364
29660,2024,61917,6755
29700,2024,63058,2420
29720,2024,18917,1377
29740,2024,56848,2642
29780,2024,50585,3823
29820,2024,76472,643
29860,2024,51236,2578
29900,2024,45730,3850
29940,2024,69746,2954
29980,2024,54706,2672
30020,2024,60665,1350
30060,2024,53282,2805
30140,2024,78425,2044
30150,2024,83269,2237
30180,2024,83251,4100
30260,2024,76404,4078
30280,2024,71049,3558
30300,2024,72475,3600
30340,2024,67873,1991
30380,2024,63953,3171
30420,2024,70652,4333
30460,2024,71966,1111
30500,2024,126256,3517
30580,2024,63827,8322
30620,2024,64038,1778
30660,2024,66358,2759
30700,2024,75049,1733
30780,2024,67154,1069
30820,2024,60816,3611
30860,2024,81126,1848
30900,2024,56403,2746
30980,2024,66647,1464
31020,2024,76531,3128
31060,2024,147139,10556
31080,2024,95958,378
31140,2024,73863,772
31180,2024,63629,1787
31220,2024,64748,3281
31260,2024,60960,3197
31300,2024,41978,1323
31340,2024,68996,1640
31380,2024,52795,2946
31420,2024,59526,2096
31500,2024,64577,5301
31540,2024,88804,1156
31580,2024,56815,3927
31620,2024,55334,6938
31680,2024,55405,3337
31700,2024,103545,1737
31740,2024,65469,2991
31820,2024,69148,2433
31860,2024,75808,2752
31900,2024,59509,1463
31930,2024,63603,3544
31940,2024,61417,1808
31980,2024,53522,3012
32000,2024,57168,4181
32020,2024,59371,4308
32060,2024,65604,3466
32100,2024,65429,2954
32140,2024,75303,2081
32180,2024,57931,4575
32260,2024,73315,3402
32280,2024,51880,2769
32300,2024,49860,3152
32340,2024,59315,3123
32380,2024,68926,2257
32390,2024,62850,2870
32420,2024,21163,697
32460,2024,50772,3209
32540,2024,55310,2668
32580,2024,54338,1156
32620,2024,44597,2133
32660,2024,55487,3018
32700,2024,78851,5212
32740,2024,60476,2113
32780,2024,73999,1600
32820,2024,66401,885
32860,2024,74824,2670
32900,2024,65510,2304
32940,2024,49822,2907
33020,2024,59448,5227
33060,2024,49947,1557
33100,2024,76527,576
33140,2024,71055,2241
33180,2024,31354,3340
33220,2024,77705,2331
33260,2024,92952,5099
33300,2024,54403,3703
33340,2024,78218,901
33380,2024,41182,1410
33420,2024,67674,3848
33460,2024,99833,641
33500,2024,78200,3542
33540,2024,74989,2650
33580,2024,69101,5691
33620,2024,53033,6062
33660,2024,58880,1273
33700,2024,81468,1473
33740,2024,51660,1933
33780,2024,77335,2293
33860,2024,64010,1569
33900,2024,67303,3071
33910,2024,72382,5140
33940,2024,72120,2832
33980,2024,72322,2766
34020,2024,52576,3030
34060,2024,64640,2584
34100,2024,60553,2081
34140,2024,65424,3248
34180,2024,73267,3441
34220,2024,49341,4778
34260,2024,48452,3456
34300,2024,65359,4259
34340,2024,55656,3280
34380,2024,55237,2195
34420,2024,58626,2625
34460,2024,55208,2766
34500,2024,63118,2847
34540,2024,73878,3321
34580,2024,89263,2583
34620,2024,58127,1683
34660,2024,52706,4077
34680,2024,68713,2958
34700,2024,69396,3217
34740,2024,65024,1543
34780,2024,53619,2227
34820,2024,66880,1763
34860,2024,53555,3013
34880,2024,139688,16786
34900,2024,111471,4025
34940,2024,90045,2224
34980,2024,85447,984
35020,2024,42104,2142
35060,2024,46292,2441
35100,2024,64475,2994
35140,2024,61780,2811
35220,2024,63150,2842
35300,2024,88197,1692
35340,2024,56961,4681
35380,2024,62655,1185
35420,2024,65044,2463
35440,2024,63165,2955
35460,2024,48016,3856
35580,2024,69378,3150
35620,2024,99155,487
35660,2024,65425,1108
35700,2024,55217,4149
35740,2024,65968,2766
35820,2024,65430,4872
35840,2024,80859,1200
35900,2024,51721,2459
35940,2024,67878,3144
35980,2024,86586,1937
36020,2024,90551,4001
36100,2024,61010,1361
36180,2024,81745,4130
36220,2024,71536,3707
36260,2024,101203,1354
36340,2024,61522,2262
36380,2024,57984,4108
36420,2024,72094,1087
36460,2024,59540,2028
36500,2024,96563,1945
36540,2024,84829,979
36580,2024,68885,3568
36620,2024,62568,4078
36660,2024,44462,2416
36700,2024,45675,2691
36740,2024,78533,807
36780,2024,74925,1498
36820,2024,70940,4815
36830,2024,66136,4393
36837,2024,72230,1824
36840,2024,77207,6413
36900,2024,64766,4224
36940,2024,84196,5645
36980,2024,68002,2356
37020,2024,67404,2587
37060,2024,65018,2898
37100,2024,109797,1753
37120,2024,54963,3147
37140,2024,64160,1981
37220,2024,60714,7415
37260,2024,47934,2163
37300,2024,62068,4521
37340,2024,78476,1054
37420,2024,60317,5639
37460,2024,71514,1839
37500,2024,57839,3888
37540,2024,50613,2203
37580,2024,59020,2429
37620,2024,57391,2437
37740,2024,61986,2848
37800,2024,78680,3041
37860,2024,75967,1471
37900,2024,71857,1574
37940,2024,61139,3618
37950,2024,78112,4802
37980,2024,91289,666
38060,2024,88301,521
38100,2024,58135,5163
38180,2024,81645,6778
38210,2024,43214,2659
38220,2024,51605,2813
38240,2024,86080,3381
38260,2024,52844,2608
38300,2024,75762,672
38340,2024,76013,3051
38380,2024,52707,3987
38420,2024,66858,2270
38460,2024,71224,2611
38500,2024,71808,3823
38540,2024,66499,2577
38620,2024,58423,3014
38660,2024,22247,779
38700,2024,73790,4066
38740,2024,49089,3075
38820,2024,70370,2176
38860,2024,92175,1533
38900,2024,97436,858
38920,2024,79959,8800
38940,2024,74514,1912
39020,2024,50609,2908
39040,2024,74048,4031
39060,2024,68313,1387
39150,2024,69613,1866
39220,2024,58377,3587
39300,2024,87040,849
39340,2024,100704,1401
39380,2024,64010,2208
39420,2024,55406,4182
39460,2024,69952,1682
39480,2024,90589,4016
39500,2024,65360,3511
39540,2024,78096,2301
39580,2024,100103,1230
39660,2024,75255,2318
39700,2024,54180,8228
39740,2024,79777,1206
39780,2024,63784,3435
39820,2024,72636,1972
39860,2024,84171,3026
39900,2024,87485,1443
39940,2024,61940,2560
39960,2024,65933,2114
39980,2024,55692,3150
40060,2024,86679,1050
40080,2024,60368,1598
40090,2024,95635,4646
40100,2024,37639,4431
40140,2024,89662,787
40180,2024,64904,2606
40220,2024,68761,1429
40260,2024,47104,2728
40300,2024,82132,3131
40340,2024,91882,1702
40380,2024,76284,890
40420,2024,68033,1673
40460,2024,44883,5326
40540,2024,75034,3808
40580,2024,59636,2138
40620,2024,58396,3528
40660,2024,65565,3312
40700,2024,61310,1747
40740,2024,52938,2795
40760,2024,53303,2293
40770,2024,53338,6056
40780,2024,57102,3433
40820,2024,39172,4326
40860,2024,68616,2664
40900,2024,97188,815
40940,2024,67325,4646
40980,2024,60622,1588
41060,2024,76497,1705
41100,2024,80632,3644
41140,2024,65005,1947
41180,2024,80196,701
41260,2024,66380,3352
41400,2024,58180,1778
41420,2024,78900,1874
41460,2024,65745,3311
41500,2024,97230,1883
41540,2024,73802,2115
41620,2024,98083,1249
41660,2024,68419,2915
41700,2024,76213,781
41740,2024,106268,949
41760,2024,66979,3737
41780,2024,73502,1914
41820,2024,65387,3096
41860,2024,136027,1102
41940,2024,162111,1963
41980,2024,29276,378
42020,2024,97446,2876
42100,2024,111093,2734
42140,2024,79071,2820
42200,2024,98161,2430
42220,2024,104674,2030
42300,2024,62217,2143
42340,2024,77180,1575
42380,2024,63675,2517
42420,2024,63838,4158
42460,2024,51908,1987
42540,2024,65158,1000
42580,2024,81497,1512
42620,2024,55249,3850
42660,2024,115177,719
42680,2024,73491,1900
42700,2024,54897,2416
42740,2024,60430,3404
42780,2024,66876,2148
42820,2024,35627,3641
42860,2024,62388,4319
42900,2024,68089,2709
42940,2024,62581,3562
42980,2024,70262,4499
43020,2024,66189,2466
43060,2024,61398,2006
43100,2024,73094,2384
43140,2024,58534,2730
43180,2024,67225,4697
43220,2024,83270,4720
43260,2024,71388,7227
43300,2024,72182,1791
43320,2024,54606,2264
43340,2024,55925,1490
43380,2024,73978,3615
43420,2024,59742,1950
43460,2024,59476,2951
43500,2024,44958,4212
43580,2024,75192,2368
43620,2024,82754,1941
43640,2024,81202,1958
43660,2024,60039,7010
43700,2024,51898,1971
43740,2024,61446,1812
43760,2024,77404,5095
43780,2024,67217,1251
43890,2024,69467,3463
43900,2024,64382,1716
43940,2024,73384,4448
43980,2024,65428,5096
44020,2024,75432,5466
44060,2024,77488,1471
44100,2024,75895,1762
44140,2024,71306,1758
44180,2024,65071,999
44220,2024,63132,2105
44260,2024,48750,3457
44300,2024,74291,2520
44340,2024,57446,2283
44420,2024,73544,3005
44460,2024,95400,6129
44500,2024,65115,4506
44540,2024,51829,7707
44580,2024,67500,2936
44620,2024,76070,1950
44660,2024,49809,3694
44700,2024,92179,1619
44740,2024,71719,7936
44780,2024,66425,2763
44860,2024,70888,5106
44900,2024,50285,2880
44940,2024,56693,2137
44980,2024,62262,1656
45000,2024,67403,3407
45020,2024,50747,3546
45060,2024,75492,1092
45140,2024,53218,2412
45180,2024,57722,2273
45220,2024,65261,1499
45300,2024,74392,621
45340,2024,58950,7027
45380,2024,62611,2760
45460,2024,56594,2171
45500,2024,55646,2000
45520,2024,64175,3054
45580,2024,55429,8777
45620,2024,60262,4032
45660,2024,66025,3286
45700,2024,49785,4352
45740,2024,54754,5125
45780,2024,65486,1240
45820,2024,69888,1800
45860,2024,93551,3107
45880,2024,64297,10908
45900,2024,80889,2176
45940,2024,100645,2565
45980,2024,48677,5631
46020,2024,89882,3998
46060,2024,70315,1089
46100,2024,62285,3570
46140,2024,69359,713
46180,2024,63170,2476
46220,2024,61517,1998
46300,2024,68810,2995
46340,2024,74192,2224
46380,2024,68092,3254
46460,2024,54613,3708
46500,2024,75556,3880
46520,2024,106195,1953
46540,2024,69779,1785
46580,2024,20800,1109
46620,2024,53801,6171
46660,2024,57085,2101
46700,2024,100401,2108
46780,2024,67917,3470
46820,2024,56850,5165
46860,2024,73746,3902
46900,2024,54102,9748
46980,2024,59401,3053
47020,2024,70236,2611
47080,2024,52500,4172
47180,2024,61237,4302
47220,2024,67436,1985
47240,2024,125786,14169
47260,2024,82330,711
47300,2024,71300,1532
47340,2024,66806,3453
47380,2024,66205,1712
47420,2024,73734,3492
47460,2024,74202,4241
47540,2024,78660,4179
47580,2024,79345,2398
47620,2024,60480,1951
47660,2024,67272,2697
47700,2024,75317,2941
47780,2024,68503,5246
47820,2024,58357,3205
47900,2024,126684,733
47920,2024,63275,4317
47930,2024,86191,1654
47940,2024,70811,1386
47980,2024,72727,4778
48020,2024,83750,2615
48060,2024,66301,2730
48140,2024,77884,2218
48180,2024,51821,3044
48200,2024,61912,2423
48220,2024,60977,2629
48260,2024,58784,1964
48300,2024,81938,3942
48460,2024,50993,2030
48540,2024,57418,2347
48580,2024,80520,1990
48620,2024,70655,965
48660,2024,65379,2040
48680,2024,76508,3168
48700,2024,63917,2280
48780,2024,85595,6424
48820,2024,76592,2794
48900,2024,76471,1635
48940,2024,70407,5534
48980,2024,56423,3380
49010,2024,63494,4240
49020,2024,84298,3526
49080,2024,81073,5960
49100,2024,70744,4222
49180,2024,65975,1052
49220,2024,67989,2326
49260,2024,61417,6478
49300,2024,73574,2496
49340,2024,95939,1131
49380,2024,66101,4139
49420,2024,70656,2480
49460,2024,72821,7170
49620,2024,84829,1522
49660,2024,56713,1061
49700,2024,78179,3731
49740,2024,62876,2259
49780,2024,60780,3160
49820,2024,39239,4265
