cbsa,metro_name_x,year,qtr,hpi_at_sa,hpi_po_sa,RegionID,RegionName_x,RegionType,StateName,zhvi_qtr,zhvi_yoy,zhvi_qoq,RegionName_y,zori_qtr,unemployment_rate,RegionName_x_x,inventory_qtr,metro_name_y,population,pop_yoy_growth,pop_velocity_3yr,pop_acceleration,sp500_qtr,index_sa,RegionName_y_y,median_income,income_moe,price_to_income_ratio,affordability_burden,hpi_3yr_chg,is_unaffordable,collapse_onset,prev_unaffordable,price_to_income_lag,price_to_income_5yr_chg,zhvi_yoy_fixed,zhvi_qoq_fixed,zhvi_yoy_lag,zhvi_qoq_lag,three-year_home_price_growth_trend,hpi_yoy,hpi_yoy_lag,hpi_3yr_chg_lag,pop_yoy_fixed,pop_velocity_fixed,pop_velocity_lag,pop_acceleration_fixed,pop_acceleration_lag,zori_yoy_fixed,zori_yoy_lag,unemployment_rate_lag,inv_qoq_fixed,inv_qoq_lag,sp500_yoy_fixed,sp500_yoy_lag,cum_onset
12420,"Austin-Round Rock-San Marcos, TX",2019,2,1.57,464.9,394355.0,"Austin, TX",msa,TX,322971.64687432477,0.0262194080456366,0.0047590679112483,"Austin, TX",1400.18877097048,2.56666666666667,"Austin, TX",9252.0,"Austin-Round Rock-Georgetown, TX",2227083.0,0.0284396607337716,0.0800512702132281,0.0047939074159588,2882.32777777778,1.57,"Austin, TX",76844.0,621.0,4.202952044067524,False,17.164179104477604,False,False,False,4.298688456608258,0.7323506689767068,0.026219408045636605,0.00475906791124836,0.03211546169168944,0.008479869129737638,-0.006429051028668186,0.039735099337748325,0.027210884353741527,23.77049180327868,0.028439660733771577,0.0,0.0,-0.004793907415958865,0.0022798457076069756,0.04683620335465588,0.017213280316001667,2.96666666666667,0.15539274861590924,0.23737373737373768,0.06629220382021028,0.12725771232385252,0
12420,"Austin-Round Rock-San Marcos, TX",2019,3,1.56,473.96,394355.0,"Austin, TX",msa,TX,325435.04213345575,0.0260219643736072,0.0076272802364274,"Austin, TX",1419.38571618138,2.86666666666667,"Austin, TX",9832.0,"Austin-Round Rock-Georgetown, TX",2227083.0,0.0284396607337716,0.0800512702132281,0.0047939074159588,2957.8528125,1.56,"Austin, TX",76844.0,621.0,4.235009137127892,False,16.417910447761198,False,False,False,4.332309290446288,0.6610825171291799,0.026021964373607265,0.007627280236427447,0.03560436737901296,0.007821184107060564,-0.005902669375743396,-0.006369426751592355,0.046666666666666634,23.62204724409449,0.028439660733771577,0.0,0.0,0.0,0.0,0.046469236794917324,0.031133183315111168,3.1,0.06268914829226113,0.1207725947521825,0.037988254372415486,0.15500598332389925,0
12420,"Austin-Round Rock-San Marcos, TX",2019,4,1.59,495.88,394355.0,"Austin, TX",msa,TX,330525.4447557237,0.0347088184891184,0.0156418392712008,"Austin, TX",1418.1163856593,2.5,"Austin, TX",8605.0,"Austin-Round Rock-Georgetown, TX",2227083.0,0.0284396607337716,0.0800512702132281,0.0047939074159588,3082.755625,1.59,"Austin, TX",76844.0,621.0,4.301252469362913,False,16.058394160583944,False,False,False,4.363133936068797,0.5985813604451602,0.03470881848911844,0.015641839271200775,0.034335357841771996,0.007115061173144754,-0.005145213241885841,0.006329113924050667,0.04635761589403975,18.796992481203013,0.028439660733771577,0.0,0.0,0.0,0.0,0.043350482041372373,0.04312930179084895,2.8,-0.1247965825874695,-0.0971580932561591,0.14221561000009708,0.036741721225998614,0
12420,"Austin-Round Rock-San Marcos, TX",2020,1,1.61,501.21,394355.0,"Austin, TX",msa,TX,338346.29317403265,0.0525893199939355,0.0236618648954212,"Austin, TX",1429.61206284549,3.16666666666667,"Austin, TX",7143.33333333333,"Austin-Round Rock-San Marcos, TX",2300172.0,0.0328182649681219,0.0873075786761839,0.0043786042343503,3055.86919354839,1.61,"Austin, TX",80852.0,688.0,4.184760960446651,False,8.783783783783793,False,False,False,4.183044650500009,0.389401194228828,0.05258931999393557,0.023661864895421214,0.030019680713820884,0.006272758652359656,-0.0044679962569923485,-0.012269938650306678,0.04487179487179471,19.852941176470562,0.0328182649681219,0.004378604234350325,0.004793907415958865,0.004378604234350325,0.004793907415958865,0.04131076657850197,0.04609151931491495,3.06666666666667,-0.1698624830524892,-0.13480515738673138,0.12306660146926007,-0.004562795426326538,0
12420,"Austin-Round Rock-San Marcos, TX",2020,2,1.58,504.06,394355.0,"Austin, TX",msa,TX,344671.94920020824,0.0671894964647703,0.0186958041326077,"Austin, TX",1427.3459894003,10.2666666666667,"Austin, TX",8062.33333333333,"Austin-Round Rock-San Marcos, TX",2300172.0,0.0328182649681219,0.0873075786761839,0.0043786042343503,2931.68761904762,1.58,"Austin, TX",80852.0,688.0,4.262998431704945,False,7.48299319727892,False,False,False,4.202952044067524,0.30025966438139884,0.06718949646477035,0.01869580413260774,0.026219408045636605,0.00475906791124836,-0.0039091211209016305,0.006369426751592355,0.039735099337748325,17.164179104477604,0.0328182649681219,0.0,0.0,-0.004378604234350325,-0.004793907415958865,0.01939539795837475,0.04683620335465588,2.56666666666667,0.1286514232384508,0.15539274861590924,0.017124992393438232,0.06629220382021028,0
12420,"Austin-Round Rock-San Marcos, TX",2020,3,1.61,529.75,394355.0,"Austin, TX",msa,TX,350606.1480637049,0.0773460220056045,0.017216947527255,"Austin, TX",1422.81830125428,6.8,"Austin, TX",8071.33333333333,"Austin-Round Rock-San Marcos, TX",2300172.0,0.0328182649681219,0.0873075786761839,0.0043786042343503,3319.8340625,1.61,"Austin, TX",80852.0,688.0,4.336394252012379,False,7.333333333333347,False,False,False,4.235009137127892,0.22049179676278552,0.07734602200560459,0.017216947527255,0.026021964373607265,0.007627280236427447,-0.0033352556510690117,0.03205128205128216,-0.006369426751592355,16.417910447761198,0.0328182649681219,0.0,0.0,0.0,0.0,0.0024183596000491026,0.046469236794917324,2.86666666666667,0.0011163021457807343,0.06268914829226113,0.12237973724394036,0.037988254372415486,0
12420,"Austin-Round Rock-San Marcos, TX",2020,4,1.68,565.03,394355.0,"Austin, TX",msa,TX,367314.50914771314,0.1113047875003345,0.0476556420253427,"Austin, TX",1409.57182115428,5.03333333333333,"Austin, TX",5939.0,"Austin-Round Rock-San Marcos, TX",2300172.0,0.0328182649681219,0.0873075786761839,0.0043786042343503,3554.5015625,1.68,"Austin, TX",80852.0,688.0,4.543047904167035,False,11.258278145695355,False,False,False,4.301252469362913,0.19512216439567442,0.11130478750033457,0.04765564202534267,0.03470881848911844,0.015641839271200775,-0.002511902670969819,0.05660377358490565,0.006329113924050667,16.058394160583944,0.0328182649681219,0.0,0.0,0.0,0.0,-0.006025291429833879,0.043350482041372373,2.5,-0.26418600809449055,-0.1247965825874695,0.15302735438200687,0.14221561000009708,0
12420,"Austin-Round Rock-San Marcos, TX",2021,1,1.77,609.52,394355.0,"Austin, TX",msa,TX,392175.3973355509,0.1590947063629586,0.0676828373742246,"Austin, TX",1440.79014552805,5.13333333333333,"Austin, TX",4748.0,"Austin-Round Rock-San Marcos, TX",2359313.0,0.0257115554836769,0.089501855694097,-0.007106709484445,3865.7068852459,1.77,"Austin, TX",85398.0,783.0,4.592325315997458,False,13.461538461538458,False,False,False,4.184760960446651,0.06508390661417263,0.15909470636295864,0.06768283737422465,0.05258931999393557,0.023661864895421214,-0.0009844029168061313,0.0993788819875776,-0.012269938650306678,8.783783783783793,0.025711555483676873,-0.0071067094844450285,0.004378604234350325,-0.0071067094844450285,0.004378604234350325,0.00781896220175371,0.04131076657850197,3.16666666666667,-0.2005388112476848,-0.1698624830524892,0.26501058795554977,0.12306660146926007,0
12580,"Baltimore-Columbia-Towson, MD",2019,2,0.8,253.66,394358.0,"Baltimore, MD",msa,MD,296524.963804555,0.0301416764654105,0.0126064506573009,"Baltimore, MD",1445.37707020537,3.36666666666667,"Baltimore, MD",12856.6666666667,"Baltimore-Columbia-Towson, MD",2800053.0,-0.00024636319719451,0.0021266155854222,-0.000973841993652913,2882.32777777778,0.8,,81598.0,596.0,3.633973428326123,False,1.2658227848101333,False,False,False,3.6581948604767818,0.05303804902235765,0.03014167646541055,0.012606450657298485,0.03153095078434953,0.009350119196560813,0.0016594603349407958,-0.024390243902438935,0.012345679012345512,6.493506493506485,-0.00024636319719451016,0.0,0.0,0.000973841993652913,0.0009174093271702155,0.023726219508294788,0.01731317434837698,3.86666666666667,0.18023255813954164,0.1676759061833688,0.06629220382021028,0.12725771232385252,0
12580,"Baltimore-Columbia-Towson, MD",2019,3,0.79,256.07,394358.0,"Baltimore, MD",msa,MD,297899.490851016,0.0285708257448926,0.0046354513590507,"Baltimore, MD",1452.89540516241,3.56666666666667,"Baltimore, MD",13352.3333333333,"Baltimore-Columbia-Towson, MD",2800053.0,-0.00024636319719451,0.0021266155854222,-0.000973841993652913,2957.8528125,0.79,,81598.0,596.0,3.650818535393221,False,2.5974025974025983,False,False,False,3.680764999334888,0.03226296000612949,0.02857082574489267,0.004635451359053189,0.035482349942211444,0.00616974757193911,0.0014732024108576876,-0.03658536585365846,-0.012048192771084376,3.797468354430378,-0.00024636319719451016,0.0,0.0,0.0,0.0,0.027826296879806423,0.015315016663747905,3.93333333333333,0.03855327975109657,0.0012416916222335317,0.037988254372415486,0.15500598332389925,0
12580,"Baltimore-Columbia-Towson, MD",2019,4,0.8,257.11,394358.0,"Baltimore, MD",msa,MD,299200.429559841,0.0288107719888335,0.0043670390476631,"Baltimore, MD",1446.70126461664,3.03333333333333,"Baltimore, MD",12109.0,"Baltimore-Columbia-Towson, MD",2800053.0,-0.00024636319719451,0.0021266155854222,-0.000973841993652913,3082.755625,0.8,,81598.0,596.0,3.6667618024932103,False,2.564102564102577,False,False,False,3.695976841872722,0.014507843733650105,0.028810771988833528,0.00436703904766178,0.03200949553984689,0.004132793737329887,0.001205430352945754,-0.024390243902438935,-0.012048192771084376,2.499999999999991,-0.00024636319719451016,0.0,0.0,0.0,0.0,0.025816063326024263,0.02146490810952284,3.43333333333333,-0.09311730783633088,-0.06850014590020426,0.14221561000009708,0.036741721225998614,0
12580,"Baltimore-Columbia-Towson, MD",2020,1,0.8,258.65,394358.0,"Baltimore, MD",msa,MD,303058.057374124,0.0349163857346488,0.0128931225799302,"Baltimore, MD",1455.63437308717,3.73333333333333,"Baltimore, MD",9637.33333333333,"Baltimore-Columbia-Towson, MD",2847138.0,0.0168157531303872,0.0173047768130068,0.0170621163275817,3055.86919354839,0.8,,83811.0,751.0,3.615969948743292,False,-4.761904761904756,False,False,False,3.58873225226568,-0.09421226333539279,0.034916385734648836,0.012893122579930916,0.026828955370345575,0.006917437725085573,0.000961568647494119,-0.036144578313252906,-0.02352941176470591,3.7499999999999867,0.01681575313038719,0.0170621163275817,-0.000973841993652913,0.0170621163275817,-0.000973841993652913,0.024922380557042212,0.022166961874206192,3.9,-0.20411814903515313,-0.14689221291148102,0.12306660146926007,-0.004562795426326538,0
12580,"Baltimore-Columbia-Towson, MD",2020,2,0.79,260.32,394358.0,"Baltimore, MD",msa,MD,306314.055133251,0.0330127055850453,0.0107438085868399,"Baltimore, MD",1465.74142729208,8.7,"Baltimore, MD",9505.66666666667,"Baltimore-Columbia-Towson, MD",2847138.0,0.0168157531303872,0.0173047768130068,0.0170621163275817,2931.68761904762,0.79,,83811.0,751.0,3.6548192377283537,False,-2.4691358024691357,False,False,False,3.633973428326123,-0.09597323934889168,0.03301270558504532,0.010743808586839432,0.03014167646541055,0.012606450657298485,0.0006619140996406234,-0.012499999999999956,-0.024390243902438935,1.2658227848101333,0.01681575313038719,0.0,0.0,-0.0170621163275817,0.000973841993652913,0.014089304103749534,0.023726219508294788,3.36666666666667,-0.013662147205312003,0.18023255813954164,0.017124992393438232,0.06629220382021028,0
12580,"Baltimore-Columbia-Towson, MD",2020,3,0.8,273.14,394358.0,"Baltimore, MD",msa,MD,307982.78996492,0.0338479904248874,0.0054477906047865,"Baltimore, MD",1476.25798813104,7.2,"Baltimore, MD",9310.0,"Baltimore-Columbia-Towson, MD",2847138.0,0.0168157531303872,0.0173047768130068,0.0170621163275817,3319.8340625,0.8,,83811.0,751.0,3.674729927633843,False,-3.6144578313252906,False,False,False,3.650818535393221,-0.08582252375209087,0.0338479904248874,0.005447790604786729,0.02857082574489267,0.004635451359053189,0.0003270950827822671,0.012658227848101333,-0.03658536585365846,2.5974025974025983,0.01681575313038719,0.0,0.0,0.0,0.0,0.016080017106268274,0.027826296879806423,3.56666666666667,-0.020584212925623624,0.03855327975109657,0.12237973724394036,0.037988254372415486,0
12580,"Baltimore-Columbia-Towson, MD",2020,4,0.81,283.05,394358.0,"Baltimore, MD",msa,MD,317299.304421969,0.0604908050725514,0.0302501138395102,"Baltimore, MD",1488.5648776938,6.1,"Baltimore, MD",8453.33333333333,"Baltimore-Columbia-Towson, MD",2847138.0,0.0168157531303872,0.0173047768130068,0.0170621163275817,3554.5015625,0.81,,83811.0,751.0,3.785890926274224,False,-2.409638554216853,False,False,False,3.6667618024932103,-0.07962414166618181,0.060490805072551446,0.030250113839510817,0.028810771988833528,0.00436703904766178,-5.441790353858501e-05,0.012499999999999956,-0.024390243902438935,2.564102564102577,0.01681575313038719,0.0,0.0,0.0,0.0,0.028937289336132155,0.025816063326024263,3.03333333333333,-0.09201575366988934,-0.09311730783633088,0.15302735438200687,0.14221561000009708,0
12580,"Baltimore-Columbia-Towson, MD",2021,1,0.83,288.95,394358.0,"Baltimore, MD",msa,MD,328511.280174219,0.0839879428405134,0.0353356455434874,"Baltimore, MD",1511.33809891517,6.26666666666667,"Baltimore, MD",6173.33333333333,"Baltimore-Columbia-Towson, MD",2845979.0,-0.000407075456124728,0.016151428388824,-0.0172228285865119,3865.7068852459,0.83,,87513.0,741.0,3.753856914678036,False,-2.352941176470591,False,False,False,3.615969948743292,-0.0987122970884009,0.08398794284051347,0.035335645543488114,0.034916385734648836,0.012893122579930916,-5.344098636735272e-05,0.03749999999999987,-0.036144578313252906,-4.761904761904756,-0.00040707545612472806,-0.017222828586511918,0.0170621163275817,-0.017222828586511918,0.0170621163275817,0.03826766312879881,0.024922380557042212,3.73333333333333,-0.2697160883280758,-0.20411814903515313,0.26501058795554977,0.12306660146926007,0
12580,"Baltimore-Columbia-Towson, MD",2021,2,0.89,296.87,394358.0,"Baltimore, MD",msa,MD,341070.574544606,0.1134669429263877,0.038230937956611,"Baltimore, MD",1563.57062240281,5.53333333333333,"Baltimore, MD",7402.33333333333,"Baltimore-Columbia-Towson, MD",2845979.0,-0.000407075456124728,0.016151428388824,-0.0172228285865119,4183.62634920635,0.89,,87513.0,741.0,3.8973703854810826,False,8.536585365853666,False,False,False,3.6548192377283537,-0.07801289263619982,0.1134669429263877,0.0382309379566097,0.03301270558504532,0.010743808586839432,0.00012355318434351253,0.12658227848101267,-0.012499999999999956,-2.4691358024691357,-0.00040707545612472806,0.0,0.0,0.017222828586511918,-0.0170621163275817,0.06674382895178632,0.014089304103749534,8.7,0.19908207343412543,-0.013662147205312003,0.42703687869904483,0.017124992393438232,0
12580,"Baltimore-Columbia-Towson, MD",2021,3,0.93,303.77,394358.0,"Baltimore, MD",msa,MD,348597.831498274,0.1318743866758922,0.022069499732476,"Baltimore, MD",1632.2079056544,4.8,"Baltimore, MD",8988.0,"Baltimore-Columbia-Towson, MD",2845979.0,-0.000407075456124728,0.016151428388824,-0.0172228285865119,4421.670625,0.93,,87513.0,741.0,3.9833834001608217,False,13.414634146341475,False,False,False,3.674729927633843,-0.07154029243516247,0.13187438667589224,0.022069499732477293,0.0338479904248874,0.005447790604786729,0.0001773682109365926,0.1625000000000001,0.012658227848101333,-3.6144578313252906,-0.00040707545612472806,0.0,0.0,0.0,0.0,0.10563866124835974,0.016080017106268274,7.2,0.21421173503850177,-0.020584212925623624,0.3318950711862574,0.12237973724394036,0
12580,"Baltimore-Columbia-Towson, MD",2021,4,0.97,310.93,394358.0,"Baltimore, MD",msa,MD,350321.615499048,0.1040730648219872,0.0049449074119747,"Baltimore, MD",1649.91982045056,3.6,"Baltimore, MD",8183.66666666667,"Baltimore-Columbia-Towson, MD",2845979.0,-0.000407075456124728,0.016151428388824,-0.0172228285865119,4602.10890625,0.97,,87513.0,741.0,4.003080862261013,False,18.29268292682926,False,False,False,3.785890926274224,0.011890766890765736,0.1040730648219872,0.0049449074119745084,0.060490805072551446,0.030250113839510817,0.0012431368613904873,0.19753086419753085,0.012499999999999956,-2.409638554216853,-0.00040707545612472806,0.0,0.0,0.0,0.0,0.10839631189387156,0.028937289336132155,6.1,-0.08948968995697937,-0.09201575366988934,0.2947269329692408,0.15302735438200687,0
12580,"Baltimore-Columbia-Towson, MD",2022,1,1.06,323.43,394358.0,"Baltimore, MD",msa,MD,358414.438802919,0.0910262765188505,0.0231011246404038,"Baltimore, MD",1680.5626498146,3.5,"Baltimore, MD",5677.0,"Baltimore-Columbia-Towson, MD",2843177.0,-0.000984546969601707,0.0154011370499059,-0.000577471513476979,4463.85548387097,1.06,,94167.0,740.0,3.8061575584113223,False,27.710843373493987,False,False,False,3.753856914678036,0.04874224211124378,0.09102627651885054,0.02310112464040337,0.08398794284051347,0.035335645543488114,0.0030085849584311234,0.2771084337349399,0.03749999999999987,-2.352941176470591,-0.0009845469696017073,-0.0005774715134769792,-0.017222828586511918,-0.0005774715134769792,-0.017222828586511918,0.11197001585608057,0.03826766312879881,6.26666666666667,-0.30630116899515325,-0.2697160883280758,0.154732010569141,0.26501058795554977,0
12580,"Baltimore-Columbia-Towson, MD",2022,2,1.18,329.01,394358.0,"Baltimore, MD",msa,MD,369817.12992816,0.0842833053597078,0.0318142627382008,"Baltimore, MD",1724.55253077422,2.96666666666667,"Baltimore, MD",6771.0,"Baltimore-Columbia-Towson, MD",2843177.0,-0.000984546969601707,0.0154011370499059,-0.000577471513476979,4105.66709677419,1.18,,94167.0,740.0,3.9272476549976103,False,47.499999999999986,False,False,False,3.8973703854810826,0.18703240362535212,0.08428330535970785,0.031814262738201204,0.1134669429263877,0.0382309379566097,0.005591721396891736,0.3258426966292134,0.12658227848101267,8.536585365853666,-0.0009845469696017073,0.0,0.0,0.0005774715134769792,0.017222828586511918,0.10295787479303109,0.06674382895178632,5.53333333333333,0.19270741588867368,0.19908207343412543,-0.018634372653033138,0.42703687869904483,0
12580,"Baltimore-Columbia-Towson, MD",2022,3,1.3,327.8,394358.0,"Baltimore, MD",msa,MD,372337.832300677,0.0681014012633653,0.0068160779166903,"Baltimore, MD",1749.61170951612,3.06666666666667,"Baltimore, MD",7659.33333333333,"Baltimore-Columbia-Towson, MD",2843177.0,-0.000984546969601707,0.0154011370499059,-0.000577471513476979,3980.35109375,1.3,,94167.0,740.0,3.9540160810122127,False,64.55696202531644,False,False,False,3.9833834001608217,0.2520249301952169,0.06810140126336539,0.006816077916690144,0.13187438667589224,0.022069499732477293,0.00848946652770437,0.39784946236559127,0.1625000000000001,13.414634146341475,-0.0009845469696017073,0.0,0.0,0.0,0.0,0.07192944198775297,0.10563866124835974,4.8,0.1311967705410324,0.21421173503850177,-0.0998083232963558,0.3318950711862574,0
12580,"Baltimore-Columbia-Towson, MD",2022,4,1.49,329.16,394358.0,"Baltimore, MD",msa,MD,368882.388513676,0.0529820947194119,-0.0092803993772252,"Baltimore, MD",1728.62775732369,2.46666666666667,"Baltimore, MD",6755.66666666667,"Baltimore-Columbia-Towson, MD",2843177.0,-0.000984546969601707,0.0154011370499059,-0.000577471513476979,3851.97349206349,1.49,,94167.0,740.0,3.917321232636444,False,86.24999999999999,False,False,False,4.003080862261013,0.24502631487814686,0.052982094719411954,-0.009280399377226356,0.1040730648219872,0.0049449074119745084,0.009486002843513313,0.5360824742268042,0.19753086419753085,18.29268292682926,-0.0009845469696017073,0.0,0.0,0.0,0.0,0.04770409804013176,0.10839631189387156,3.6,-0.1179824179650093,-0.08948968995697937,-0.1629981883235685,0.2947269329692408,0
12580,"Baltimore-Columbia-Towson, MD",2023,1,1.56,334.32,394358.0,"Baltimore, MD",msa,MD,370679.935619886,0.0342215477086607,0.0048729545301755,"Baltimore, MD",1747.4630168886,2.43333333333333,"Baltimore, MD",5270.66666666667,"Baltimore-Columbia-Towson, MD",2843966.0,0.000277506465478528,-0.0011141012483413,0.0012620534350802,4000.06451612903,1.56,,97300.0,919.0,3.8096601810882422,False,95.0,False,False,False,3.8061575584113223,0.14675897351217326,0.034221547708660705,0.004872954530176221,0.09102627651885054,0.02310112464040337,0.009241319466656866,0.47169811320754707,0.2771084337349399,27.710843373493987,0.00027750646547852753,0.0012620534350802348,-0.0005774715134769792,0.0012620534350802348,-0.0005774715134769792,0.03980831484109215,0.11197001585608057,3.5,-0.21981546356145443,-0.30630116899515325,-0.10389918970668588,0.154732010569141,0
12580,"Baltimore-Columbia-Towson, MD",2023,2,1.47,343.5,394358.0,"Baltimore, MD",msa,MD,376277.131766139,0.017468097919731,0.0150998087794878,"Baltimore, MD",1779.76741928878,1.83333333333333,"Baltimore, MD",5561.33333333333,"Baltimore-Columbia-Towson, MD",2843966.0,0.000277506465478528,-0.0011141012483413,0.0012620534350802,4206.07290322581,1.47,,97300.0,919.0,3.8671853213375025,False,86.0759493670886,False,False,False,3.9272476549976103,0.2383545383654022,0.01746809791973103,0.015099808779487578,0.08428330535970785,0.031814262738201204,0.008438936961088063,0.2457627118644068,0.3258426966292134,47.499999999999986,0.00027750646547852753,0.0,0.0,-0.0012620534350802348,0.0005774715134769792,0.032016936294640974,0.10295787479303109,2.96666666666667,0.05514798886921213,0.19270741588867368,0.02445541834858167,-0.018634372653033138,0
12580,"Baltimore-Columbia-Towson, MD",2023,3,1.5,351.01,394358.0,"Baltimore, MD",msa,MD,381860.13871036,0.0255743724747081,0.0148374867162822,"Baltimore, MD",1796.48940001437,2.33333333333333,"Baltimore, MD",5780.0,"Baltimore-Columbia-Towson, MD",2843966.0,0.000277506465478528,-0.0011141012483413,0.0012620534350802,4458.13746031746,1.5,,97300.0,919.0,3.9245646321722503,False,87.5,False,False,False,3.9540160810122127,0.2565270862266189,0.025574372474708174,0.0148374867162826,0.06810140126336539,0.006816077916690144,0.0065641584337881595,0.15384615384615374,0.39784946236559127,64.55696202531644,0.00027750646547852753,0.0,0.0,0.0,0.0,0.026793196595154667,0.07192944198775297,3.06666666666667,0.03931910812754791,0.1311967705410324,0.12003623683289799,-0.0998083232963558,0
12580,"Baltimore-Columbia-Towson, MD",2023,4,1.44,347.91,394358.0,"Baltimore, MD",msa,MD,383516.695139972,0.0396720122239,0.0043381234689916,"Baltimore, MD",1784.25268079836,2.46666666666667,"Baltimore, MD",5823.0,"Baltimore-Columbia-Towson, MD",2843966.0,0.000277506465478528,-0.0011141012483413,0.0012620534350802,4464.90761904762,1.44,,97300.0,919.0,3.941589878108654,False,77.77777777777777,False,False,False,3.917321232636444,0.1920572951142483,0.039672012223900044,0.0043381234689923165,0.052982094719411954,-0.009280399377226356,0.003842337172749788,-0.033557046979865834,0.5360824742268042,86.24999999999999,0.00027750646547852753,0.0,0.0,0.0,0.0,0.03217865919311058,0.04770409804013176,2.46666666666667,0.007439446366781954,-0.1179824179650093,0.15912210409729033,-0.1629981883235685,0
12580,"Baltimore-Columbia-Towson, MD",2024,1,1.67,355.86,394358.0,"Baltimore, MD",msa,MD,385540.682538659,0.0400905079847968,0.0052774427406581,"Baltimore, MD",1793.07961656115,3.06666666666667,"Baltimore, MD",5078.33333333333,"Baltimore-Columbia-Towson, MD",2853522.0,0.0033600964287197,0.0026504060641348,0.0030825899632411,4992.54098360656,1.67,,99470.0,889.0,3.875949356978577,False,101.20481927710844,False,False,False,3.8096601810882422,0.1853530245302264,0.04009050798479685,0.005277442740656335,0.034221547708660705,0.004872954530176221,0.0005074540799498051,0.07051282051282048,0.47169811320754707,95.0,0.0033600964287197055,0.003082589963241178,0.0012620534350802348,0.003082589963241178,0.0012620534350802348,0.026104472158599235,0.03980831484109215,2.43333333333333,-0.12788367966111447,-0.21981546356145443,0.248115115012689,-0.10389918970668588,0
12580,"Baltimore-Columbia-Towson, MD",2024,2,1.47,354.73,394358.0,"Baltimore, MD",msa,MD,391833.211079159,0.0413420800780641,0.0163213088151055,"Baltimore, MD",1830.85157599203,3.0,"Baltimore, MD",6000.66666666667,"Baltimore-Columbia-Towson, MD",2853522.0,0.0033600964287197,0.0026504060641348,0.0030825899632411,5246.62650793651,1.47,,99470.0,889.0,3.9392099233855338,False,65.1685393258427,False,False,False,3.8671853213375025,0.2089904608607207,0.04134208007806417,0.016321308815105517,0.01746809791973103,0.015099808779487578,-0.0035534643749868793,0.0,0.2457627118644068,86.0759493670886,0.0033600964287197055,0.0,0.0,-0.003082589963241178,-0.0012620534350802348,0.0287027148320671,0.032016936294640974,1.83333333333333,0.18162126681982405,0.05514798886921213,0.24739314525733902,0.02445541834858167,0
12580,"Baltimore-Columbia-Towson, MD",2024,3,1.51,360.9,394358.0,"Baltimore, MD",msa,MD,392227.832289205,0.0271504996930536,0.0010071152696791,"Baltimore, MD",1854.51604398017,3.5,"Baltimore, MD",6774.66666666667,"Baltimore-Columbia-Towson, MD",2853522.0,0.0033600964287197,0.0026504060641348,0.0030825899632411,5543.46921875,1.51,,99470.0,889.0,3.9431771618498543,False,62.36559139784945,False,False,False,3.9245646321722503,0.24379963283736217,0.02715049969305361,0.0010071152696811136,0.025574372474708174,0.0148374867162826,-0.007155931996520331,0.006666666666666599,0.15384615384615374,87.5,0.0033600964287197055,0.0,0.0,0.0,0.0,0.032300020231311066,0.026793196595154667,2.33333333333333,0.1289856682590822,0.03931910812754791,0.24344959483489204,0.12003623683289799,0
12580,"Baltimore-Columbia-Towson, MD",2024,4,1.52,368.08,394358.0,"Baltimore, MD",msa,MD,395041.241214853,0.0300496594305363,0.0071728946648903,"Baltimore, MD",1853.78021172921,3.23333333333333,"Baltimore, MD",6734.66666666667,"Baltimore-Columbia-Towson, MD",2853522.0,0.0033600964287197,0.0026504060641348,0.0030825899632411,5907.04296875,1.52,,99470.0,889.0,3.971461156276797,False,56.70103092783505,False,False,False,3.941589878108654,0.24561303623593167,0.03004965943053639,0.007172894664888574,0.039672012223900044,0.0043381234689923165,-0.008947288207000978,0.05555555555555558,-0.033557046979865834,77.77777777777777,0.0033600964287197055,0.0,0.0,0.0,0.0,0.03896731201756687,0.03217865919311058,2.46666666666667,-0.005904349537492637,0.007439446366781954,0.3229933232101212,0.15912210409729033,0
12580,"Baltimore-Columbia-Towson, MD",2025,1,1.74,369.68,394358.0,"Baltimore, MD",msa,MD,398547.217939985,0.0337358312375291,0.0088749638249168,"Baltimore, MD",1868.95676753883,3.73333333333333,"Baltimore, MD",5723.0,"Baltimore-Columbia-Towson, MD",2857781.0,0.0014925414978401,0.0051365075055123,-0.0018675549308795,5894.81783333333,1.74,,,,,False,64.1509433962264,False,False,False,3.875949356978577,0.28721710471289663,0.0337358312375291,0.008874963824916593,0.04009050798479685,0.005277442740656335,-0.009508910745975782,0.041916167664670656,0.07051282051282048,101.20481927710844,0.0014925414978401719,-0.0018675549308795336,0.003082589963241178,-0.0018675549308795336,0.003082589963241178,0.04231666585067795,0.026104472158599235,3.06666666666667,-0.15021777865769192,-0.12788367966111447,0.18072497605717697,0.248115115012689,0
12580,"Baltimore-Columbia-Towson, MD",2025,2,1.65,367.9,394358.0,"Baltimore, MD",msa,MD,399701.63372627,0.0200810508773372,0.0028965596404155,"Baltimore, MD",1888.75960233726,3.73333333333333,"Baltimore, MD",7231.33333333333,"Baltimore-Columbia-Towson, MD",2857781.0,0.0014925414978401,0.0051365075055123,-0.0018675549308795,5732.06048387097,1.65,,,,,False,39.83050847457628,False,False,False,3.9392099233855338,0.30523649505941064,0.020081050877337248,0.0028965596404160188,0.04134208007806417,0.016321308815105517,-0.008375466278468977,0.12244897959183665,0.0,65.1685393258427,0.0014925414978401719,0.0,0.0,0.0018675549308795336,-0.003082589963241178,0.03162901193334222,0.0287027148320671,3.0,0.26355640980837514,0.18162126681982405,0.09252306700317803,0.24739314525733902,0
12580,"Baltimore-Columbia-Towson, MD",2025,3,1.67,367.87,394358.0,"Baltimore, MD",msa,MD,400329.668404688,0.0206559439400242,0.0015712587225704,"Baltimore, MD",1903.12784289962,4.43333333333333,"Baltimore, MD",8158.66666666667,"Baltimore-Columbia-Towson, MD",2857781.0,0.0014925414978401,0.0051365075055123,-0.0018675549308795,6427.73875,1.67,,,,,False,28.46153846153845,False,False,False,3.9431771618498543,0.29235862645663335,0.020655943940024235,0.0015712587225702457,0.02715049969305361,0.0010071152696811136,-0.00644678016688843,0.10596026490066213,0.006666666666666599,62.36559139784945,0.0014925414978401719,0.0,0.0,0.0,0.0,0.026212660212482808,0.032300020231311066,3.5,0.1282382225500147,0.1289856682590822,0.1595155481803856,0.24344959483489204,0
12580,"Baltimore-Columbia-Towson, MD",2025,4,1.56,370.49,394358.0,"Baltimore, MD",msa,MD,400848.668418124,0.0147008124655838,0.0012964315522854,"Baltimore, MD",1903.5683035831,3.85,"Baltimore, MD",8139.0,"Baltimore-Columbia-Towson, MD",2857781.0,0.0014925414978401,0.0051365075055123,-0.0018675549308795,6777.5671875,1.56,,,,,False,4.697986577181212,False,False,False,3.971461156276797,0.3046993537835867,0.014700812465583857,0.0012964315522858705,0.03004965943053639,0.007172894664888574,-0.004937949485457454,0.026315789473684292,0.05555555555555558,56.70103092783505,0.0014925414978401719,0.0,0.0,0.0,0.0,0.026857602394756208,0.03896731201756687,3.23333333333333,-0.0024105245955224897,-0.005904349537492637,0.14737055805338306,0.3229933232101212,0
14260,"Boise City, ID",2019,2,1.8,408.82,394399.0,"Boise City, ID",msa,ID,299512.5759613829,0.1401914326336268,0.0252398766635193,"Boise City, ID",1214.91986801672,2.43333333333333,"Boise City, ID",4143.66666666667,"Boise City, ID",749202.0,0.0278374177368705,0.0837816530085276,0.00074218353338229,2882.32777777778,1.8,"Boise City, ID",60568.0,988.0,4.945063002928657,False,34.32835820895521,False,False,False,4.600056363496785,1.279001962234581,0.14019143263362688,0.025239876663519345,0.11804910520113099,0.039011635035610004,0.0033012995020188754,0.09090909090909105,0.09999999999999987,34.14634146341462,0.02783741773687054,0.0,0.0,-0.0007421835333822902,-0.0004824768024163095,0.08274562568656219,0.07841021776980583,2.46666666666667,0.13691238339125644,0.13758488337762032,0.06629220382021028,0.12725771232385252,0
15380,"Buffalo-Cheektowaga, NY",2019,2,1.14,214.04,394425.0,"Buffalo, NY",msa,NY,169839.03430619,0.0524511593312204,0.0151852546502917,"Buffalo, NY",968.868863703557,3.6,"Buffalo, NY",3089.66666666667,"Buffalo-Cheektowaga, NY",1127983.0,-0.0015879239885393,-0.0019898569497236,-0.0014949939303562,2882.32777777778,1.14,,57621.0,656.0,2.9475197290257027,False,11.76470588235292,False,False,False,2.914427082794929,0.39264230848757986,0.052451159331220465,0.015185254650291968,0.07773260324421738,0.01806432945224956,0.0032601526159471866,0.02702702702702675,0.03738317757009346,13.265306122448983,-0.0015879239885393526,0.0,0.0,0.0014949939303562365,-0.00021674087663381414,0.04382101926622117,0.03875931831654511,4.2,0.10913007059949731,0.1566779746199285,0.06629220382021028,0.12725771232385252,0
15380,"Buffalo-Cheektowaga, NY",2019,3,1.14,212.24,394425.0,"Buffalo, NY",msa,NY,172125.131351511,0.045266842661418,0.0134603747286974,"Buffalo, NY",973.922101095203,4.06666666666667,"Buffalo, NY",3641.66666666667,"Buffalo-Cheektowaga, NY",1127983.0,-0.0015879239885393,-0.0019898569497236,-0.0014949939303562,2957.8528125,1.14,,57621.0,656.0,2.98719444909861,False,11.76470588235292,False,False,False,2.973957402171859,0.4299732740403912,0.045266842661418005,0.01346037472869499,0.0791881900318967,0.02042607952978548,0.0030629722953159438,0.04587155963302725,0.0092592592592593,12.371134020618557,-0.0015879239885393526,0.0,0.0,0.0,0.0,0.04137723502663504,0.028236964616749294,4.03333333333333,0.17866004962779125,0.23734520964588168,0.037988254372415486,0.15500598332389925,0
15380,"Buffalo-Cheektowaga, NY",2019,4,1.15,218.96,394425.0,"Buffalo, NY",msa,NY,174292.539319777,0.0491367345610396,0.0125920483037425,"Buffalo, NY",972.197059586822,4.03333333333333,"Buffalo, NY",3369.33333333333,"Buffalo-Cheektowaga, NY",1127983.0,-0.0015879239885393,-0.0019898569497236,-0.0014949939303562,3082.755625,1.15,,57621.0,656.0,3.0248093458943264,False,11.650485436893199,False,False,False,3.0002976142326667,0.4396502687746304,0.04913673456103962,0.012592048303740944,0.06881378364585133,0.00885695674106568,0.0028622218359918464,0.04545454545454519,0.0,6.796116504854366,-0.0015879239885393526,0.0,0.0,0.0,0.0,0.04237552401667144,0.032501629308414604,3.8,-0.07478260869565401,-0.058730576771135135,0.14221561000009708,0.036741721225998614,0
15380,"Buffalo-Cheektowaga, NY",2020,1,1.2,223.63,394425.0,"Buffalo, NY",msa,NY,176392.702793293,0.0543587440613229,0.0120496464261308,"Buffalo, NY",983.963068728606,5.13333333333333,"Buffalo, NY",2538.66666666667,"Buffalo-Cheektowaga, NY",1164609.0,0.0324703475141026,0.0307350679097462,0.034058271502642,3055.86919354839,1.2,,59079.0,788.0,2.985709013241473,False,9.090909090909083,False,False,False,2.903430399056629,0.34721920235953085,0.054358744061322906,0.012049646426131932,0.05543592058463842,0.007037184682761266,0.0022420068981383805,0.04347826086956519,-0.008620689655172376,9.523809523809511,0.032470347514102604,0.03405827150264196,-0.0014949939303562365,0.03405827150264196,-0.0014949939303562365,0.03894031441668111,0.03735667294977274,4.63333333333333,-0.24653739612188186,-0.2205745196791633,0.12306660146926007,-0.004562795426326538,0
15380,"Buffalo-Cheektowaga, NY",2020,2,1.14,226.65,394425.0,"Buffalo, NY",msa,NY,179054.414839075,0.0542594967672229,0.0150896947755326,"Buffalo, NY",1017.58296420003,16.2333333333333,"Buffalo, NY",2297.0,"Buffalo-Cheektowaga, NY",1164609.0,0.0324703475141026,0.0307350679097462,0.034058271502642,2931.68761904762,1.14,,59079.0,788.0,3.030762450939843,False,6.542056074766345,False,False,False,2.9475197290257027,0.35900561331161107,0.05425949676722297,0.01508969477553257,0.052451159331220465,0.015185254650291968,0.0013759367459633739,0.0,0.02702702702702675,11.76470588235292,0.032470347514102604,0.0,0.0,-0.03405827150264196,0.0014949939303562365,0.05027935391613325,0.04382101926622117,3.6,-0.09519432773109371,0.10913007059949731,0.017124992393438232,0.06629220382021028,0
15380,"Buffalo-Cheektowaga, NY",2020,3,1.17,234.28,394425.0,"Buffalo, NY",msa,NY,183212.012820954,0.0644117531379049,0.0232197457159329,"Buffalo, NY",1031.96464985686,8.66666666666667,"Buffalo, NY",2838.66666666667,"Buffalo-Cheektowaga, NY",1164609.0,0.0324703475141026,0.0307350679097462,0.034058271502642,3319.8340625,1.17,,59079.0,788.0,3.101135984376073,False,8.333333333333325,False,False,False,2.98719444909861,0.3717188490270491,0.06441175313790493,0.02321974571593577,0.045266842661418005,0.01346037472869499,-4.746848405797805e-05,0.026315789473684292,0.04587155963302725,11.76470588235292,0.032470347514102604,0.0,0.0,0.0,0.0,0.05959670562603159,0.04137723502663504,4.06666666666667,0.23581483093890743,0.17866004962779125,0.12237973724394036,0.037988254372415486,0
15380,"Buffalo-Cheektowaga, NY",2020,4,1.2,249.07,394425.0,"Buffalo, NY",msa,NY,191432.71174038,0.0983414005412801,0.044869868481058,"Buffalo, NY",1034.78836531149,6.33333333333333,"Buffalo, NY",2368.66666666667,"Buffalo-Cheektowaga, NY",1164609.0,0.0324703475141026,0.0307350679097462,0.034058271502642,3554.5015625,1.2,,59079.0,788.0,3.2402835481369014,False,9.090909090909083,False,False,False,3.0248093458943264,0.4078391688815324,0.09834140054128016,0.04486986848105734,0.04913673456103962,0.012592048303740944,-0.0011981328850436312,0.04347826086956519,0.04545454545454519,11.650485436893199,0.032470347514102604,0.0,0.0,0.0,0.0,0.06438129503422796,0.04237552401667144,4.03333333333333,-0.16557069046500683,-0.07478260869565401,0.15302735438200687,0.14221561000009708,0
15380,"Buffalo-Cheektowaga, NY",2021,1,1.24,257.32,394425.0,"Buffalo, NY",msa,NY,199401.576936433,0.1304411904731859,0.0416274999377344,"Buffalo, NY",1052.86261794004,7.13333333333333,"Buffalo, NY",1595.66666666667,"Buffalo-Cheektowaga, NY",1164503.0,-9.10176720255729e-05,0.0307370392564197,-0.0325613651861282,3865.7068852459,1.24,,62282.0,736.0,3.2015923852225843,False,6.896551724137945,False,False,False,2.985709013241473,0.3712225322561311,0.13044119047318592,0.0416274999377344,0.054358744061322906,0.012049646426131932,-0.0018470826681496974,0.03333333333333344,0.04347826086956519,9.090909090909083,-9.101767202557287e-05,-0.03256136518612818,0.03405827150264196,-0.03256136518612818,0.03405827150264196,0.07002249515366499,0.03894031441668111,5.13333333333333,-0.32634393470306744,-0.24653739612188186,0.26501058795554977,0.12306660146926007,0
15380,"Buffalo-Cheektowaga, NY",2021,2,1.32,270.11,394425.0,"Buffalo, NY",msa,NY,208720.011380412,0.1656792242067806,0.0467319997521896,"Buffalo, NY",1091.8597461808,5.6,"Buffalo, NY",1925.0,"Buffalo-Cheektowaga, NY",1164503.0,-9.10176720255729e-05,0.0307370392564197,-0.0325613651861282,4183.62634920635,1.32,,62282.0,736.0,3.3512091997754085,False,18.918918918918905,False,False,False,3.030762450939843,0.3904020127745236,0.1656792242067806,0.04673199975218667,0.05425949676722297,0.01508969477553257,-0.0022900773738267145,0.1578947368421053,0.0,6.542056074766345,-9.101767202557287e-05,0.0,0.0,0.03256136518612818,-0.03405827150264196,0.07299334265011237,0.05027935391613325,16.2333333333333,0.2063923125130538,-0.09519432773109371,0.42703687869904483,0.017124992393438232,0
15380,"Buffalo-Cheektowaga, NY",2021,3,1.41,278.64,394425.0,"Buffalo, NY",msa,NY,217055.585698209,0.1847235470871062,0.0399366321545664,"Buffalo, NY",1128.15985780521,4.96666666666667,"Buffalo, NY",2528.0,"Buffalo-Cheektowaga, NY",1164503.0,-9.10176720255729e-05,0.0307370392564197,-0.0325613651861282,4421.670625,1.41,,62282.0,736.0,3.485045208859847,False,29.357798165137595,False,False,False,3.101135984376073,0.4143653559841143,0.18472354708710625,0.03993663215456911,0.06441175313790493,0.02321974571593577,-0.001966272869186653,0.20512820512820507,0.026315789473684292,8.333333333333325,-9.101767202557287e-05,0.0,0.0,0.0,0.0,0.09321560381132521,0.05959670562603159,8.66666666666667,0.31324675324675333,0.23581483093890743,0.3318950711862574,0.12237973724394036,0
15380,"Buffalo-Cheektowaga, NY",2021,4,1.45,286.66,394425.0,"Buffalo, NY",msa,NY,216824.566419137,0.1326411481502352,-0.0010643323383202,"Buffalo, NY",1144.91323667593,3.6,"Buffalo, NY",2246.0,"Buffalo-Cheektowaga, NY",1164503.0,-9.10176720255729e-05,0.0307370392564197,-0.0325613651861282,4602.10890625,1.45,,62282.0,736.0,3.481335962543544,False,31.818181818181813,False,False,False,3.2402835481369014,0.5104207220973032,0.1326411481502352,-0.0010643323383219272,0.09834140054128016,0.04486986848105734,-0.0003272658642486121,0.20833333333333326,0.04347826086956519,9.090909090909083,-9.101767202557287e-05,0.0,0.0,0.0,0.0,0.10642260297475459,0.06438129503422796,6.33333333333333,-0.11155063291139244,-0.16557069046500683,0.2947269329692408,0.15302735438200687,0
15380,"Buffalo-Cheektowaga, NY",2022,1,1.59,300.25,394425.0,"Buffalo, NY",msa,NY,222287.595972897,0.1147735107619525,0.0251956207914181,"Buffalo, NY",1166.62152844039,4.26666666666667,"Buffalo, NY",1429.66666666667,"Buffalo-Cheektowaga, NY",1159679.0,-0.0041425397787725,0.0280997142687434,-0.0040515221067469,4463.85548387097,1.59,,67638.0,756.0,3.286430645094429,False,38.26086956521741,False,False,False,3.2015923852225843,0.5183934516392146,0.11477351076195252,0.025195620791417017,0.13044119047318592,0.0416274999377344,0.0025352086277983642,0.282258064516129,0.03333333333333344,6.896551724137945,-0.004142539778772547,-0.004051522106746974,-0.03256136518612818,-0.004051522106746974,-0.03256136518612818,0.10804725000392068,0.07002249515366499,7.13333333333333,-0.3634609676461844,-0.32634393470306744,0.154732010569141,0.26501058795554977,0
15380,"Buffalo-Cheektowaga, NY",2022,2,1.8,306.31,394425.0,"Buffalo, NY",msa,NY,234681.836738946,0.1243858947056884,0.0557576805480395,"Buffalo, NY",1201.01289345187,3.26666666666667,"Buffalo, NY",1852.33333333333,"Buffalo-Cheektowaga, NY",1159679.0,-0.0041425397787725,0.0280997142687434,-0.0040515221067469,4105.66709677419,1.8,,67638.0,756.0,3.4696743951468996,False,57.89473684210529,False,False,False,3.3512091997754085,0.648023289792941,0.1243858947056884,0.05575768054804198,0.1656792242067806,0.04673199975218667,0.00663772495775296,0.36363636363636354,0.1578947368421053,18.918918918918905,-0.004142539778772547,0.0,0.0,0.004051522106746974,0.03256136518612818,0.09996993446536995,0.07299334265011237,5.6,0.29564000932617795,0.2063923125130538,-0.018634372653033138,0.42703687869904483,0
15380,"Buffalo-Cheektowaga, NY",2022,3,1.89,308.1,394425.0,"Buffalo, NY",msa,NY,242387.483985792,0.1167069633619293,0.0328344423834455,"Buffalo, NY",1231.78153733752,3.6,"Buffalo, NY",2488.66666666667,"Buffalo-Cheektowaga, NY",1159679.0,-0.0041425397787725,0.0280997142687434,-0.0040515221067469,3980.35109375,1.89,,67638.0,756.0,3.5835992191636654,False,65.78947368421053,False,False,False,3.485045208859847,0.749837907804114,0.11670696336192932,0.03283444238344502,0.18472354708710625,0.03993663215456911,0.010923866945044223,0.34042553191489366,0.20512820512820507,29.357798165137595,-0.004142539778772547,0.0,0.0,0.0,0.0,0.09185017425979125,0.09321560381132521,4.96666666666667,0.34353068202267845,0.31324675324675333,-0.0998083232963558,0.3318950711862574,0
15380,"Buffalo-Cheektowaga, NY",2022,4,2.08,310.32,394425.0,"Buffalo, NY",msa,NY,240981.636828502,0.1114129768979577,-0.0057999989693053,"Buffalo, NY",1238.04728510119,3.13333333333333,"Buffalo, NY",2104.0,"Buffalo-Cheektowaga, NY",1159679.0,-0.0041425397787725,0.0280997142687434,-0.0040515221067469,3851.97349206349,2.08,,67638.0,756.0,3.5628143473861145,False,80.86956521739133,False,False,False,3.481335962543544,0.6948248819664258,0.1114129768979577,-0.0057999989693049425,0.1326411481502352,-0.0010643323383219272,0.011997266325920837,0.43448275862068986,0.20833333333333326,31.818181818181813,-0.004142539778772547,0.0,0.0,0.0,0.0,0.08134594434042852,0.10642260297475459,3.6,-0.1545673720867946,-0.11155063291139244,-0.1629981883235685,0.2947269329692408,0
15380,"Buffalo-Cheektowaga, NY",2023,1,2.27,312.02,394425.0,"Buffalo, NY",msa,NY,239447.241828122,0.0771956967734595,-0.0063672693926947,"Buffalo, NY",1255.4514481089,3.93333333333333,"Buffalo, NY",1471.33333333333,"Buffalo-Cheektowaga, NY",1156869.0,-0.0024230843190227,-0.0066460073724314,0.0017194554597498,4000.06451612903,2.27,,70572.0,808.0,3.3929496376483876,False,89.16666666666669,False,False,False,3.286430645094429,0.5221514434486338,0.0771956967734595,-0.006367269392696384,0.11477351076195252,0.025195620791417017,0.011329018993246247,0.4276729559748427,0.282258064516129,38.26086956521741,-0.002423084319022717,0.0017194554597498302,-0.004051522106746974,0.0017194554597498302,-0.004051522106746974,0.07614287710536516,0.10804725000392068,4.26666666666667,-0.3006970849176188,-0.3634609676461844,-0.10389918970668588,0.154732010569141,0
15380,"Buffalo-Cheektowaga, NY",2023,2,2.21,321.31,394425.0,"Buffalo, NY",msa,NY,243400.408208259,0.0371506018124927,0.0165095507050133,"Buffalo, NY",1275.97473021981,3.03333333333333,"Buffalo, NY",1683.0,"Buffalo-Cheektowaga, NY",1156869.0,-0.0024230843190227,-0.0066460073724314,0.0017194554597498,4206.07290322581,2.21,,70572.0,808.0,3.4489657117307004,False,93.85964912280701,False,False,False,3.4696743951468996,0.6726590749630725,0.037150601812492745,0.016509550705013476,0.1243858947056884,0.05575768054804198,0.010479859586208128,0.22777777777777763,0.36363636363636354,57.89473684210529,-0.002423084319022717,0.0,0.0,-0.0017194554597498302,0.004051522106746974,0.062415513752304363,0.09996993446536995,3.26666666666667,0.14386044404168818,0.29564000932617795,0.02445541834858167,-0.018634372653033138,0
15380,"Buffalo-Cheektowaga, NY",2023,3,2.09,334.25,394425.0,"Buffalo, NY",msa,NY,250206.8779111,0.0322598914627387,0.0279640849945353,"Buffalo, NY",1299.72586668347,3.6,"Buffalo, NY",2025.0,"Buffalo-Cheektowaga, NY",1156869.0,-0.0024230843190227,-0.0066460073724314,0.0017194554597498,4458.13746031746,2.09,,70572.0,808.0,3.545412882036785,False,78.63247863247864,False,False,False,3.5835992191636654,0.7333014567600524,0.03225989146273878,0.027964084994537952,0.11670696336192932,0.03283444238344502,0.00850575670980737,0.10582010582010581,0.34042553191489366,65.78947368421053,-0.002423084319022717,0.0,0.0,0.0,0.0,0.05515939903825062,0.09185017425979125,3.6,0.20320855614973254,0.34353068202267845,0.12003623683289799,-0.0998083232963558,0
15380,"Buffalo-Cheektowaga, NY",2023,4,2.04,331.04,394425.0,"Buffalo, NY",msa,NY,253625.199261202,0.0524669124133221,0.0136619799529121,"Buffalo, NY",1304.66742194549,3.7,"Buffalo, NY",1897.66666666667,"Buffalo-Cheektowaga, NY",1156869.0,-0.0024230843190227,-0.0066460073724314,0.0017194554597498,4464.90761904762,2.04,,70572.0,808.0,3.5938502417559657,False,70.00000000000001,False,False,False,3.5628143473861145,0.6593602586293428,0.05246691241332213,0.013661979952911407,0.1114129768979577,-0.0057999989693049425,0.006004361883023283,-0.019230769230769273,0.43448275862068986,80.86956521739133,-0.002423084319022717,0.0,0.0,0.0,0.0,0.05381065622130499,0.08134594434042852,3.13333333333333,-0.06288065843621238,-0.1545673720867946,0.15912210409729033,-0.1629981883235685,0
15380,"Buffalo-Cheektowaga, NY",2024,1,2.36,344.79,394425.0,"Buffalo, NY",msa,NY,255975.504949066,0.069026742570742,0.0092668460969584,"Buffalo, NY",1320.47820953954,4.5,"Buffalo, NY",1322.33333333333,"Buffalo-Cheektowaga, NY",1157163.0,0.000254134219172641,-0.0063031181542684,0.0026772185381953,4992.54098360656,2.36,,72237.0,940.0,3.5435511572887304,False,90.32258064516128,False,False,False,3.3929496376483876,0.5302355649895594,0.06902674257074204,0.009266846096958492,0.0771956967734595,-0.006367269392696384,0.001988783690716012,0.03964757709251088,0.4276729559748427,89.16666666666669,0.00025413421917264145,0.0026772185381953584,0.0017194554597498302,0.0026772185381953584,0.0017194554597498302,0.05179552066994764,0.07614287710536516,3.93333333333333,-0.30317934305287486,-0.3006970849176188,0.248115115012689,-0.10389918970668588,0
15380,"Buffalo-Cheektowaga, NY",2024,2,2.26,343.93,394425.0,"Buffalo, NY",msa,NY,261762.40930255,0.0754394835631502,0.0226072582790133,"Buffalo, NY",1342.81590479381,3.53333333333333,"Buffalo, NY",1637.66666666667,"Buffalo-Cheektowaga, NY",1157163.0,0.000254134219172641,-0.0063031181542684,0.0026772185381953,5246.62650793651,2.26,,72237.0,940.0,3.623661133526447,False,71.21212121212119,False,False,False,3.4489657117307004,0.5345386289357714,0.07543948356315022,0.022607258279011777,0.037150601812492745,0.016509550705013476,-0.0037312006722842917,0.02262443438914019,0.22777777777777763,93.85964912280701,0.00025413421917264145,0.0,0.0,-0.0026772185381953584,-0.0017194554597498302,0.05238440306924064,0.062415513752304363,3.03333333333333,0.2384673556844017,0.14386044404168818,0.24739314525733902,0.02445541834858167,0
15380,"Buffalo-Cheektowaga, NY",2024,3,2.17,346.56,394425.0,"Buffalo, NY",msa,NY,266265.557204724,0.0641816061480522,0.0172031878609793,"Buffalo, NY",1356.36430030973,3.9,"Buffalo, NY",2118.66666666667,"Buffalo-Cheektowaga, NY",1157163.0,0.000254134219172641,-0.0063031181542684,0.0026772185381953,5543.46921875,2.17,,72237.0,940.0,3.685999656751028,False,53.900709219858165,False,False,False,3.545412882036785,0.5714554798649263,0.06418160614805224,0.017203187860978186,0.03225989146273878,0.027964084994537952,-0.009058180458777492,0.038277511961722466,0.10582010582010581,78.63247863247864,0.00025413421917264145,0.0,0.0,0.0,0.0,0.04357721507134804,0.05515939903825062,3.6,0.2937105638102988,0.20320855614973254,0.24344959483489204,0.12003623683289799,0
15380,"Buffalo-Cheektowaga, NY",2024,4,2.21,359.64,394425.0,"Buffalo, NY",msa,NY,268495.454665362,0.058630827880969,0.0083747123888167,"Buffalo, NY",1366.69324098104,3.6,"Buffalo, NY",1980.33333333333,"Buffalo-Cheektowaga, NY",1157163.0,0.000254134219172641,-0.0063031181542684,0.0026772185381953,5907.04296875,2.21,,72237.0,940.0,3.716868843741601,False,52.41379310344827,False,False,False,3.5938502417559657,0.593552627523299,0.05863082788096907,0.008374712388818262,0.05246691241332213,0.013661979952911407,-0.011840872238100677,0.08333333333333326,-0.019230769230769273,70.00000000000001,0.00025413421917264145,0.0,0.0,0.0,0.0,0.047541479148040855,0.05381065622130499,3.7,-0.06529263687854303,-0.06288065843621238,0.3229933232101212,0.15912210409729033,0
15380,"Buffalo-Cheektowaga, NY",2025,1,2.42,359.46,394425.0,"Buffalo, NY",msa,NY,269914.325320646,0.0544537274156506,0.0052845239300309,"Buffalo, NY",1374.23675845921,4.5,"Buffalo, NY",1334.0,"Buffalo-Cheektowaga, NY",1155653.0,-0.0013049155564082,-0.0034716503446212,-0.0015590497755808,5894.81783333333,2.42,,,,,False,52.201257861635206,False,False,False,3.5435511572887304,0.6401207582321016,0.05445372741565069,0.005284523930032092,0.06902674257074204,0.009266846096958492,-0.012206765496087105,0.025423728813559254,0.03964757709251088,90.32258064516128,-0.0013049155564082149,-0.0015590497755808563,0.0026772185381953584,-0.0015590497755808563,0.0026772185381953584,0.04071142449099252,0.05179552066994764,4.5,-0.3263760309712158,-0.30317934305287486,0.18072497605717697,0.248115115012689,0
15380,"Buffalo-Cheektowaga, NY",2025,2,2.51,371.13,394425.0,"Buffalo, NY",msa,NY,271214.641355343,0.0361099673477864,0.0048175139765271,"Buffalo, NY",1390.14456703891,3.53333333333333,"Buffalo, NY",1642.66666666667,"Buffalo-Cheektowaga, NY",1155653.0,-0.0013049155564082,-0.0034716503446212,-0.0015590497755808,5732.06048387097,2.51,,,,,False,39.444444444444436,False,False,False,3.623661133526447,0.6761414045007443,0.03610996734778649,0.004817513976526744,0.07543948356315022,0.022607258279011777,-0.010294814400024206,0.11061946902654873,0.02262443438914019,71.21212121212119,-0.0013049155564082149,0.0,0.0,0.0015590497755808563,-0.0026772185381953584,0.035245830851524884,0.05238440306924064,3.53333333333333,0.23138430784607933,0.2384673556844017,0.09252306700317803,0.24739314525733902,0
15380,"Buffalo-Cheektowaga, NY",2025,3,2.37,374.46,394425.0,"Buffalo, NY",msa,NY,275273.339046536,0.0338300677578293,0.0149648915372371,"Buffalo, NY",1403.51613696233,4.23333333333333,"Buffalo, NY",2237.33333333333,"Buffalo-Cheektowaga, NY",1155653.0,-0.0013049155564082,-0.0034716503446212,-0.0015590497755808,6427.73875,2.37,,,,,False,25.396825396825417,False,False,False,3.685999656751028,0.698805207652418,0.033830067757829374,0.014964891537235792,0.06418160614805224,0.017203187860978186,-0.007319160411774533,0.09216589861751157,0.038277511961722466,53.900709219858165,-0.0013049155564082149,0.0,0.0,0.0,0.0,0.034763401426764595,0.04357721507134804,3.9,0.36201298701298223,0.2937105638102988,0.1595155481803856,0.24344959483489204,0
15380,"Buffalo-Cheektowaga, NY",2025,4,2.34,372.21,394425.0,"Buffalo, NY",msa,NY,278682.940518025,0.0379428615108592,0.0123862393768261,"Buffalo, NY",1406.20311499109,3.95,"Buffalo, NY",2150.33333333333,"Buffalo-Cheektowaga, NY",1155653.0,-0.0013049155564082,-0.0034716503446212,-0.0015590497755808,6777.5671875,2.34,,,,,False,12.5,False,False,False,3.716868843741601,0.6920594978472745,0.03794286151085924,0.01238623937682748,0.05863082788096907,0.008374712388818262,-0.0060814290292560864,0.05882352941176472,0.08333333333333326,52.41379310344827,-0.0013049155564082149,0.0,0.0,0.0,0.0,0.028909101783286095,0.047541479148040855,3.6,-0.038885578069129956,-0.06529263687854303,0.14737055805338306,0.3229933232101212,0
16740,"Charlotte-Concord-Gastonia, NC-SC",2019,2,0.81,264.21,394458.0,"Charlotte, NC",msa,NC,236539.436579998,0.0602344632375744,0.0135332987868926,"Charlotte, NC",1255.23620068575,3.53333333333333,"Charlotte, NC",10504.0,"Charlotte-Concord-Gastonia, NC-SC",2636883.0,0.0169432499662547,0.0548810515834519,0.000248829189372302,2882.32777777778,0.81,,63217.0,460.0,3.7417061325276113,False,14.084507042253524,False,False,False,3.668098118392539,0.6687847015523243,0.06023446323757442,0.013533298786895243,0.08565904671282332,0.018684539603490924,0.0015689943995717502,0.0,0.03846153846153855,20.895522388059696,0.016943249966254736,0.0,0.0,-0.0002488291893723016,0.0035784362933943825,0.049737826254600215,0.04352967330567381,3.66666666666667,0.15738054137437074,0.15470373185652075,0.06629220382021028,0.12725771232385252,0
16740,"Charlotte-Concord-Gastonia, NC-SC",2019,3,0.8,267.62,394458.0,"Charlotte, NC",msa,NC,239278.485791797,0.0564726357327141,0.0115796725121275,"Charlotte, NC",1270.11773959423,3.53333333333333,"Charlotte, NC",10892.6666666667,"Charlotte-Concord-Gastonia, NC-SC",2636883.0,0.0169432499662547,0.0548810515834519,0.000248829189372302,2957.8528125,0.8,,63217.0,460.0,3.785033864178891,False,12.676056338028175,False,False,False,3.7237858918065174,0.6528592800675499,0.056472635732714105,0.011579672512125327,0.08208262062562555,0.015181647714042734,0.0005796648978542714,-0.024390243902438935,0.03797468354430378,18.840579710144922,0.016943249966254736,0.0,0.0,0.0,0.0,0.05053557108547335,0.04273946155427022,3.73333333333333,0.03700177710079022,0.11980815648412246,0.037988254372415486,0.15500598332389925,0
16740,"Charlotte-Concord-Gastonia, NC-SC",2019,4,0.81,272.47,394458.0,"Charlotte, NC",msa,NC,242698.868199813,0.0556117444730066,0.0142945672557981,"Charlotte, NC",1271.10959691556,3.26666666666667,"Charlotte, NC",9527.0,"Charlotte-Concord-Gastonia, NC-SC",2636883.0,0.0169432499662547,0.0548810515834519,0.000248829189372302,3082.755625,0.81,,63217.0,460.0,3.839139285315865,False,12.500000000000021,False,False,False,3.780096098767289,0.6539923512562709,0.05561174447300665,0.014294567255796586,0.07506771744865959,0.015121762796478366,-0.00014056390245262293,-0.02409638554216853,0.05063291139240489,15.277777777777768,0.016943249966254736,0.0,0.0,0.0,0.0,0.04942031188817286,0.045720594088203725,3.53333333333333,-0.12537486994308367,-0.11256053522940945,0.14221561000009708,0.036741721225998614,0
16740,"Charlotte-Concord-Gastonia, NC-SC",2020,1,0.83,280.51,394458.0,"Charlotte, NC",msa,NC,247569.752899095,0.0607964234784785,0.0200696638406712,"Charlotte, NC",1279.79996328473,3.86666666666667,"Charlotte, NC",7814.33333333333,"Charlotte-Concord-Gastonia, NC-SC",2668342.0,0.0119303738542818,0.0462555869278729,-0.0050128761119729,3055.86919354839,0.83,,65725.0,612.0,3.766751660693724,False,6.41025641025641,False,False,False,3.6917446491457993,0.5497388161482331,0.06079642347847858,0.02006966384067277,0.06562306077919233,0.015084038273713185,-0.000832349484316373,-0.011904761904761862,0.024390243902439046,13.513513513513509,0.01193037385428175,-0.005012876111972986,0.0002488291893723016,-0.005012876111972986,0.0002488291893723016,0.038462237941809585,0.05294076670225878,3.96666666666667,-0.17976977712466358,-0.14115828654343265,0.12306660146926007,-0.004562795426326538,0
16740,"Charlotte-Concord-Gastonia, NC-SC",2020,2,0.81,285.35,394458.0,"Charlotte, NC",msa,NC,252011.275291851,0.0654091298074956,0.0179404888551411,"Charlotte, NC",1290.54251604532,11.7666666666667,"Charlotte, NC",8262.66666666667,"Charlotte-Concord-Gastonia, NC-SC",2668342.0,0.0119303738542818,0.0462555869278729,-0.0050128761119729,2931.68761904762,0.81,,65725.0,612.0,3.83432902688248,False,3.8461538461538547,False,False,False,3.7417061325276113,0.559091630981472,0.06540912980749569,0.01794048885513999,0.06023446323757442,0.013533298786895243,-0.0014820323065711889,0.0,0.0,14.084507042253524,0.01193037385428175,0.0,0.0,0.005012876111972986,-0.0002488291893723016,0.02812722843739035,0.049737826254600215,3.53333333333333,0.057373203088342706,0.15738054137437074,0.017124992393438232,0.06629220382021028,0
16740,"Charlotte-Concord-Gastonia, NC-SC",2020,3,0.83,297.16,394458.0,"Charlotte, NC",msa,NC,256944.56622069,0.073830626144403,0.0195756754261314,"Charlotte, NC",1313.28019998884,7.66666666666667,"Charlotte, NC",7680.66666666667,"Charlotte-Concord-Gastonia, NC-SC",2668342.0,0.0119303738542818,0.0462555869278729,-0.0050128761119729,3319.8340625,0.83,,65725.0,612.0,3.90938860738973,False,5.063291139240489,False,False,False,3.785033864178891,0.5759753666712566,0.07383062614440306,0.019575675426132477,0.056472635732714105,0.011579672512125327,-0.002137603931310154,0.03749999999999987,-0.024390243902438935,12.676056338028175,0.01193037385428175,0.0,0.0,0.0,0.0,0.03398303877591635,0.05053557108547335,3.53333333333333,-0.07043730837502016,0.03700177710079022,0.12237973724394036,0.037988254372415486,0
16740,"Charlotte-Concord-Gastonia, NC-SC",2020,4,0.86,310.38,394458.0,"Charlotte, NC",msa,NC,268607.370752655,0.1067516414271518,0.0453903528823711,"Charlotte, NC",1327.7656181792,5.6,"Charlotte, NC",6480.33333333333,"Charlotte-Concord-Gastonia, NC-SC",2668342.0,0.0119303738542818,0.0462555869278729,-0.0050128761119729,3554.5015625,0.86,,65725.0,612.0,4.086837135833473,False,8.860759493670889,False,False,False,3.839139285315865,0.6055420679874435,0.10675164142715188,0.04539035288237159,0.05561174447300665,0.014294567255796586,-0.0026869539661532045,0.061728395061728225,-0.02409638554216853,12.500000000000021,0.01193037385428175,0.0,0.0,0.0,0.0,0.04457209779638194,0.04942031188817286,3.26666666666667,-0.15627983681972124,-0.12537486994308367,0.15302735438200687,0.14221561000009708,0
16740,"Charlotte-Concord-Gastonia, NC-SC",2021,1,0.88,325.08,394458.0,"Charlotte, NC",msa,NC,282193.592326749,0.1398548854300711,0.0505802262090742,"Charlotte, NC",1348.22467222469,5.6,"Charlotte, NC",5685.33333333333,"Charlotte-Concord-Gastonia, NC-SC",2706093.0,0.014147736684428,0.043634856051987,0.0022173628301462,3865.7068852459,0.88,,69559.0,587.0,4.056895474730071,False,7.317073170731714,False,False,False,3.766751660693724,0.5120024713746911,0.13985488543007119,0.05058022620907421,0.06079642347847858,0.02006966384067277,-0.00300769002241749,0.06024096385542177,-0.011904761904761862,6.41025641025641,0.014147736684428036,0.0022173628301462855,-0.005012876111972986,0.0022173628301462855,-0.005012876111972986,0.053465159324072475,0.038462237941809585,3.86666666666667,-0.12267887454349058,-0.17976977712466358,0.26501058795554977,0.12306660146926007,0
16740,"Charlotte-Concord-Gastonia, NC-SC",2021,2,0.96,340.08,394458.0,"Charlotte, NC",msa,NC,297887.011104363,0.1820384256989451,0.0556122435248014,"Charlotte, NC",1405.28614935623,4.96666666666667,"Charlotte, NC",6949.0,"Charlotte-Concord-Gastonia, NC-SC",2706093.0,0.014147736684428,0.043634856051987,0.0022173628301462,4183.62634920635,0.96,,69559.0,587.0,4.282508533825429,False,18.518518518518512,False,False,False,3.83432902688248,0.5317829153485292,0.18203842569894513,0.05561224352480254,0.06540912980749569,0.01794048885513999,-0.0029286456172249817,0.18518518518518512,0.0,3.8461538461538547,0.014147736684428036,0.0,0.0,-0.0022173628301462855,0.005012876111972986,0.08891116091434559,0.02812722843739035,11.7666666666667,0.22226782363977549,0.057373203088342706,0.42703687869904483,0.017124992393438232,0
16740,"Charlotte-Concord-Gastonia, NC-SC",2021,3,1.02,360.35,394458.0,"Charlotte, NC",msa,NC,314998.686237372,0.2259402519017244,0.0574435087638461,"Charlotte, NC",1492.31436296149,4.5,"Charlotte, NC",8264.66666666667,"Charlotte-Concord-Gastonia, NC-SC",2706093.0,0.014147736684428,0.043634856051987,0.0022173628301462,4421.670625,1.02,,69559.0,587.0,4.52851085031947,False,24.390243902439025,False,False,False,3.90938860738973,0.5502269861546898,0.2259402519017244,0.05744350876384474,0.07383062614440306,0.019575675426132477,-0.0023183590622281227,0.2289156626506026,0.03749999999999987,5.063291139240489,0.014147736684428036,0.0,0.0,0.0,0.0,0.13632594397918374,0.03398303877591635,7.66666666666667,0.18933179834028913,-0.07043730837502016,0.3318950711862574,0.12237973724394036,0
16740,"Charlotte-Concord-Gastonia, NC-SC",2021,4,1.09,376.68,394458.0,"Charlotte, NC",msa,NC,329127.597409298,0.2253111166944579,0.0448538733310109,"Charlotte, NC",1538.94635900758,3.7,"Charlotte, NC",8009.33333333333,"Charlotte-Concord-Gastonia, NC-SC",2706093.0,0.014147736684428,0.043634856051987,0.0022173628301462,4602.10890625,1.09,,69559.0,587.0,4.731632102377809,False,31.32530120481929,False,False,False,4.086837135833473,0.6513563002700926,0.2253111166944579,0.044853873331011096,0.10675164142715188,0.04539035288237159,-0.0003715452873869227,0.2674418604651163,0.061728395061728225,8.860759493670889,0.014147736684428036,0.0,0.0,0.0,0.0,0.15904971324530748,0.04457209779638194,5.6,-0.03089457126724282,-0.15627983681972124,0.2947269329692408,0.15302735438200687,0
16740,"Charlotte-Concord-Gastonia, NC-SC",2022,1,1.21,398.83,394458.0,"Charlotte, NC",msa,NC,347933.274442818,0.2329595139777296,0.057137952519166,"Charlotte, NC",1563.50509336396,3.76666666666667,"Charlotte, NC",6244.33333333333,"Charlotte-Concord-Gastonia, NC-SC",2758749.0,0.0194583112997224,0.0462159299445595,0.0053105746152943,4463.85548387097,1.21,,76177.0,772.0,4.567432091613191,False,44.047619047619044,False,False,False,4.056895474730071,0.6724497589610512,0.23295951397772963,0.05713795251916709,0.13985488543007119,0.05058022620907421,0.0028296192607629002,0.375,0.06024096385542177,7.317073170731714,0.01945831129972242,0.005310574615294383,0.0022173628301462855,0.005310574615294383,0.0022173628301462855,0.1596769630272663,0.053465159324072475,5.6,-0.22036790411186957,-0.12267887454349058,0.154732010569141,0.26501058795554977,0
16740,"Charlotte-Concord-Gastonia, NC-SC",2022,2,1.41,414.59,394458.0,"Charlotte, NC",msa,NC,370667.280329014,0.2443217277411025,0.0653401314450395,"Charlotte, NC",1615.35354320486,3.36666666666667,"Charlotte, NC",6793.0,"Charlotte-Concord-Gastonia, NC-SC",2758749.0,0.0194583112997224,0.0462159299445595,0.0053105746152943,4105.66709677419,1.41,,76177.0,772.0,4.865868704845479,False,74.07407407407405,False,False,False,4.282508533825429,0.8385908375842663,0.2443217277411025,0.06534013144503725,0.18203842569894513,0.05561224352480254,0.007239417510275858,0.46875,0.18518518518518512,18.518518518518512,0.01945831129972242,0.0,0.0,-0.005310574615294383,-0.0022173628301462855,0.14948371471878752,0.08891116091434559,4.96666666666667,0.08786633214114192,0.22226782363977549,-0.018634372653033138,0.42703687869904483,0
17140,"Cincinnati, OH-KY-IN",2019,2,0.47,215.54,394466.0,"Cincinnati, OH",msa,OH,192581.644087982,0.0692423083120672,0.0173399446080305,"Cincinnati, OH",1038.67965730907,3.46666666666667,"Cincinnati, OH",7612.33333333333,"Cincinnati, OH-KY-IN",2221208.0,0.0041918030178087,0.013522713376517,-6.59736218984186e-05,2882.32777777778,0.47,,63987.0,398.0,3.009699534092581,False,2.1739130434782483,False,False,False,2.911110154541781,0.3352712920125813,0.06924230831206724,0.01733994460802779,0.05835241761925669,0.019731772808483372,0.0014084720763054405,-0.04081632653061229,0.0,8.888888888888879,0.004191803017808748,0.0,0.0,6.59736218984186e-05,0.0007550634586332983,0.0486821758906808,0.04618085040125686,3.9,0.07518832391713715,0.12203455079158809,0.06629220382021028,0.12725771232385252,0
17140,"Cincinnati, OH-KY-IN",2019,3,0.46,219.29,394466.0,"Cincinnati, OH",msa,OH,194549.283433655,0.0600682874793629,0.010217169735937,"Cincinnati, OH",1049.66798940377,3.83333333333333,"Cincinnati, OH",7964.0,"Cincinnati, OH-KY-IN",2221208.0,0.0041918030178087,0.013522713376517,-6.59736218984186e-05,2957.8528125,0.46,,63987.0,398.0,3.04045014508658,False,2.2222222222222143,False,False,False,2.9663041337106355,0.3439672090724253,0.06006828747936299,0.010217169735938558,0.06433815227184292,0.018959770066667936,0.001053980956558369,-0.04166666666666663,-0.040000000000000036,4.347826086956519,0.004191803017808748,0.0,0.0,0.0,0.0,0.05289735318746436,0.04039446265752766,3.86666666666667,0.04619696107194504,0.13886863661706128,0.037988254372415486,0.15500598332389925,0
17140,"Cincinnati, OH-KY-IN",2019,4,0.47,224.12,394466.0,"Cincinnati, OH",msa,OH,197224.263496085,0.0593026709226329,0.0137496269079949,"Cincinnati, OH",1053.94308764598,3.33333333333333,"Cincinnati, OH",7186.66666666667,"Cincinnati, OH-KY-IN",2221208.0,0.0041918030178087,0.013522713376517,-6.59736218984186e-05,3082.755625,0.47,,63987.0,398.0,3.0822552002138717,False,2.1739130434782483,False,False,False,3.0092630986906417,0.35760070742961636,0.05930267092263297,0.013749626907992418,0.06711541770344276,0.014482319763438278,0.0011453116603409332,-0.04081632653061229,-0.03921568627450989,4.255319148936176,0.004191803017808748,0.0,0.0,0.0,0.0,0.0456882489008843,0.05250088660665342,3.66666666666667,-0.09760589318600332,-0.043494633778949354,0.14221561000009708,0.036741721225998614,0
17140,"Cincinnati, OH-KY-IN",2020,1,0.48,227.95,394466.0,"Cincinnati, OH",msa,OH,201001.820919028,0.0618207271429025,0.0191536140431181,"Cincinnati, OH",1071.33315810098,4.23333333333333,"Cincinnati, OH",5667.0,"Cincinnati, OH-KY-IN",2251978.0,0.0138528224281562,0.0224375476150911,0.0096610194103474,3055.86919354839,0.48,,66435.0,533.0,3.0255410690001954,False,-7.692307692307699,False,False,False,2.9584010242045413,0.3141128272056104,0.06182072714290254,0.01915361404312188,0.07175616213221425,0.016736740806754913,0.0016799219331970546,-0.05882352941176472,-0.037735849056603765,6.25,0.01385282242815622,0.009661019410347471,-6.59736218984186e-05,0.009661019410347471,-6.59736218984186e-05,0.05424612671570106,0.05113853959689574,4.06666666666667,-0.21145640074211536,-0.16377952755905545,0.12306660146926007,-0.004562795426326538,0
17140,"Cincinnati, OH-KY-IN",2020,2,0.46,230.46,394466.0,"Cincinnati, OH",msa,OH,204612.561818657,0.062471778074439,0.0179637223340585,"Cincinnati, OH",1091.93909285895,11.4333333333333,"Cincinnati, OH",5540.66666666667,"Cincinnati, OH-KY-IN",2251978.0,0.0138528224281562,0.0224375476150911,0.0096610194103474,2931.68761904762,0.46,,66435.0,533.0,3.079891048673997,False,-6.122448979591832,False,False,False,3.009699534092581,0.3418625368638115,0.062471778074439044,0.017963722334055854,0.06924230831206724,0.01733994460802779,0.0019294680835067227,-0.02127659574468077,-0.04081632653061229,2.1739130434782483,0.01385282242815622,0.0,0.0,-0.009661019410347471,6.59736218984186e-05,0.051276093813043655,0.0486821758906808,3.46666666666667,-0.022292806305510893,0.07518832391713715,0.017124992393438232,0.06629220382021028,0
17140,"Cincinnati, OH-KY-IN",2020,3,0.47,243.6,394466.0,"Cincinnati, OH",msa,OH,209021.809310491,0.0743900240669424,0.021549251192807,"Cincinnati, OH",1106.95611782214,7.33333333333333,"Cincinnati, OH",5715.66666666667,"Cincinnati, OH-KY-IN",2251978.0,0.0138528224281562,0.0224375476150911,0.0096610194103474,3319.8340625,0.47,,66435.0,533.0,3.1462603945283507,False,-6.000000000000005,False,False,False,3.04045014508658,0.338303470874711,0.0743900240669424,0.02154925119280704,0.06006828747936299,0.010217169735938558,0.0014331807193970394,0.021739130434782483,-0.04166666666666663,2.2222222222222143,0.01385282242815622,0.0,0.0,0.0,0.0,0.05457737970166221,0.05289735318746436,3.83333333333333,0.03158464685356743,0.04619696107194504,0.12237973724394036,0.037988254372415486,0
17140,"Cincinnati, OH-KY-IN",2020,4,0.48,250.83,394466.0,"Cincinnati, OH",msa,OH,218582.796103735,0.1082956641796457,0.0457415751245454,"Cincinnati, OH",1110.15916946957,5.1,"Cincinnati, OH",5364.33333333333,"Cincinnati, OH-KY-IN",2251978.0,0.0138528224281562,0.0224375476150911,0.0096610194103474,3554.5015625,0.48,,66435.0,533.0,3.2901753007260477,False,-5.882352941176472,False,False,False,3.0822552002138717,0.37099953122791085,0.10829566417964576,0.04574157512454424,0.05930267092263297,0.013749626907992418,0.0008759827629939537,0.02127659574468077,-0.04081632653061229,2.1739130434782483,0.01385282242815622,0.0,0.0,0.0,0.0,0.05333882112093047,0.0456882489008843,3.33333333333333,-0.061468478451041975,-0.09760589318600332,0.15302735438200687,0.14221561000009708,0
17140,"Cincinnati, OH-KY-IN",2021,1,0.49,259.12,394466.0,"Cincinnati, OH",msa,OH,228279.06266572,0.1357064409763753,0.0443596968051547,"Cincinnati, OH",1127.09028861109,5.5,"Cincinnati, OH",4236.33333333333,"Cincinnati, OH-KY-IN",2251965.0,-5.77270293045107e-06,0.0180968165444209,-0.0138585951310867,3865.7068852459,0.49,,70308.0,700.0,3.246843355887239,False,-7.547169811320764,False,False,False,3.0255410690001954,0.30893041558378886,0.1357064409763753,0.0443596968051565,0.06182072714290254,0.01915361404312188,0.00038794549134606046,0.02083333333333326,-0.05882352941176472,-7.692307692307699,-5.772702930451068e-06,-0.01385859513108667,0.009661019410347471,-0.01385859513108667,0.009661019410347471,0.05204462317673797,0.05424612671570106,4.23333333333333,-0.2102777605169951,-0.21145640074211536,0.26501058795554977,0.12306660146926007,0
17140,"Cincinnati, OH-KY-IN",2021,2,0.53,268.8,394466.0,"Cincinnati, OH",msa,OH,238096.992268076,0.1636479703484452,0.0430084541600408,"Cincinnati, OH",1160.94490749623,4.9,"Cincinnati, OH",4713.66666666667,"Cincinnati, OH-KY-IN",2251965.0,-5.77270293045107e-06,0.0180968165444209,-0.0138585951310867,4183.62634920635,0.53,,70308.0,700.0,3.3864850695237525,False,8.163265306122458,False,False,False,3.079891048673997,0.33410375845182116,0.16364797034844525,0.04300845416004195,0.062471778074439044,0.017963722334055854,0.00021130361183647258,0.15217391304347827,-0.02127659574468077,-6.122448979591832,-5.772702930451068e-06,0.0,0.0,0.01385859513108667,-0.009661019410347471,0.06319566273298882,0.051276093813043655,11.4333333333333,0.11267605633802957,-0.022292806305510893,0.42703687869904483,0.017124992393438232,0
17140,"Cincinnati, OH-KY-IN",2021,3,0.56,278.04,394466.0,"Cincinnati, OH",msa,OH,244345.501326234,0.168995245674443,0.0262435446942684,"Cincinnati, OH",1200.27289122083,4.4,"Cincinnati, OH",5891.33333333333,"Cincinnati, OH-KY-IN",2251965.0,-5.77270293045107e-06,0.0180968165444209,-0.0138585951310867,4421.670625,0.56,,70308.0,700.0,3.47535844180227,False,16.666666666666675,False,False,False,3.1462603945283507,0.36107236556851197,0.16899524567444302,0.02624354469426793,0.0743900240669424,0.02154925119280704,0.0007079606638260981,0.19148936170212782,0.021739130434782483,-6.000000000000005,-5.772702930451068e-06,0.0,0.0,0.0,0.0,0.08430033665858794,0.05457737970166221,7.33333333333333,0.24984088819743855,0.03158464685356743,0.3318950711862574,0.12237973724394036,0
17140,"Cincinnati, OH-KY-IN",2021,4,0.59,287.82,394466.0,"Cincinnati, OH",msa,OH,246102.379860956,0.1259000445037803,0.0071901407031707,"Cincinnati, OH",1221.69832783846,3.26666666666667,"Cincinnati, OH",5616.66666666667,"Cincinnati, OH-KY-IN",2251965.0,-5.77270293045107e-06,0.0180968165444209,-0.0138585951310867,4602.10890625,0.59,,70308.0,700.0,3.5003467579927743,False,20.408163265306122,False,False,False,3.2901753007260477,0.4638436455154027,0.12590004450378034,0.0071901407031689235,0.10829566417964576,0.04574157512454424,0.0022455821029631643,0.22916666666666674,0.02127659574468077,-5.882352941176472,-5.772702930451068e-06,0.0,0.0,0.0,0.0,0.10047132108288848,0.05333882112093047,5.1,-0.046622156840555706,-0.061468478451041975,0.2947269329692408,0.15302735438200687,0
17140,"Cincinnati, OH-KY-IN",2022,1,0.68,299.89,394466.0,"Cincinnati, OH",msa,OH,254391.805286485,0.1143895647539219,0.033682833259117,"Cincinnati, OH",1243.79108891804,3.73333333333333,"Cincinnati, OH",3922.0,"Cincinnati, OH-KY-IN",2261603.0,0.0042798178479683,0.0181860501132718,0.0042855905508988,4463.85548387097,0.68,,76247.0,696.0,3.336417239845306,False,33.33333333333335,False,False,False,3.246843355887239,0.4445681933565062,0.11438956475392192,0.03368283325911925,0.1357064409763753,0.0443596968051565,0.0042936427562584875,0.38775510204081653,0.02083333333333326,-7.547169811320764,0.004279817847968381,0.004285590550898832,-0.01385859513108667,0.004285590550898832,-0.01385859513108667,0.10354166075795046,0.05204462317673797,5.5,-0.3017210682492585,-0.2102777605169951,0.154732010569141,0.26501058795554977,0
17140,"Cincinnati, OH-KY-IN",2022,2,0.81,307.0,394466.0,"Cincinnati, OH",msa,OH,266278.833503929,0.1183628611491354,0.0467272450229206,"Cincinnati, OH",1289.02402834827,3.4,"Cincinnati, OH",4462.66666666667,"Cincinnati, OH-KY-IN",2261603.0,0.0042798178479683,0.0181860501132718,0.0042855905508988,4105.66709677419,0.81,,76247.0,696.0,3.4923188257102447,False,72.3404255319149,False,False,False,3.3864850695237525,0.5590579010324492,0.11836286114913541,0.04672724502291792,0.16364797034844525,0.04300845416004195,0.006996401501436756,0.5283018867924529,0.15217391304347827,8.163265306122458,0.004279817847968381,0.0,0.0,-0.004285590550898832,0.01385859513108667,0.11032316867495795,0.06319566273298882,4.9,0.13785483596804426,0.11267605633802957,-0.018634372653033138,0.42703687869904483,0
17140,"Cincinnati, OH-KY-IN",2022,3,0.87,309.8,394466.0,"Cincinnati, OH",msa,OH,270864.807862316,0.1085320023988294,0.0172224517361772,"Cincinnati, OH",1328.89975511095,3.7,"Cincinnati, OH",5370.33333333333,"Cincinnati, OH-KY-IN",2261603.0,0.0042798178479683,0.0181860501132718,0.0042855905508988,3980.35109375,0.87,,76247.0,696.0,3.552465118133383,False,89.13043478260869,False,False,False,3.47535844180227,0.6248918155267909,0.10853200239882943,0.017222451736177202,0.16899524567444302,0.02624354469426793,0.0094405709935074,0.5535714285714284,0.19148936170212782,16.666666666666675,0.004279817847968381,0.0,0.0,0.0,0.0,0.10716468299079085,0.08430033665858794,4.4,0.20339109650433085,0.24984088819743855,-0.0998083232963558,0.3318950711862574,0
17140,"Cincinnati, OH-KY-IN",2022,4,0.98,314.77,394466.0,"Cincinnati, OH",msa,OH,269361.339675704,0.094509284420122,-0.0055506220925387,"Cincinnati, OH",1331.29272276245,3.16666666666667,"Cincinnati, OH",4830.0,"Cincinnati, OH-KY-IN",2261603.0,0.0042798178479683,0.0181860501132718,0.0042855905508988,3851.97349206349,0.98,,76247.0,696.0,3.532746726765696,False,108.51063829787235,False,False,False,3.5003467579927743,0.6047788353578754,0.09450928442012207,-0.005550622092539426,0.12590004450378034,0.0071901407031689235,0.009621604300012689,0.6610169491525424,0.22916666666666674,20.408163265306122,0.004279817847968381,0.0,0.0,0.0,0.0,0.08970659321265861,0.10047132108288848,3.26666666666667,-0.10061448699646158,-0.046622156840555706,-0.1629981883235685,0.2947269329692408,0
17140,"Cincinnati, OH-KY-IN",2023,1,1.05,320.13,394466.0,"Cincinnati, OH",msa,OH,269728.541096713,0.0602878531914832,0.0013632298586379,"Cincinnati, OH",1345.97459628236,3.63333333333333,"Cincinnati, OH",3662.0,"Cincinnati, OH-KY-IN",2281096.0,0.0086191077744413,0.0129299664561555,0.0043392899264729,4000.06451612903,1.05,,79490.0,732.0,3.39323866016748,False,118.75,False,False,False,3.336417239845306,0.5221935966683833,0.06028785319148322,0.0013632298586392366,0.11438956475392192,0.03368283325911925,0.009159788469192492,0.5441176470588236,0.38775510204081653,33.33333333333335,0.008619107774441304,0.004339289926472922,0.004285590550898832,0.004339289926472922,0.004285590550898832,0.08215487976618974,0.10354166075795046,3.73333333333333,-0.24182194616977226,-0.3017210682492585,-0.10389918970668588,0.154732010569141,0
17140,"Cincinnati, OH-KY-IN",2023,2,1.0,327.73,394466.0,"Cincinnati, OH",msa,OH,274714.349207884,0.0316792573895308,0.0184845403860425,"Cincinnati, OH",1379.93162598795,3.26666666666667,"Cincinnati, OH",3811.0,"Cincinnati, OH-KY-IN",2281096.0,0.0086191077744413,0.0129299664561555,0.0043392899264729,4206.07290322581,1.0,,79490.0,732.0,3.455961117220833,False,117.39130434782608,False,False,False,3.4923188257102447,0.6310932895575663,0.03167925738953081,0.0184845403860443,0.11836286114913541,0.04672724502291792,0.008438389965092656,0.23456790123456783,0.5283018867924529,72.3404255319149,0.008619107774441304,0.0,0.0,-0.004339289926472922,-0.004285590550898832,0.0705243623395968,0.11032316867495795,3.4,0.04068814855270353,0.13785483596804426,0.02445541834858167,-0.018634372653033138,0
17140,"Cincinnati, OH-KY-IN",2023,3,1.0,334.79,394466.0,"Cincinnati, OH",msa,OH,281295.732492005,0.0385097078945417,0.0239571879048104,"Cincinnati, OH",1398.93353178193,3.56666666666667,"Cincinnati, OH",4194.66666666667,"Cincinnati, OH-KY-IN",2281096.0,0.0086191077744413,0.0129299664561555,0.0043392899264729,4458.13746031746,1.0,,79490.0,732.0,3.538756227097811,False,112.7659574468085,False,False,False,3.552465118133383,0.6533877454177905,0.03850970789454178,0.023957187904810384,0.10853200239882943,0.017222451736177202,0.006578380192626885,0.14942528735632177,0.5535714285714284,89.13043478260869,0.008619107774441304,0.0,0.0,0.0,0.0,0.05270057158309349,0.10716468299079085,3.7,0.10067348902300433,0.20339109650433085,0.12003623683289799,-0.0998083232963558,0
17140,"Cincinnati, OH-KY-IN",2023,4,1.02,341.35,394466.0,"Cincinnati, OH",msa,OH,283380.621264859,0.0520463760910656,0.0074117326785725,"Cincinnati, OH",1404.11689523172,3.33333333333333,"Cincinnati, OH",4573.33333333333,"Cincinnati, OH-KY-IN",2281096.0,0.0086191077744413,0.0129299664561555,0.0043392899264729,4464.90761904762,1.02,,79490.0,732.0,3.564984542267694,False,112.5,False,False,False,3.532746726765696,0.5993383731714093,0.05204637609106566,0.007411732678572536,0.09450928442012207,-0.005550622092539426,0.00380532726337019,0.04081632653061229,0.6610169491525424,108.51063829787235,0.008619107774441304,0.0,0.0,0.0,0.0,0.05470184822926005,0.08970659321265861,3.16666666666667,0.09027336300063427,-0.10061448699646158,0.15912210409729033,-0.1629981883235685,0
17140,"Cincinnati, OH-KY-IN",2024,1,1.15,345.19,394466.0,"Cincinnati, OH",msa,OH,285524.388559018,0.0585620171972878,0.0075649749252115,"Cincinnati, OH",1417.45208547582,4.26666666666667,"Cincinnati, OH",4067.0,"Cincinnati, OH-KY-IN",2299751.0,0.0081780863234164,0.0212196903593085,-0.00044102145102487,4992.54098360656,1.15,,81120.0,823.0,3.5197779654711296,False,134.6938775510204,False,False,False,3.39323866016748,0.5384583815024562,0.05856201719728782,0.0075649749252098,0.06028785319148322,0.0013632298586392366,-0.00041567755276238544,0.09523809523809512,0.5441176470588236,118.75,0.008178086323416434,-0.00044102145102487,0.004339289926472922,-0.00044102145102487,0.004339289926472922,0.053104634657209715,0.08215487976618974,3.63333333333333,-0.1107142857142851,-0.24182194616977226,0.248115115012689,-0.10389918970668588,0
17140,"Cincinnati, OH-KY-IN",2024,2,1.0,351.84,394466.0,"Cincinnati, OH",msa,OH,290837.098330641,0.0586891408084273,0.0186068510589756,"Cincinnati, OH",1443.24666482131,4.2,"Cincinnati, OH",4395.66666666667,"Cincinnati, OH-KY-IN",2299751.0,0.0081780863234164,0.0212196903593085,-0.00044102145102487,5246.62650793651,1.0,,81120.0,823.0,3.5852699498353178,False,88.67924528301884,False,False,False,3.455961117220833,0.5448509626790519,0.058689140808427354,0.018606851058976526,0.03167925738953081,0.0184845403860443,-0.005696700354239936,0.0,0.23456790123456783,117.39130434782608,0.008178086323416434,0.0,0.0,0.00044102145102487,-0.004339289926472922,0.04588273624646466,0.0705243623395968,3.26666666666667,0.08081304811081136,0.04068814855270353,0.24739314525733902,0.02445541834858167,0
17140,"Cincinnati, OH-KY-IN",2024,3,1.01,357.13,394466.0,"Cincinnati, OH",msa,OH,293488.325411398,0.0433443935013821,0.0091158490301783,"Cincinnati, OH",1465.12591786888,4.4,"Cincinnati, OH",5201.66666666667,"Cincinnati, OH-KY-IN",2299751.0,0.0081780863234164,0.0212196903593085,-0.00044102145102487,5543.46921875,1.01,,81120.0,823.0,3.617952729430449,False,80.35714285714283,False,False,False,3.538756227097811,0.5724520933871755,0.043344393501382195,0.00911584903017748,0.03850970789454178,0.023957187904810384,-0.009957942754222796,0.010000000000000009,0.14942528735632177,112.7659574468085,0.008178086323416434,0.0,0.0,0.0,0.0,0.04731631959856997,0.05270057158309349,3.56666666666667,0.18336240236596635,0.10067348902300433,0.24344959483489204,0.12003623683289799,0
17140,"Cincinnati, OH-KY-IN",2024,4,1.02,361.69,394466.0,"Cincinnati, OH",msa,OH,295082.492818871,0.041293831249932,0.005431791555041,"Cincinnati, OH",1469.68464348849,4.06666666666667,"Cincinnati, OH",5368.33333333333,"Cincinnati, OH-KY-IN",2299751.0,0.0081780863234164,0.0212196903593085,-0.00044102145102487,5907.04296875,1.02,,81120.0,823.0,3.6376046945127096,False,72.88135593220339,False,False,False,3.564984542267694,0.5557214435770521,0.04129383124993202,0.005431791555041698,0.05204637609106566,0.007411732678572536,-0.011906467308150736,0.0,0.04081632653061229,112.5,0.008178086323416434,0.0,0.0,0.0,0.0,0.04669678748217709,0.05470184822926005,3.33333333333333,0.03204101249599378,0.09027336300063427,0.3229933232101212,0.15912210409729033,0
17140,"Cincinnati, OH-KY-IN",2025,1,1.2,369.81,394466.0,"Cincinnati, OH",msa,OH,298933.963614235,0.0469647273316731,0.013052183335486,"Cincinnati, OH",1473.14212865377,4.9,"Cincinnati, OH",4525.66666666667,"Cincinnati, OH-KY-IN",2312858.0,0.0056993126647189,0.0226631287630941,-0.0024787736586975,5894.81783333333,1.2,,,,,False,76.47058823529409,False,False,False,3.5197779654711296,0.5613769412665883,0.04696472733167312,0.013052183335485523,0.05856201719728782,0.0075649749252098,-0.011965094216263695,0.04347826086956519,0.09523809523809512,134.6938775510204,0.005699312664718903,-0.0024787736586975306,-0.00044102145102487,-0.0024787736586975306,-0.00044102145102487,0.039288836461273124,0.053104634657209715,4.26666666666667,-0.1569698851288409,-0.1107142857142851,0.18072497605717697,0.248115115012689,0
17140,"Cincinnati, OH-KY-IN",2025,2,1.12,368.05,394466.0,"Cincinnati, OH",msa,OH,300469.897044736,0.0331209421679206,0.0051380358789967,"Cincinnati, OH",1496.66963854924,4.33333333333333,"Cincinnati, OH",5123.33333333333,"Cincinnati, OH-KY-IN",2312858.0,0.0056993126647189,0.0226631287630941,-0.0024787736586975,5732.06048387097,1.12,,,,,False,38.27160493827162,False,False,False,3.5852699498353178,0.5755704157427366,0.03312094216792061,0.005138035878998082,0.058689140808427354,0.018606851058976526,-0.010209290742846506,0.1200000000000001,0.0,88.67924528301884,0.005699312664718903,0.0,0.0,0.0024787736586975306,0.00044102145102487,0.037015830370579206,0.04588273624646466,4.2,0.1320615747219549,0.08081304811081136,0.09252306700317803,0.24739314525733902,0
17140,"Cincinnati, OH-KY-IN",2025,3,1.13,372.2,394466.0,"Cincinnati, OH",msa,OH,301583.841208014,0.0275837745343636,0.0037073403167327,"Cincinnati, OH",1514.04855401346,4.36666666666667,"Cincinnati, OH",6050.0,"Cincinnati, OH-KY-IN",2312858.0,0.0056993126647189,0.0226631287630941,-0.0024787736586975,6427.73875,1.13,,,,,False,29.885057471264354,False,False,False,3.617952729430449,0.5775025843438693,0.02758377453436367,0.0037073403167311447,0.043344393501382195,0.00911584903017748,-0.00806663405984712,0.1188118811881187,0.010000000000000009,80.35714285714283,0.005699312664718903,0.0,0.0,0.0,0.0,0.033391420865546584,0.04731631959856997,4.4,0.1808718282368258,0.18336240236596635,0.1595155481803856,0.24344959483489204,0
17140,"Cincinnati, OH-KY-IN",2025,4,1.08,376.03,394466.0,"Cincinnati, OH",msa,OH,303888.615710485,0.0298429188647917,0.0076422347206626,"Cincinnati, OH",1508.93353518187,3.7,"Cincinnati, OH",6119.66666666667,"Cincinnati, OH-KY-IN",2312858.0,0.0056993126647189,0.0226631287630941,-0.0024787736586975,6777.5671875,1.08,,,,,False,10.204081632653072,False,False,False,3.6376046945127096,0.555349494298838,0.029842918864791734,0.007642234720663721,0.04129383124993202,0.005431791555041698,-0.007083040648310822,0.05882352941176472,0.0,72.88135593220339,0.005699312664718903,0.0,0.0,0.0,0.0,0.026705655439263065,0.04669678748217709,4.06666666666667,0.011515151515151922,0.03204101249599378,0.14737055805338306,0.3229933232101212,0
19740,"Denver-Aurora-Centennial, CO",2019,2,0.68,504.5,394530.0,"Denver, CO",msa,CO,434566.692838656,0.0461265038823601,0.0122994935738965,"Denver, CO",1566.71297747038,2.4,"Denver, CO",12352.6666666667,"Denver-Aurora-Lakewood, CO",2967239.0,0.0121344014408196,0.0386746500837489,-0.0016595438716804,2882.32777777778,0.68,,79664.0,565.0,5.454994637962644,True,19.298245614035103,True,False,True,5.4973266710276585,1.4592619111255836,0.04612650388236017,0.012299493573897147,0.06759284219681438,0.02007428409510159,-0.007728163575904126,-0.02857142857142847,0.07692307692307687,34.615384615384606,0.012134401440819564,0.0,0.0,0.0016595438716804356,-0.0015349311513275232,0.03802254338334232,0.03985962429399592,2.8,0.2808212076176031,0.2584885877893419,0.06629220382021028,0.12725771232385252,0
19740,"Denver-Aurora-Centennial, CO",2019,3,0.67,511.33,394530.0,"Denver, CO",msa,CO,435958.263326593,0.0362233366688085,0.003202202356666,"Denver, CO",1579.99207890152,2.43333333333333,"Denver, CO",14400.6666666667,"Denver-Aurora-Lakewood, CO",2967239.0,0.0121344014408196,0.0386746500837489,-0.0016595438716804,2957.8528125,0.67,,79664.0,565.0,5.4724626346479335,True,17.543859649122815,True,False,True,5.56763630932953,1.4101344840058232,0.0362233366688085,0.0032022023566671276,0.07033092479761804,0.012789787201918035,-0.00726643111053488,-0.05633802816901401,0.0923076923076922,31.481481481481467,0.012134401440819564,0.0,0.0,0.0,0.0,0.037030389376534245,0.036577631744744155,3.0,0.1657941605051536,0.19789797487822924,0.037988254372415486,0.15500598332389925,0
19740,"Denver-Aurora-Centennial, CO",2019,4,0.68,520.49,394530.0,"Denver, CO",msa,CO,440034.311838368,0.0374435406694324,0.0093496301243902,"Denver, CO",1573.65022631137,2.4,"Denver, CO",12390.0,"Denver-Aurora-Lakewood, CO",2967239.0,0.0121344014408196,0.0386746500837489,-0.0016595438716804,3082.755625,0.68,,79664.0,565.0,5.523628136151436,True,17.24137931034484,True,False,True,5.613081969092636,1.3407670394761748,0.03744354066943245,0.00934963012438983,0.06536102970937852,0.008162469176902443,-0.006336310213222105,-0.042253521126760396,0.07575757575757569,29.09090909090908,0.012134401440819564,0.0,0.0,0.0,0.0,0.03698574055048254,0.039417068252541876,2.8,-0.13962316559418753,-0.04857693130750862,0.14221561000009708,0.036741721225998614,0
19740,"Denver-Aurora-Centennial, CO",2020,1,0.68,527.65,394530.0,"Denver, CO",msa,CO,447588.483375602,0.0426330469345315,0.0171672329498009,"Denver, CO",1585.75272630174,3.23333333333333,"Denver, CO",8755.33333333333,"Denver-Aurora-Centennial, CO",2970099.0,0.000963858994843303,0.0270847396202196,-0.0111705424459763,3055.86919354839,0.68,,83289.0,608.0,5.373920726333633,True,6.25,True,False,True,5.388716158203266,1.1321409244415932,0.042633046934531516,0.017167232949799605,0.05416109688373605,0.012104477895596766,-0.00574855434300421,-0.042253521126760396,0.014285714285714235,24.56140350877194,0.000963858994843303,-0.011170542445976261,-0.0016595438716804356,-0.011170542445976261,-0.0016595438716804356,0.033862081153777535,0.03845927232185131,2.9,-0.29335485606672074,-0.18654408457040061,0.12306660146926007,-0.004562795426326538,0
19740,"Denver-Aurora-Centennial, CO",2020,2,0.68,528.63,394530.0,"Denver, CO",msa,CO,455103.799265248,0.0472588138139176,0.0167906819964789,"Denver, CO",1581.83359568453,11.5666666666667,"Denver, CO",10305.0,"Denver-Aurora-Centennial, CO",2970099.0,0.000963858994843303,0.0270847396202196,-0.0111705424459763,2931.68761904762,0.68,,83289.0,608.0,5.464152520323788,True,4.615384615384621,True,False,True,5.454994637962644,1.1197044443040607,0.04725881381391761,0.01679068199647893,0.04612650388236017,0.012299493573897147,-0.005372864173052941,0.0,-0.02857142857142847,19.298245614035103,0.000963858994843303,0.0,0.0,0.011170542445976261,0.0016595438716804356,0.009651173145041492,0.03802254338334232,2.4,0.17699687809335307,0.2808212076176031,0.017124992393438232,0.06629220382021028,0
19740,"Denver-Aurora-Centennial, CO",2020,3,0.69,554.05,394530.0,"Denver, CO",msa,CO,457994.92257608,0.0505476351826332,0.0063526679309182,"Denver, CO",1590.81632446061,6.73333333333333,"Denver, CO",11656.3333333333,"Denver-Aurora-Centennial, CO",2970099.0,0.000963858994843303,0.0270847396202196,-0.0111705424459763,3319.8340625,0.69,,83289.0,608.0,5.4988644668093025,True,6.153846153846132,True,False,True,5.4724626346479335,1.042237729937626,0.05054763518263328,0.006352667930919598,0.0362233366688085,0.0032022023566671276,-0.0054495507867967155,0.02985074626865658,-0.05633802816901401,17.543859649122815,0.000963858994843303,0.0,0.0,0.0,0.0,0.0068508226741337275,0.037030389376534245,2.43333333333333,0.1311337538411741,0.1657941605051536,0.12237973724394036,0.037988254372415486,0
19740,"Denver-Aurora-Centennial, CO",2020,4,0.71,576.56,394530.0,"Denver, CO",msa,CO,473669.296648965,0.0764371866141013,0.0342239035854852,"Denver, CO",1577.72044580479,6.33333333333333,"Denver, CO",8676.33333333333,"Denver-Aurora-Centennial, CO",2970099.0,0.000963858994843303,0.0270847396202196,-0.0111705424459763,3554.5015625,0.71,,83289.0,608.0,5.687057074151028,True,7.575757575757569,True,False,True,5.523628136151436,0.966020891266612,0.07643718661410137,0.034223903585483884,0.03744354066943245,0.00934963012438983,-0.005584607254116085,0.04411764705882337,-0.042253521126760396,17.24137931034484,0.000963858994843303,0.0,0.0,0.0,0.0,0.0025864829587707305,0.03698574055048254,2.4,-0.25565500872200897,-0.13962316559418753,0.15302735438200687,0.14221561000009708,0
19740,"Denver-Aurora-Centennial, CO",2021,1,0.74,599.07,394530.0,"Denver, CO",msa,CO,493556.420923201,0.1027013411983261,0.0419852509228056,"Denver, CO",1589.97787963496,6.36666666666667,"Denver, CO",6116.66666666667,"Denver-Aurora-Centennial, CO",2978802.0,0.0029302053567912,0.0160785765085711,0.0019663463619479,3865.7068852459,0.74,,88512.0,643.0,5.576152622505434,True,5.714285714285716,True,False,True,5.373920726333633,0.7422463409768794,0.10270134119832619,0.04198525092280647,0.042633046934531516,0.017167232949799605,-0.005158455408055622,0.08823529411764697,-0.042253521126760396,6.25,0.0029302053567912267,0.0019663463619479238,-0.011170542445976261,0.0019663463619479238,-0.011170542445976261,0.002664446520028063,0.033862081153777535,3.23333333333333,-0.2950170963156473,-0.29335485606672074,0.26501058795554977,0.12306660146926007,0
19740,"Denver-Aurora-Centennial, CO",2021,2,0.82,631.66,394530.0,"Denver, CO",msa,CO,523040.458805226,0.1492772849834693,0.059737927888518,"Denver, CO",1660.48714684495,6.03333333333333,"Denver, CO",7392.33333333333,"Denver-Aurora-Centennial, CO",2978802.0,0.0029302053567912,0.0160785765085711,0.0019663463619479,4183.62634920635,0.82,,88512.0,643.0,5.909260425764033,True,17.14285714285715,True,False,True,5.464152520323788,0.6585105358278724,0.14927728498346937,0.059737927888517506,0.04725881381391761,0.01679068199647893,-0.004269410328681102,0.2058823529411764,0.0,4.615384615384621,0.0029302053567912267,0.0,0.0,-0.0019663463619479238,0.011170542445976261,0.049723024833331575,0.009651173145041492,11.5666666666667,0.2085558583106255,0.17699687809335307,0.42703687869904483,0.017124992393438232,0
19740,"Denver-Aurora-Centennial, CO",2021,3,0.87,657.74,394530.0,"Denver, CO",msa,CO,546201.96741623,0.1925939360725062,0.0442824416755658,"Denver, CO",1756.99654834461,5.26666666666667,"Denver, CO",9111.66666666667,"Denver-Aurora-Centennial, CO",2978802.0,0.0029302053567912,0.0160785765085711,0.0019663463619479,4421.670625,0.87,,88512.0,643.0,6.170936905913662,True,22.535211267605646,True,False,True,5.4988644668093025,0.5335205668627516,0.1925939360725062,0.0442824416755665,0.05054763518263328,0.006352667930919598,-0.0034171075034348333,0.26086956521739135,0.02985074626865658,6.153846153846132,0.0029302053567912267,0.0,0.0,0.0,0.0,0.1044622319552484,0.0068508226741337275,6.73333333333333,0.23258330702980667,0.1311337538411741,0.3318950711862574,0.12237973724394036,0
19740,"Denver-Aurora-Centennial, CO",2021,4,0.92,677.11,394530.0,"Denver, CO",msa,CO,557261.281021884,0.1764775233782332,0.0202476634384334,"Denver, CO",1781.84157069379,4.13333333333333,"Denver, CO",7781.66666666667,"Denver-Aurora-Centennial, CO",2978802.0,0.0029302053567912,0.0160785765085711,0.0019663463619479,4602.10890625,0.92,,88512.0,643.0,6.295883959484408,True,29.5774647887324,True,False,True,5.687057074151028,0.5657171458846513,0.1764775233782332,0.020247663438433205,0.07643718661410137,0.034223903585483884,-0.001599142600617152,0.295774647887324,0.04411764705882337,7.575757575757569,0.0029302053567912267,0.0,0.0,0.0,0.0,0.129377245146163,0.0025864829587707305,6.33333333333333,-0.14596670934699096,-0.25565500872200897,0.2947269329692408,0.15302735438200687,0
19740,"Denver-Aurora-Centennial, CO",2022,1,1.06,725.49,394530.0,"Denver, CO",msa,CO,583593.886595914,0.1824258825450944,0.0472536070077263,"Denver, CO",1808.3696738114,3.73333333333333,"Denver, CO",4946.0,"Denver-Aurora-Centennial, CO",2994295.0,0.0052010841942498,0.0091182408966719,0.0022708788374585,4463.85548387097,1.06,,96920.0,813.0,6.021397921955366,True,49.29577464788735,True,False,True,5.576152622505434,0.5053318455743039,0.1824258825450944,0.04725360700772607,0.10270134119832619,0.04198525092280647,0.0010268688863140168,0.43243243243243246,0.08823529411764697,5.714285714285716,0.005201084194249805,0.0022708788374585787,0.0019663463619479238,0.0022708788374585787,0.0019663463619479238,0.13735524058144777,0.002664446520028063,6.36666666666667,-0.3644035125294498,-0.2950170963156473,0.154732010569141,0.26501058795554977,0
19740,"Denver-Aurora-Centennial, CO",2022,2,1.27,736.83,394530.0,"Denver, CO",msa,CO,620205.695404647,0.1857700202033589,0.0627350793927755,"Denver, CO",1873.86476811393,2.76666666666667,"Denver, CO",7783.0,"Denver-Aurora-Centennial, CO",2994295.0,0.0052010841942498,0.0091182408966719,0.0022708788374585,4105.66709677419,1.27,,96920.0,813.0,6.399150798644728,True,86.76470588235293,True,False,True,5.909260425764033,0.6974224971780965,0.18577002020335898,0.06273507939277545,0.14927728498346937,0.059737927888517506,0.0049678566005567915,0.5487804878048781,0.2058823529411764,17.14285714285715,0.005201084194249805,0.0,0.0,-0.0022708788374585787,-0.0019663463619479238,0.1285030249553052,0.049723024833331575,6.03333333333333,0.5735948241002831,0.2085558583106255,-0.018634372653033138,0.42703687869904483,0
19740,"Denver-Aurora-Centennial, CO",2022,3,1.39,704.55,394530.0,"Denver, CO",msa,CO,620960.267596867,0.1368693352282781,0.0012166482794506,"Denver, CO",1905.92468872535,2.7,"Denver, CO",10691.0,"Denver-Aurora-Centennial, CO",2994295.0,0.0052010841942498,0.0091182408966719,0.0022708788374585,3980.35109375,1.39,,96920.0,813.0,6.406936314453849,True,107.46268656716413,True,False,True,6.170936905913662,0.8527435356451392,0.13686933522827816,0.0012166482794513378,0.1925939360725062,0.0442824416755665,0.010128107777095169,0.5977011494252873,0.26086956521739135,22.535211267605646,0.005201084194249805,0.0,0.0,0.0,0.0,0.08476291004729397,0.1044622319552484,5.26666666666667,0.37363484517538215,0.23258330702980667,-0.0998083232963558,0.3318950711862574,0
19740,"Denver-Aurora-Centennial, CO",2022,4,1.57,701.57,394530.0,"Denver, CO",msa,CO,602907.130507757,0.0819110371389331,-0.0290729343424424,"Denver, CO",1878.92447442167,2.66666666666667,"Denver, CO",9777.0,"Denver-Aurora-Centennial, CO",2994295.0,0.0052010841942498,0.0091182408966719,0.0022708788374585,3851.97349206349,1.57,,96920.0,813.0,6.220667875647513,True,130.88235294117646,True,False,True,6.295883959484408,0.8801241628926633,0.08191103713893311,-0.029072934342443846,0.1764775233782332,0.020247663438433205,0.01358760651190665,0.7065217391304348,0.295774647887324,29.5774647887324,0.005201084194249805,0.0,0.0,0.0,0.0,0.05448458792555799,0.129377245146163,4.13333333333333,-0.08549247030212326,-0.14596670934699096,-0.1629981883235685,0.2947269329692408,0
19740,"Denver-Aurora-Centennial, CO",2023,1,1.67,696.22,394530.0,"Denver, CO",msa,CO,590839.117829603,0.0124148511492301,-0.0200163707932778,"Denver, CO",1882.15713378349,3.06666666666667,"Denver, CO",7086.0,"Denver-Aurora-Centennial, CO",3031278.0,0.0123511544453703,0.0205983032888803,0.0071500702511204,4000.06451612903,1.67,,102339.0,695.0,5.773352464159343,True,145.58823529411762,True,False,True,6.021397921955366,0.7446384805409618,0.012414851149230133,-0.020016370793277005,0.1824258825450944,0.04725360700772607,0.015989762018621664,0.5754716981132073,0.43243243243243246,49.29577464788735,0.012351154445370272,0.007150070251120466,0.0022708788374585787,0.007150070251120466,0.0022708788374585787,0.040803305342193896,0.13735524058144777,3.73333333333333,-0.27523780300705736,-0.3644035125294498,-0.10389918970668588,0.154732010569141,0
19740,"Denver-Aurora-Centennial, CO",2023,2,1.54,708.43,394530.0,"Denver, CO",msa,CO,586769.657881216,-0.0539112068321397,-0.0068875939753878,"Denver, CO",1930.70594579635,3.0,"Denver, CO",8179.33333333333,"Denver-Aurora-Centennial, CO",3031278.0,0.0123511544453703,0.0205983032888803,0.0071500702511204,4206.07290322581,1.54,,102339.0,695.0,5.733587956509405,True,126.47058823529412,True,False,True,6.399150798644728,0.9861967177646989,-0.05391120683213979,-0.006887593975388406,0.18577002020335898,0.06273507939277545,0.017258372888624477,0.21259842519685046,0.5487804878048781,86.76470588235293,0.012351154445370272,0.0,0.0,-0.007150070251120466,-0.0022708788374585787,0.030333660491216552,0.1285030249553052,2.76666666666667,0.15429485370213514,0.5735948241002831,0.02445541834858167,-0.018634372653033138,0
19740,"Denver-Aurora-Centennial, CO",2023,3,1.53,724.56,394530.0,"Denver, CO",msa,CO,593324.022684868,-0.0445056573731393,0.0111702517599821,"Denver, CO",1950.43613723501,3.26666666666667,"Denver, CO",9826.33333333333,"Denver-Aurora-Centennial, CO",3031278.0,0.0123511544453703,0.0205983032888803,0.0071500702511204,4458.13746031746,1.53,,102339.0,695.0,5.797633577471618,True,121.73913043478262,True,False,True,6.406936314453849,0.9387760329335384,-0.044505657373139385,0.01117025175998232,0.13686933522827816,0.0012166482794513378,0.015219516132249452,0.1007194244604317,0.5977011494252873,107.46268656716413,0.012351154445370272,0.0,0.0,0.0,0.0,0.02335425359300447,0.08476291004729397,2.7,0.20136115412829092,0.37363484517538215,0.12003623683289799,-0.0998083232963558,0
19740,"Denver-Aurora-Centennial, CO",2023,4,1.52,724.62,394530.0,"Denver, CO",msa,CO,598131.498754973,-0.0079210072515844,0.0081026149056813,"Denver, CO",1928.33231064922,3.46666666666667,"Denver, CO",9382.0,"Denver-Aurora-Centennial, CO",3031278.0,0.0123511544453703,0.0205983032888803,0.0071500702511204,4464.90761904762,1.52,,102339.0,695.0,5.844609569714117,True,114.08450704225355,True,False,True,6.220667875647513,0.6821567935399511,-0.0079210072515844,0.008102614905681094,0.08191103713893311,-0.029072934342443846,0.010418524326596035,-0.031847133757961776,0.7065217391304348,130.88235294117646,0.012351154445370272,0.0,0.0,0.0,0.0,0.026295807468662336,0.05448458792555799,2.66666666666667,-0.04521863021133654,-0.08549247030212326,0.15912210409729033,-0.1629981883235685,0
19740,"Denver-Aurora-Centennial, CO",2024,1,1.71,722.51,394530.0,"Denver, CO",msa,CO,598043.340149251,0.0121932047189294,-0.000147390006889903,"Denver, CO",1930.9101387739,3.93333333333333,"Denver, CO",7107.33333333333,"Denver-Aurora-Centennial, CO",3081092.0,0.0164333327395243,0.0343393082185388,0.004082178294154,4992.54098360656,1.71,,105762.0,739.0,5.654614513239642,True,131.0810810810811,True,False,True,5.773352464159343,0.3842089902560808,0.012193204718929485,-0.00014739000688901438,0.012414851149230133,-0.020016370793277005,0.0028695274252102856,0.0239520958083832,0.5754716981132073,145.58823529411762,0.016433332739524298,0.004082178294154026,0.007150070251120466,0.004082178294154026,0.007150070251120466,0.025902728372315664,0.040803305342193896,3.06666666666667,-0.24245008171676297,-0.27523780300705736,0.248115115012689,-0.10389918970668588,0
19740,"Denver-Aurora-Centennial, CO",2024,2,1.51,723.87,394530.0,"Denver, CO",msa,CO,599886.922462014,0.0223550492166952,0.0030826901480134,"Denver, CO",1968.76961683733,3.9,"Denver, CO",9902.66666666667,"Denver-Aurora-Centennial, CO",3081092.0,0.0164333327395243,0.0343393082185388,0.004082178294154,5246.62650793651,1.51,,105762.0,739.0,5.672045937690418,True,84.14634146341464,True,False,True,5.733587956509405,0.23626128548174652,0.02235504921669529,0.003082690148013212,-0.05391120683213979,-0.006887593975388406,-0.006808893520904303,-0.019480519480519543,0.21259842519685046,126.47058823529412,0.016433332739524298,0.0,0.0,-0.004082178294154026,-0.007150070251120466,0.01971489813032079,0.030333660491216552,3.0,0.3933026920551552,0.15429485370213514,0.24739314525733902,0.02445541834858167,0
19740,"Denver-Aurora-Centennial, CO",2024,3,1.56,722.96,394530.0,"Denver, CO",msa,CO,599504.472354123,0.0104166516657926,-0.000637536998340904,"Denver, CO",1978.74622375257,4.3,"Denver, CO",12910.3333333333,"Denver-Aurora-Centennial, CO",3081092.0,0.0164333327395243,0.0343393082185388,0.004082178294154,5543.46921875,1.56,,105762.0,739.0,5.668429798548845,True,79.3103448275862,True,False,True,5.797633577471618,0.2299972681420881,0.010416651665792642,-0.0006375369983419032,-0.044505657373139385,0.01117025175998232,-0.015268588022492938,0.019607843137254832,0.1007194244604317,121.73913043478262,0.016433332739524298,0.0,0.0,0.0,0.0,0.01451474671592834,0.02335425359300447,3.26666666666667,0.30372290292176807,0.20136115412829092,0.24344959483489204,0.12003623683289799,0
19740,"Denver-Aurora-Centennial, CO",2024,4,1.52,734.89,394530.0,"Denver, CO",msa,CO,601569.870895786,0.0057485221025308,0.0034451762028591,"Denver, CO",1927.5623836273,4.23333333333333,"Denver, CO",12445.6666666667,"Denver-Aurora-Centennial, CO",3081092.0,0.0164333327395243,0.0343393082185388,0.004082178294154,5907.04296875,1.52,,105762.0,739.0,5.687958537998393,True,65.21739130434783,True,False,True,5.844609569714117,0.23152760062148126,0.005748522102530851,0.003445176202860667,-0.0079210072515844,0.008102614905681094,-0.020479674464439143,0.0,-0.031847133757961776,114.08450704225355,0.016433332739524298,0.0,0.0,0.0,0.0,-0.00039927092320557467,0.026295807468662336,3.46666666666667,-0.0359918411608221,-0.04521863021133654,0.3229933232101212,0.15912210409729033,0
19740,"Denver-Aurora-Centennial, CO",2025,1,1.76,736.48,394530.0,"Denver, CO",msa,CO,600278.55783744,0.0037375513413979,-0.0021465720289849,"Denver, CO",1905.14980589406,4.33333333333333,"Denver, CO",10128.6666666667,"Denver-Aurora-Centennial, CO",3092037.0,0.0035523119725084,0.032642742281572,-0.0128810207670158,5894.81783333333,1.76,,,,,False,66.03773584905659,False,False,True,5.654614513239642,0.26589835503637627,0.003737551341397971,-0.002146572028986493,0.012193204718929485,-0.00014739000688901438,-0.023133394721063846,0.029239766081871288,0.0239520958083832,131.0810810810811,0.003552311972508493,-0.012881020767015805,0.004082178294154026,-0.012881020767015805,0.004082178294154026,-0.013341031445511686,0.025902728372315664,3.93333333333333,-0.18616921552347487,-0.24245008171676297,0.18072497605717697,0.248115115012689,0
19740,"Denver-Aurora-Centennial, CO",2025,2,1.63,717.65,394530.0,"Denver, CO",msa,CO,589640.33122005,-0.0170808711747051,-0.0177221499560407,"Denver, CO",1941.46558612151,3.93333333333333,"Denver, CO",14207.3333333333,"Denver-Aurora-Centennial, CO",3092037.0,0.0035523119725084,0.032642742281572,-0.0128810207670158,5732.06048387097,1.63,,,,,False,28.346456692913378,False,False,False,5.672045937690418,0.2170512997277747,-0.017080871174705137,-0.017722149956039157,0.02235504921669529,0.003082690148013212,-0.022646262419502964,0.07947019867549665,-0.019480519480519543,84.14634146341464,0.003552311972508493,0.0,0.0,0.012881020767015805,-0.004082178294154026,-0.013868575826399554,0.01971489813032079,3.9,0.402685447245434,0.3933026920551552,0.09252306700317803,0.24739314525733902,0
19740,"Denver-Aurora-Centennial, CO",2025,3,1.68,723.59,394530.0,"Denver, CO",msa,CO,582768.722737248,-0.027915971253988,-0.0116538983494956,"Denver, CO",1938.22391911442,3.86666666666667,"Denver, CO",16402.3333333333,"Denver-Aurora-Centennial, CO",3092037.0,0.0035523119725084,0.032642742281572,-0.0128810207670158,6427.73875,1.68,,,,,False,20.863309352517987,False,False,False,5.668429798548845,0.19596716390091196,-0.027915971253988037,-0.011653898349496594,0.010416651665792642,-0.0006375369983419032,-0.019761792486364834,0.07692307692307687,0.019607843137254832,79.3103448275862,0.003552311972508493,0.0,0.0,0.0,0.0,-0.020478778001810638,0.01451474671592834,4.3,0.1544976772558777,0.30372290292176807,0.1595155481803856,0.24344959483489204,0
19740,"Denver-Aurora-Centennial, CO",2025,4,1.51,711.9,394530.0,"Denver, CO",msa,CO,583332.715984886,-0.0303159380035827,0.000967782287608854,"Denver, CO",1892.74111380445,3.7,"Denver, CO",14254.0,"Denver-Aurora-Centennial, CO",3092037.0,0.0035523119725084,0.032642742281572,-0.0128810207670158,6777.5671875,1.51,,,,,False,-3.821656050955413,False,False,False,5.687958537998393,0.16433040184695624,-0.030315938003582787,0.0009677822876095199,0.005748522102530851,0.003445176202860667,-0.016515463187520407,-0.006578947368421018,0.0,65.21739130434783,0.003552311972508493,0.0,0.0,0.0,0.0,-0.018064924963581808,-0.00039927092320557467,4.23333333333333,-0.13097729997764362,-0.0359918411608221,0.14737055805338306,0.3229933232101212,0
25540,"Hartford-West Hartford-East Hartford, CT",2019,2,0.88,155.95,394669.0,"Hartford, CT",msa,CT,231197.237332692,0.0093075581202723,0.005294260936332,"Hartford, CT",1301.71852866955,3.4,"Hartford, CT",5592.33333333333,"Hartford-East Hartford-Middletown, CT",1204877.0,-0.0010463138991443,-0.0030762993393155,-0.000310621988358628,2882.32777777778,0.88,,77769.0,788.0,2.972871418337538,False,-2.2222222222222254,False,False,False,3.023883193491921,-0.105565525905424,0.009307558120272397,0.0052942609363295645,0.020812605887071456,0.0003738824438785926,0.0018570003010787703,-0.022222222222222254,-0.021739130434782594,1.1235955056179803,-0.0010463138991443355,0.0,0.0,0.0003106219883586281,-0.0005616823130030202,0.02587118605534755,0.024204575834187114,3.9,0.1687216997561818,0.19118435155412583,0.06629220382021028,0.12725771232385252,0
25540,"Hartford-West Hartford-East Hartford, CT",2019,3,0.88,157.75,394669.0,"Hartford, CT",msa,CT,231783.071159675,0.0110143622387486,0.0025339136130766,"Hartford, CT",1312.09241432655,3.66666666666667,"Hartford, CT",6184.66666666667,"Hartford-East Hartford-Middletown, CT",1204877.0,-0.0010463138991443,-0.0030762993393155,-0.000310621988358628,2957.8528125,0.88,,77769.0,788.0,2.98040441769439,False,1.1494252873563315,False,False,False,3.026427568245617,-0.11328693393267653,0.011014362238748632,0.0025339136130766438,0.013254223394819409,0.0008414262691007757,0.0009866660389279145,-0.022222222222222254,-0.021739130434782594,1.1235955056179803,-0.0010463138991443355,0.0,0.0,0.0,0.0,0.03149948237416944,0.02613443715227537,3.83333333333333,0.10591881742862364,0.12017770779439996,0.037988254372415486,0.15500598332389925,0
25540,"Hartford-West Hartford-East Hartford, CT",2019,4,0.9,158.15,394669.0,"Hartford, CT",msa,CT,232356.628104607,0.0111246443994064,0.0024745420019738,"Hartford, CT",1305.0012018208,3.26666666666667,"Hartford, CT",5571.66666666667,"Hartford-East Hartford-Middletown, CT",1204877.0,-0.0010463138991443,-0.0030762993393155,-0.000310621988358628,3082.755625,0.9,,77769.0,788.0,2.9877795536088545,False,1.1235955056179803,False,False,False,3.0335856847102387,-0.10791969256590006,0.011124644399406414,0.0024745420019776088,0.009324535246615806,0.0023652032976857473,0.00036341481062510865,0.0,-0.021739130434782594,-2.1739130434782594,-0.0010463138991443355,0.0,0.0,0.0,0.0,0.024116484497292978,0.034541049291949344,3.2,-0.09911609356472995,-0.08474321000050244,0.14221561000009708,0.036741721225998614,0
25540,"Hartford-West Hartford-East Hartford, CT",2020,1,0.89,159.79,394669.0,"Hartford, CT",msa,CT,235292.125550956,0.0230996969894987,0.0126335860108435,"Hartford, CT",1319.79168381209,4.3,"Hartford, CT",4274.0,"Hartford-West Hartford-East Hartford, CT",1137300.0,-0.0560862229090604,-0.0577675561524307,-0.0550399090099161,3055.86919354839,0.89,,78631.0,827.0,2.9923583008095536,False,-6.315789473684208,False,False,False,2.957215149690211,-0.17155984155088877,0.023099696989498764,0.012633586010843079,0.004367536681556761,0.0007810358804347661,-0.0002949639899996295,-0.03260869565217395,-0.05154639175257725,0.0,-0.0560862229090604,-0.055039909009916066,-0.0003106219883586281,-0.055039909009916066,-0.0003106219883586281,0.034546993510810475,0.026131044428626682,4.1,-0.23290457672749065,-0.21260490373539576,0.12306660146926007,-0.004562795426326538,0
25540,"Hartford-West Hartford-East Hartford, CT",2020,2,0.88,162.03,394669.0,"Hartford, CT",msa,CT,239112.992720633,0.0342381054344098,0.0162388229556369,"Hartford, CT",1339.614618864,10.1333333333333,"Hartford, CT",4048.33333333333,"Hartford-West Hartford-East Hartford, CT",1137300.0,-0.0560862229090604,-0.0577675561524307,-0.0550399090099161,2931.68761904762,0.88,,78631.0,827.0,3.040950677476224,False,-4.34782608695653,False,False,False,2.972871418337538,-0.1761682257585626,0.03423810543440986,0.016238822955634946,0.009307558120272397,0.0052942609363295645,-0.0007483115654723218,0.0,-0.022222222222222254,-2.2222222222222254,-0.0560862229090604,0.0,0.0,0.055039909009916066,0.0003106219883586281,0.029112353676936875,0.02587118605534755,3.4,-0.05279987521447593,0.1687216997561818,0.017124992393438232,0.06629220382021028,0
25540,"Hartford-West Hartford-East Hartford, CT",2020,3,0.89,168.7,394669.0,"Hartford, CT",msa,CT,240969.476925416,0.0396336355359296,0.0077640457076799,"Hartford, CT",1357.74180127538,9.96666666666667,"Hartford, CT",4208.33333333333,"Hartford-West Hartford-East Hartford, CT",1137300.0,-0.0560862229090604,-0.0577675561524307,-0.0550399090099161,3319.8340625,0.89,,78631.0,827.0,3.0645607575309484,False,-3.2608695652173947,False,False,False,2.98040441769439,-0.17013798183520024,0.03963363553592969,0.007764045707679523,0.011014362238748632,0.0025339136130766438,-0.001179582787199166,0.011363636363636465,-0.022222222222222254,1.1494252873563315,-0.0560862229090604,0.0,0.0,0.0,0.0,0.03479128943235321,0.03149948237416944,3.66666666666667,0.0395224372169618,0.10591881742862364,0.12237973724394036,0.037988254372415486,0
25540,"Hartford-West Hartford-East Hartford, CT",2020,4,0.91,178.15,394669.0,"Hartford, CT",msa,CT,250005.552816091,0.0759561922354048,0.0374988401268417,"Hartford, CT",1384.72910768426,7.0,"Hartford, CT",3868.33333333333,"Hartford-West Hartford-East Hartford, CT",1137300.0,-0.0560862229090604,-0.0577675561524307,-0.0550399090099161,3554.5015625,0.91,,78631.0,827.0,3.179478231436596,False,-1.0869565217391353,False,False,False,2.9877795536088545,-0.14303272784967902,0.07595619223540484,0.03749884012684235,0.011124644399406414,0.0024745420019776088,-0.001564206736935429,0.011111111111111072,0.0,1.1235955056179803,-0.0560862229090604,0.0,0.0,0.0,0.0,0.06109412447453688,0.024116484497292978,3.26666666666667,-0.08079207920792097,-0.09911609356472995,0.15302735438200687,0.14221561000009708,0
25540,"Hartford-West Hartford-East Hartford, CT",2021,1,0.94,184.1,394669.0,"Hartford, CT",msa,CT,261211.82169792,0.1101596412811134,0.0448240799278254,"Hartford, CT",1405.26771305576,7.66666666666667,"Hartford, CT",2688.33333333333,"Hartford-West Hartford-East Hartford, CT",1147484.0,0.0089545414578386,-0.0486303817387548,0.0650407643668991,3865.7068852459,0.94,,82359.0,914.0,3.1716244939584017,False,-3.0927835051546393,False,False,False,2.9923583008095536,-0.09917372427012427,0.11015964128111344,0.044824079927827,0.023099696989498764,0.012633586010843079,-0.00134287891038925,0.05617977528089879,-0.03260869565217395,-6.315789473684208,0.008954541457838694,0.0650407643668991,-0.055039909009916066,0.0650407643668991,-0.055039909009916066,0.06476478848296785,0.034546993510810475,4.3,-0.3050409306333479,-0.23290457672749065,0.26501058795554977,0.12306660146926007,0
25540,"Hartford-West Hartford-East Hartford, CT",2021,2,1.0,189.57,394669.0,"Hartford, CT",msa,CT,272166.032787227,0.1382318864839413,0.0419361230211686,"Hartford, CT",1448.8650549335,7.03333333333333,"Hartford, CT",2896.0,"Hartford-West Hartford-East Hartford, CT",1147484.0,0.0089545414578386,-0.0486303817387548,0.0650407643668991,4183.62634920635,1.0,,82359.0,914.0,3.3046301289139866,False,11.111111111111116,False,False,False,3.040950677476224,-0.061609352612370216,0.13823188648394136,0.04193612302116656,0.03423810543440986,0.016238822955634946,-0.0005170170614183144,0.13636363636363646,0.0,-4.34782608695653,0.008954541457838694,0.0,0.0,-0.0650407643668991,0.055039909009916066,0.08155363082118705,0.029112353676936875,10.1333333333333,0.07724736515809183,-0.05279987521447593,0.42703687869904483,0.017124992393438232,0
25540,"Hartford-West Hartford-East Hartford, CT",2021,3,1.05,194.93,394669.0,"Hartford, CT",msa,CT,278919.850777253,0.1574903773542375,0.0248150657187456,"Hartford, CT",1510.91031007902,6.36666666666667,"Hartford, CT",3434.66666666667,"Hartford-West Hartford-East Hartford, CT",1147484.0,0.0089545414578386,-0.0486303817387548,0.0650407643668991,4421.670625,1.05,,82359.0,914.0,3.3866347427391417,False,16.666666666666675,False,False,False,3.0645607575309484,-0.05068470250756674,0.15749037735423754,0.02481506571874803,0.03963363553592969,0.007764045707679523,0.0006952011307700994,0.1797752808988764,0.011363636363636465,-3.2608695652173947,0.008954541457838694,0.0,0.0,0.0,0.0,0.11281121982085462,0.03479128943235321,9.96666666666667,0.1860036832412535,0.0395224372169618,0.3318950711862574,0.12237973724394036,0
25540,"Hartford-West Hartford-East Hartford, CT",2021,4,1.09,201.53,394669.0,"Hartford, CT",msa,CT,278354.195764861,0.1133920532142094,-0.0020280199161717,"Hartford, CT",1539.45365967259,4.86666666666667,"Hartford, CT",2939.66666666667,"Hartford-West Hartford-East Hartford, CT",1147484.0,0.0089545414578386,-0.0486303817387548,0.0650407643668991,4602.10890625,1.09,,82359.0,914.0,3.379766580032067,False,21.111111111111125,False,False,False,3.179478231436596,0.05124635336045369,0.11339205321420942,-0.0020280199161719636,0.07595619223540484,0.03749884012684235,0.0032788890339689697,0.19780219780219777,0.011111111111111072,-1.0869565217391353,0.008954541457838694,0.0,0.0,0.0,0.0,0.11173633249255688,0.06109412447453688,7.0,-0.1441187888198756,-0.08079207920792097,0.2947269329692408,0.15302735438200687,0
25540,"Hartford-West Hartford-East Hartford, CT",2022,1,1.2,209.05,394669.0,"Hartford, CT",msa,CT,287258.858411449,0.0997161481598303,0.0319904020922688,"Hartford, CT",1565.48699972695,5.03333333333333,"Hartford, CT",1798.33333333333,"Hartford-West Hartford-East Hartford, CT",1151169.0,0.0032113737533594,-0.0445755043875848,-0.0057431677044792,4463.85548387097,1.2,,89371.0,1092.0,3.214228982683969,False,30.43478260869563,False,False,False,3.1716244939584017,0.09914589405934215,0.09971614815983032,0.03199040209226878,0.11015964128111344,0.044824079927827,0.006818665571529822,0.27659574468085113,0.05617977528089879,-3.0927835051546393,0.0032113737533594477,-0.005743167704479246,0.0650407643668991,-0.005743167704479246,0.0650407643668991,0.11401335502314547,0.06476478848296785,7.66666666666667,-0.38825263635332985,-0.3050409306333479,0.154732010569141,0.26501058795554977,0
25540,"Hartford-West Hartford-East Hartford, CT",2022,2,1.35,216.79,394669.0,"Hartford, CT",msa,CT,302435.860460449,0.1112182419063521,0.0528338869440934,"Hartford, CT",1607.03743927635,4.13333333333333,"Hartford, CT",2272.66666666667,"Hartford-West Hartford-East Hartford, CT",1151169.0,0.0032113737533594,-0.0445755043875848,-0.0057431677044792,4105.66709677419,1.35,,89371.0,1092.0,3.3840491933675243,False,53.40909090909092,False,False,False,3.3046301289139866,0.22530241074947055,0.1112182419063521,0.05283388694409408,0.13823188648394136,0.04193612302116656,0.010547788483996916,0.3500000000000001,0.13636363636363646,11.111111111111116,0.0032113737533594477,0.0,0.0,0.005743167704479246,-0.0650407643668991,0.10916985250231592,0.08155363082118705,7.03333333333333,0.26376274328081983,0.07724736515809183,-0.018634372653033138,0.42703687869904483,0
25540,"Hartford-West Hartford-East Hartford, CT",2022,3,1.43,217.1,394669.0,"Hartford, CT",msa,CT,310085.221750197,0.1117359373529598,0.0252925075687191,"Hartford, CT",1643.29861531874,3.9,"Hartford, CT",2651.33333333333,"Hartford-West Hartford-East Hartford, CT",1151169.0,0.0032113737533594,-0.0445755043875848,-0.0057431677044792,3980.35109375,1.43,,89371.0,1092.0,3.4696402832036903,False,62.5,False,False,False,3.3866347427391417,0.29982300431303566,0.11173593735295984,0.025292507568719147,0.15749037735423754,0.02481506571874803,0.013852945892898422,0.36190476190476173,0.1797752808988764,16.666666666666675,0.0032113737533594477,0.0,0.0,0.0,0.0,0.08762155129697691,0.11281121982085462,6.36666666666667,0.16661777647403597,0.1860036832412535,-0.0998083232963558,0.3318950711862574,0
25540,"Hartford-West Hartford-East Hartford, CT",2022,4,1.55,217.93,394669.0,"Hartford, CT",msa,CT,309947.466511563,0.1135002497802846,-0.000444249609370395,"Hartford, CT",1657.04387025995,3.16666666666667,"Hartford, CT",2085.33333333333,"Hartford-West Hartford-East Hartford, CT",1151169.0,0.0032113737533594,-0.0445755043875848,-0.0057431677044792,3851.97349206349,1.55,,89371.0,1092.0,3.468098896863222,False,72.22222222222223,False,False,False,3.379766580032067,0.2778299673412472,0.11350024978028461,-0.0004442496093702841,0.11339205321420942,-0.0020280199161719636,0.01427474728996149,0.4220183486238531,0.19780219780219777,21.111111111111125,0.0032113737533594477,0.0,0.0,0.0,0.0,0.07638437821659982,0.11173633249255688,4.86666666666667,-0.21347749559969853,-0.1441187888198756,-0.1629981883235685,0.2947269329692408,0
25540,"Hartford-West Hartford-East Hartford, CT",2023,1,1.75,224.07,394669.0,"Hartford, CT",msa,CT,312598.536547877,0.088211999019133,0.0085532882915679,"Hartford, CT",1673.4295143279,3.66666666666667,"Hartford, CT",1439.66666666667,"Hartford-West Hartford-East Hartford, CT",1158194.0,0.0061024923360515,0.018371581816583,0.002891118582692,4000.06451612903,1.75,,92823.0,1036.0,3.367684049727729,False,96.62921348314606,False,False,False,3.214228982683969,0.1708307464918204,0.08821199901913301,0.00855328829156643,0.09971614815983032,0.03199040209226878,0.013217489341293357,0.4583333333333335,0.27659574468085113,30.43478260869563,0.006102492336051535,0.002891118582692087,-0.005743167704479246,0.002891118582692087,-0.005743167704479246,0.06895139635128067,0.11401335502314547,5.03333333333333,-0.30962276214833484,-0.38825263635332985,-0.10389918970668588,0.154732010569141,0
25540,"Hartford-West Hartford-East Hartford, CT",2023,2,1.68,233.81,394669.0,"Hartford, CT",msa,CT,320817.335059841,0.060778092159464,0.0262918649675299,"Hartford, CT",1731.19670932291,2.9,"Hartford, CT",1643.33333333333,"Hartford-West Hartford-East Hartford, CT",1158194.0,0.0061024923360515,0.018371581816583,0.002891118582692,4206.07290322581,1.68,,92823.0,1036.0,3.456226744016472,False,90.90909090909089,False,False,False,3.3840491933675243,0.31892119143681885,0.06077809215946406,0.026291864967529,0.1112182419063521,0.05283388694409408,0.012160392535836746,0.24444444444444424,0.3500000000000001,53.40909090909092,0.006102492336051535,0.0,0.0,-0.002891118582692087,0.005743167704479246,0.07725972464118147,0.10916985250231592,4.13333333333333,0.14146793239175248,0.26376274328081983,0.02445541834858167,-0.018634372653033138,0
25540,"Hartford-West Hartford-East Hartford, CT",2023,3,1.62,235.13,394669.0,"Hartford, CT",msa,CT,333819.178595464,0.0765401095586133,0.0405272474855429,"Hartford, CT",1762.93996072476,3.13333333333333,"Hartford, CT",1992.0,"Hartford-West Hartford-East Hartford, CT",1158194.0,0.0061024923360515,0.018371581816583,0.002891118582692,4458.13746031746,1.62,,92823.0,1036.0,3.596298100637385,False,82.02247191011236,False,False,False,3.4696402832036903,0.3790496028958046,0.07654010955861335,0.04052724748554448,0.11173593735295984,0.025292507568719147,0.010488126974718305,0.13286713286713292,0.36190476190476173,62.5,0.006102492336051535,0.0,0.0,0.0,0.0,0.07280560227503985,0.08762155129697691,3.9,0.2121703853955399,0.16661777647403597,0.12003623683289799,-0.0998083232963558,0
25540,"Hartford-West Hartford-East Hartford, CT",2023,4,1.6,246.44,394669.0,"Hartford, CT",msa,CT,344010.790885876,0.1099003155524815,0.0305303378113073,"Hartford, CT",1768.41674239467,2.9,"Hartford, CT",1832.33333333333,"Hartford-West Hartford-East Hartford, CT",1158194.0,0.0061024923360515,0.018371581816583,0.002891118582692,4464.90761904762,1.6,,92823.0,1036.0,3.70609429652,False,75.82417582417582,False,False,False,3.468098896863222,0.35813702436367967,0.10990031555248159,0.03053033781130532,0.11350024978028461,-0.0004442496093702841,0.008184385730245675,0.032258064516129004,0.4220183486238531,72.22222222222223,0.006102492336051535,0.0,0.0,0.0,0.0,0.06721178246007953,0.07638437821659982,3.16666666666667,-0.08015394912985441,-0.21347749559969853,0.15912210409729033,-0.1629981883235685,0
25540,"Hartford-West Hartford-East Hartford, CT",2024,1,1.89,249.49,394669.0,"Hartford, CT",msa,CT,350557.913571146,0.1214317169954353,0.0190317363836461,"Hartford, CT",1789.02367337836,3.6,"Hartford, CT",1362.66666666667,"Hartford-West Hartford-East Hartford, CT",1166241.0,0.0069478861054366,0.0163461974197461,0.000845393769385083,4992.54098360656,1.89,,95118.0,1166.0,3.685505514951387,False,101.06382978723403,False,False,False,3.367684049727729,0.34493101052934483,0.12143171699543531,0.019031736383647413,0.08821199901913301,0.00855328829156643,0.0047364267044331014,0.07999999999999985,0.4583333333333335,96.62921348314606,0.006947886105436618,0.0008453937693850833,0.002891118582692087,0.0008453937693850833,0.002891118582692087,0.06907620432216777,0.06895139635128067,3.66666666666667,-0.256321629979986,-0.30962276214833484,0.248115115012689,-0.10389918970668588,0
25540,"Hartford-West Hartford-East Hartford, CT",2024,2,1.72,253.88,394669.0,"Hartford, CT",msa,CT,359767.766782031,0.1214099971091795,0.0262719877496531,"Hartford, CT",1850.77558326262,2.96666666666667,"Hartford, CT",1704.33333333333,"Hartford-West Hartford-East Hartford, CT",1166241.0,0.0069478861054366,0.0163461974197461,0.000845393769385083,5246.62650793651,1.72,,95118.0,1166.0,3.782331070691467,False,72.0,False,False,False,3.456226744016472,0.4323435505245512,0.12140999710917955,0.02627198774965267,0.06077809215946406,0.026291864967529,0.00028427792431359473,0.023809523809523725,0.24444444444444424,90.90909090909089,0.006947886105436618,0.0,0.0,-0.0008453937693850833,-0.002891118582692087,0.0690729558898473,0.07725972464118147,2.9,0.25073385518590463,0.14146793239175248,0.24739314525733902,0.02445541834858167,0
25540,"Hartford-West Hartford-East Hartford, CT",2024,3,1.77,261.91,394669.0,"Hartford, CT",msa,CT,365544.303865405,0.0950368561908985,0.0160562941339693,"Hartford, CT",1886.31514817649,3.43333333333333,"Hartford, CT",2054.33333333333,"Hartford-West Hartford-East Hartford, CT",1166241.0,0.0069478861054366,0.0163461974197461,0.000845393769385083,5543.46921875,1.77,,95118.0,1166.0,3.843061290874545,False,68.57142857142857,False,False,False,3.596298100637385,0.5698705323917679,0.09503685619089852,0.016056294133970583,0.07654010955861335,0.04052724748554448,-0.0035019823618888065,0.09259259259259256,0.13286713286713292,82.02247191011236,0.006947886105436618,0.0,0.0,0.0,0.0,0.0699826370723422,0.07280560227503985,3.13333333333333,0.20535888910620015,0.2121703853955399,0.24344959483489204,0.12003623683289799,0
25540,"Hartford-West Hartford-East Hartford, CT",2024,4,1.77,268.64,394669.0,"Hartford, CT",msa,CT,369626.561110994,0.0744621125376732,0.0111676127966496,"Hartford, CT",1892.51202250833,3.1,"Hartford, CT",1982.0,"Hartford-West Hartford-East Hartford, CT",1166241.0,0.0069478861054366,0.0163461974197461,0.000845393769385083,5907.04296875,1.77,,95118.0,1166.0,3.8859791113248177,False,62.38532110091741,False,False,False,3.70609429652,0.6725086118097612,0.07446211253767321,0.011167612796647797,0.10990031555248159,0.03053033781130532,-0.0046122197285794675,0.10624999999999996,0.032258064516129004,75.82417582417582,0.006947886105436618,0.0,0.0,0.0,0.0,0.07017309729018861,0.06721178246007953,2.9,-0.03521012493915132,-0.08015394912985441,0.3229933232101212,0.15912210409729033,0
25540,"Hartford-West Hartford-East Hartford, CT",2025,1,2.04,272.56,394669.0,"Hartford, CT",msa,CT,372784.083883239,0.0634022780592062,0.0085424671937912,"Hartford, CT",1910.14748830727,4.0,"Hartford, CT",1466.66666666667,"Hartford-West Hartford-East Hartford, CT",1171426.0,0.0044459078355159,0.0175968949824048,-0.0025019782699207,5894.81783333333,2.04,,,,,False,70.00000000000001,False,False,False,3.685505514951387,0.7282903652611759,0.06340227805920629,0.008542467193792369,0.12143171699543531,0.019031736383647413,-0.003961610917533936,0.07936507936507953,0.07999999999999985,101.06382978723403,0.004445907835515905,-0.0025019782699207127,0.0008453937693850833,-0.0025019782699207127,0.0008453937693850833,0.06770386369464965,0.06907620432216777,3.6,-0.26000672721156914,-0.256321629979986,0.18072497605717697,0.248115115012689,0
25540,"Hartford-West Hartford-East Hartford, CT",2025,2,1.95,275.2,394669.0,"Hartford, CT",msa,CT,376330.643690338,0.0460376899699905,0.0095137103766755,"Hartford, CT",1943.54932810805,3.56666666666667,"Hartford, CT",1832.0,"Hartford-West Hartford-East Hartford, CT",1171426.0,0.0044459078355159,0.0175968949824048,-0.0025019782699207,5732.06048387097,1.95,,,,,False,44.44444444444444,False,False,False,3.782331070691467,0.809459652353929,0.04603768996999058,0.009513710376674256,0.12140999710917955,0.02627198774965267,-0.0021146520454418797,0.13372093023255816,0.023809523809523725,72.0,0.004445907835515905,0.0,0.0,0.0025019782699207127,-0.0008453937693850833,0.05012695525293487,0.0690729558898473,2.96666666666667,0.24909090909090637,0.25073385518590463,0.09252306700317803,0.24739314525733902,0
25540,"Hartford-West Hartford-East Hartford, CT",2025,3,1.91,275.23,394669.0,"Hartford, CT",msa,CT,381142.732111154,0.0426717858295295,0.0127868630989714,"Hartford, CT",1964.27019701337,4.13333333333333,"Hartford, CT",2213.66666666667,"Hartford-West Hartford-East Hartford, CT",1171426.0,0.0044459078355159,0.0175968949824048,-0.0025019782699207,6427.73875,1.91,,,,,False,33.56643356643356,False,False,False,3.843061290874545,0.8626568731801552,0.042671785829529574,0.012786863098970924,0.09503685619089852,0.016056294133970583,-0.0002890232084467384,0.07909604519774005,0.09259259259259256,68.57142857142857,0.004445907835515905,0.0,0.0,0.0,0.0,0.04132663034182782,0.0699826370723422,3.43333333333333,0.20833333333333526,0.20535888910620015,0.1595155481803856,0.24344959483489204,0
25540,"Hartford-West Hartford-East Hartford, CT",2025,4,1.83,275.47,394669.0,"Hartford, CT",msa,CT,386163.382524866,0.0447392670163284,0.0131726253466837,"Hartford, CT",1963.48343839645,4.25,"Hartford, CT",2121.0,"Hartford-West Hartford-East Hartford, CT",1171426.0,0.0044459078355159,0.0175968949824048,-0.0025019782699207,6777.5671875,1.83,,,,,False,18.06451612903226,False,False,False,3.8859791113248177,0.8981995577159632,0.044739267016328466,0.013172625346684619,0.07446211253767321,0.011167612796647797,-0.0008224620346654644,0.033898305084745894,0.10624999999999996,62.38532110091741,0.004445907835515905,0.0,0.0,0.0,0.0,0.037501170425356056,0.07017309729018861,3.1,-0.04186116548712693,-0.03521012493915132,0.14737055805338306,0.3229933232101212,0
26900,"Indianapolis-Carmel-Greenwood, IN",2019,2,0.63,219.91,394705.0,"Indianapolis, IN",msa,IN,181462.947923641,0.0734187472842264,0.0154714953069754,"Indianapolis, IN",1035.89093309873,2.83333333333333,"Indianapolis, IN",7609.66666666667,"Indianapolis-Carmel-Anderson, IN",2074537.0,0.0108016690963804,0.0337743427216011,-0.0014217455685607,2882.32777777778,0.63,,61552.0,521.0,2.9481243164095563,False,5.000000000000004,False,False,False,2.8540553333474814,0.40901888394845587,0.07341874728422648,0.015471495306972116,0.0794640406725231,0.021934580614464627,0.0039147141104492736,0.0,0.016129032258064502,8.62068965517242,0.010801669096380362,0.0,0.0,0.0014217455685607838,-0.0018464886747877607,0.04200273646014696,0.04006994317734969,3.16666666666667,0.07577399745535085,0.08062123319425174,0.06629220382021028,0.12725771232385252,0
26900,"Indianapolis-Carmel-Greenwood, IN",2019,3,0.62,225.14,394705.0,"Indianapolis, IN",msa,IN,183853.889397638,0.0646525419790653,0.0131759210425848,"Indianapolis, IN",1044.09059412027,2.93333333333333,"Indianapolis, IN",8516.0,"Indianapolis-Carmel-Anderson, IN",2074537.0,0.0108016690963804,0.0337743427216011,-0.0014217455685607,2957.8528125,0.62,,61552.0,521.0,2.9869685696263,False,5.084745762711873,False,False,False,2.915469680305359,0.42608551794395755,0.06465254197906534,0.013175921042587024,0.08212339009877145,0.02151827480017543,0.00379644180118561,-0.015873015873015928,0.0,8.62068965517242,0.010801669096380362,0.0,0.0,0.0,0.0,0.04150581397905562,0.04044836790851969,3.16666666666667,0.11910289544000996,0.11081556480329491,0.037988254372415486,0.15500598332389925,0
26900,"Indianapolis-Carmel-Greenwood, IN",2019,4,0.62,230.04,394705.0,"Indianapolis, IN",msa,IN,186863.00093646,0.0634144143332759,0.0163668636474372,"Indianapolis, IN",1041.18676440875,2.7,"Indianapolis, IN",8086.66666666667,"Indianapolis-Carmel-Anderson, IN",2074537.0,0.0108016690963804,0.0337743427216011,-0.0014217455685607,3082.755625,0.62,,61552.0,521.0,3.035855876924552,False,5.084745762711873,False,False,False,2.9666367973520393,0.44618829000012994,0.06341441433327599,0.016366863647436558,0.08127360329673983,0.01755021408465529,0.003457751961226795,-0.03125,0.0,6.666666666666665,0.010801669096380362,0.0,0.0,0.0,0.0,0.04021991825985172,0.03810646599283829,3.03333333333333,-0.05041490527634218,-0.008767186775838431,0.14221561000009708,0.036741721225998614,0
26900,"Indianapolis-Carmel-Greenwood, IN",2020,1,0.63,235.0,394705.0,"Indianapolis, IN",msa,IN,191242.279476105,0.0701968954413403,0.0234357712211555,"Indianapolis, IN",1057.09938805575,3.56666666666667,"Indianapolis, IN",6390.0,"Indianapolis-Carmel-Greenwood, IN",2092783.0,0.008795215510738,0.0321560043874878,-0.0020064535856423,3055.86919354839,0.63,,63545.0,601.0,3.009556683863482,False,-3.076923076923077,False,False,False,2.9032073574043085,0.37845439423117666,0.07019689544134033,0.023435771221153034,0.08025064455206898,0.01694964346915473,0.0030780480960703907,-0.059701492537313494,0.0,8.064516129032274,0.00879521551073803,-0.0020064535856423316,-0.0014217455685607838,-0.0020064535856423316,-0.0014217455685607838,0.04440387919835187,0.038417859528638854,3.63333333333333,-0.2098103874690852,-0.17315410091564354,0.12306660146926007,-0.004562795426326538,0
26900,"Indianapolis-Carmel-Greenwood, IN",2020,2,0.62,239.04,394705.0,"Indianapolis, IN",msa,IN,195249.327984259,0.0759735263775129,0.0209527334600406,"Indianapolis, IN",1086.77352064752,11.2666666666667,"Indianapolis, IN",6203.66666666667,"Indianapolis-Carmel-Greenwood, IN",2092783.0,0.008795215510738,0.0321560043874878,-0.0020064535856423,2931.68761904762,0.62,,63545.0,601.0,3.072615122893367,False,0.0,False,False,False,2.9481243164095563,0.37801643572849075,0.07597352637751298,0.02095273346004367,0.07341874728422648,0.015471495306972116,0.0022898286354885514,-0.015873015873015928,0.0,5.000000000000004,0.00879521551073803,0.0,0.0,0.0020064535856423316,0.0014217455685607838,0.04911963791070306,0.04200273646014696,2.83333333333333,-0.029160146061554038,0.07577399745535085,0.017124992393438232,0.06629220382021028,0
26900,"Indianapolis-Carmel-Greenwood, IN",2020,3,0.64,248.54,394705.0,"Indianapolis, IN",msa,IN,198688.860048765,0.0806889138964148,0.0176161019349736,"Indianapolis, IN",1111.63078890298,7.5,"Indianapolis, IN",6188.0,"Indianapolis-Carmel-Greenwood, IN",2092783.0,0.008795215510738,0.0321560043874878,-0.0020064535856423,3319.8340625,0.64,,63545.0,601.0,3.126742624105201,False,1.5873015873015817,False,False,False,2.9869685696263,0.3703396857875889,0.08068891389641486,0.017616101934974537,0.06465254197906534,0.013175921042587024,0.0012306470857767337,0.032258064516129004,-0.015873015873015928,5.084745762711873,0.00879521551073803,0.0,0.0,0.0,0.0,0.06468805979390901,0.04150581397905562,2.93333333333333,-0.0025253882112733494,0.11910289544000996,0.12237973724394036,0.037988254372415486,0
26900,"Indianapolis-Carmel-Greenwood, IN",2020,4,0.66,258.18,394705.0,"Indianapolis, IN",msa,IN,206739.08661638,0.1063671544410149,0.040516748476183,"Indianapolis, IN",1123.05463426323,5.06666666666667,"Indianapolis, IN",5776.0,"Indianapolis-Carmel-Greenwood, IN",2092783.0,0.008795215510738,0.0321560043874878,-0.0020064535856423,3554.5015625,0.66,,63545.0,601.0,3.2534280685558263,False,3.125,False,False,False,3.035855876924552,0.4017393901737605,0.10636715444101497,0.04051674847618125,0.06341441433327599,0.016366863647436558,0.000410054128239293,0.06451612903225823,-0.03125,5.084745762711873,0.00879521551073803,0.0,0.0,0.0,0.0,0.07862938010066767,0.04021991825985172,2.7,-0.06658047834518421,-0.05041490527634218,0.15302735438200687,0.14221561000009708,0
26900,"Indianapolis-Carmel-Greenwood, IN",2021,1,0.67,267.53,394705.0,"Indianapolis, IN",msa,IN,216687.22261671,0.133050825425788,0.0481192800217287,"Indianapolis, IN",1137.49420225169,4.93333333333333,"Indianapolis, IN",4258.0,"Indianapolis-Carmel-Greenwood, IN",2106709.0,0.0066542971727121,0.0264772204594887,-0.0021409183380258,3865.7068852459,0.67,,67330.0,583.0,3.2182863896733997,False,0.0,False,False,False,3.009556683863482,0.38314387451256815,0.13305082542578806,0.048119280021728716,0.07019689544134033,0.023435771221153034,-6.393475530171856e-05,0.06349206349206349,-0.059701492537313494,-3.076923076923077,0.006654297172712154,-0.0021409183380258767,-0.0020064535856423316,-0.0021409183380258767,-0.0020064535856423316,0.0760522757881874,0.04440387919835187,3.56666666666667,-0.26281163434903043,-0.2098103874690852,0.26501058795554977,0.12306660146926007,0
26900,"Indianapolis-Carmel-Greenwood, IN",2021,2,0.74,275.51,394705.0,"Indianapolis, IN",msa,IN,228177.023000585,0.168644344932038,0.0530248172694485,"Indianapolis, IN",1171.81169023235,4.16666666666667,"Indianapolis, IN",4885.33333333333,"Indianapolis-Carmel-Greenwood, IN",2106709.0,0.0066542971727121,0.0264772204594887,-0.0021409183380258,4183.62634920635,0.74,,67330.0,583.0,3.388935437406579,False,17.460317460317466,False,False,False,3.072615122893367,0.41715748879702286,0.16864434493203806,0.05302481726944697,0.07597352637751298,0.02095273346004367,-0.0002293011515322597,0.19354838709677424,-0.015873015873015928,0.0,0.006654297172712154,0.0,0.0,0.0021409183380258767,0.0020064535856423316,0.07824828997872779,0.04911963791070306,11.2666666666667,0.147330515108814,-0.029160146061554038,0.42703687869904483,0.017124992393438232,0
26900,"Indianapolis-Carmel-Greenwood, IN",2021,3,0.77,286.4,394705.0,"Indianapolis, IN",msa,IN,237607.64828522,0.1958780589254123,0.0413303020638089,"Indianapolis, IN",1224.71961576014,3.53333333333333,"Indianapolis, IN",6032.66666666667,"Indianapolis-Carmel-Greenwood, IN",2106709.0,0.0066542971727121,0.0264772204594887,-0.0021409183380258,4421.670625,0.77,,67330.0,583.0,3.529001162709342,False,22.222222222222232,False,False,False,3.126742624105201,0.43944622709558745,0.19587805892541232,0.04133030206380961,0.08068891389641486,0.017616101934974537,-0.00020316142722721434,0.203125,0.032258064516129004,1.5873015873015817,0.006654297172712154,0.0,0.0,0.0,0.0,0.10173236292668952,0.06468805979390901,7.5,0.23485262008733754,-0.0025253882112733494,0.3318950711862574,0.12237973724394036,0
26900,"Indianapolis-Carmel-Greenwood, IN",2021,4,0.82,297.06,394705.0,"Indianapolis, IN",msa,IN,243792.135177136,0.1792261403839454,0.02602814739571,"Indianapolis, IN",1252.33074878037,2.66666666666667,"Indianapolis, IN",5632.33333333333,"Indianapolis-Carmel-Greenwood, IN",2106709.0,0.0066542971727121,0.0264772204594887,-0.0021409183380258,4602.10890625,0.82,,67330.0,583.0,3.6208545251319766,False,28.125,False,False,False,3.2534280685558263,0.5400171660008701,0.17922614038394546,0.026028147395711132,0.10636715444101497,0.04051674847618125,0.0007582070882874995,0.2424242424242422,0.06451612903225823,3.125,0.006654297172712154,0.0,0.0,0.0,0.0,0.11511115361003821,0.07862938010066767,5.06666666666667,-0.06636092385899095,-0.06658047834518421,0.2947269329692408,0.15302735438200687,0
26900,"Indianapolis-Carmel-Greenwood, IN",2022,1,0.92,309.06,394705.0,"Indianapolis, IN",msa,IN,255601.287851238,0.1795863400001285,0.0484394324924464,"Indianapolis, IN",1267.67822360066,3.13333333333333,"Indianapolis, IN",4001.33333333333,"Indianapolis-Carmel-Greenwood, IN",2126489.0,0.0093890518339268,0.0250426962739156,0.0027347546612146,4463.85548387097,0.92,,73571.0,819.0,3.4742125001867312,False,37.31343283582089,False,False,False,3.2182863896733997,0.5461741116882539,0.17958634000012852,0.04843943249244553,0.13305082542578806,0.048119280021728716,0.0026967357046035075,0.3731343283582089,0.06349206349206349,0.0,0.009389051833926798,0.0027347546612146445,-0.0021409183380258767,0.0027347546612146445,-0.0021409183380258767,0.11444807462866047,0.0760522757881874,4.93333333333333,-0.28957803160324347,-0.26281163434903043,0.154732010569141,0.26501058795554977,0
26900,"Indianapolis-Carmel-Greenwood, IN",2022,2,1.06,323.29,394705.0,"Indianapolis, IN",msa,IN,269973.344872061,0.1831749810819858,0.0562284217800477,"Indianapolis, IN",1320.62521553617,2.76666666666667,"Indianapolis, IN",4854.66666666667,"Indianapolis-Carmel-Greenwood, IN",2126489.0,0.0093890518339268,0.0250426962739156,0.0027347546612146,4105.66709677419,1.06,,73571.0,819.0,3.669561986000747,False,68.25396825396825,False,False,False,3.388935437406579,0.6814295588989401,0.18317498108198582,0.05622842178004839,0.16864434493203806,0.05302481726944697,0.0058658648213788,0.43243243243243246,0.19354838709677424,17.460317460317466,0.009389051833926798,0.0,0.0,-0.0027347546612146445,0.0021409183380258767,0.12699440238073811,0.07824828997872779,4.16666666666667,0.21326224591802911,0.147330515108814,-0.018634372653033138,0.42703687869904483,0
26900,"Indianapolis-Carmel-Greenwood, IN",2022,3,1.13,323.34,394705.0,"Indianapolis, IN",msa,IN,274840.621647437,0.1566993892280908,0.0180287308648284,"Indianapolis, IN",1362.34905736373,2.86666666666667,"Indianapolis, IN",6449.66666666667,"Indianapolis-Carmel-Greenwood, IN",2126489.0,0.0093890518339268,0.0250426962739156,0.0027347546612146,3980.35109375,1.13,,73571.0,819.0,3.7357195314381615,False,82.25806451612902,False,False,False,3.529001162709342,0.7745765177204551,0.1566993892280908,0.018028730864828812,0.19587805892541232,0.04133030206380961,0.009579685504410443,0.46753246753246747,0.203125,22.222222222222232,0.009389051833926798,0.0,0.0,0.0,0.0,0.11237628583107839,0.10173236292668952,3.53333333333333,0.328549848942598,0.23485262008733754,-0.0998083232963558,0.3318950711862574,0
26900,"Indianapolis-Carmel-Greenwood, IN",2022,4,1.27,324.05,394705.0,"Indianapolis, IN",msa,IN,273124.54537506,0.1203172947995696,-0.0062438960517953,"Indianapolis, IN",1352.91443424512,2.66666666666667,"Indianapolis, IN",6320.66666666667,"Indianapolis-Carmel-Greenwood, IN",2126489.0,0.0093890518339268,0.0250426962739156,0.0027347546612146,3851.97349206349,1.27,,73571.0,819.0,3.712394087005206,False,104.83870967741935,False,False,False,3.6208545251319766,0.8180859469376012,0.12031729479956965,-0.0062438960517937625,0.17922614038394546,0.026028147395711132,0.011818933914589538,0.5487804878048781,0.2424242424242422,28.125,0.009389051833926798,0.0,0.0,0.0,0.0,0.08031718901952001,0.11511115361003821,2.66666666666667,-0.020001033645149602,-0.06636092385899095,-0.1629981883235685,0.2947269329692408,0
26900,"Indianapolis-Carmel-Greenwood, IN",2023,1,1.42,328.45,394705.0,"Indianapolis, IN",msa,IN,272729.595056235,0.0670118188722341,-0.0014460447642397,"Indianapolis, IN",1364.9687033242,3.26666666666667,"Indianapolis, IN",4914.66666666667,"Indianapolis-Carmel-Greenwood, IN",2152012.0,0.0120024133677625,0.0283015487033296,0.0026133615338357,4000.06451612903,1.42,,77065.0,873.0,3.5389553630861608,False,125.39682539682539,False,False,False,3.4742125001867312,0.7477263525106062,0.06701181887223417,-0.0014460447642399288,0.17958634000012852,0.04843943249244553,0.01334055525456892,0.543478260869565,0.3731343283582089,37.31343283582089,0.012002413367762532,0.002613361533835734,0.0027347546612146445,0.002613361533835734,0.0027347546612146445,0.07674698351068954,0.11444807462866047,3.13333333333333,-0.222444889779559,-0.28957803160324347,-0.10389918970668588,0.154732010569141,0
26900,"Indianapolis-Carmel-Greenwood, IN",2023,2,1.31,333.47,394705.0,"Indianapolis, IN",msa,IN,274639.749810638,0.0172846876449541,0.007003841126995,"Indianapolis, IN",1393.80451102068,3.03333333333333,"Indianapolis, IN",4887.33333333333,"Indianapolis-Carmel-Greenwood, IN",2152012.0,0.0120024133677625,0.0283015487033296,0.0026133615338357,4206.07290322581,1.31,,77065.0,873.0,3.5637416442047365,False,111.29032258064515,False,False,False,3.669561986000747,0.8991332312858273,0.017284687644954166,0.00700384112699326,0.18317498108198582,0.05622842178004839,0.013995005253717385,0.23584905660377364,0.43243243243243246,68.25396825396825,0.012002413367762532,0.0,0.0,-0.002613361533835734,-0.0027347546612146445,0.055412614134283,0.12699440238073811,2.76666666666667,-0.0055615843733056725,0.21326224591802911,0.02445541834858167,-0.018634372653033138,0
26900,"Indianapolis-Carmel-Greenwood, IN",2023,3,1.29,337.93,394705.0,"Indianapolis, IN",msa,IN,277568.025662246,0.0099235840701441,0.0106622433701864,"Indianapolis, IN",1410.82850649912,3.2,"Indianapolis, IN",5657.0,"Indianapolis-Carmel-Greenwood, IN",2152012.0,0.0120024133677625,0.0283015487033296,0.0026133615338357,4458.13746031746,1.29,,77065.0,873.0,3.6017391249237134,False,101.5625,False,False,False,3.7357195314381615,0.9126308432003505,0.009923584070144154,0.010662243370185731,0.1566993892280908,0.018028730864828812,0.01246517327050411,0.14159292035398252,0.46753246753246747,82.25806451612902,0.012002413367762532,0.0,0.0,0.0,0.0,0.03558518932673693,0.11237628583107839,2.86666666666667,0.15748192606738587,0.328549848942598,0.12003623683289799,-0.0998083232963558,0
26900,"Indianapolis-Carmel-Greenwood, IN",2023,4,1.3,348.54,394705.0,"Indianapolis, IN",msa,IN,278553.653764658,0.0198777754747112,0.003550942512416,"Indianapolis, IN",1413.97441487364,3.0,"Indianapolis, IN",5990.33333333333,"Indianapolis-Carmel-Greenwood, IN",2152012.0,0.0120024133677625,0.0283015487033296,0.0026133615338357,4464.90761904762,1.3,,77065.0,873.0,3.614528693501045,False,96.96969696969697,False,False,False,3.712394087005206,0.8375019475882617,0.019877775474711257,0.003550942512418054,0.12031729479956965,-0.0062438960517937625,0.008836067187266202,0.023622047244094446,0.5487804878048781,104.83870967741935,0.012002413367762532,0.0,0.0,0.0,0.0,0.045132182112159525,0.08031718901952001,2.66666666666667,0.058924046903540805,-0.020001033645149602,0.15912210409729033,-0.1629981883235685,0
26900,"Indianapolis-Carmel-Greenwood, IN",2024,1,1.38,345.48,394705.0,"Indianapolis, IN",msa,IN,280015.679372596,0.0267154150060562,0.0052486319535909,"Indianapolis, IN",1426.60846173389,3.8,"Indianapolis, IN",5229.33333333333,"Indianapolis-Carmel-Greenwood, IN",2183424.0,0.0145965728815638,0.0364146163518551,0.0025941595138012,4992.54098360656,1.38,,79852.0,856.0,3.506683356366728,False,105.97014925373132,False,False,False,3.5389553630861608,0.7461588499948757,0.02671541500605623,0.0052486319535882675,0.06701181887223417,-0.0014460447642399288,0.0030671228462365433,-0.028169014084507116,0.543478260869565,125.39682539682539,0.014596572881563796,0.002594159513801264,0.002613361533835734,0.002594159513801264,0.002613361533835734,0.04515836755785996,0.07674698351068954,3.26666666666667,-0.12703800567581114,-0.222444889779559,0.248115115012689,-0.10389918970668588,0
26900,"Indianapolis-Carmel-Greenwood, IN",2024,2,1.3,348.93,394705.0,"Indianapolis, IN",msa,IN,284117.974143188,0.0345114803632216,0.0146502323719273,"Indianapolis, IN",1453.5977624275,3.6,"Indianapolis, IN",5608.33333333333,"Indianapolis-Carmel-Greenwood, IN",2183424.0,0.0145965728815638,0.0364146163518551,0.0025941595138012,5246.62650793651,1.3,,79852.0,856.0,3.5580570823922755,False,75.67567567567568,False,False,False,3.5637416442047365,0.7096863108572551,0.0345114803632216,0.01465023237192864,0.017284687644954166,0.00700384112699326,-0.004329556068889695,-0.007633587786259555,0.23584905660377364,111.29032258064515,0.014596572881563796,0.0,0.0,-0.002594159513801264,-0.002613361533835734,0.04289930971957712,0.055412614134283,3.03333333333333,0.0724757776644569,-0.0055615843733056725,0.24739314525733902,0.02445541834858167,0
26900,"Indianapolis-Carmel-Greenwood, IN",2024,3,1.29,354.8,394705.0,"Indianapolis, IN",msa,IN,285141.379692876,0.027284677377954,0.0036020443717934,"Indianapolis, IN",1477.16603580938,3.86666666666667,"Indianapolis, IN",6637.66666666667,"Indianapolis-Carmel-Greenwood, IN",2183424.0,0.0145965728815638,0.0364146163518551,0.0025941595138012,5543.46921875,1.29,,79852.0,856.0,3.570873361880429,False,67.53246753246754,False,False,False,3.6017391249237134,0.6862694446183544,0.027284677377954036,0.003602044371794122,0.009923584070144154,0.010662243370185731,-0.011384607096295902,0.0,0.14159292035398252,101.5625,0.014596572881563796,0.0,0.0,0.0,0.0,0.04702026433735185,0.03558518932673693,3.2,0.18353640416047656,0.15748192606738587,0.24344959483489204,0.12003623683289799,0
26900,"Indianapolis-Carmel-Greenwood, IN",2024,4,1.36,355.98,394705.0,"Indianapolis, IN",msa,IN,286443.88650761,0.0283257197897615,0.0045679333393742,"Indianapolis, IN",1473.56807333378,3.46666666666667,"Indianapolis, IN",6819.33333333333,"Indianapolis-Carmel-Greenwood, IN",2183424.0,0.0145965728815638,0.0364146163518551,0.0025941595138012,5907.04296875,1.36,,79852.0,856.0,3.5871848733608425,False,65.85365853658539,False,False,False,3.614528693501045,0.6478918961490057,0.028325719789761505,0.004567933339373109,0.019877775474711257,0.003550942512418054,-0.01639474940977699,0.04615384615384621,0.023622047244094446,96.96969696969697,0.014596572881563796,0.0,0.0,0.0,0.0,0.042146207055285156,0.045132182112159525,3.0,0.027369055390949804,0.058924046903540805,0.3229933232101212,0.15912210409729033,0
26900,"Indianapolis-Carmel-Greenwood, IN",2025,1,1.54,364.17,394705.0,"Indianapolis, IN",msa,IN,289462.444192886,0.0337365566151741,0.010538041925346,"Indianapolis, IN",1492.9828034085,3.66666666666667,"Indianapolis, IN",5750.0,"Indianapolis-Carmel-Greenwood, IN",2205695.0,0.0102000344413178,0.0372473123538377,-0.004396538440246,5894.81783333333,1.54,,,,,False,67.39130434782608,False,False,False,3.506683356366728,0.6034759989624194,0.03373655661517416,0.010538041925345132,0.02671541500605623,0.0052486319535882675,-0.019324190619833443,0.11594202898550732,-0.028169014084507116,105.97014925373132,0.010200034441317785,-0.004396538440246012,0.002594159513801264,-0.004396538440246012,0.002594159513801264,0.04652596942677545,0.04515836755785996,3.8,-0.15680907224557594,-0.12703800567581114,0.18072497605717697,0.248115115012689,0
26900,"Indianapolis-Carmel-Greenwood, IN",2025,2,1.45,364.69,394705.0,"Indianapolis, IN",msa,IN,289867.755865766,0.020237303676114,0.0014002219666529,"Indianapolis, IN",1516.2720075167,3.33333333333333,"Indianapolis, IN",6625.66666666667,"Indianapolis-Carmel-Greenwood, IN",2205695.0,0.0102000344413178,0.0372473123538377,-0.004396538440246,5732.06048387097,1.45,,,,,False,36.79245283018866,False,False,False,3.5580570823922755,0.6099327659827192,0.020237303676114093,0.0014002219666533477,0.0345114803632216,0.01465023237192864,-0.01959229164335305,0.11538461538461542,-0.007633587786259555,75.67567567567568,0.010200034441317785,0.0,0.0,0.004396538440246012,-0.002594159513801264,0.04311663563965196,0.04289930971957712,3.6,0.1522898550724643,0.0724757776644569,0.09252306700317803,0.24739314525733902,0
26900,"Indianapolis-Carmel-Greenwood, IN",2025,3,1.5,365.84,394705.0,"Indianapolis, IN",msa,IN,290123.513534937,0.0174725038064527,0.000882325350076929,"Indianapolis, IN",1526.68075832524,3.6,"Indianapolis, IN",7853.33333333333,"Indianapolis-Carmel-Greenwood, IN",2205695.0,0.0102000344413178,0.0372473123538377,-0.004396538440246,6427.73875,1.5,,,,,False,32.74336283185841,False,False,False,3.570873361880429,0.583904792254129,0.01747250380645271,0.0008823253500793715,0.027284677377954036,0.003602044371794122,-0.017962458477314775,0.16279069767441867,0.0,67.53246753246754,0.010200034441317785,0.0,0.0,0.0,0.0,0.033520079202694175,0.04702026433735185,3.86666666666667,0.1852895306132707,0.18353640416047656,0.1595155481803856,0.24344959483489204,0
26900,"Indianapolis-Carmel-Greenwood, IN",2025,4,1.4,370.97,394705.0,"Indianapolis, IN",msa,IN,291171.844409178,0.0165057036448303,0.0036133950725632,"Indianapolis, IN",1527.26142626219,2.65,"Indianapolis, IN",8060.66666666667,"Indianapolis-Carmel-Greenwood, IN",2205695.0,0.0102000344413178,0.0372473123538377,-0.004396538440246,6777.5671875,1.4,,,,,False,10.236220472440927,False,False,False,3.5871848733608425,0.5513289964362906,0.016505703644830394,0.0036133950725603103,0.028325719789761505,0.004567933339373109,-0.015870515910627107,0.02941176470588225,0.04615384615384621,65.85365853658539,0.010200034441317785,0.0,0.0,0.0,0.0,0.036437646756919184,0.042146207055285156,3.46666666666667,0.026400679117148496,0.027369055390949804,0.14737055805338306,0.3229933232101212,0
33460,"Minneapolis-St. Paul-Bloomington, MN-WI",2019,2,0.53,295.84,394865.0,"Minneapolis, MN",msa,MN,292226.298899001,0.0492604659535964,0.0153852985354115,"Minneapolis, MN",1373.56044903305,2.9,"Minneapolis, MN",13392.0,"Minneapolis-St. Paul-Bloomington, MN-WI",3640043.0,0.0083051228220243,0.0286887736055144,-0.0013047464650717,2882.32777777778,0.53,,80421.0,435.0,3.63370635653624,False,15.217391304347828,False,False,False,3.623089870309991,0.6669403609271853,0.049260465953596455,0.015385298535409708,0.06623517066718843,0.023429364545786813,0.001258269889435804,0.019230769230769162,0.040000000000000036,18.181818181818187,0.008305122822024336,0.0,0.0,0.0013047464650717266,0.0008950668063687495,0.04808642196515933,0.04639540663263486,2.66666666666667,0.3090056040662019,0.31083603497396606,0.06629220382021028,0.12725771232385252,0
33460,"Minneapolis-St. Paul-Bloomington, MN-WI",2019,3,0.52,300.57,394865.0,"Minneapolis, MN",msa,MN,293561.695033193,0.0399434542153913,0.0045697329063922,"Minneapolis, MN",1379.70805992969,2.9,"Minneapolis, MN",16522.0,"Minneapolis-St. Paul-Bloomington, MN-WI",3640043.0,0.0083051228220243,0.0286887736055144,-0.0013047464650717,2957.8528125,0.52,,80421.0,435.0,3.6503114240458703,False,13.043478260869556,False,False,False,3.672254569757539,0.6319841832085249,0.03994345421539136,0.004569732906392288,0.069065530898208,0.013569826089724124,0.0005874107698232289,-0.018867924528301883,0.03921568627450989,15.217391304347828,0.008305122822024336,0.0,0.0,0.0,0.0,0.045123664315324996,0.04094209224686374,2.6,0.23372162485065706,0.231756976192258,0.037988254372415486,0.15500598332389925,0
33460,"Minneapolis-St. Paul-Bloomington, MN-WI",2019,4,0.52,305.65,394865.0,"Minneapolis, MN",msa,MN,295513.651472018,0.040397263767014,0.0066492204938537,"Minneapolis, MN",1378.01669124288,2.7,"Minneapolis, MN",14644.3333333333,"Minneapolis-St. Paul-Bloomington, MN-WI",3640043.0,0.0083051228220243,0.0286887736055144,-0.0013047464650717,3082.755625,0.52,,80421.0,435.0,3.674583149575583,False,10.63829787234043,False,False,False,3.695059753383179,0.5646186062574245,0.040397263767014024,0.006649220493853303,0.06608160029450083,0.006210131458055823,0.00011964403951738377,-0.018867924528301883,0.019230769230769162,12.765957446808528,0.008305122822024336,0.0,0.0,0.0,0.0,0.042409236267406,0.044881951678169774,2.46666666666667,-0.11364645119638672,-0.10870887924390149,0.14221561000009708,0.036741721225998614,0
33460,"Minneapolis-St. Paul-Bloomington, MN-WI",2020,1,0.53,310.05,394865.0,"Minneapolis, MN",msa,MN,301128.153876481,0.0463161651544727,0.0189991304174799,"Minneapolis, MN",1398.78484263601,3.5,"Minneapolis, MN",10273.0,"Minneapolis-St. Paul-Bloomington, MN-WI",3694131.0,0.0148591651252472,0.0331213561320458,0.0065540423032228,3055.86919354839,0.53,,82887.0,510.0,3.6329961740258545,False,1.9230769230769162,False,False,False,3.578647791904702,0.4269664134255562,0.04631616515447279,0.01899913041748147,0.05757289716801739,0.01323475864563095,-0.00031721033537675535,-0.036363636363636376,0.0,14.583333333333348,0.014859165125247209,0.006554042303222873,-0.0013047464650717266,0.006554042303222873,-0.0013047464650717266,0.04104778971345402,0.04152095958799129,3.4,-0.29849998861903193,-0.3015974150093289,0.12306660146926007,-0.004562795426326538,0
33460,"Minneapolis-St. Paul-Bloomington, MN-WI",2020,2,0.52,313.23,394865.0,"Minneapolis, MN",msa,MN,306213.32972197,0.0478636963054555,0.0168870820613303,"Minneapolis, MN",1406.88698101439,10.1666666666667,"Minneapolis, MN",12307.3333333333,"Minneapolis-St. Paul-Bloomington, MN-WI",3694131.0,0.0148591651252472,0.0331213561320458,0.0065540423032228,2931.68761904762,0.52,,82887.0,510.0,3.694346878545128,False,4.0000000000000036,False,False,False,3.63370635653624,0.42172099589777146,0.047863696305455505,0.016887082061330272,0.049260465953596455,0.015385298535409708,-0.0010079418170779227,-0.018867924528301883,0.019230769230769162,15.217391304347828,0.014859165125247209,0.0,0.0,-0.006554042303222873,0.0013047464650717266,0.024262879733324416,0.04808642196515933,2.9,0.19802719101852428,0.3090056040662019,0.017124992393438232,0.06629220382021028,0
33460,"Minneapolis-St. Paul-Bloomington, MN-WI",2020,3,0.54,324.09,394865.0,"Minneapolis, MN",msa,MN,307329.459755014,0.0468990503691713,0.0036449426746307,"Minneapolis, MN",1409.93912903221,7.26666666666667,"Minneapolis, MN",13960.6666666667,"Minneapolis-St. Paul-Bloomington, MN-WI",3694131.0,0.0148591651252472,0.0331213561320458,0.0065540423032228,3319.8340625,0.54,,82887.0,510.0,3.707812561137621,False,5.882352941176472,False,False,False,3.6503114240458703,0.4182303022881846,0.0468990503691713,0.0036449426746294478,0.03994345421539136,0.004569732906392288,-0.002017798628460824,0.03846153846153855,-0.018867924528301883,13.043478260869556,0.014859165125247209,0.0,0.0,0.0,0.0,0.021911207146286138,0.045123664315324996,2.9,0.13433725150317466,0.23372162485065706,0.12237973724394036,0.037988254372415486,0
33460,"Minneapolis-St. Paul-Bloomington, MN-WI",2020,4,0.55,336.32,394865.0,"Minneapolis, MN",msa,MN,316510.591555547,0.0710523523327559,0.0298739073301051,"Minneapolis, MN",1402.12053966321,4.73333333333333,"Minneapolis, MN",12058.3333333333,"Minneapolis-St. Paul-Bloomington, MN-WI",3694131.0,0.0148591651252472,0.0331213561320458,0.0065540423032228,3554.5015625,0.55,,82887.0,510.0,3.818579409986451,False,5.769230769230771,False,False,False,3.674583149575583,0.42504551531381773,0.07105235233275597,0.02987390733010664,0.040397263767014024,0.006649220493853303,-0.002903376027104683,0.05769230769230771,-0.018867924528301883,10.63829787234043,0.014859165125247209,0.0,0.0,0.0,0.0,0.017491695545857278,0.042409236267406,2.7,-0.13626378873979728,-0.11364645119638672,0.15302735438200687,0.14221561000009708,0
33460,"Minneapolis-St. Paul-Bloomington, MN-WI",2021,1,0.56,345.61,394865.0,"Minneapolis, MN",msa,MN,328538.062246789,0.0910240640652657,0.0380002155129489,"Minneapolis, MN",1401.52987660793,4.66666666666667,"Minneapolis, MN",7798.66666666667,"Minneapolis-St. Paul-Bloomington, MN-WI",3692614.0,-0.000410651381881122,0.0228674806325988,-0.0152698165071283,3865.7068852459,0.56,,87397.0,540.0,3.75914576297572,False,1.81818181818183,False,False,False,3.6329961740258545,0.3781155415652564,0.09102406406526575,0.03800021551294974,0.04631616515447279,0.01899913041748147,-0.003295635714184382,0.05660377358490565,-0.036363636363636376,1.9230769230769162,-0.00041065138188112194,-0.015269816507128331,0.006554042303222873,-0.015269816507128331,0.006554042303222873,0.0019624418911681207,0.04104778971345402,3.5,-0.35325501036627294,-0.29849998861903193,0.26501058795554977,0.12306660146926007,0
33460,"Minneapolis-St. Paul-Bloomington, MN-WI",2021,2,0.6,356.86,394865.0,"Minneapolis, MN",msa,MN,342036.913742477,0.1169889764532243,0.0410876335100203,"Minneapolis, MN",1437.69197639629,3.96666666666667,"Minneapolis, MN",9628.0,"Minneapolis-St. Paul-Bloomington, MN-WI",3692614.0,-0.000410651381881122,0.0228674806325988,-0.0152698165071283,4183.62634920635,0.6,,87397.0,540.0,3.9136001663956086,False,15.384615384615374,False,False,False,3.694346878545128,0.37974953702427827,0.11698897645322437,0.04108763351001943,0.047863696305455505,0.016887082061330272,-0.0031673240232382694,0.15384615384615374,-0.018867924528301883,4.0000000000000036,-0.00041065138188112194,0.0,0.0,0.015269816507128331,-0.006554042303222873,0.021895856453010287,0.024262879733324416,10.1666666666667,0.23457001196785732,0.19802719101852428,0.42703687869904483,0.017124992393438232,0
33460,"Minneapolis-St. Paul-Bloomington, MN-WI",2021,3,0.63,364.46,394865.0,"Minneapolis, MN",msa,MN,352454.586889777,0.1468298130961289,0.0304577451401749,"Minneapolis, MN",1467.35418365551,3.33333333333333,"Minneapolis, MN",12245.3333333333,"Minneapolis-St. Paul-Bloomington, MN-WI",3692614.0,-0.000410651381881122,0.0228674806325988,-0.0152698165071283,4421.670625,0.63,,87397.0,540.0,4.032799602844228,False,18.867924528301884,False,False,False,3.707812561137621,0.35653845699504627,0.14682981309612897,0.030457745140173742,0.0468990503691713,0.0036449426746294478,-0.002817680018046255,0.16666666666666652,0.03846153846153855,5.882352941176472,-0.00041065138188112194,0.0,0.0,0.0,0.0,0.04072165488641333,0.021911207146286138,7.26666666666667,0.27184600470848563,0.13433725150317466,0.3318950711862574,0.12237973724394036,0
33460,"Minneapolis-St. Paul-Bloomington, MN-WI",2021,4,0.66,373.91,394865.0,"Minneapolis, MN",msa,MN,354341.122431316,0.1195237438653922,0.0053525634555833,"Minneapolis, MN",1469.82213507976,2.36666666666667,"Minneapolis, MN",10890.6666666667,"Minneapolis-St. Paul-Bloomington, MN-WI",3692614.0,-0.000410651381881122,0.0228674806325988,-0.0152698165071283,4602.10890625,0.66,,87397.0,540.0,4.054385418622104,False,24.52830188679245,False,False,False,3.818579409986451,0.41653868591093257,0.11952374386539222,0.005352563455583548,0.07105235233275597,0.02987390733010664,-0.001563943200622868,0.19999999999999996,0.05769230769230771,5.769230769230771,-0.00041065138188112194,0.0,0.0,0.0,0.0,0.048285146320452776,0.017491695545857278,4.73333333333333,-0.11062717770034314,-0.13626378873979728,0.2947269329692408,0.15302735438200687,0
33460,"Minneapolis-St. Paul-Bloomington, MN-WI",2022,1,0.74,383.32,394865.0,"Minneapolis, MN",msa,MN,362789.602034801,0.1042544037478467,0.0238427861421091,"Minneapolis, MN",1488.48519377051,2.76666666666667,"Minneapolis, MN",6249.0,"Minneapolis-St. Paul-Bloomington, MN-WI",3700187.0,0.0020508506981775,0.0165228817351883,0.0024615020800586,4463.85548387097,0.74,,94673.0,507.0,3.8320281604554727,False,34.545454545454525,False,False,False,3.75914576297572,0.38881856017662253,0.10425440374784678,0.023842786142109773,0.09102406406526575,0.03800021551294974,0.00034739955823048286,0.3214285714285714,0.05660377358490565,1.81818181818183,0.0020508506981775643,0.002461502080058686,-0.015269816507128331,0.002461502080058686,-0.015269816507128331,0.062043142007814245,0.0019624418911681207,4.66666666666667,-0.42620592556317516,-0.35325501036627294,0.154732010569141,0.26501058795554977,0
33460,"Minneapolis-St. Paul-Bloomington, MN-WI",2022,2,0.81,390.99,394865.0,"Minneapolis, MN",msa,MN,376586.923095739,0.1010125163837578,0.0380311921387844,"Minneapolis, MN",1522.52284090157,2.1,"Minneapolis, MN",8734.33333333333,"Minneapolis-St. Paul-Bloomington, MN-WI",3700187.0,0.0020508506981775,0.0165228817351883,0.0024615020800586,4105.66709677419,0.81,,94673.0,507.0,3.977764759706981,False,52.830188679245296,False,False,False,3.9136001663956086,0.4817620943357057,0.10101251638375786,0.03803119213878259,0.11698897645322437,0.04108763351001943,0.0030205203179397193,0.3500000000000001,0.15384615384615374,15.384615384615374,0.0020508506981775643,0.0,0.0,-0.002461502080058686,0.015269816507128331,0.05900489527521491,0.021895856453010287,3.96666666666667,0.39771696804822065,0.23457001196785732,-0.018634372653033138,0.42703687869904483,0
33460,"Minneapolis-St. Paul-Bloomington, MN-WI",2022,3,0.86,386.41,394865.0,"Minneapolis, MN",msa,MN,377826.98556791,0.07198771025235,0.0032928983884437,"Minneapolis, MN",1536.39672894215,2.2,"Minneapolis, MN",11221.0,"Minneapolis-St. Paul-Bloomington, MN-WI",3700187.0,0.0020508506981775,0.0165228817351883,0.0024615020800586,3980.35109375,0.86,,94673.0,507.0,3.990863134873829,False,65.38461538461537,False,False,False,4.032799602844228,0.5693239874362463,0.07198771025235007,0.0032928983884439322,0.14682981309612897,0.030457745140173742,0.006615096582904665,0.3650793650793651,0.16666666666666652,18.867924528301884,0.0020508506981775643,0.0,0.0,0.0,0.0,0.047052406334944674,0.04072165488641333,3.33333333333333,0.2847002251650579,0.27184600470848563,-0.0998083232963558,0.3318950711862574,0
33460,"Minneapolis-St. Paul-Bloomington, MN-WI",2022,4,0.98,385.45,394865.0,"Minneapolis, MN",msa,MN,371866.913368917,0.0494602230115082,-0.0157746069673536,"Minneapolis, MN",1524.09121057545,2.1,"Minneapolis, MN",9731.0,"Minneapolis-St. Paul-Bloomington, MN-WI",3700187.0,0.0020508506981775,0.0165228817351883,0.0024615020800586,3851.97349206349,0.98,,94673.0,507.0,3.9279088374607016,False,88.46153846153845,False,False,False,4.054385418622104,0.5437085468832761,0.04946022301150821,-0.015774606967351557,0.11952374386539222,0.005352563455583548,0.008480000037442554,0.48484848484848486,0.19999999999999996,24.52830188679245,0.0020508506981775643,0.0,0.0,0.0,0.0,0.03692220589176598,0.048285146320452776,2.36666666666667,-0.13278673914980843,-0.11062717770034314,-0.1629981883235685,0.2947269329692408,0
33460,"Minneapolis-St. Paul-Bloomington, MN-WI",2023,1,1.11,388.27,394865.0,"Minneapolis, MN",msa,MN,368710.099342022,0.0163193687856937,-0.0084890962691346,"Minneapolis, MN",1537.82928183224,2.9,"Minneapolis, MN",6190.66666666667,"Minneapolis-St. Paul-Bloomington, MN-WI",3721774.0,0.0058340294693213,0.0074829506587612,0.0037831787711437,4000.06451612903,1.11,,98180.0,598.0,3.75545018682035,False,109.43396226415096,False,False,False,3.8320281604554727,0.3759845186839801,0.016319368785693733,-0.008489096269135632,0.10425440374784678,0.023842786142109773,0.008997140663032654,0.5000000000000002,0.3214285714285714,34.545454545454525,0.005834029469321322,0.003783178771143758,0.002461502080058686,0.003783178771143758,0.002461502080058686,0.03315054007136986,0.062043142007814245,2.76666666666667,-0.3638200938581163,-0.42620592556317516,-0.10389918970668588,0.154732010569141,0
33460,"Minneapolis-St. Paul-Bloomington, MN-WI",2023,2,0.99,397.59,394865.0,"Minneapolis, MN",msa,MN,370632.668335004,-0.0158111033484326,0.0052143106370377,"Minneapolis, MN",1562.17109918768,2.7,"Minneapolis, MN",7283.33333333333,"Minneapolis-St. Paul-Bloomington, MN-WI",3721774.0,0.0058340294693213,0.0074829506587612,0.0037831787711437,4206.07290322581,0.99,,98180.0,598.0,3.7750322706763497,False,90.38461538461537,False,False,False,3.977764759706981,0.435269324635319,-0.01581110334843261,0.005214310637036812,0.10101251638375786,0.03803119213878259,0.008685311428650344,0.2222222222222221,0.3500000000000001,52.830188679245296,0.005834029469321322,0.0,0.0,-0.003783178771143758,-0.002461502080058686,0.02604115828083886,0.05900489527521491,2.1,0.1765022614688767,0.39771696804822065,0.02445541834858167,-0.018634372653033138,0
33460,"Minneapolis-St. Paul-Bloomington, MN-WI",2023,3,0.95,399.26,394865.0,"Minneapolis, MN",msa,MN,374982.428304444,-0.0075287297417107,0.0117360404008093,"Minneapolis, MN",1567.77338449754,2.63333333333333,"Minneapolis, MN",9291.0,"Minneapolis-St. Paul-Bloomington, MN-WI",3721774.0,0.0058340294693213,0.0074829506587612,0.0037831787711437,4458.13746031746,0.95,,98180.0,598.0,3.8193362019193726,False,75.92592592592591,False,False,False,3.990863134873829,0.4098027086124878,-0.007528729741710705,0.01173604040081111,0.07198771025235007,0.0032928983884439322,0.006471740512790852,0.10465116279069764,0.3650793650793651,65.38461538461537,0.005834029469321322,0.0,0.0,0.0,0.0,0.020422235327846483,0.047052406334944674,2.2,0.275652173913044,0.2847002251650579,0.12003623683289799,-0.0998083232963558,0
33460,"Minneapolis-St. Paul-Bloomington, MN-WI",2023,4,0.96,400.6,394865.0,"Minneapolis, MN",msa,MN,375317.41625428,0.0092788649952835,0.00089334305970179,"Minneapolis, MN",1558.68085327699,2.2,"Minneapolis, MN",8748.0,"Minneapolis-St. Paul-Bloomington, MN-WI",3721774.0,0.0058340294693213,0.0074829506587612,0.0037831787711437,4464.90761904762,0.96,,98180.0,598.0,3.8227481794080265,False,74.54545454545452,False,False,False,3.9279088374607016,0.3145240279691306,0.00927886499528352,0.000893343059702012,0.04946022301150821,-0.015774606967351557,0.0031882697803156824,-0.020408163265306145,0.48484848484848486,88.46153846153845,0.005834029469321322,0.0,0.0,0.0,0.0,0.02269525764700142,0.03692220589176598,2.1,-0.05844365515014527,-0.13278673914980843,0.15912210409729033,-0.1629981883235685,0
33460,"Minneapolis-St. Paul-Bloomington, MN-WI",2024,1,1.15,402.5,394865.0,"Minneapolis, MN",msa,MN,375006.234028095,0.0170761112790474,-0.000829117468862384,"Minneapolis, MN",1575.64829898839,3.16666666666667,"Minneapolis, MN",6641.33333333333,"Minneapolis-St. Paul-Bloomington, MN-WI",3760895.0,0.0105113851620222,0.0184912368311445,0.0046773556927008,4992.54098360656,1.15,,99833.0,641.0,3.756335420433073,False,105.35714285714283,False,False,False,3.75545018682035,0.2153036991162649,0.0170761112790474,-0.0008291174688632719,0.016319368785693733,-0.008489096269135632,-0.0011641855568307572,0.03603603603603589,0.5000000000000002,109.43396226415096,0.010511385162022213,0.004677355692700891,0.003783178771143758,0.004677355692700891,0.003783178771143758,0.02459246783953195,0.03315054007136986,2.9,-0.240816948635879,-0.3638200938581163,0.248115115012689,-0.10389918970668588,0
33460,"Minneapolis-St. Paul-Bloomington, MN-WI",2024,2,0.97,406.19,394865.0,"Minneapolis, MN",msa,MN,377423.357821758,0.0183218859720593,0.0064455562983574,"Minneapolis, MN",1604.21405637981,2.96666666666667,"Minneapolis, MN",8669.66666666667,"Minneapolis-St. Paul-Bloomington, MN-WI",3760895.0,0.0105113851620222,0.0184912368311445,0.0046773556927008,5246.62650793651,0.97,,99833.0,641.0,3.780547091860988,False,61.66666666666667,False,False,False,3.7750322706763497,0.15194240036635875,0.018321885972059304,0.006445556298357413,-0.01581110334843261,0.005214310637036812,-0.00647231815193194,-0.02020202020202022,0.2222222222222221,90.38461538461537,0.010511385162022213,0.0,0.0,-0.004677355692700891,-0.003783178771143758,0.026913157729004267,0.02604115828083886,2.7,0.30541056012848933,0.1765022614688767,0.24739314525733902,0.02445541834858167,0
33460,"Minneapolis-St. Paul-Bloomington, MN-WI",2024,3,0.99,410.89,394865.0,"Minneapolis, MN",msa,MN,376479.621854965,0.0039927032242306,-0.0025004704855572,"Minneapolis, MN",1609.55345937342,3.2,"Minneapolis, MN",10577.0,"Minneapolis-St. Paul-Bloomington, MN-WI",3760895.0,0.0105113851620222,0.0184912368311445,0.0046773556927008,5543.46921875,0.99,,99833.0,641.0,3.771093945438533,False,57.14285714285714,False,False,False,3.8193362019193726,0.14708163216183356,0.00399270322423062,-0.002500470485556794,-0.007528729741710705,0.01173604040081111,-0.011060467139305766,0.04210526315789487,0.10465116279069764,75.92592592592591,0.010511385162022213,0.0,0.0,0.0,0.0,0.026649307412033973,0.020422235327846483,2.63333333333333,0.22000076896458864,0.275652173913044,0.24344959483489204,0.12003623683289799,0
33460,"Minneapolis-St. Paul-Bloomington, MN-WI",2024,4,1.0,415.88,394865.0,"Minneapolis, MN",msa,MN,379784.798536251,0.0119029442506455,0.0087791648987565,"Minneapolis, MN",1603.44313487709,2.7,"Minneapolis, MN",10222.3333333333,"Minneapolis-St. Paul-Bloomington, MN-WI",3760895.0,0.0105113851620222,0.0184912368311445,0.0046773556927008,5907.04296875,1.0,,99833.0,641.0,3.804201001034237,False,51.515151515151516,False,False,False,3.8227481794080265,0.12768842602484742,0.01190294425064553,0.008779164898755853,0.00927886499528352,0.000893343059702012,-0.013523678966346373,0.04166666666666674,-0.020408163265306145,74.54545454545452,0.010511385162022213,0.0,0.0,0.0,0.0,0.028718054440709295,0.02269525764700142,2.2,-0.0335318773439256,-0.05844365515014527,0.3229933232101212,0.15912210409729033,0
33460,"Minneapolis-St. Paul-Bloomington, MN-WI",2025,1,1.14,419.34,394865.0,"Minneapolis, MN",msa,MN,383889.632946174,0.0236886699793195,0.0108083167776698,"Minneapolis, MN",1621.72090633221,3.63333333333333,"Minneapolis, MN",7517.66666666667,"Minneapolis-St. Paul-Bloomington, MN-WI",3790295.0,0.0078172881720972,0.0243522827359806,-0.0026940969899249,5894.81783333333,1.14,,,,,False,54.054054054054035,False,False,False,3.756335420433073,0.17768762852837083,0.02368866997931951,0.010808316777668914,0.0170761112790474,-0.0008291174688632719,-0.0143472091978661,-0.008695652173913104,0.03603603603603589,105.35714285714283,0.007817288172097259,-0.0026940969899249545,0.004677355692700891,-0.0026940969899249545,0.004677355692700891,0.02924041321492865,0.02459246783953195,3.16666666666667,-0.2645840806078168,-0.240816948635879,0.18072497605717697,0.248115115012689,0
33460,"Minneapolis-St. Paul-Bloomington, MN-WI",2025,2,1.07,420.37,394865.0,"Minneapolis, MN",msa,MN,382515.045330929,0.0134906528799829,-0.0035806843875835,"Minneapolis, MN",1653.1484919679,3.5,"Minneapolis, MN",9665.33333333333,"Minneapolis-St. Paul-Bloomington, MN-WI",3790295.0,0.0078172881720972,0.0243522827359806,-0.0026940969899249,5732.06048387097,1.07,,,,,False,32.09876543209877,False,False,False,3.780547091860988,0.14684073532474784,0.013490652879982967,-0.003580684387582189,0.018321885972059304,0.006445556298357413,-0.013425483176801808,0.10309278350515472,-0.02020202020202022,61.66666666666667,0.007817288172097259,0.0,0.0,0.0026940969899249545,-0.004677355692700891,0.030503682094968898,0.026913157729004267,2.96666666666667,0.2856826142863469,0.30541056012848933,0.09252306700317803,0.24739314525733902,0
33460,"Minneapolis-St. Paul-Bloomington, MN-WI",2025,3,1.06,424.39,394865.0,"Minneapolis, MN",msa,MN,383553.028207213,0.0187882847878892,0.0027135739860533,"Minneapolis, MN",1668.16155501602,3.8,"Minneapolis, MN",11664.0,"Minneapolis-St. Paul-Bloomington, MN-WI",3790295.0,0.0078172881720972,0.0243522827359806,-0.0026940969899249,6427.73875,1.06,,,,,False,23.255813953488392,False,False,False,3.771093945438533,0.12078252139266255,0.018788284787889298,0.0027135739860533192,0.00399270322423062,-0.002500470485556794,-0.011008498249814525,0.07070707070707072,0.04210526315789487,57.14285714285714,0.007817288172097259,0.0,0.0,0.0,0.0,0.03641264308512948,0.026649307412033973,3.2,0.20678714305421475,0.22000076896458864,0.1595155481803856,0.24344959483489204,0
33460,"Minneapolis-St. Paul-Bloomington, MN-WI",2025,4,1.0,428.61,394865.0,"Minneapolis, MN",msa,MN,387177.187090023,0.0194646773179532,0.0094489121875791,"Minneapolis, MN",1669.34524873113,3.95,"Minneapolis, MN",10874.3333333333,"Minneapolis-St. Paul-Bloomington, MN-WI",3790295.0,0.0078172881720972,0.0243522827359806,-0.0026940969899249,6777.5671875,1.0,,,,,False,2.0408163265306145,False,False,False,3.804201001034237,0.1296178514586539,0.019464677317953205,0.00944891218757915,0.01190294425064553,0.008779164898755853,-0.008529597340188138,0.0,0.04166666666666674,51.515151515151516,0.007817288172097259,0.0,0.0,0.0,0.0,0.04110037482501161,0.028718054440709295,2.7,-0.06770118884316711,-0.0335318773439256,0.14737055805338306,0.3229933232101212,0
34980,"Nashville-Davidson--Murfreesboro--Franklin, TN",2019,2,1.12,348.28,394902.0,"Nashville, TN",msa,TN,296750.633969418,0.0426989374488691,0.0099555383890936,"Nashville, TN",1369.69072598056,2.6,"Nashville, TN",9466.66666666667,"Nashville-Davidson--Murfreesboro--Franklin, TN",1934317.0,0.0155355678454538,0.0505204492058302,-0.000581134341511857,2882.32777777778,1.12,,66347.0,620.0,4.472706135460805,False,19.14893617021278,False,False,False,4.537749563548743,1.0983895900583556,0.0426989374488691,0.009955538389093022,0.09267058349809387,0.021638873397615166,-0.0014460026546079337,0.02752293577981657,0.058252427184465994,25.287356321839095,0.015535567845453846,0.0,0.0,0.0005811343415118575,0.0019255007420613257,0.03867442555960543,0.025757098644705323,2.7,0.1456232351754747,0.18477889912729717,0.06629220382021028,0.12725771232385252,0
34980,"Nashville-Davidson--Murfreesboro--Franklin, TN",2019,3,1.12,354.22,394902.0,"Nashville, TN",msa,TN,299157.061919387,0.0367226799036632,0.0081092596763143,"Nashville, TN",1384.73990284661,2.66666666666667,"Nashville, TN",10447.3333333333,"Nashville-Davidson--Murfreesboro--Franklin, TN",1934317.0,0.0155355678454538,0.0505204492058302,-0.000581134341511857,2957.8528125,1.12,,66347.0,620.0,4.5089764709691025,False,19.14893617021278,False,False,False,4.600917638684269,1.1064877436489988,0.03672267990366329,0.008109259676314595,0.0867931312534389,0.013920573238097811,-0.002924075047544238,0.009009009009008917,0.06730769230769229,24.71910112359552,0.015535567845453846,0.0,0.0,0.0,0.0,0.04120956068829873,0.025403124143071443,2.9,0.10359154929577064,0.16110448129706612,0.037988254372415486,0.15500598332389925,0
34980,"Nashville-Davidson--Murfreesboro--Franklin, TN",2019,4,1.13,360.07,394902.0,"Nashville, TN",msa,TN,303050.317964119,0.0415601985108975,0.013014087047631,"Nashville, TN",1376.58999888393,2.53333333333333,"Nashville, TN",9509.33333333333,"Nashville-Davidson--Murfreesboro--Franklin, TN",1934317.0,0.0155355678454538,0.0505204492058302,-0.000581134341511857,3082.755625,1.13,,66347.0,620.0,4.567656683258008,False,16.494845360824726,False,False,False,4.639147356440591,1.0895723370998391,0.04156019851089754,0.01301408704762963,0.07093942033427614,0.008309150643099672,-0.004111791543134596,0.008928571428571175,0.05660377358490565,21.739130434782616,0.015535567845453846,0.0,0.0,0.0,0.0,0.0366760898188041,0.03443114881220777,2.56666666666667,-0.08978367685533517,-0.014105472072582281,0.14221561000009708,0.036741721225998614,0
34980,"Nashville-Davidson--Murfreesboro--Franklin, TN",2020,1,1.15,365.51,394902.0,"Nashville, TN",msa,TN,308744.258376353,0.0507744146055155,0.0187887623761149,"Nashville, TN",1394.53153025085,2.73333333333333,"Nashville, TN",7892.66666666667,"Nashville-Davidson--Murfreesboro--Franklin, TN",2021837.0,0.0452459446926228,0.0785920624801615,0.0297103768471689,3055.86919354839,1.15,,68406.0,620.0,4.513409033949552,False,11.650485436893199,False,False,False,4.428616870198954,0.8464073101215561,0.05077441460551557,0.018788762376115153,0.054761053587839115,0.00985502771259461,-0.005394846229415851,0.00877192982456143,0.036363636363636154,19.999999999999996,0.045245944692622775,0.02971037684716893,-0.0005811343415118575,0.02971037684716893,-0.0005811343415118575,0.045937941175328456,0.02795719159179222,2.73333333333333,-0.17000841278743628,-0.10885038464303753,0.12306660146926007,-0.004562795426326538,0
34980,"Nashville-Davidson--Murfreesboro--Franklin, TN",2020,2,1.14,371.9,394902.0,"Nashville, TN",msa,TN,313129.69469873,0.0551946949875765,0.0142041064842442,"Nashville, TN",1408.31114328462,12.7666666666667,"Nashville, TN",8490.0,"Nashville-Davidson--Murfreesboro--Franklin, TN",2021837.0,0.0452459446926228,0.0785920624801615,0.0297103768471689,2931.68761904762,1.14,,68406.0,620.0,4.5775179764747245,False,10.679611650485432,False,False,False,4.472706135460805,0.83898300160492,0.055194694987576565,0.014204106484245083,0.0426989374488691,0.009955538389093022,-0.006683320044474148,0.01785714285714257,0.02752293577981657,19.14893617021278,0.045245944692622775,0.0,0.0,-0.02971037684716893,0.0005811343415118575,0.028196450900557446,0.03867442555960543,2.6,0.07568206774220765,0.1456232351754747,0.017124992393438232,0.06629220382021028,0
34980,"Nashville-Davidson--Murfreesboro--Franklin, TN",2020,3,1.16,384.92,394902.0,"Nashville, TN",msa,TN,316536.097500732,0.0580933489246129,0.0108785684004826,"Nashville, TN",1416.55573684093,8.03333333333333,"Nashville, TN",8925.0,"Nashville-Davidson--Murfreesboro--Franklin, TN",2021837.0,0.0452459446926228,0.0785920624801615,0.0297103768471689,3319.8340625,1.16,,68406.0,620.0,4.627314818886238,False,11.538461538461519,False,False,False,4.5089764709691025,0.8142922837279323,0.05809334892461293,0.010878568400481292,0.03672267990366329,0.008109259676314595,-0.007739549755866444,0.03571428571428559,0.009009009009008917,19.14893617021278,0.045245944692622775,0.0,0.0,0.0,0.0,0.022976036098126595,0.04120956068829873,2.66666666666667,0.051236749116607694,0.10359154929577064,0.12237973724394036,0.037988254372415486,0
34980,"Nashville-Davidson--Murfreesboro--Franklin, TN",2020,4,1.19,400.77,394902.0,"Nashville, TN",msa,TN,326575.717060984,0.0776286897004687,0.0317171394969527,"Nashville, TN",1410.83947386196,4.96666666666667,"Nashville, TN",7595.0,"Nashville-Davidson--Murfreesboro--Franklin, TN",2021837.0,0.0452459446926228,0.0785920624801615,0.0297103768471689,3554.5015625,1.19,,68406.0,620.0,4.774080008493173,False,12.264150943396213,False,False,False,4.567656683258008,0.8113199532444293,0.07762868970046877,0.03171713949695354,0.04156019851089754,0.01301408704762963,-0.008124186847202397,0.053097345132743445,0.008928571428571175,16.494845360824726,0.045245944692622775,0.0,0.0,0.0,0.0,0.024879938838577642,0.0366760898188041,2.53333333333333,-0.14901960784313728,-0.08978367685533517,0.15302735438200687,0.14221561000009708,0
34980,"Nashville-Davidson--Murfreesboro--Franklin, TN",2021,1,1.23,419.39,394902.0,"Nashville, TN",msa,TN,338603.504837255,0.0967119084835066,0.0368300126063124,"Nashville, TN",1425.42342530035,4.56666666666667,"Nashville, TN",5401.33333333333,"Nashville-Davidson--Murfreesboro--Franklin, TN",2034309.0,0.0061686476209506,0.0680323574099371,-0.0390772970716722,3865.7068852459,1.23,,72537.0,612.0,4.668010874963881,False,11.818181818181817,False,False,False,4.513409033949552,0.7517251478113205,0.09671190848350664,0.0368300126063108,0.05077441460551557,0.018788762376115153,-0.007622006775171871,0.06956521739130439,0.00877192982456143,11.650485436893199,0.006168647620950596,-0.03907729707167218,0.02971037684716893,-0.03907729707167218,0.02971037684716893,0.022152166788185212,0.045937941175328456,2.73333333333333,-0.288830370858021,-0.17000841278743628,0.26501058795554977,0.12306660146926007,0
34980,"Nashville-Davidson--Murfreesboro--Franklin, TN",2021,2,1.33,441.68,394902.0,"Nashville, TN",msa,TN,354716.982613661,0.132811702687422,0.0475880419021364,"Nashville, TN",1490.05061097651,4.3,"Nashville, TN",4476.66666666667,"Nashville-Davidson--Murfreesboro--Franklin, TN",2034309.0,0.0061686476209506,0.0680323574099371,-0.0390772970716722,4183.62634920635,1.33,,72537.0,612.0,4.890152372081296,False,22.018348623853214,False,False,False,4.5775179764747245,0.7252697669911634,0.13281170268742204,0.04758804190213772,0.055194694987576565,0.014204106484245083,-0.006471171168783824,0.16666666666666674,0.01785714285714257,10.679611650485432,0.006168647620950596,0.0,0.0,0.03907729707167218,-0.02971037684716893,0.058040773220929154,0.028196450900557446,12.7666666666667,-0.17119229819797477,0.07568206774220765,0.42703687869904483,0.017124992393438232,0
38060,"Phoenix-Mesa-Chandler, AZ",2019,2,0.68,356.47,394976.0,"Phoenix, AZ",msa,AZ,286585.38536601,0.0681782182564707,0.0127013377471197,"Phoenix, AZ",1211.06304185114,4.16666666666667,"Phoenix, AZ",27507.6666666667,"Phoenix-Mesa-Chandler, AZ",4948203.0,0.02041446347229,0.0588160149409329,0.001405051753073,2882.32777777778,0.68,,63883.0,287.0,4.4860977938733315,False,13.333333333333353,False,False,False,4.398544255057627,1.0166255952500634,0.06817821825647075,0.012701337747119235,0.07568500003477907,0.020288955473775072,-0.0012837036392771236,0.014925373134328401,0.046875,17.543859649122815,0.020414463472290034,0.0,0.0,-0.0014050517530730389,-0.0007329599511438634,0.07956467340758455,0.06676468254962775,4.03333333333333,0.0638520046409694,0.03076904119379309,0.06629220382021028,0.12725771232385252,0
38060,"Phoenix-Mesa-Chandler, AZ",2019,3,0.67,364.56,394976.0,"Phoenix, AZ",msa,AZ,289592.23711974,0.0562022659406304,0.0104919926390881,"Phoenix, AZ",1234.80700240633,4.23333333333333,"Phoenix, AZ",23465.3333333333,"Phoenix-Mesa-Chandler, AZ",4948203.0,0.02041446347229,0.0588160149409329,0.001405051753073,2957.8528125,0.67,,63883.0,287.0,4.533165898904873,False,13.559322033898313,False,False,False,4.495090763016837,0.9298706486106596,0.05620226594063049,0.010491992639086511,0.08016495220952025,0.021949650238984653,-0.0019520434730877037,-0.02898550724637672,0.078125,16.94915254237288,0.020414463472290034,0.0,0.0,0.0,0.0,0.0801301892807984,0.0721490343639184,4.3,-0.14695297068696234,-0.08106395696353741,0.037988254372415486,0.15500598332389925,0
38060,"Phoenix-Mesa-Chandler, AZ",2019,4,0.68,375.9,394976.0,"Phoenix, AZ",msa,AZ,295001.150316224,0.0579375475286481,0.0186776871171703,"Phoenix, AZ",1249.3858925162,3.8,"Phoenix, AZ",21119.3333333333,"Phoenix-Mesa-Chandler, AZ",4948203.0,0.02041446347229,0.0588160149409329,0.001405051753073,3082.755625,0.68,,63883.0,287.0,4.617834953214846,False,13.333333333333353,False,False,False,4.571537879337121,0.8667274112007068,0.0579375475286481,0.01867768711717077,0.08020653575166459,0.017006801497591262,-0.0016240362077760088,-0.02857142857142847,0.07692307692307687,14.754098360655732,0.020414463472290034,0.0,0.0,0.0,0.0,0.07974033774251388,0.07833964269042015,4.06666666666667,-0.0999772714358772,-0.002445719340697816,0.14221561000009708,0.036741721225998614,0
38060,"Phoenix-Mesa-Chandler, AZ",2020,1,0.7,385.96,394976.0,"Phoenix, AZ",msa,AZ,303511.940272402,0.0725143836052011,0.0288500229475535,"Phoenix, AZ",1273.64321592441,4.23333333333333,"Phoenix, AZ",19923.6666666667,"Phoenix-Mesa-Chandler, AZ",4875256.0,-0.0147421195128817,0.024482910210837,-0.0351565829851718,3055.86919354839,0.7,,67068.0,362.0,4.525435979489504,False,9.375,False,False,False,4.429832988917756,0.6343842300730742,0.07251438360520113,0.028850022947554343,0.07618149393308915,0.014866641128979952,-0.0005322208626408409,0.0,0.04477611940298498,14.754098360655732,-0.014742119512881735,-0.03515658298517177,0.0014050517530730389,-0.03515658298517177,0.0014050517530730389,0.08339607869037069,0.07997441199336919,4.33333333333333,-0.056614792133587,0.011593484696342138,0.12306660146926007,-0.004562795426326538,0
38060,"Phoenix-Mesa-Chandler, AZ",2020,2,0.7,394.85,394976.0,"Phoenix, AZ",msa,AZ,312571.5578032,0.0906751487135393,0.0298492952951586,"Phoenix, AZ",1283.17399694707,10.9,"Phoenix, AZ",20745.3333333333,"Phoenix-Mesa-Chandler, AZ",4875256.0,-0.0147421195128817,0.024482910210837,-0.0351565829851718,2931.68761904762,0.7,,67068.0,362.0,4.6605170543806285,False,9.375,False,False,False,4.4860977938733315,0.6225321609914145,0.09067514871353932,0.029849295295160116,0.06817821825647075,0.012701337747119235,0.000301234492875613,0.02941176470588225,0.014925373134328401,13.333333333333353,-0.014742119512881735,0.0,0.0,0.03515658298517177,-0.0014050517530730389,0.059543518878840906,0.07956467340758455,4.16666666666667,0.0412407354737212,0.0638520046409694,0.017124992393438232,0.06629220382021028,0
38060,"Phoenix-Mesa-Chandler, AZ",2020,3,0.72,410.72,394976.0,"Phoenix, AZ",msa,AZ,319451.668742025,0.1031085360549177,0.0220113147439898,"Phoenix, AZ",1316.36403509191,7.93333333333333,"Phoenix, AZ",19045.0,"Phoenix-Mesa-Chandler, AZ",4875256.0,-0.0147421195128817,0.024482910210837,-0.0351565829851718,3319.8340625,0.72,,67068.0,362.0,4.763101162134326,False,12.5,False,False,False,4.533165898904873,0.6518192321792302,0.10310853605491777,0.02201131474398843,0.05620226594063049,0.010491992639086511,0.0003407472397597608,0.07462686567164178,-0.02898550724637672,13.559322033898313,-0.014742119512881735,0.0,0.0,0.0,0.0,0.06604840475203466,0.0801301892807984,4.23333333333333,-0.0819622083681456,-0.14695297068696234,0.12237973724394036,0.037988254372415486,0
38060,"Phoenix-Mesa-Chandler, AZ",2020,4,0.75,432.09,394976.0,"Phoenix, AZ",msa,AZ,334913.125883129,0.1352943048666817,0.0483999886492699,"Phoenix, AZ",1357.54527459829,6.06666666666667,"Phoenix, AZ",19000.3333333333,"Phoenix-Mesa-Chandler, AZ",4875256.0,-0.0147421195128817,0.024482910210837,-0.0351565829851718,3554.5015625,0.75,,67068.0,362.0,4.993635204316948,False,15.384615384615374,False,False,False,4.617834953214846,0.7204136127228189,0.1352943048666817,0.04839998864926898,0.0579375475286481,0.01867768711717077,7.846833728808574e-06,0.10294117647058809,-0.02857142857142847,13.333333333333353,-0.014742119512881735,0.0,0.0,0.0,0.0,0.08657003631140925,0.07974033774251388,3.8,-0.0023453224818430485,-0.0999772714358772,0.15302735438200687,0.14221561000009708,0
38060,"Phoenix-Mesa-Chandler, AZ",2021,1,0.78,457.79,394976.0,"Phoenix, AZ",msa,AZ,353205.512481794,0.1637285576468325,0.0546183030313607,"Phoenix, AZ",1397.47685977691,5.76666666666667,"Phoenix, AZ",15805.6666666667,"Phoenix-Mesa-Chandler, AZ",4949187.0,0.0151645370007236,0.0206173831649656,0.0299066565136054,3865.7068852459,0.78,,72211.0,483.0,4.891297897575079,False,16.417910447761198,False,False,False,4.525435979489504,0.6211513354078626,0.16372855764683258,0.054618303031360727,0.07251438360520113,0.028850022947554343,-0.0002859415549110905,0.11428571428571432,0.0,9.375,0.015164537000723621,0.029906656513605356,-0.03515658298517177,0.029906656513605356,-0.03515658298517177,0.09722789106415619,0.08339607869037069,4.23333333333333,-0.16813740109822306,-0.056614792133587,0.26501058795554977,0.12306660146926007,0
38300,"Pittsburgh, PA",2019,2,1.09,251.25,394982.0,"Pittsburgh, PA",msa,PA,164568.324179983,0.0375593791784851,0.0142408623983477,"Pittsburgh, PA",1087.45103172349,3.96666666666667,"Pittsburgh, PA",10440.0,"Pittsburgh, PA",2317600.0,-0.0021755294484368,-0.009666604279423,0.000551387293655559,2882.32777777778,1.09,,60535.0,390.0,2.7185648662754276,False,6.8627450980392135,False,False,False,2.721066970746217,0.16319523740747144,0.037559379178485175,0.014240862398347653,0.054436412467997686,0.014414026348064546,4.0020921698934765e-05,0.028301886792452935,0.0,9.278350515463929,-0.002175529448436797,0.0,0.0,-0.0005513872936555586,-0.002066645578063575,0.033242938050441984,0.03135293887822499,4.2,0.08287522041282025,0.08288221019227171,0.06629220382021028,0.12725771232385252,0
38300,"Pittsburgh, PA",2019,3,1.09,253.88,394982.0,"Pittsburgh, PA",msa,PA,166231.249223296,0.0368640027826319,0.0101047698674637,"Pittsburgh, PA",1090.07960002377,4.4,"Pittsburgh, PA",10602.0,"Pittsburgh, PA",2317600.0,-0.0021755294484368,-0.009666604279423,0.000551387293655559,2957.8528125,1.09,,60535.0,390.0,2.7460353386189147,False,6.8627450980392135,False,False,False,2.750406059288763,0.16628891500872012,0.03686400278263191,0.010104769867464336,0.05482673443686337,0.010782200092083638,0.0006169396974280438,0.01869158878504673,0.009433962264151052,8.080808080808088,-0.002175529448436797,0.0,0.0,0.0,0.0,0.03473204013952502,0.032061351100120206,4.36666666666667,0.01551724137931032,0.06317876228236519,0.037988254372415486,0.15500598332389925,0
38300,"Pittsburgh, PA",2019,4,1.1,259.63,394982.0,"Pittsburgh, PA",msa,PA,167956.42304269,0.0427992611860406,0.0103781558970137,"Pittsburgh, PA",1100.42268942805,3.96666666666667,"Pittsburgh, PA",9846.33333333333,"Pittsburgh, PA",2317600.0,-0.0021755294484368,-0.009666604279423,0.000551387293655559,3082.755625,1.1,,60535.0,390.0,2.774534121461799,False,7.843137254901977,False,False,False,2.7631333636158173,0.1672333876598735,0.042799261186040605,0.010378155897009522,0.04386113368081479,0.0046274273880655414,0.001062721919514433,0.0185185185185186,0.018867924528301883,5.882352941176472,-0.002175529448436797,0.0,0.0,0.0,0.0,0.044943618168485244,0.037391859209904066,3.76666666666667,-0.071275859900648,-0.08174571003918119,0.14221561000009708,0.036741721225998614,0
38300,"Pittsburgh, PA",2020,1,1.12,260.4,394982.0,"Pittsburgh, PA",msa,PA,171257.475935271,0.0554663599465685,0.0196542224035179,"Pittsburgh, PA",1116.24186527139,5.06666666666667,"Pittsburgh, PA",8356.0,"Pittsburgh, PA",2455193.0,0.0593687435277874,0.0541815299587292,0.0615442729762242,3055.86919354839,1.12,,61969.0,476.0,2.7635991533713793,False,3.703703703703698,False,False,False,2.680393747740464,0.12377180783951403,0.055466359946568566,0.01965422240352166,0.03773652435851638,0.007416920271572369,0.0013319702856049093,0.009009009009008917,0.009090909090909038,6.730769230769229,0.059368743527787426,0.061544272976224224,0.0005513872936555586,0.061544272976224224,0.0005513872936555586,0.041808209687398845,0.04038444625888671,4.73333333333333,-0.1513592200142182,-0.14882283696292187,0.12306660146926007,-0.004562795426326538,0
38300,"Pittsburgh, PA",2020,2,1.11,263.32,394982.0,"Pittsburgh, PA",msa,PA,174230.435594637,0.0587118539536617,0.017359590541264,"Pittsburgh, PA",1125.46303001199,13.4,"Pittsburgh, PA",7786.33333333333,"Pittsburgh, PA",2455193.0,0.0593687435277874,0.0541815299587292,0.0615442729762242,2931.68761904762,1.11,,61969.0,476.0,2.8115741030940793,False,4.716981132075482,False,False,False,2.7185648662754276,0.13162414111853638,0.05871185395366174,0.017359590541260017,0.037559379178485175,0.014240862398347653,0.0012909927065959052,0.01834862385321112,0.028301886792452935,6.8627450980392135,0.059368743527787426,0.0,0.0,-0.061544272976224224,-0.0005513872936555586,0.034955135614939126,0.033242938050441984,3.96666666666667,-0.06817456518270337,0.08287522041282025,0.017124992393438232,0.06629220382021028,0
38300,"Pittsburgh, PA",2020,3,1.12,275.43,394982.0,"Pittsburgh, PA",msa,PA,176120.032567751,0.059488113039273,0.010845389708547,"Pittsburgh, PA",1131.28314393843,9.8,"Pittsburgh, PA",8733.0,"Pittsburgh, PA",2455193.0,0.0593687435277874,0.0541815299587292,0.0615442729762242,3319.8340625,1.12,,61969.0,476.0,2.8420667199365974,False,5.660377358490565,False,False,False,2.7460353386189147,0.11475773425141478,0.05948811303927304,0.010845389708548536,0.03686400278263191,0.010104769867464336,0.0008578979390114827,0.02752293577981657,0.01869158878504673,6.8627450980392135,0.059368743527787426,0.0,0.0,0.0,0.0,0.037798656092418836,0.03473204013952502,4.4,0.12158054711246247,0.01551724137931032,0.12237973724394036,0.037988254372415486,0
38300,"Pittsburgh, PA",2020,4,1.14,285.35,394982.0,"Pittsburgh, PA",msa,PA,183674.086782188,0.0935817961275764,0.0428915104335488,"Pittsburgh, PA",1133.17035351902,7.63333333333333,"Pittsburgh, PA",7532.66666666667,"Pittsburgh, PA",2455193.0,0.0593687435277874,0.0541815299587292,0.0615442729762242,3554.5015625,1.14,,61969.0,476.0,2.9639672543076054,False,7.547169811320731,False,False,False,2.774534121461799,0.1328934646545208,0.09358179612757644,0.04289151043355077,0.042799261186040605,0.010378155897009522,0.0005254806444492925,0.036363636363636154,0.0185185185185186,7.843137254901977,0.059368743527787426,0.0,0.0,0.0,0.0,0.029759168368284517,0.044943618168485244,3.96666666666667,-0.1374479941982515,-0.071275859900648,0.15302735438200687,0.14221561000009708,0
38300,"Pittsburgh, PA",2021,1,1.17,294.66,394982.0,"Pittsburgh, PA",msa,PA,191475.513617893,0.1180563801504563,0.0424742922225954,"Pittsburgh, PA",1142.7472329975,7.36666666666667,"Pittsburgh, PA",5678.33333333333,"Pittsburgh, PA",2450852.0,-0.001768089107455,0.0551950721868484,-0.0611368326352425,3865.7068852459,1.17,,65894.0,516.0,2.905811054388761,False,6.363636363636349,False,False,False,2.7635991533713793,0.13397936440400837,0.11805638015045639,0.042474292222595356,0.055466359946568566,0.01965422240352166,0.0006824426991884999,0.044642857142856984,0.009009009009008917,3.703703703703698,-0.001768089107455073,-0.0611368326352425,0.061544272976224224,-0.0611368326352425,0.061544272976224224,0.023745183325180053,0.041808209687398845,5.06666666666667,-0.24617222763076452,-0.1513592200142182,0.26501058795554977,0.12306660146926007,0
38300,"Pittsburgh, PA",2021,2,1.24,304.87,394982.0,"Pittsburgh, PA",msa,PA,199374.753361095,0.1443164489639372,0.0412545687641612,"Pittsburgh, PA",1173.66951036788,6.33333333333333,"Pittsburgh, PA",6124.33333333333,"Pittsburgh, PA",2450852.0,-0.001768089107455,0.0551950721868484,-0.0611368326352425,4183.62634920635,1.24,,65894.0,516.0,3.025689036347695,False,16.981132075471695,False,False,False,2.8115741030940793,0.14652122746961016,0.14431644896393725,0.04125456876415878,0.05871185395366174,0.017359590541260017,0.0007969611996758757,0.11711711711711703,0.01834862385321112,4.716981132075482,-0.001768089107455073,0.0,0.0,0.0611368326352425,-0.061544272976224224,0.04283257563367182,0.034955135614939126,13.4,0.07854417375990619,-0.06817456518270337,0.42703687869904483,0.017124992393438232,0
38300,"Pittsburgh, PA",2021,3,1.3,313.7,394982.0,"Pittsburgh, PA",msa,PA,204047.373095667,0.1585699259802981,0.0234363662188921,"Pittsburgh, PA",1207.84451861097,5.93333333333333,"Pittsburgh, PA",7434.33333333333,"Pittsburgh, PA",2450852.0,-0.001768089107455,0.0551950721868484,-0.0611368326352425,4421.670625,1.3,,65894.0,516.0,3.0966001926680273,False,21.495327102803728,False,False,False,2.8420667199365974,0.1350026021295916,0.15856992598029818,0.023436366218892557,0.05948811303927304,0.010845389708548536,0.0008997717555408001,0.1607142857142856,0.02752293577981657,5.660377358490565,-0.001768089107455073,0.0,0.0,0.0,0.0,0.06767658042353619,0.037798656092418836,9.8,0.2139008327437002,0.12158054711246247,0.3318950711862574,0.12237973724394036,0
38300,"Pittsburgh, PA",2021,4,1.34,320.47,394982.0,"Pittsburgh, PA",msa,PA,201802.24269193,0.0986974059723486,-0.011002986069733,"Pittsburgh, PA",1222.34205092432,4.23333333333333,"Pittsburgh, PA",7208.0,"Pittsburgh, PA",2450852.0,-0.001768089107455,0.0551950721868484,-0.0611368326352425,4602.10890625,1.34,,65894.0,516.0,3.0625283438845723,False,24.07407407407407,False,False,False,2.9639672543076054,0.22400372904796217,0.09869740597234866,-0.011002986069731713,0.09358179612757644,0.04289151043355077,0.00238677742562741,0.17543859649122817,0.036363636363636154,7.547169811320731,-0.001768089107455073,0.0,0.0,0.0,0.0,0.07869222586734681,0.029759168368284517,7.63333333333333,-0.03044433484284581,-0.1374479941982515,0.2947269329692408,0.15302735438200687,0
38300,"Pittsburgh, PA",2022,1,1.44,328.26,394982.0,"Pittsburgh, PA",msa,PA,205982.502764147,0.0757642001953524,0.0207146363511861,"Pittsburgh, PA",1236.99764413855,4.73333333333333,"Pittsburgh, PA",5350.66666666667,"Pittsburgh, PA",2433371.0,-0.0071326216352517,0.0499529685881948,-0.0053645325277966,4463.85548387097,1.44,,71283.0,563.0,2.889644133442013,False,29.729729729729716,False,False,False,2.905811054388761,0.22255253887108228,0.07576420019535246,0.020714636351185423,0.11805638015045639,0.042474292222595356,0.0046242549087974014,0.23076923076923084,0.044642857142856984,6.363636363636349,-0.007132621635251746,-0.005364532527796673,-0.0611368326352425,-0.005364532527796673,-0.0611368326352425,0.08247704165848213,0.023745183325180053,7.36666666666667,-0.2576766555678871,-0.24617222763076452,0.154732010569141,0.26501058795554977,0
38300,"Pittsburgh, PA",2022,2,1.59,333.12,394982.0,"Pittsburgh, PA",msa,PA,213426.992883027,0.0704815393375382,0.0361413713251357,"Pittsburgh, PA",1266.68528570505,4.23333333333333,"Pittsburgh, PA",5855.33333333333,"Pittsburgh, PA",2433371.0,-0.0071326216352517,0.0499529685881948,-0.0053645325277966,4105.66709677419,1.59,,71283.0,563.0,2.994079835066243,False,45.871559633027516,False,False,False,3.025689036347695,0.3284341794414196,0.0704815393375382,0.03614137132513662,0.14431644896393725,0.04125456876415878,0.007800403153795676,0.282258064516129,0.11711711711711703,16.981132075471695,-0.007132621635251746,0.0,0.0,0.005364532527796673,0.0611368326352425,0.07925210164828655,0.04283257563367182,6.33333333333333,0.09431846498878516,0.07854417375990619,-0.018634372653033138,0.42703687869904483,0
38300,"Pittsburgh, PA",2022,3,1.65,333.62,394982.0,"Pittsburgh, PA",msa,PA,213523.97340118,0.0464431379916365,0.00045439668545777,"Pittsburgh, PA",1298.40448814713,4.5,"Pittsburgh, PA",7039.33333333333,"Pittsburgh, PA",2433371.0,-0.0071326216352517,0.0499529685881948,-0.0053645325277966,3980.35109375,1.65,,71283.0,563.0,2.9954403350192895,False,51.37614678899081,False,False,False,3.0966001926680273,0.3795302083415004,0.046443137991636574,0.0004543966854564374,0.15856992598029818,0.023436366218892557,0.01091397223719726,0.26923076923076916,0.1607142857142856,21.495327102803728,-0.007132621635251746,0.0,0.0,0.0,0.0,0.07497651240766046,0.06767658042353619,5.93333333333333,0.20220881247865208,0.2139008327437002,-0.0998083232963558,0.3318950711862574,0
38300,"Pittsburgh, PA",2022,4,1.75,336.79,394982.0,"Pittsburgh, PA",msa,PA,210897.132223772,0.0450683273412684,-0.0123023243505923,"Pittsburgh, PA",1292.16710522058,3.7,"Pittsburgh, PA",6882.0,"Pittsburgh, PA",2433371.0,-0.0071326216352517,0.0499529685881948,-0.0053645325277966,3851.97349206349,1.75,,71283.0,563.0,2.958589456445043,False,59.09090909090908,False,False,False,3.0625283438845723,0.31823750108270277,0.04506832734126842,-0.012302324350589644,0.09869740597234866,-0.011002986069731713,0.010500838827581549,0.3059701492537312,0.17543859649122817,24.07407407407407,-0.007132621635251746,0.0,0.0,0.0,0.0,0.0571239893477109,0.07869222586734681,4.23333333333333,-0.02235060138270628,-0.03044433484284581,-0.1629981883235685,0.2947269329692408,0
38300,"Pittsburgh, PA",2023,1,1.89,341.69,394982.0,"Pittsburgh, PA",msa,PA,208811.83284368,0.0137357787266649,-0.0098877559789607,"Pittsburgh, PA",1301.58950913224,4.3,"Pittsburgh, PA",5668.66666666667,"Pittsburgh, PA",2428225.0,-0.0021147617851943,-0.0109840652038353,0.0050178598500574,4000.06451612903,1.89,,73942.0,634.0,2.82399492634335,False,68.74999999999997,False,False,False,2.889644133442013,0.22055688609302138,0.013735778726664982,-0.009887755978964186,0.07576420019535246,0.020714636351185423,0.008543797273490646,0.3125,0.23076923076923084,29.729729729729716,-0.002114761785194319,0.005017859850057427,-0.005364532527796673,0.005017859850057427,-0.005364532527796673,0.052216643499488624,0.08247704165848213,4.73333333333333,-0.1763053375956597,-0.2576766555678871,-0.10389918970668588,0.154732010569141,0
38300,"Pittsburgh, PA",2023,2,1.85,345.06,394982.0,"Pittsburgh, PA",msa,PA,210323.386476991,-0.0145417707671915,0.0072388313091524,"Pittsburgh, PA",1324.06520150619,3.46666666666667,"Pittsburgh, PA",5704.33333333333,"Pittsburgh, PA",2428225.0,-0.0021147617851943,-0.0109840652038353,0.0050178598500574,4206.07290322581,1.85,,73942.0,634.0,2.8444373492330612,False,66.66666666666666,False,False,False,2.994079835066243,0.3114602000544906,-0.014541770767191542,0.007238831309155591,0.0704815393375382,0.03614137132513662,0.006109596598945076,0.16352201257861632,0.282258064516129,45.871559633027516,-0.002114761785194319,0.0,0.0,-0.005017859850057427,0.005364532527796673,0.045299267662371134,0.07925210164828655,4.23333333333333,0.006291896977536293,0.09431846498878516,0.02445541834858167,-0.018634372653033138,0
38300,"Pittsburgh, PA",2023,3,1.82,355.24,394982.0,"Pittsburgh, PA",msa,PA,215437.384695971,0.008961107571729,0.02431492904637,"Pittsburgh, PA",1338.11702999605,3.83333333333333,"Pittsburgh, PA",6001.66666666667,"Pittsburgh, PA",2428225.0,-0.0021147617851943,-0.0109840652038353,0.0050178598500574,4458.13746031746,1.82,,73942.0,634.0,2.913599641556504,False,62.5,False,False,False,2.9954403350192895,0.28489952241734207,0.008961107571729077,0.024314929046368672,0.046443137991636574,0.0004543966854564374,0.0024890091122697286,0.10303030303030303,0.26923076923076916,51.37614678899081,-0.002114761785194319,0.0,0.0,0.0,0.0,0.03058564739374181,0.07497651240766046,4.5,0.05212411616899537,0.20220881247865208,0.12003623683289799,-0.0998083232963558,0
38300,"Pittsburgh, PA",2023,4,1.8,361.54,394982.0,"Pittsburgh, PA",msa,PA,218136.954399241,0.0343286895328058,0.0125306464663943,"Pittsburgh, PA",1340.40239247747,3.26666666666667,"Pittsburgh, PA",6108.66666666667,"Pittsburgh, PA",2428225.0,-0.0021147617851943,-0.0109840652038353,0.0050178598500574,4464.90761904762,1.8,,73942.0,634.0,2.950108928609464,False,57.89473684210529,False,False,False,2.958589456445043,0.20690023794530177,0.03432868953280588,0.012530646466395234,0.04506832734126842,-0.012302324350589644,-0.000981658193733404,0.028571428571428692,0.3059701492537312,59.09090909090908,-0.002114761785194319,0.0,0.0,0.0,0.0,0.03732898559482822,0.0571239893477109,3.7,0.017828381005276395,-0.02235060138270628,0.15912210409729033,-0.1629981883235685,0
38300,"Pittsburgh, PA",2024,1,2.02,363.44,394982.0,"Pittsburgh, PA",msa,PA,219216.852166935,0.0498296441420749,0.0049505493953023,"Pittsburgh, PA",1356.10230918754,3.93333333333333,"Pittsburgh, PA",5371.0,"Pittsburgh, PA",2425152.0,-0.0012655334658031,-0.0104861493064453,0.00084922831939116,4992.54098360656,2.02,,75762.0,672.0,2.8934934685849765,False,72.64957264957266,False,False,False,2.82399492634335,0.14159217946673275,0.049829644142074914,0.0049505493953012625,0.013735778726664982,-0.009887755978964186,-0.0050975139024785916,0.06878306878306883,0.3125,68.74999999999997,-0.0012655334658031592,0.0008492283193911598,0.005017859850057427,0.0008492283193911598,0.005017859850057427,0.04188171437525123,0.052216643499488624,4.3,-0.12075739386663797,-0.1763053375956597,0.248115115012689,-0.10389918970668588,0
38300,"Pittsburgh, PA",2024,2,1.89,371.86,394982.0,"Pittsburgh, PA",msa,PA,223115.823778308,0.0608227050524239,0.0177859118623045,"Pittsburgh, PA",1374.69566271855,3.56666666666667,"Pittsburgh, PA",5703.33333333333,"Pittsburgh, PA",2425152.0,-0.0012655334658031,-0.0104861493064453,0.00084922831939116,5246.62650793651,1.89,,75762.0,672.0,2.9449568883913835,False,52.41935483870967,False,False,False,2.8444373492330612,0.12337037848684407,0.06082270505242393,0.017785911862304715,-0.014541770767191542,0.007238831309155591,-0.009861622967518904,0.021621621621621623,0.16352201257861632,66.66666666666666,-0.0012655334658031592,0.0,0.0,-0.0008492283193911598,-0.005017859850057427,0.038238646521912445,0.045299267662371134,3.46666666666667,0.06187550425122512,0.006291896977536293,0.24739314525733902,0.02445541834858167,0
38300,"Pittsburgh, PA",2024,3,1.89,377.27,394982.0,"Pittsburgh, PA",msa,PA,224400.014266795,0.0416020162121455,0.0057557122876372,"Pittsburgh, PA",1395.87370651785,4.1,"Pittsburgh, PA",6463.0,"Pittsburgh, PA",2425152.0,-0.0012655334658031,-0.0104861493064453,0.00084922831939116,5543.46921875,1.89,,75762.0,672.0,2.9619072129404587,False,45.38461538461538,False,False,False,2.913599641556504,0.16319358226774083,0.04160201621214554,0.005755712287636827,0.008961107571729077,0.024314929046368672,-0.013174227559542501,0.038461538461538325,0.10303030303030303,62.5,-0.0012655334658031592,0.0,0.0,0.0,0.0,0.0431626496241293,0.03058564739374181,3.83333333333333,0.1331969608416137,0.05212411616899537,0.24344959483489204,0.12003623683289799,0
38300,"Pittsburgh, PA",2024,4,1.94,381.02,394982.0,"Pittsburgh, PA",msa,PA,223715.585489906,0.0255739844999156,-0.0030500389187816,"Pittsburgh, PA",1397.19292214745,3.56666666666667,"Pittsburgh, PA",6781.33333333333,"Pittsburgh, PA",2425152.0,-0.0012655334658031,-0.0104861493064453,0.00084922831939116,5907.04296875,1.94,,75762.0,672.0,2.952873280667168,False,44.776119402985074,False,False,False,2.950108928609464,0.18697556499364687,0.02557398449991566,-0.003050038918782305,0.03432868953280588,0.012530646466395234,-0.013608107352073521,0.07777777777777772,0.028571428571428692,57.89473684210529,-0.0012655334658031592,0.0,0.0,0.0,0.0,0.042368269400813174,0.03732898559482822,3.26666666666667,0.049254732064572204,0.017828381005276395,0.3229933232101212,0.15912210409729033,0
38300,"Pittsburgh, PA",2025,1,2.17,384.7,394982.0,"Pittsburgh, PA",msa,PA,225044.354432075,0.0265832768217213,0.0059395456926185,"Pittsburgh, PA",1406.55095385915,4.43333333333333,"Pittsburgh, PA",5852.0,"Pittsburgh, PA",2421992.0,-0.0013030111102314,-0.0046762289844006,-3.74776444282965e-05,5894.81783333333,2.17,,,,,False,50.69444444444444,False,False,False,2.8934934685849765,0.21309972084451267,0.026583276821721347,0.005939545692622117,0.049829644142074914,0.0049505493953012625,-0.01191895810198588,0.07425742574257432,0.06878306878306883,72.64957264957266,-0.0013030111102314557,-3.7477644428296486e-05,0.0008492283193911598,-3.7477644428296486e-05,0.0008492283193911598,0.037201208441149713,0.04188171437525123,3.93333333333333,-0.1370428627605187,-0.12075739386663797,0.18072497605717697,0.248115115012689,0
38300,"Pittsburgh, PA",2025,2,2.07,386.65,394982.0,"Pittsburgh, PA",msa,PA,226024.273300253,0.0130356039867207,0.0043543365957852,"Pittsburgh, PA",1433.41979893478,3.93333333333333,"Pittsburgh, PA",6351.33333333333,"Pittsburgh, PA",2421992.0,-0.0013030111102314,-0.0046762289844006,-3.74776444282965e-05,5732.06048387097,2.07,,,,,False,30.188679245283012,False,False,False,2.9449568883913835,0.22639202211595588,0.013035603986720767,0.004354336595783215,0.06082270505242393,0.017785911862304715,-0.008136249283346293,0.09523809523809512,0.021621621621621623,52.41935483870967,-0.0013030111102314557,0.0,0.0,3.7477644428296486e-05,-0.0008492283193911598,0.04271791772449407,0.038238646521912445,3.56666666666667,0.08532695374800592,0.06187550425122512,0.09252306700317803,0.24739314525733902,0
38300,"Pittsburgh, PA",2025,3,2.08,385.61,394982.0,"Pittsburgh, PA",msa,PA,227449.722510286,0.0135904993297599,0.0063066200334114,"Pittsburgh, PA",1451.32725098718,4.53333333333333,"Pittsburgh, PA",7236.0,"Pittsburgh, PA",2421992.0,-0.0013030111102314,-0.0046762289844006,-3.74776444282965e-05,6427.73875,2.08,,,,,False,26.060606060606073,False,False,False,2.9619072129404587,0.21587187432154398,0.013590499329759975,0.00630662003341298,0.04160201621214554,0.005755712287636827,-0.0038610400738232943,0.10052910052910069,0.038461538461538325,45.38461538461538,-0.0013030111102314557,0.0,0.0,0.0,0.0,0.039726763395855125,0.0431626496241293,4.1,0.13928833840663435,0.1331969608416137,0.1595155481803856,0.24344959483489204,0
38300,"Pittsburgh, PA",2025,4,2.01,388.63,394982.0,"Pittsburgh, PA",msa,PA,227394.312609504,0.0164437677041682,-0.000243613842086043,"Pittsburgh, PA",1452.20115882023,3.7,"Pittsburgh, PA",7366.66666666667,"Pittsburgh, PA",2421992.0,-0.0013030111102314,-0.0046762289844006,-3.74776444282965e-05,6777.5671875,2.01,,,,,False,14.857142857142836,False,False,False,2.952873280667168,0.17833915920536914,0.016443767704168222,-0.00024361384208537729,0.02557398449991566,-0.003050038918782305,-0.0021058143936764037,0.036082474226803996,0.07777777777777772,44.776119402985074,-0.0013030111102314557,0.0,0.0,0.0,0.0,0.03937053774093968,0.042368269400813174,3.56666666666667,0.018057858853879116,0.049254732064572204,0.14737055805338306,0.3229933232101212,0
38900,"Portland-Vancouver-Hillsboro, OR-WA",2019,2,0.74,451.28,394998.0,"Portland, OR",msa,OR,414170.940463624,0.0250631617448071,0.0088308639549059,"Portland, OR",1409.65782181332,3.5,"Portland, OR",9613.0,"Portland-Vancouver-Hillsboro, OR-WA",2492412.0,0.0077069561525866,0.0271316567590121,0.00015648900944143,2882.32777777778,0.74,,74792.0,559.0,5.537636919237673,True,15.625,True,False,True,5.7129731421750325,1.4173767980360203,0.02506316174480716,0.008830863954905066,0.05638215907373856,0.01716395986174324,-0.007137447612197233,-0.013333333333333308,0.05633802816901423,31.578947368421062,0.0077069561525866526,0.0,0.0,-0.00015648900944142952,0.0040873351090002785,0.0352226859847482,0.021828481619242,3.56666666666667,0.13427728613569312,0.2564478833155457,0.06629220382021028,0.12725771232385252,0
38900,"Portland-Vancouver-Hillsboro, OR-WA",2019,3,0.73,457.44,394998.0,"Portland, OR",msa,OR,414077.255856782,0.018638245334591,-0.000226197923827831,"Portland, OR",1431.6072564046,3.63333333333333,"Portland, OR",10908.0,"Portland-Vancouver-Hillsboro, OR-WA",2492412.0,0.0077069561525866,0.0271316567590121,0.00015648900944143,2957.8528125,0.73,,74792.0,559.0,5.536384317263638,True,12.307692307692308,True,False,True,5.747706497419193,1.3162117629995747,0.01863824533459102,-0.00022619792382616577,0.05003800441343853,0.006079733683280741,-0.009461889767549884,-0.026666666666666727,0.04166666666666674,25.0,0.0077069561525866526,0.0,0.0,0.0,0.0,0.036958334796563186,0.026233133564271593,3.76666666666667,0.1347134089254136,0.2676340470713152,0.037988254372415486,0.15500598332389925,0
38900,"Portland-Vancouver-Hillsboro, OR-WA",2019,4,0.73,469.29,394998.0,"Portland, OR",msa,OR,417131.817821654,0.0245685272328541,0.0073767924262155,"Portland, OR",1424.92785950472,2.9,"Portland, OR",9094.66666666667,"Portland-Vancouver-Hillsboro, OR-WA",2492412.0,0.0077069561525866,0.0271316567590121,0.00015648900944143,3082.755625,0.73,,74792.0,559.0,5.577225075163842,True,12.307692307692308,True,False,True,5.756592552933035,1.1903541850953134,0.024568527232854187,0.0073767924262144735,0.042816104263530885,0.0015460176189985297,-0.010726168174070898,-0.026666666666666727,0.04166666666666674,20.967741935483875,0.0077069561525866526,0.0,0.0,0.0,0.0,0.03643963792411342,0.03298251926145879,3.63333333333333,-0.1662388461068326,-0.05656531814501209,0.14221561000009708,0.036741721225998614,0
38900,"Portland-Vancouver-Hillsboro, OR-WA",2020,1,0.74,474.48,394998.0,"Portland, OR",msa,OR,425809.72355969,0.0371804231804857,0.0208037492401163,"Portland, OR",1429.16114930934,3.76666666666667,"Portland, OR",6582.66666666667,"Portland-Vancouver-Hillsboro, OR-WA",2517518.0,0.0100729734891343,0.0255428616820412,0.0023660173365476,3055.86919354839,0.74,,77511.0,823.0,5.493539285516765,True,5.714285714285716,True,False,True,5.4891628687177105,0.8671420619678978,0.037180423180485755,0.020803749240117186,0.03353033889271795,0.008390990205493498,-0.011108983956711931,-0.02631578947368418,0.01333333333333342,18.75,0.010072973489134274,0.002366017336547621,0.00015648900944142952,0.002366017336547621,0.00015648900944142952,0.03307772144693266,0.039371700592774284,4.13333333333333,-0.2762058349215657,-0.24758071675890259,0.12306660146926007,-0.004562795426326538,0
38900,"Portland-Vancouver-Hillsboro, OR-WA",2020,2,0.73,474.3,394998.0,"Portland, OR",msa,OR,432160.858117388,0.0434359726774311,0.0149154286675375,"Portland, OR",1437.22285322012,11.8333333333333,"Portland, OR",7492.33333333333,"Portland-Vancouver-Hillsboro, OR-WA",2517518.0,0.0100729734891343,0.0255428616820412,0.0023660173365476,2931.68761904762,0.73,,77511.0,823.0,5.5754777788622,True,2.8169014084507005,True,False,True,5.537636919237673,0.8193213605350103,0.043435972677431156,0.014915428667536368,0.02506316174480716,0.008830863954905066,-0.010600268828562475,-0.013513513513513487,-0.013333333333333308,15.625,0.010072973489134274,0.0,0.0,-0.002366017336547621,-0.00015648900944142952,0.019554413120867586,0.0352226859847482,3.5,0.1381912092363773,0.13427728613569312,0.017124992393438232,0.06629220382021028,0
38900,"Portland-Vancouver-Hillsboro, OR-WA",2020,3,0.75,500.44,394998.0,"Portland, OR",msa,OR,434968.686098462,0.0504529769413506,0.0064971825382469,"Portland, OR",1460.23768960182,8.66666666666667,"Portland, OR",8524.66666666667,"Portland-Vancouver-Hillsboro, OR-WA",2517518.0,0.0100729734891343,0.0255428616820412,0.0023660173365476,3319.8340625,0.75,,77511.0,823.0,5.611702675729407,True,4.166666666666674,True,False,True,5.536384317263638,0.7443298913286371,0.05045297694135065,0.006497182538246715,0.01863824533459102,-0.00022619792382616577,-0.009570902233229824,0.027397260273972712,-0.026666666666666727,12.307692307692308,0.010072973489134274,0.0,0.0,0.0,0.0,0.019998804189581776,0.036958334796563186,3.63333333333333,0.13778529163144637,0.1347134089254136,0.12237973724394036,0.037988254372415486,0
38900,"Portland-Vancouver-Hillsboro, OR-WA",2020,4,0.77,520.06,394998.0,"Portland, OR",msa,OR,452170.582678673,0.0839992620078668,0.039547436700575,"Portland, OR",1452.25932803587,6.36666666666667,"Portland, OR",7264.33333333333,"Portland-Vancouver-Hillsboro, OR-WA",2517518.0,0.0100729734891343,0.0255428616820412,0.0023660173365476,3554.5015625,0.77,,77511.0,823.0,5.833631132080259,True,6.944444444444442,True,False,True,5.577225075163842,0.6963520640537997,0.08399926200786689,0.03954743670057437,0.024568527232854187,0.0073767924262144735,-0.008306856909103518,0.0547945205479452,-0.026666666666666727,12.307692307692308,0.010072973489134274,0.0,0.0,0.0,0.0,0.01918094895039113,0.03643963792411342,2.9,-0.14784546805349252,-0.1662388461068326,0.15302735438200687,0.14221561000009708,0
38900,"Portland-Vancouver-Hillsboro, OR-WA",2021,1,0.79,536.02,394998.0,"Portland, OR",msa,OR,473918.833560686,0.1129826477394944,0.0480974475455145,"Portland, OR",1462.05821093364,6.43333333333333,"Portland, OR",5205.33333333333,"Portland-Vancouver-Hillsboro, OR-WA",2517451.0,-2.66135137861889e-05,0.0178304728404794,-0.0100995870029205,3865.7068852459,0.79,,82901.0,653.0,5.716684160151096,True,5.3333333333333455,True,False,True,5.493539285516765,0.6022836466237713,0.1129826477394944,0.04809744754551626,0.037180423180485755,0.020803749240117186,-0.006507954017118356,0.06756756756756754,-0.02631578947368418,5.714285714285716,-2.6613513786188925e-05,-0.010099587002920463,0.002366017336547621,-0.010099587002920463,0.002366017336547621,0.02301844102059314,0.03307772144693266,3.76666666666667,-0.2834396365805535,-0.2762058349215657,0.26501058795554977,0.12306660146926007,0
38900,"Portland-Vancouver-Hillsboro, OR-WA",2021,2,0.87,560.37,394998.0,"Portland, OR",msa,OR,498564.856561152,0.1536557446063906,0.0520047342607037,"Portland, OR",1522.77771671915,5.23333333333333,"Portland, OR",6554.0,"Portland-Vancouver-Hillsboro, OR-WA",2517451.0,-2.66135137861889e-05,0.0178304728404794,-0.0100995870029205,4183.62634920635,0.87,,82901.0,653.0,6.013978800752126,True,15.999999999999993,True,False,True,5.5754777788622,0.5595197898495439,0.15365574460639064,0.05200473426070329,0.043435972677431156,0.014915428667536368,-0.004533734135743653,0.19178082191780832,-0.013513513513513487,2.8169014084507005,-2.6613513786188925e-05,0.0,0.0,0.010099587002920463,-0.002366017336547621,0.05952790362840599,0.019554413120867586,11.8333333333333,0.25909323770491866,0.1381912092363773,0.42703687869904483,0.017124992393438232,0
38900,"Portland-Vancouver-Hillsboro, OR-WA",2021,3,0.93,582.58,394998.0,"Portland, OR",msa,OR,516804.698154501,0.1881423069556644,0.0365846917473462,"Portland, OR",1593.93491842148,4.56666666666667,"Portland, OR",7936.33333333333,"Portland-Vancouver-Hillsboro, OR-WA",2517451.0,-2.66135137861889e-05,0.0178304728404794,-0.0100995870029205,4421.670625,0.93,,82901.0,653.0,6.233998361352709,True,24.0,True,False,True,5.611702675729407,0.4509540091163622,0.18814230695566447,0.03658469174734491,0.05045297694135065,0.006497182538246715,-0.002607052711169741,0.24,0.027397260273972712,4.166666666666674,-2.6613513786188925e-05,0.0,0.0,0.0,0.0,0.09155853856649654,0.019998804189581776,8.66666666666667,0.2109144542772856,0.13778529163144637,0.3318950711862574,0.12237973724394036,0
38900,"Portland-Vancouver-Hillsboro, OR-WA",2021,4,0.97,603.01,394998.0,"Portland, OR",msa,OR,527475.18534797,0.1665402517412568,0.0206470398422716,"Portland, OR",1620.96575873779,3.5,"Portland, OR",6891.33333333333,"Portland-Vancouver-Hillsboro, OR-WA",2517451.0,-2.66135137861889e-05,0.0178304728404794,-0.0100995870029205,4602.10890625,0.97,,82901.0,653.0,6.3627119738962135,True,29.33333333333332,True,False,True,5.833631132080259,0.4762460946476219,0.16654025174125686,0.020647039842271342,0.08399926200786689,0.03954743670057437,0.000276145845159177,0.2597402597402596,0.0547945205479452,6.944444444444442,-2.6613513786188925e-05,0.0,0.0,0.0,0.0,0.11616825414376208,0.01918094895039113,6.36666666666667,-0.13167289680372973,-0.14784546805349252,0.2947269329692408,0.15302735438200687,0
38900,"Portland-Vancouver-Hillsboro, OR-WA",2022,1,1.07,629.31,394998.0,"Portland, OR",msa,OR,546818.948550509,0.1538240513509539,0.0366723662835007,"Portland, OR",1633.8892662119,4.0,"Portland, OR",4688.0,"Portland-Vancouver-Hillsboro, OR-WA",2509813.0,-0.0030340213175946,0.006981590523557,-0.0030074078038084,4463.85548387097,1.07,,90451.0,859.0,6.045471565273011,True,40.789473684210535,True,False,True,5.716684160151096,0.36430719496217456,0.1538240513509539,0.036672366283502456,0.1129826477394944,0.04809744754551626,0.0037535840473663378,0.35443037974683556,0.06756756756756754,5.3333333333333455,-0.0030340213175946706,-0.0030074078038084817,-0.010099587002920463,-0.0030074078038084817,-0.010099587002920463,0.11752682211505938,0.02301844102059314,6.43333333333333,-0.3197252587791426,-0.2834396365805535,0.154732010569141,0.26501058795554977,0
38900,"Portland-Vancouver-Hillsboro, OR-WA",2022,2,1.23,633.94,394998.0,"Portland, OR",msa,OR,573404.084238411,0.1501093121433832,0.0486178025804951,"Portland, OR",1689.53986386708,3.3,"Portland, OR",6493.66666666667,"Portland-Vancouver-Hillsboro, OR-WA",2509813.0,-0.0030340213175946,0.006981590523557,-0.0030074078038084,4105.66709677419,1.23,,90451.0,859.0,6.339389108339444,True,66.21621621621621,True,False,True,6.013978800752126,0.47460613958163567,0.1501093121433832,0.048617802580493974,0.15365574460639064,0.05200473426070329,0.008176680591507189,0.4137931034482758,0.19178082191780832,15.999999999999993,-0.0030340213175946706,0.0,0.0,0.0030074078038084817,0.010099587002920463,0.10951181207669736,0.05952790362840599,5.23333333333333,0.38516780432309505,0.25909323770491866,-0.018634372653033138,0.42703687869904483,0
38900,"Portland-Vancouver-Hillsboro, OR-WA",2022,3,1.35,620.7,394998.0,"Portland, OR",msa,OR,571737.5387965,0.1062932299922254,-0.0029064066471103,"Portland, OR",1740.26407366336,3.73333333333333,"Portland, OR",8658.33333333333,"Portland-Vancouver-Hillsboro, OR-WA",2509813.0,-0.0030340213175946,0.006981590523557,-0.0030074078038084,3980.35109375,1.35,,90451.0,859.0,6.320964265696343,True,84.93150684931507,True,False,True,6.233998361352709,0.5461916150097377,0.10629322999222546,-0.0029064066471109484,0.18814230695566447,0.03658469174734491,0.012957577849608907,0.4516129032258065,0.24,24.0,-0.0030340213175946706,0.0,0.0,0.0,0.0,0.09180372018375382,0.09155853856649654,4.56666666666667,0.3333504440223798,0.2109144542772856,-0.0998083232963558,0.3318950711862574,0
38900,"Portland-Vancouver-Hillsboro, OR-WA",2022,4,1.52,613.6,394998.0,"Portland, OR",msa,OR,554963.85607415,0.0521136756566964,-0.0293380818717247,"Portland, OR",1725.15022124418,3.5,"Portland, OR",7695.66666666667,"Portland-Vancouver-Hillsboro, OR-WA",2509813.0,-0.0030340213175946,0.006981590523557,-0.0030074078038084,3851.97349206349,1.52,,90451.0,859.0,6.135519298561099,True,108.21917808219177,True,False,True,6.3627119738962135,0.55950443103242,0.052113675656696445,-0.029338081871724486,0.16654025174125686,0.020647039842271342,0.015613594288159102,0.5670103092783505,0.2597402597402596,29.33333333333332,-0.0030340213175946706,0.0,0.0,0.0,0.0,0.06427308038111557,0.11616825414376208,3.5,-0.11118383060635162,-0.13167289680372973,-0.1629981883235685,0.2947269329692408,0
38900,"Portland-Vancouver-Hillsboro, OR-WA",2023,1,1.64,601.98,394998.0,"Portland, OR",msa,OR,544283.61224923,-0.0046365187380569,-0.0192449358782989,"Portland, OR",1726.60817002272,3.73333333333333,"Portland, OR",5257.0,"Portland-Vancouver-Hillsboro, OR-WA",2519045.0,0.003678361694676,0.00060654978435104,0.0067123830122707,4000.06451612903,1.64,,94573.0,856.0,5.755169152392649,True,121.62162162162163,True,False,True,6.045471565273011,0.43505227048710715,-0.004636518738056927,-0.019244935878297786,0.1538240513509539,0.036672366283502456,0.016493242023669606,0.5327102803738315,0.35443037974683556,40.789473684210535,0.0036783616946760578,0.006712383012270728,-0.0030074078038084817,0.006712383012270728,-0.0030074078038084817,0.05674736086967802,0.11752682211505938,4.0,-0.3168882921124445,-0.3197252587791426,-0.10389918970668588,0.154732010569141,0
38900,"Portland-Vancouver-Hillsboro, OR-WA",2023,2,1.56,616.42,394998.0,"Portland, OR",msa,OR,544298.825351009,-0.0507587226659874,2.79506886422531e-05,"Portland, OR",1740.36250856546,3.1,"Portland, OR",5739.33333333333,"Portland-Vancouver-Hillsboro, OR-WA",2519045.0,0.003678361694676,0.00060654978435104,0.0067123830122707,4206.07290322581,1.56,,94573.0,856.0,5.755330013333711,True,113.69863013698631,True,False,True,6.339389108339444,0.6013675416496289,-0.050758722665987466,2.7950688642031096e-05,0.1501093121433832,0.048617802580493974,0.016003928713296933,0.2682926829268293,0.4137931034482758,66.21621621621621,0.0036783616946760578,0.0,0.0,-0.006712383012270728,0.0030074078038084817,0.030080760913243854,0.10951181207669736,3.3,0.09175068163084088,0.38516780432309505,0.02445541834858167,-0.018634372653033138,0
38900,"Portland-Vancouver-Hillsboro, OR-WA",2023,3,1.52,622.77,394998.0,"Portland, OR",msa,OR,550878.464495165,-0.0364836535751054,0.0120882846658958,"Portland, OR",1737.2860919569,3.73333333333333,"Portland, OR",7124.0,"Portland-Vancouver-Hillsboro, OR-WA",2519045.0,0.003678361694676,0.00060654978435104,0.0067123830122707,4458.13746031746,1.52,,94573.0,856.0,5.824902080881066,True,102.66666666666669,True,False,True,6.320964265696343,0.513178112560694,-0.03648365357510541,0.012088284665896287,0.10629322999222546,-0.0029064066471109484,0.012662891214837902,0.12592592592592577,0.4516129032258065,84.93150684931507,0.0036783616946760578,0.0,0.0,0.0,0.0,-0.001711224032908465,0.09180372018375382,3.73333333333333,0.24125914740388033,0.3333504440223798,0.12003623683289799,-0.0998083232963558,0
38900,"Portland-Vancouver-Hillsboro, OR-WA",2023,4,1.52,616.93,394998.0,"Portland, OR",msa,OR,552701.977834534,-0.0040757217156746,0.003310191733562,"Portland, OR",1710.90555327963,3.63333333333333,"Portland, OR",6677.0,"Portland-Vancouver-Hillsboro, OR-WA",2519045.0,0.003678361694676,0.00060654978435104,0.0067123830122707,4464.90761904762,1.52,,94573.0,856.0,5.844183623598004,True,97.40259740259741,True,False,True,6.135519298561099,0.2784708839151051,-0.004075721715674607,0.0033101917335616182,0.052113675656696445,-0.029338081871724486,0.0068946110508940235,0.0,0.5670103092783505,108.21917808219177,0.0036783616946760578,0.0,0.0,0.0,0.0,-0.008257059465973215,0.06427308038111557,3.5,-0.06274564851207187,-0.11118383060635162,0.15912210409729033,-0.1629981883235685,0
38900,"Portland-Vancouver-Hillsboro, OR-WA",2024,1,1.75,622.91,394998.0,"Portland, OR",msa,OR,553103.630414686,0.0162048203674691,0.000726707332811882,"Portland, OR",1713.00808434194,4.33333333333333,"Portland, OR",5172.33333333333,"Portland-Vancouver-Hillsboro, OR-WA",2531245.0,0.0048431052244004,0.0054793519317755,0.0011647435297244,4992.54098360656,1.75,,97436.0,858.0,5.676583915746604,True,121.51898734177213,True,False,True,5.755169152392649,0.13859860171017946,0.016204820367469175,0.0007267073328118823,-0.004636518738056927,-0.019244935878297786,-0.0006757243153951731,0.06707317073170738,0.5327102803738315,121.62162162162163,0.004843105224400457,0.001164743529724399,0.006712383012270728,0.001164743529724399,0.006712383012270728,-0.007876764350420618,0.05674736086967802,3.73333333333333,-0.2253507064050726,-0.3168882921124445,0.248115115012689,-0.10389918970668588,0
38900,"Portland-Vancouver-Hillsboro, OR-WA",2024,2,1.53,624.44,394998.0,"Portland, OR",msa,OR,555584.559138426,0.0207344445032358,0.0044854681606052,"Portland, OR",1757.88668940187,3.7,"Portland, OR",6503.33333333333,"Portland-Vancouver-Hillsboro, OR-WA",2531245.0,0.0048431052244004,0.0054793519317755,0.0011647435297244,5246.62650793651,1.53,,97436.0,858.0,5.702046052161686,True,75.86206896551724,True,False,True,5.755330013333711,0.042356871158678366,0.020734444503235805,0.004485468160604578,-0.050758722665987466,2.7950688642031096e-05,-0.009443221275774794,-0.019230769230769273,0.2682926829268293,113.69863013698631,0.004843105224400457,0.0,0.0,-0.001164743529724399,-0.006712383012270728,0.010069270482535586,0.030080760913243854,3.1,0.25733066958819384,0.09175068163084088,0.24739314525733902,0.02445541834858167,0
38900,"Portland-Vancouver-Hillsboro, OR-WA",2024,3,1.53,628.41,394998.0,"Portland, OR",msa,OR,555679.054613159,0.0087144269151877,0.000170082975090802,"Portland, OR",1782.78959058109,4.2,"Portland, OR",8252.33333333333,"Portland-Vancouver-Hillsboro, OR-WA",2531245.0,0.0048431052244004,0.0054793519317755,0.0011647435297244,5543.46921875,1.53,,97436.0,858.0,5.7030158731183445,True,64.51612903225805,True,False,True,5.824902080881066,0.07719558346187316,0.008714426915187756,0.00017008297509124581,-0.03648365357510541,0.012088284665896287,-0.016684018214764573,0.006578947368421018,0.12592592592592577,102.66666666666669,0.004843105224400457,0.0,0.0,0.0,0.0,0.02619228855561384,-0.001711224032908465,3.73333333333333,0.26893900563813444,0.24125914740388033,0.24344959483489204,0.12003623683289799,0
38900,"Portland-Vancouver-Hillsboro, OR-WA",2024,4,1.54,636.97,394998.0,"Portland, OR",msa,OR,559423.016490519,0.0121603303869435,0.0067376336147249,"Portland, OR",1766.21418435145,4.13333333333333,"Portland, OR",7659.66666666667,"Portland-Vancouver-Hillsboro, OR-WA",2531245.0,0.0048431052244004,0.0054793519317755,0.0011647435297244,5907.04296875,1.54,,97436.0,858.0,5.741440704570375,True,58.762886597938156,True,False,True,5.844183623598004,0.08759107066496874,0.01216033038694353,0.006737633614724681,-0.004075721715674607,0.0033101917335616182,-0.020545576631546797,0.013157894736842035,0.0,97.40259740259741,0.004843105224400457,0.0,0.0,0.0,0.0,0.03232710944552086,-0.008257059465973215,3.63333333333333,-0.07181807165650045,-0.06274564851207187,0.3229933232101212,0.15912210409729033,0
38900,"Portland-Vancouver-Hillsboro, OR-WA",2025,1,1.7,640.01,394998.0,"Portland, OR",msa,OR,562086.000693463,0.0162399409167546,0.0047602335342766,"Portland, OR",1760.36091399004,4.96666666666667,"Portland, OR",6023.33333333333,"Portland-Vancouver-Hillsboro, OR-WA",2542282.0,0.0043603049092442,0.012936820392595,-0.00048280031515624,5894.81783333333,1.7,,,,,False,58.87850467289719,False,False,True,5.676583915746604,0.18742104702889328,0.016239940916754625,0.004760233534276015,0.016204820367469175,0.0007267073328118823,-0.021693778597724738,-0.02857142857142858,0.06707317073170738,121.51898734177213,0.004360304909244217,-0.0004828003151562399,0.001164743529724399,-0.0004828003151562399,0.001164743529724399,0.027643085914734966,-0.007876764350420618,4.33333333333333,-0.21362983593716067,-0.2253507064050726,0.18072497605717697,0.248115115012689,0
38900,"Portland-Vancouver-Hillsboro, OR-WA",2025,2,1.62,637.05,394998.0,"Portland, OR",msa,OR,556120.871374998,0.0009653116303371956,-0.0106124851199033,"Portland, OR",1787.4637619993,4.6,"Portland, OR",7957.0,"Portland-Vancouver-Hillsboro, OR-WA",2542282.0,0.0043603049092442,0.012936820392595,-0.00048280031515624,5732.06048387097,1.62,,,,,False,31.70731707317074,False,False,False,5.702046052161686,0.16440913292401316,0.0009653116303371956,-0.01061248511990276,0.020734444503235805,0.004485468160604578,-0.020142219097094533,0.05882352941176472,-0.019230769230769273,75.86206896551724,0.004360304909244217,0.0,0.0,0.0004828003151562399,-0.001164743529724399,0.016825357843453403,0.010069270482535586,3.7,0.321029330381849,0.25733066958819384,0.09252306700317803,0.24739314525733902,0
38900,"Portland-Vancouver-Hillsboro, OR-WA",2025,3,1.62,637.21,394998.0,"Portland, OR",msa,OR,551525.040593829,-0.0074755634297245,-0.0082640861325814,"Portland, OR",1803.70367623938,5.16666666666667,"Portland, OR",9898.33333333333,"Portland-Vancouver-Hillsboro, OR-WA",2542282.0,0.0043603049092442,0.012936820392595,-0.00048280031515624,6427.73875,1.62,,,,,False,19.999999999999996,False,False,False,5.7030158731183445,0.16663155585470601,-0.007475563429724552,-0.008264086132581006,0.008714426915187756,0.00017008297509124581,-0.016555877368218373,0.05882352941176472,0.006578947368421018,64.51612903225805,0.004360304909244217,0.0,0.0,0.0,0.0,0.011731101510118913,0.02619228855561384,4.2,0.2439780486783123,0.26893900563813444,0.1595155481803856,0.24344959483489204,0
38900,"Portland-Vancouver-Hillsboro, OR-WA",2025,4,1.48,636.55,394998.0,"Portland, OR",msa,OR,553111.015247312,-0.0112830560365654,0.0028756167657886,"Portland, OR",1783.88027530135,4.9,"Portland, OR",8742.33333333333,"Portland-Vancouver-Hillsboro, OR-WA",2542282.0,0.0043603049092442,0.012936820392595,-0.00048280031515624,6777.5671875,1.48,,,,,False,-2.631578947368418,False,False,False,5.741440704570375,0.16421562940653356,-0.011283056036565431,0.00287561676578707,0.01216033038694353,0.006737633614724681,-0.012564172071219959,-0.038961038961038974,0.013157894736842035,58.762886597938156,0.004360304909244217,0.0,0.0,0.0,0.0,0.010002235915904434,0.03232710944552086,4.13333333333333,-0.11678733793567941,-0.07181807165650045,0.14737055805338306,0.3229933232101212,0
39300,"Providence-Warwick, RI-MA",2019,2,0.9,244.96,395005.0,"Providence, RI",msa,RI,312282.282183572,0.0396943169978936,0.0112483246562061,"Providence, RI",1330.82062540251,3.4,"Providence, RI",6658.66666666667,"Providence-Warwick, RI-MA",1624578.0,0.0013554169525122,0.0060303187931931,-0.0022106786027655,2882.32777777778,0.9,,67818.0,769.0,4.604710875926332,False,7.14285714285714,False,False,False,4.675004804714621,0.5797327107891466,0.03969431699789361,0.011248324656205844,0.062747815847771,0.016809306692497028,0.00239657396405884,-0.04255319148936165,0.03296703296703285,17.499999999999982,0.0013554169525122894,0.0,0.0,0.002210678602765581,-0.0024675347071443365,0.052512554993248584,0.05599772459928576,3.93333333333333,0.12725015518311666,0.21377641965877192,0.06629220382021028,0.12725771232385252,0
39300,"Providence-Warwick, RI-MA",2019,3,0.89,247.79,395005.0,"Providence, RI",msa,RI,314675.975425633,0.0313687627885979,0.0076651586677396,"Providence, RI",1336.23257023305,3.6,"Providence, RI",7377.33333333333,"Providence-Warwick, RI-MA",1624578.0,0.0013554169525122,0.0060303187931931,-0.0022106786027655,2957.8528125,0.89,,67818.0,769.0,4.640006715409376,False,8.536585365853666,False,False,False,4.748866932771043,0.5798110110005856,0.031368762788597904,0.007665158667739869,0.06278180235930364,0.01579936944277227,0.0010973811016646736,-0.043010752688172116,0.0219780219780219,12.048192771084354,0.0013554169525122894,0.0,0.0,0.0,0.0,0.05197727413163533,0.06352827785408466,3.96666666666667,0.10792951541850115,0.2349732508129665,0.037988254372415486,0.15500598332389925,0
39300,"Providence-Warwick, RI-MA",2019,4,0.9,253.1,395005.0,"Providence, RI",msa,RI,317502.186026263,0.0323738896299212,0.0089813357909085,"Providence, RI",1334.0493304629,3.1,"Providence, RI",6856.0,"Providence-Warwick, RI-MA",1624578.0,0.0013554169525122,0.0060303187931931,-0.0022106786027655,3082.755625,0.9,,67818.0,769.0,4.6816801737925475,False,7.14285714285714,False,False,False,4.786853043919702,0.5775252088623342,0.03237388962992127,0.00898133579091076,0.05707804570009878,0.007998984112720375,3.828268234667185e-05,-0.021739130434782594,0.01098901098901095,9.523809523809534,0.0013554169525122894,0.0,0.0,0.0,0.0,0.05117104490326185,0.07054522203218672,3.53333333333333,-0.07066690764503847,-0.032489594835640845,0.14221561000009708,0.036741721225998614,0
39300,"Providence-Warwick, RI-MA",2020,1,0.91,258.37,395005.0,"Providence, RI",msa,RI,323883.289399601,0.0488152946088515,0.0200978250046153,"Providence, RI",1360.32450816681,4.5,"Providence, RI",5268.33333333333,"Providence-Warwick, RI-MA",1673210.0,0.0299351585457885,0.0350089755501313,0.0285797415932763,3055.86919354839,0.91,,70676.0,794.0,4.582648839770233,False,-2.1505376344086002,False,False,False,4.5534917227099445,0.3251265166976989,0.04881529460885159,0.020097825004613323,0.04541172713256536,0.004106599909748709,-0.0010008790020617404,-0.042105263157894646,-0.030612244897959218,11.764705882352944,0.029935158545788543,0.028579741593276253,-0.002210678602765581,0.028579741593276253,-0.002210678602765581,0.04893133774157188,0.047910270260986154,4.53333333333333,-0.2315733177751852,-0.22211492032834412,0.12306660146926007,-0.004562795426326538,0
39300,"Providence-Warwick, RI-MA",2020,2,0.9,255.79,395005.0,"Providence, RI",msa,RI,329447.83053509,0.0549680508016379,0.0171806984726024,"Providence, RI",1387.81165018719,16.6,"Providence, RI",5049.0,"Providence-Warwick, RI-MA",1673210.0,0.0299351585457885,0.0350089755501313,0.0285797415932763,2931.68761904762,0.9,,70676.0,794.0,4.661381947692145,False,-1.098901098901095,False,False,False,4.604710875926332,0.313026408463859,0.05496805080163791,0.017180698472601952,0.03969431699789361,0.011248324656205844,-0.002062516988177094,0.0,-0.04255319148936165,7.14285714285714,0.029935158545788543,0.0,0.0,-0.028579741593276253,0.002210678602765581,0.0428239716884784,0.052512554993248584,3.4,-0.04163239481176784,0.12725015518311666,0.017124992393438232,0.06629220382021028,0
39300,"Providence-Warwick, RI-MA",2020,3,0.92,268.97,395005.0,"Providence, RI",msa,RI,333201.486374756,0.0588717042159485,0.0113937792019112,"Providence, RI",1409.42981979118,11.1333333333333,"Providence, RI",5298.33333333333,"Providence-Warwick, RI-MA",1673210.0,0.0299351585457885,0.0350089755501313,0.0285797415932763,3319.8340625,0.92,,70676.0,794.0,4.71449270437993,False,1.098901098901095,False,False,False,4.640006715409376,0.3196024000282467,0.05887170421594856,0.011393779201912757,0.031368762788597904,0.007665158667739869,-0.003141947363544947,0.03370786516853941,-0.043010752688172116,8.536585365853666,0.029935158545788543,0.0,0.0,0.0,0.0,0.05477882457644623,0.05197727413163533,3.6,0.04938271604938205,0.10792951541850115,0.12237973724394036,0.037988254372415486,0
39300,"Providence-Warwick, RI-MA",2020,4,0.95,287.46,395005.0,"Providence, RI",msa,RI,348095.71436364,0.0963569061374789,0.044700364788087,"Providence, RI",1439.05703058932,7.03333333333333,"Providence, RI",4691.0,"Providence-Warwick, RI-MA",1673210.0,0.0299351585457885,0.0350089755501313,0.0285797415932763,3554.5015625,0.95,,70676.0,794.0,4.925232248056483,False,4.39560439560438,False,False,False,4.6816801737925475,0.34999400366046274,0.09635690613747894,0.04470036478808592,0.03237388962992127,0.00898133579091076,-0.004008695105112138,0.05555555555555558,-0.021739130434782594,7.14285714285714,0.029935158545788543,0.0,0.0,0.0,0.0,0.07871350611148964,0.05117104490326185,3.1,-0.11462724127083934,-0.07066690764503847,0.15302735438200687,0.14221561000009708,0
39300,"Providence-Warwick, RI-MA",2021,1,0.98,296.38,395005.0,"Providence, RI",msa,RI,366393.055309379,0.1312502598963365,0.0525641086365813,"Providence, RI",1471.99967263935,7.36666666666667,"Providence, RI",3240.66666666667,"Providence-Warwick, RI-MA",1677080.0,0.0023129194781288,0.0337165360251828,-0.0276222390676597,3865.7068852459,0.98,,74422.0,881.0,4.923182060538268,False,0.0,False,False,False,4.582648839770233,0.26795648582576614,0.13125025989633654,0.05256410863658201,0.04881529460885159,0.020097825004613323,-0.003922903849717143,0.07692307692307687,-0.042105263157894646,-2.1505376344086002,0.0023129194781288387,-0.027622239067659704,0.028579741593276253,-0.027622239067659704,0.028579741593276253,0.08209450304106847,0.04893133774157188,4.5,-0.30917359482697293,-0.2315733177751852,0.26501058795554977,0.12306660146926007,0
40140,"Riverside-San Bernardino-Ontario, CA",2019,2,0.85,251.94,395025.0,"Riverside, CA",msa,CA,378949.830151872,0.0393975699390789,0.0010830331556102,"Riverside, CA",1656.29504791988,3.83333333333333,"Riverside, CA",21489.6666666667,"Riverside-San Bernardino-Ontario, CA",4650631.0,0.0082577025856891,0.0307155896854661,-0.0019555977669898,2882.32777777778,0.85,,65121.0,488.0,5.819164787885199,True,18.055555555555557,True,False,True,5.852009224048266,1.9139401070308604,0.03939756993907895,0.0010830331556088701,0.10626313725813974,0.010403052937263624,0.005590176422527846,0.0,0.07594936708860756,24.99999999999998,0.008257702585689142,0.0,0.0,0.001955597766989836,0.0017254209488339889,0.054502232360109426,0.06062234048638038,4.1,0.042310677100177996,0.07547335975341074,0.06629220382021028,0.12725771232385252,0
40140,"Riverside-San Bernardino-Ontario, CA",2019,3,0.85,254.51,395025.0,"Riverside, CA",msa,CA,379281.956298999,0.0268647896149578,0.000876438305813299,"Riverside, CA",1683.38502968886,4.3,"Riverside, CA",21104.6666666667,"Riverside-San Bernardino-Ontario, CA",4650631.0,0.0082577025856891,0.0307155896854661,-0.0019555977669898,2957.8528125,0.85,,65121.0,488.0,5.824264926813148,True,18.055555555555557,True,False,True,5.928623924531403,1.704189291423802,0.026864789614957862,0.0008764383058146308,0.0907725713511176,0.013092033445247786,0.005998269417241274,-0.011627906976744207,0.07499999999999996,22.857142857142865,0.008257702585689142,0.0,0.0,0.0,0.0,0.052261041437262845,0.06111178148063301,4.56666666666667,-0.0179155873365493,0.07748116606616451,0.037988254372415486,0.15500598332389925,0
40140,"Riverside-San Bernardino-Ontario, CA",2019,4,0.86,258.16,395025.0,"Riverside, CA",msa,CA,385438.13137475,0.0266060863062489,0.0162311308869594,"Riverside, CA",1692.22532986177,3.76666666666667,"Riverside, CA",19609.0,"Riverside-San Bernardino-Ontario, CA",4650631.0,0.0082577025856891,0.0307155896854661,-0.0019555977669898,3082.755625,0.86,,65121.0,488.0,5.918799333160578,True,16.216216216216207,True,False,True,6.026370449820131,1.4948263154142438,0.026606086306248944,0.016231130886959155,0.07019503317303166,0.016487219721303736,0.004943643139881458,-0.011494252873563204,0.07407407407407396,22.535211267605646,0.008257702585689142,0.0,0.0,0.0,0.0,0.046698859660365244,0.06093731222644361,4.16666666666667,-0.07086900211643699,-0.007782219452505568,0.14221561000009708,0.036741721225998614,0
40140,"Riverside-San Bernardino-Ontario, CA",2020,1,0.87,265.24,395025.0,"Riverside, CA",msa,CA,392591.483852058,0.0371205953256923,0.0185590160781295,"Riverside, CA",1708.34454135043,4.6,"Riverside, CA",17055.6666666667,"Riverside-San Bernardino-Ontario, CA",4607646.0,-0.0092428317791715,0.0091410056573619,-0.0175005343648607,3055.86919354839,0.87,,68331.0,496.0,5.745437412771041,True,11.538461538461542,True,False,True,5.812869257749835,1.0944334983439603,0.03712059532569234,0.018559016078129043,0.04907429563714616,0.008232687578186848,0.0029165807940986065,0.0,0.03571428571428581,22.535211267605646,-0.009242831779171512,-0.017500534364860654,-0.001955597766989836,-0.017500534364860654,-0.001955597766989836,0.04708112696183875,0.05773151308138491,4.46666666666667,-0.13021231747326734,-0.05249774046784106,0.12306660146926007,-0.004562795426326538,0
40140,"Riverside-San Bernardino-Ontario, CA",2020,2,0.87,265.84,395025.0,"Riverside, CA",msa,CA,395606.434462504,0.0439546425022976,0.0076796128659335,"Riverside, CA",1716.43379876083,14.6333333333333,"Riverside, CA",15828.3333333333,"Riverside-San Bernardino-Ontario, CA",4607646.0,-0.0092428317791715,0.0091410056573619,-0.0175005343648607,2931.68761904762,0.87,,68331.0,496.0,5.78956014784657,True,10.126582278481,True,False,True,5.819164787885199,0.9464841520986118,0.043954642502297636,0.007679612865932883,0.03939756993907895,0.0010830331556088701,0.0010925283269871235,0.0235294117647058,0.0,18.055555555555557,-0.009242831779171512,0.0,0.0,0.017500534364860654,0.001955597766989836,0.03630920162230611,0.054502232360109426,3.83333333333333,-0.07196044325444517,0.042310677100177996,0.017124992393438232,0.06629220382021028,0
40140,"Riverside-San Bernardino-Ontario, CA",2020,3,0.89,277.16,395025.0,"Riverside, CA",msa,CA,399376.128878108,0.0529795110086073,0.0095289006629149,"Riverside, CA",1778.01028089174,11.4333333333333,"Riverside, CA",14379.3333333333,"Riverside-San Bernardino-Ontario, CA",4607646.0,-0.0092428317791715,0.0091410056573619,-0.0175005343648607,3319.8340625,0.89,,68331.0,496.0,5.8447282913773835,True,11.250000000000004,True,False,True,5.824264926813148,0.8435359460842369,0.052979511008607316,0.009528900662917117,0.026864789614957862,0.0008764383058146308,-0.0012440725560085308,0.04705882352941182,-0.011627906976744207,18.055555555555557,-0.009242831779171512,0.0,0.0,0.0,0.0,0.056211294228017294,0.052261041437262845,4.3,-0.09154469832578727,-0.0179155873365493,0.12237973724394036,0.037988254372415486,0
40140,"Riverside-San Bernardino-Ontario, CA",2020,4,0.91,294.77,395025.0,"Riverside, CA",msa,CA,418832.850868312,0.0866409334604554,0.048717789029757,"Riverside, CA",1846.6155261874,9.0,"Riverside, CA",12771.0,"Riverside-San Bernardino-Ontario, CA",4607646.0,-0.0092428317791715,0.0091410056573619,-0.0175005343648607,3554.5015625,0.91,,68331.0,496.0,6.129470531212949,True,12.345679012345666,True,False,True,5.918799333160578,0.8314015889859814,0.08664093346045543,0.04871778902975521,0.026606086306248944,0.016231130886959155,-0.004482880630020797,0.058139534883721034,-0.011494252873563204,16.216216216216207,-0.009242831779171512,0.0,0.0,0.0,0.0,0.09123501084707297,0.046698859660365244,3.76666666666667,-0.1118503407668392,-0.07086900211643699,0.15302735438200687,0.14221561000009708,0
40140,"Riverside-San Bernardino-Ontario, CA",2021,1,0.96,309.6,395025.0,"Riverside, CA",msa,CA,442545.33824051,0.1272413092059743,0.0566156339528721,"Riverside, CA",1908.61817980566,8.66666666666667,"Riverside, CA",10379.6666666667,"Riverside-San Bernardino-Ontario, CA",4644896.0,0.0080843884274095,0.0070143534736377,0.0173272202065811,3865.7068852459,0.96,,73424.0,511.0,6.027257276101956,True,14.28571428571428,True,False,True,5.745437412771041,0.5408575962509108,0.12724130920597432,0.056615633952871613,0.03712059532569234,0.018559016078129043,-0.007343341119637395,0.10344827586206895,0.0,11.538461538461542,0.00808438842740955,0.017327220206581062,-0.017500534364860654,0.017327220206581062,-0.017500534364860654,0.11723258020124883,0.04708112696183875,4.6,-0.18724714848745594,-0.13021231747326734,0.26501058795554977,0.12306660146926007,0
40140,"Riverside-San Bernardino-Ontario, CA",2021,2,1.03,330.17,395025.0,"Riverside, CA",msa,CA,467926.469828094,0.182808036132801,0.0573526131548343,"Riverside, CA",1993.26092288918,8.13333333333333,"Riverside, CA",10766.6666666667,"Riverside-San Bernardino-Ontario, CA",4644896.0,0.0080843884274095,0.0070143534736377,0.0173272202065811,4183.62634920635,1.03,,73424.0,511.0,6.372936231042901,True,21.176470588235308,True,False,True,5.78956014784657,0.51030919783401,0.18280803613280106,0.05735261315483586,0.043954642502297636,0.007679612865932883,-0.008957134293593693,0.1839080459770115,0.0235294117647058,10.126582278481,0.00808438842740955,0.0,0.0,-0.017327220206581062,0.017500534364860654,0.16128039679025408,0.03630920162230611,14.6333333333333,0.0372844343106713,-0.07196044325444517,0.42703687869904483,0.017124992393438232,0
40140,"Riverside-San Bernardino-Ontario, CA",2021,3,1.1,350.15,395025.0,"Riverside, CA",msa,CA,494731.84317242,0.2387616770240546,0.0572854392147844,"Riverside, CA",2117.33717204769,7.43333333333333,"Riverside, CA",12541.3333333333,"Riverside-San Bernardino-Ontario, CA",4644896.0,0.0080843884274095,0.0070143534736377,0.0173272202065811,4421.670625,1.1,,73424.0,511.0,6.738012682126008,True,27.906976744186053,True,False,True,5.8447282913773835,0.4709272992009881,0.2387616770240546,0.05728543921478457,0.052979511008607316,0.009528900662917117,-0.009420831611076704,0.2359550561797754,0.04705882352941182,11.250000000000004,0.00808438842740955,0.0,0.0,0.0,0.0,0.19084641680798642,0.056211294228017294,11.4333333333333,0.1648297213622223,-0.09154469832578727,0.3318950711862574,0.12237973724394036,0
40140,"Riverside-San Bernardino-Ontario, CA",2021,4,1.16,367.79,395025.0,"Riverside, CA",msa,CA,514520.510934017,0.2284626429548879,0.0399987751641455,"Riverside, CA",2173.35600018512,5.56666666666667,"Riverside, CA",12300.0,"Riverside-San Bernardino-Ontario, CA",4644896.0,0.0080843884274095,0.0070143534736377,0.0173272202065811,4602.10890625,1.16,,73424.0,511.0,7.007524936451528,True,33.33333333333333,True,False,True,6.129470531212949,0.702619988349829,0.22846264295488794,0.03999877516414574,0.08664093346045543,0.04871778902975521,-0.005949955424636011,0.27472527472527464,0.058139534883721034,12.345679012345666,0.00808438842740955,0.0,0.0,0.0,0.0,0.17694017480310165,0.09123501084707297,9.0,-0.01924303635976765,-0.1118503407668392,0.2947269329692408,0.15302735438200687,0
40140,"Riverside-San Bernardino-Ontario, CA",2022,1,1.26,385.95,395025.0,"Riverside, CA",msa,CA,540492.387632939,0.2213265871963556,0.0504778257562084,"Riverside, CA",2224.99963223572,4.86666666666667,"Riverside, CA",9756.66666666667,"Riverside-San Bernardino-Ontario, CA",4675606.0,0.0066115581489876,0.0053702390062768,-0.0014728302784219,4463.85548387097,1.26,,81041.0,641.0,6.6693696725477105,True,44.827586206896555,True,False,True,6.027257276101956,0.6316877596168862,0.22132658719635567,0.050477825756207295,0.12724130920597432,0.056615633952871613,0.00014118392460188116,0.3125,0.10344827586206895,14.28571428571428,0.006611558148987617,-0.0014728302784219327,0.017327220206581062,-0.0014728302784219327,0.017327220206581062,0.16576466460267847,0.11723258020124883,8.66666666666667,-0.20677506775067722,-0.18724714848745594,0.154732010569141,0.26501058795554977,0
40140,"Riverside-San Bernardino-Ontario, CA",2022,2,1.45,395.01,395025.0,"Riverside, CA",msa,CA,571133.803323375,0.2205631443188009,0.056691669284425,"Riverside, CA",2300.68471928513,3.83333333333333,"Riverside, CA",11790.6666666667,"Riverside-San Bernardino-Ontario, CA",4675606.0,0.0066115581489876,0.0053702390062768,-0.0014728302784219,4105.66709677419,1.45,,81041.0,641.0,7.04746737235936,True,70.58823529411764,True,False,True,6.372936231042901,0.8427329919828068,0.22056314431880097,0.05669166928442526,0.18280803613280106,0.05735261315483586,0.006707925995410035,0.40776699029126195,0.1839080459770115,21.176470588235308,0.006611558148987617,0.0,0.0,0.0014728302784219327,-0.017327220206581062,0.1542315874784459,0.16128039679025408,8.13333333333333,0.20847283908438974,0.0372844343106713,-0.018634372653033138,0.42703687869904483,0
40140,"Riverside-San Bernardino-Ontario, CA",2022,3,1.61,390.21,395025.0,"Riverside, CA",msa,CA,579308.29257665,0.1709541250910629,0.0143127393365754,"Riverside, CA",2331.26122021607,4.2,"Riverside, CA",15197.0,"Riverside-San Bernardino-Ontario, CA",4675606.0,0.0066115581489876,0.0053702390062768,-0.0014728302784219,3980.35109375,1.61,,81041.0,641.0,7.148335935842969,True,89.41176470588236,True,False,True,6.738012682126008,1.1373869047649094,0.1709541250910629,0.01431273933657673,0.2387616770240546,0.05728543921478457,0.014187335532173358,0.4636363636363636,0.2359550561797754,27.906976744186053,0.006611558148987617,0.0,0.0,0.0,0.0,0.1010344743352769,0.19084641680798642,7.43333333333333,0.2889008255117005,0.1648297213622223,-0.0998083232963558,0.3318950711862574,0
40140,"Riverside-San Bernardino-Ontario, CA",2022,4,1.78,384.01,395025.0,"Riverside, CA",msa,CA,569510.396886056,0.106875984112305,-0.0169130941437318,"Riverside, CA",2318.00159933709,4.06666666666667,"Riverside, CA",14880.6666666667,"Riverside-San Bernardino-Ontario, CA",4675606.0,0.0066115581489876,0.0053702390062768,-0.0014728302784219,3851.97349206349,1.78,,81041.0,641.0,7.0274354571890285,True,106.97674418604652,True,False,True,7.007524936451528,1.4869931451994987,0.10687598411230503,-0.016913094143732765,0.22846264295488794,0.03999877516414574,0.019300396878650584,0.5344827586206897,0.27472527472527464,33.33333333333333,0.006611558148987617,0.0,0.0,0.0,0.0,0.06655402940873434,0.17694017480310165,5.56666666666667,-0.020815511833473632,-0.01924303635976765,-0.1629981883235685,0.2947269329692408,0
40140,"Riverside-San Bernardino-Ontario, CA",2023,1,1.84,376.65,395025.0,"Riverside, CA",msa,CA,557690.592847671,0.0318195142211914,-0.0207543252994374,"Riverside, CA",2326.8941384085,4.43333333333333,"Riverside, CA",12301.6666666667,"Riverside-San Bernardino-Ontario, CA",4707448.0,0.0068102402127125,0.021660084129727,0.000198682063724975,4000.06451612903,1.84,,86031.0,733.0,6.4824376427993515,True,111.49425287356323,True,False,True,6.6693696725477105,1.3466961353481093,0.03181951422119145,-0.02075432529943766,0.22132658719635567,0.050477825756207295,0.022072194515777882,0.46031746031746046,0.3125,44.827586206896555,0.006810240212712593,0.00019868206372497532,-0.0014728302784219327,0.00019868206372497532,-0.0014728302784219327,0.04579529124254034,0.16576466460267847,4.86666666666667,-0.17331212759284942,-0.20677506775067722,-0.10389918970668588,0.154732010569141,0
40140,"Riverside-San Bernardino-Ontario, CA",2023,2,1.81,390.76,395025.0,"Riverside, CA",msa,CA,554512.390436781,-0.0291024848991172,-0.0056988632256849,"Riverside, CA",2358.91564472548,4.26666666666667,"Riverside, CA",11160.3333333333,"Riverside-San Bernardino-Ontario, CA",4707448.0,0.0068102402127125,0.021660084129727,0.000198682063724975,4206.07290322581,1.81,,86031.0,733.0,6.445495117304007,True,108.04597701149427,True,False,True,7.04746737235936,1.4779445174534747,-0.029102484899117265,-0.005698863225684914,0.22056314431880097,0.05669166928442526,0.02317021631777793,0.24827586206896557,0.40776699029126195,70.58823529411764,0.006810240212712593,0.0,0.0,-0.00019868206372497532,0.0014728302784219327,0.025310258703523436,0.1542315874784459,3.83333333333333,-0.09277875626609389,0.20847283908438974,0.02445541834858167,-0.018634372653033138,0
40140,"Riverside-San Bernardino-Ontario, CA",2023,3,1.86,395.47,395025.0,"Riverside, CA",msa,CA,564688.17544757,-0.0252371963536938,0.0183508703976352,"Riverside, CA",2366.99522225551,5.06666666666667,"Riverside, CA",11214.6666666667,"Riverside-San Bernardino-Ontario, CA",4707448.0,0.0068102402127125,0.021660084129727,0.000198682063724975,4458.13746031746,1.86,,86031.0,733.0,6.563775562850252,True,108.98876404494385,True,False,True,7.148335935842969,1.425765811531999,-0.025237196353693814,0.01835087039763672,0.1709541250910629,0.01431273933657673,0.020523634957267008,0.15527950310559002,0.4636363636363636,89.41176470588236,0.006810240212712593,0.0,0.0,0.0,0.0,0.015328184473522022,0.1010344743352769,4.2,0.0048684328425137036,0.2889008255117005,0.12003623683289799,-0.0998083232963558,0
40140,"Riverside-San Bernardino-Ontario, CA",2023,4,1.87,402.82,395025.0,"Riverside, CA",msa,CA,576412.091368783,0.0121186452792851,0.0207617521155299,"Riverside, CA",2372.73367243757,4.96666666666667,"Riverside, CA",11592.6666666667,"Riverside-San Bernardino-Ontario, CA",4707448.0,0.0068102402127125,0.021660084129727,0.000198682063724975,4464.90761904762,1.87,,86031.0,733.0,6.700051044028118,True,105.49450549450552,True,False,True,7.0274354571890285,1.0986692701844314,0.01211864527928519,0.02076175211552944,0.10687598411230503,-0.016913094143732765,0.014393132741050623,0.050561797752809,0.5344827586206897,106.97674418604652,0.006810240212712593,0.0,0.0,0.0,0.0,0.023611749498418266,0.06655402940873434,4.06666666666667,0.0337058613720127,-0.020815511833473632,0.15912210409729033,-0.1629981883235685,0
40140,"Riverside-San Bernardino-Ontario, CA",2024,1,1.98,407.54,395025.0,"Riverside, CA",msa,CA,583194.020477757,0.0457304246425616,0.0117657648243807,"Riverside, CA",2377.60282325529,5.1,"Riverside, CA",11296.3333333333,"Riverside-San Bernardino-Ontario, CA",4747876.0,0.0085880927415449,0.0221705717415417,0.0017778525288323,4992.54098360656,1.98,,89662.0,787.0,6.5043610501411635,True,106.25,True,False,True,6.4824376427993515,0.6906803761953482,0.04573042464256161,0.011765764824379632,0.03181951422119145,-0.02075432529943766,0.005292447492800685,0.07608695652173902,0.46031746031746046,111.49425287356323,0.008588092741544928,0.0017778525288323355,0.00019868206372497532,0.0017778525288323355,0.00019868206372497532,0.021792433102037156,0.04579529124254034,4.43333333333333,-0.025562136983156014,-0.17331212759284942,0.248115115012689,-0.10389918970668588,0
40140,"Riverside-San Bernardino-Ontario, CA",2024,2,1.91,410.7,395025.0,"Riverside, CA",msa,CA,589234.195821621,0.0626168251307968,0.0103570597978964,"Riverside, CA",2411.72909618173,4.86666666666667,"Riverside, CA",12726.3333333333,"Riverside-San Bernardino-Ontario, CA",4747876.0,0.0085880927415449,0.0221705717415417,0.0017778525288323,5246.62650793651,1.91,,89662.0,787.0,6.571727106484587,True,85.43689320388349,True,False,True,6.445495117304007,0.5934858932557407,0.0626168251307968,0.010357059797896806,-0.029102484899117265,-0.005698863225684914,-0.005803682562507037,0.055248618784530246,0.24827586206896557,108.04597701149427,0.008588092741544928,0.0,0.0,-0.0017778525288323355,-0.00019868206372497532,0.022388868196427714,0.025310258703523436,4.26666666666667,0.12658974888606966,-0.09277875626609389,0.24739314525733902,0.02445541834858167,0
40140,"Riverside-San Bernardino-Ontario, CA",2024,3,1.92,413.71,395025.0,"Riverside, CA",msa,CA,594180.291876789,0.0522272604802527,0.0083941089811858,"Riverside, CA",2438.66927580495,5.76666666666667,"Riverside, CA",14302.3333333333,"Riverside-San Bernardino-Ontario, CA",4747876.0,0.0085880927415449,0.0221705717415417,0.0017778525288323,5543.46921875,1.92,,89662.0,787.0,6.62689090001103,True,74.54545454545452,True,False,True,6.563775562850252,0.6351516383188489,0.052227260480252724,0.008394108981185644,-0.025237196353693814,0.01835087039763672,-0.01583003737521156,0.032258064516129004,0.15527950310559002,108.98876404494385,0.008588092741544928,0.0,0.0,0.0,0.0,0.03028060761404583,0.015328184473522022,5.06666666666667,0.12383771183111159,0.0048684328425137036,0.24344959483489204,0.12003623683289799,0
40140,"Riverside-San Bernardino-Ontario, CA",2024,4,1.93,413.68,395025.0,"Riverside, CA",msa,CA,598051.014605238,0.0375407170676622,0.006514390970832,"Riverside, CA",2445.97711895658,5.2,"Riverside, CA",14780.3333333333,"Riverside-San Bernardino-Ontario, CA",4747876.0,0.0085880927415449,0.0221705717415417,0.0017778525288323,5907.04296875,1.93,,89662.0,787.0,6.670061058254757,True,66.3793103448276,True,False,True,6.700051044028118,0.6736805942079869,0.037540717067662266,0.006514390970832951,0.01211864527928519,0.02076175211552944,-0.022342594409729386,0.03208556149732611,0.050561797752809,105.49450549450552,0.008588092741544928,0.0,0.0,0.0,0.0,0.030868802246889038,0.023611749498418266,4.96666666666667,0.03342112009695386,0.0337058613720127,0.3229933232101212,0.15912210409729033,0
40140,"Riverside-San Bernardino-Ontario, CA",2025,1,2.1,415.17,395025.0,"Riverside, CA",msa,CA,597564.26072749,0.0246405822850528,-0.00081390026245387,"Riverside, CA",2460.67681395973,5.23333333333333,"Riverside, CA",14757.0,"Riverside-San Bernardino-Ontario, CA",4769007.0,0.0044506217095812,0.0199762340967138,-0.0041374710319637,5894.81783333333,2.1,,,,,False,66.66666666666667,False,False,True,6.5043610501411635,0.6914917923913286,0.024640582285052837,-0.0008139002624538705,0.04573042464256161,0.011765764824379632,-0.025195784192323697,0.06060606060606055,0.07608695652173902,106.25,0.004450621709581215,-0.004137471031963713,0.0017778525288323355,-0.004137471031963713,0.0017778525288323355,0.03494023050944217,0.021792433102037156,5.1,-0.0015786743645812562,-0.025562136983156014,0.18072497605717697,0.248115115012689,0
40140,"Riverside-San Bernardino-Ontario, CA",2025,2,2.11,412.23,395025.0,"Riverside, CA",msa,CA,590833.798805211,0.0027147151250437,-0.0112631600726668,"Riverside, CA",2484.08547451777,5.2,"Riverside, CA",17210.0,"Riverside-San Bernardino-Ontario, CA",4769007.0,0.0044506217095812,0.0199762340967138,-0.0041374710319637,5732.06048387097,2.11,,,,,False,45.51724137931035,False,False,False,6.571727106484587,0.7525623185993879,0.002714715125043732,-0.011263160072667588,0.0626168251307968,0.010357059797896806,-0.024303730532448917,0.10471204188481664,0.055248618784530246,85.43689320388349,0.004450621709581215,0.0,0.0,0.004137471031963713,-0.0017778525288323355,0.030001868141241506,0.022388868196427714,4.86666666666667,0.16622619773666725,0.12658974888606966,0.09252306700317803,0.24739314525733902,0
40140,"Riverside-San Bernardino-Ontario, CA",2025,3,2.07,407.93,395025.0,"Riverside, CA",msa,CA,583732.675162562,-0.0175832434314285,-0.0120188175710488,"Riverside, CA",2487.78761580701,6.06666666666667,"Riverside, CA",17859.3333333333,"Riverside-San Bernardino-Ontario, CA",4769007.0,0.0044506217095812,0.0199762340967138,-0.0041374710319637,6427.73875,2.07,,,,,False,28.57142857142856,False,False,False,6.62689090001103,0.8026259731978813,-0.017583243431428586,-0.012018817571047724,0.052227260480252724,0.008394108981185644,-0.02042743022070588,0.078125,0.032258064516129004,74.54545454545452,0.004450621709581215,0.0,0.0,0.0,0.0,0.02014145193421002,0.03028060761404583,5.76666666666667,0.037730001936856494,0.12383771183111159,0.1595155481803856,0.24344959483489204,0
40140,"Riverside-San Bernardino-Ontario, CA",2025,4,1.96,409.84,395025.0,"Riverside, CA",msa,CA,583154.523475525,-0.024908395380862,-0.000990439137016574,"Riverside, CA",2493.72939636695,5.35,"Riverside, CA",16560.6666666667,"Riverside-San Bernardino-Ontario, CA",4769007.0,0.0044506217095812,0.0199762340967138,-0.0041374710319637,6777.5671875,1.96,,,,,False,10.1123595505618,False,False,False,6.670061058254757,0.7512617250941789,-0.02490839538086209,-0.0009904391370177956,0.037540717067662266,0.006514390970832951,-0.016279698396200817,0.015544041450777257,0.03208556149732611,66.3793103448276,0.004450621709581215,0.0,0.0,0.0,0.0,0.019522781730166194,0.030868802246889038,5.2,-0.0727164134532794,0.03342112009695386,0.14737055805338306,0.3229933232101212,0
41180,"St. Louis, MO-IL",2019,2,0.54,232.52,395121.0,"St. Louis, MO",msa,MO,182358.631803938,0.0411483824420502,0.0126884472584099,"St. Louis, MO",977.203478574713,3.1,"St. Louis, MO",13456.6666666667,"St. Louis, MO-IL",2803228.0,-0.000260346267668798,-0.000810550126144949,0.000381191598390895,2882.32777777778,0.54,,63705.0,412.0,2.862548179953505,False,3.8461538461538547,False,False,False,2.856490591968785,0.2157244639680691,0.04114838244205021,0.01268844725841145,0.04572262073570044,0.012091347127958452,0.0004724574647693664,-0.0357142857142857,-0.01754385964912264,14.285714285714302,-0.0002603462676687984,0.0,0.0,-0.00038119159839089534,0.0007327871326793245,0.033687049114331735,0.029507487975514612,3.4,0.09638521495885466,0.11831886706258565,0.06629220382021028,0.12725771232385252,0
41180,"St. Louis, MO-IL",2019,3,0.53,236.01,395121.0,"St. Louis, MO",msa,MO,183039.706065142,0.0361674888551004,0.0037348068170262,"St. Louis, MO",983.652236788052,3.16666666666667,"St. Louis, MO",14147.6666666667,"St. Louis, MO-IL",2803228.0,-0.000260346267668798,-0.000810550126144949,0.000381191598390895,2957.8528125,0.53,,63705.0,412.0,2.8732392444100463,False,3.9215686274509887,False,False,False,2.8809415668836373,0.22649660222408885,0.03616748885510046,0.003734806817021097,0.043628348903321346,0.00855979535994189,-0.00021773396776726792,-0.0535714285714286,0.0,9.80392156862746,-0.0002603462676687984,0.0,0.0,0.0,0.0,0.03605387451880948,0.027098113406912816,3.4,0.051350012385434685,0.08671477850399656,0.037988254372415486,0.15500598332389925,0
41180,"St. Louis, MO-IL",2019,4,0.54,242.12,395121.0,"St. Louis, MO",msa,MO,184692.188718826,0.0374368907901077,0.0090280010234224,"St. Louis, MO",981.469836471182,2.93333333333333,"St. Louis, MO",13286.0,"St. Louis, MO-IL",2803228.0,-0.000260346267668798,-0.000810550126144949,0.000381191598390895,3082.755625,0.54,,63705.0,412.0,2.8991788512491325,False,3.8461538461538547,False,False,False,2.9033937817855406,0.22716265847505435,0.0374368907901077,0.009028001023427601,0.040740326767037205,0.0077933600458930385,-0.0006807637739295665,-0.0357142857142857,-0.01754385964912264,5.660377358490565,-0.0002603462676687984,0.0,0.0,0.0,0.0,0.03275637355816796,0.0318846805774029,3.1,-0.06090521405178939,-0.058661376213849814,0.14221561000009708,0.036741721225998614,0
41180,"St. Louis, MO-IL",2020,1,0.54,245.42,395121.0,"St. Louis, MO",msa,MO,187881.279649138,0.0433572541900384,0.0172670590588311,"St. Louis, MO",993.893000786694,3.56666666666667,"St. Louis, MO",11050.6666666667,"St. Louis, MO-IL",2819811.0,0.0059156800659809,0.0050086286842985,0.0061760263336497,3055.86919354839,0.54,,65725.0,464.0,2.8585968756049907,False,-6.896551724137923,False,False,False,2.826681974799953,0.17252375613229187,0.04335725419003844,0.017267059058827305,0.040534501799232237,0.011494740286689842,-0.0006260973900023761,-0.05263157894736825,-0.050000000000000044,7.547169811320731,0.005915680065980977,0.006176026333649776,0.00038119159839089534,0.006176026333649776,0.00038119159839089534,0.0358213634676392,0.034437123156587646,3.9,-0.16824727783631632,-0.18313514952524212,0.12306660146926007,-0.004562795426326538,0
41180,"St. Louis, MO-IL",2020,2,0.53,245.03,395121.0,"St. Louis, MO",msa,MO,190705.297490199,0.0457706092861831,0.0150308633533602,"St. Louis, MO",1013.20974066179,11.0333333333333,"St. Louis, MO",10961.3333333333,"St. Louis, MO-IL",2819811.0,0.0059156800659809,0.0050086286842985,0.0061760263336497,2931.68761904762,0.53,,65725.0,464.0,2.901564054624557,False,-7.017543859649111,False,False,False,2.862548179953505,0.18329906447513,0.04577060928618315,0.015030863353362012,0.04114838244205021,0.01268844725841145,-0.00035443104054953405,-0.01851851851851849,-0.0357142857142857,3.8461538461538547,0.005915680065980977,0.0,0.0,-0.006176026333649776,-0.00038119159839089534,0.036846227911093266,0.033687049114331735,3.1,-0.008083976833982986,0.09638521495885466,0.017124992393438232,0.06629220382021028,0
41180,"St. Louis, MO-IL",2020,3,0.54,256.81,395121.0,"St. Louis, MO",msa,MO,193455.041107113,0.0569020529254145,0.0144188108725987,"St. Louis, MO",1027.88488144429,7.43333333333333,"St. Louis, MO",10989.0,"St. Louis, MO-IL",2819811.0,0.0059156800659809,0.0050086286842985,0.0061760263336497,3319.8340625,0.54,,65725.0,464.0,2.9434011579629216,False,-3.57142857142857,False,False,False,2.8732392444100463,0.15408840005685587,0.056902052925414504,0.014418810872599552,0.03616748885510046,0.003734806817021097,-0.0005389434942560683,0.018867924528301883,-0.0535714285714286,3.9215686274509887,0.005915680065980977,0.0,0.0,0.0,0.0,0.04496776706437644,0.03605387451880948,3.16666666666667,0.002524023841384837,0.051350012385434685,0.12237973724394036,0.037988254372415486,0
41180,"St. Louis, MO-IL",2020,4,0.55,264.74,395121.0,"St. Louis, MO",msa,MO,201070.862933472,0.0886809254265799,0.0393673991785126,"St. Louis, MO",1036.77052554906,5.2,"St. Louis, MO",9907.66666666667,"St. Louis, MO-IL",2819811.0,0.0059156800659809,0.0050086286842985,0.0061760263336497,3554.5015625,0.55,,65725.0,464.0,3.0592752062909394,False,-3.50877192982455,False,False,False,2.8991788512491325,0.16772710945643254,0.0886809254265799,0.039367399178511064,0.0374368907901077,0.009028001023427601,-0.0008448097169495116,0.0185185185185186,-0.0357142857142857,3.8461538461538547,0.005915680065980977,0.0,0.0,0.0,0.0,0.056344766821065484,0.03275637355816796,2.93333333333333,-0.09840143173476479,-0.06090521405178939,0.15302735438200687,0.14221561000009708,0
41180,"St. Louis, MO-IL",2021,1,0.57,270.45,395121.0,"St. Louis, MO",msa,MO,208221.395695749,0.1082604721694224,0.0355622523221695,"St. Louis, MO",1048.91915307493,5.46666666666667,"St. Louis, MO",7407.33333333333,"St. Louis, MO-IL",2814042.0,-0.0020458817984609,0.0035963448810574,-0.0079615618644419,3865.7068852459,0.57,,69635.0,528.0,2.9901830357686365,False,-5.000000000000004,False,False,False,2.8585968756049907,0.12527587773921134,0.10826047216942247,0.03556225232217214,0.04335725419003844,0.017267059058827305,-0.0008866716203030831,0.05555555555555536,-0.05263157894736825,-6.896551724137923,-0.002045881798460991,-0.007961561864441968,0.006176026333649776,-0.007961561864441968,0.006176026333649776,0.055364261791441605,0.0358213634676392,3.56666666666667,-0.25236348955354493,-0.16824727783631632,0.26501058795554977,0.12306660146926007,0
41180,"St. Louis, MO-IL",2021,2,0.63,281.27,395121.0,"St. Louis, MO",msa,MO,216334.200746411,0.1343900960985582,0.0389623987657683,"St. Louis, MO",1079.73882962518,4.76666666666667,"St. Louis, MO",7483.33333333333,"St. Louis, MO-IL",2814042.0,-0.0020458817984609,0.0035963448810574,-0.0079615618644419,4183.62634920635,0.63,,69635.0,528.0,3.106687739590881,False,12.5,False,False,False,2.901564054624557,0.14247298974746414,0.13439009609855823,0.03896239876576546,0.04577060928618315,0.015030863353362012,-0.0007266054584647669,0.18867924528301883,-0.01851851851851849,-7.017543859649111,-0.002045881798460991,0.0,0.0,0.007961561864441968,-0.006176026333649776,0.06566171474026272,0.036846227911093266,11.0333333333333,0.010260102601026055,-0.008083976833982986,0.42703687869904483,0.017124992393438232,0
41180,"St. Louis, MO-IL",2021,3,0.65,288.15,395121.0,"St. Louis, MO",msa,MO,221247.029035983,0.1436612236611709,0.0227094387878639,"St. Louis, MO",1112.3137008803,4.3,"St. Louis, MO",8802.66666666667,"St. Louis, MO-IL",2814042.0,-0.0020458817984609,0.0035963448810574,-0.0079615618644419,4421.670625,0.65,,69635.0,528.0,3.177238874646126,False,16.07142857142856,False,False,False,2.9434011579629216,0.1415713324836423,0.14366122366117096,0.022709438787863467,0.056902052925414504,0.014418810872599552,-1.4776848938927462e-05,0.20370370370370372,0.018867924528301883,-3.57142857142857,-0.002045881798460991,0.0,0.0,0.0,0.0,0.082138399892971,0.04496776706437644,7.43333333333333,0.17630289532294086,0.002524023841384837,0.3318950711862574,0.12237973724394036,0
41180,"St. Louis, MO-IL",2021,4,0.69,295.31,395121.0,"St. Louis, MO",msa,MO,221813.99678427,0.1031633004810907,0.0025626005047698,"St. Louis, MO",1130.69132389323,3.23333333333333,"St. Louis, MO",8010.33333333333,"St. Louis, MO-IL",2814042.0,-0.0020458817984609,0.0035963448810574,-0.0079615618644419,4602.10890625,0.69,,69635.0,528.0,3.185380868590077,False,23.214285714285698,False,False,False,3.0592752062909394,0.21978039844342945,0.10316330048109079,0.0025626005047725275,0.0886809254265799,0.039367399178511064,0.001968511137278945,0.2545454545454544,0.0185185185185186,-3.50877192982455,-0.002045881798460991,0.0,0.0,0.0,0.0,0.09058976507306737,0.056344766821065484,5.2,-0.09001060284762263,-0.09840143173476479,0.2947269329692408,0.15302735438200687,0
41180,"St. Louis, MO-IL",2022,1,0.79,306.09,395121.0,"St. Louis, MO",msa,MO,228550.842306368,0.0976338024374987,0.0303715979143113,"St. Louis, MO",1155.94946619386,3.46666666666667,"St. Louis, MO",5532.66666666667,"St. Louis, MO-IL",2803083.0,-0.0038943981646328,-5.17260815031673e-05,-0.0018485163661718,4463.85548387097,0.79,,75316.0,638.0,3.034558955684954,False,38.596491228070185,False,False,False,2.9901830357686365,0.19618588323879127,0.09763380243749875,0.030371597914310433,0.10826047216942247,0.03556225232217214,0.004337755916792436,0.38596491228070184,0.05555555555555536,-5.000000000000004,-0.003894398164632884,-0.0018485163661718929,-0.007961561864441968,-0.0018485163661718929,-0.007961561864441968,0.10203866790416427,0.055364261791441605,5.46666666666667,-0.30930880945445405,-0.25236348955354493,0.154732010569141,0.26501058795554977,0
41180,"St. Louis, MO-IL",2022,2,0.91,314.45,395121.0,"St. Louis, MO",msa,MO,239065.357931344,0.1050742652179101,0.0460051493088878,"St. Louis, MO",1192.95759863529,2.63333333333333,"St. Louis, MO",6455.33333333333,"St. Louis, MO-IL",2803083.0,-0.0038943981646328,-5.17260815031673e-05,-0.0018485163661718,4105.66709677419,0.91,,75316.0,638.0,3.174164293527856,False,68.5185185185185,False,False,False,3.106687739590881,0.2800952834523205,0.10507426521791019,0.04600514930888555,0.13439009609855823,0.03896239876576546,0.0071908516443024715,0.4444444444444444,0.18867924528301883,12.5,-0.003894398164632884,0.0,0.0,0.0018485163661718929,0.007961561864441968,0.1048575506443652,0.06566171474026272,4.76666666666667,0.16676708037112786,0.010260102601026055,-0.018634372653033138,0.42703687869904483,0
41180,"St. Louis, MO-IL",2022,3,0.97,314.94,395121.0,"St. Louis, MO",msa,MO,243028.672845126,0.0984494295993485,0.0165783739981264,"St. Louis, MO",1221.48931369895,2.86666666666667,"St. Louis, MO",7712.33333333333,"St. Louis, MO-IL",2803083.0,-0.0038943981646328,-5.17260815031673e-05,-0.0018485163661718,3980.35109375,0.97,,75316.0,638.0,3.2267867763174625,False,83.01886792452828,False,False,False,3.177238874646126,0.3286368744005599,0.09844942959934855,0.016578373998127338,0.14366122366117096,0.022709438787863467,0.009685282751679975,0.4923076923076921,0.20370370370370372,16.07142857142856,-0.003894398164632884,0.0,0.0,0.0,0.0,0.09815181880097934,0.082138399892971,4.3,0.19472270990395546,0.17630289532294086,-0.0998083232963558,0.3318950711862574,0
41180,"St. Louis, MO-IL",2022,4,1.07,318.65,395121.0,"St. Louis, MO",msa,MO,241564.350738351,0.0890401608573403,-0.006025305942843,"St. Louis, MO",1224.46592610917,2.66666666666667,"St. Louis, MO",7065.0,"St. Louis, MO-IL",2803083.0,-0.0038943981646328,-5.17260815031673e-05,-0.0018485163661718,3851.97349206349,1.07,,75316.0,638.0,3.2073443987778294,False,98.14814814814814,False,False,False,3.185380868590077,0.3135436143607464,0.08904016085734034,-0.006025305942843118,0.10316330048109079,0.0025626005047725275,0.009791297102874701,0.5507246376811596,0.2545454545454544,23.214285714285698,-0.003894398164632884,0.0,0.0,0.0,0.0,0.08293563436310136,0.09058976507306737,3.23333333333333,-0.0839348230107616,-0.09001060284762263,-0.1629981883235685,0.2947269329692408,0
41180,"St. Louis, MO-IL",2023,1,1.22,323.19,395121.0,"St. Louis, MO",msa,MO,241591.124882418,0.0570563750474817,0.0001108364871929,"St. Louis, MO",1230.5320108181,3.3,"St. Louis, MO",5681.33333333333,"St. Louis, MO-IL",2804698.0,0.000576151330517138,-0.0053595790639868,0.00447054949515,4000.06451612903,1.22,,78225.0,675.0,3.088413229561112,False,125.92592592592591,False,False,False,3.034558955684954,0.2376199330534634,0.05705637504748173,0.00011083648719334427,0.09763380243749875,0.030371597914310433,0.00923875848033137,0.5443037974683542,0.38596491228070184,38.596491228070185,0.0005761513305171384,0.004470549495150022,-0.0018485163661718929,0.004470549495150022,-0.0018485163661718929,0.06452059264304544,0.10203866790416427,3.46666666666667,-0.19584807737674026,-0.30930880945445405,-0.10389918970668588,0.154732010569141,0
41180,"St. Louis, MO-IL",2023,2,1.1,331.49,395121.0,"St. Louis, MO",msa,MO,246100.845623113,0.0294291391803804,0.0186667483869272,"St. Louis, MO",1264.68023749841,3.2,"St. Louis, MO",6112.66666666667,"St. Louis, MO-IL",2804698.0,0.000576151330517138,-0.0053595790639868,0.00447054949515,4206.07290322581,1.1,,78225.0,675.0,3.1460638622321895,False,107.54716981132076,False,False,False,3.174164293527856,0.33750803696731024,0.02942913918038048,0.018666748386928056,0.10507426521791019,0.04600514930888555,0.008600999360111907,0.20879120879120894,0.4444444444444444,68.5185185185185,0.0005761513305171384,0.0,0.0,-0.004470549495150022,0.0018485163661718929,0.06012170000439965,0.1048575506443652,2.63333333333333,0.0759211452710642,0.16676708037112786,0.02445541834858167,-0.018634372653033138,0
41180,"St. Louis, MO-IL",2023,3,1.05,337.8,395121.0,"St. Louis, MO",msa,MO,251912.199870013,0.0365534112534455,0.0236137110060963,"St. Louis, MO",1283.89672972328,3.5,"St. Louis, MO",6772.66666666667,"St. Louis, MO-IL",2804698.0,0.000576151330517138,-0.0053595790639868,0.00447054949515,4458.13746031746,1.05,,78225.0,675.0,3.220354105081662,False,94.44444444444444,False,False,False,3.2267867763174625,0.36010821693604766,0.03655341125344558,0.023613711006095883,0.09844942959934855,0.016578373998127338,0.007035000470709772,0.08247422680412386,0.4923076923076921,83.01886792452828,0.0005761513305171384,0.0,0.0,0.0,0.0,0.05109125010299609,0.09815181880097934,2.86666666666667,0.10797251608681413,0.19472270990395546,0.12003623683289799,-0.0998083232963558,0
41180,"St. Louis, MO-IL",2023,4,1.06,341.15,395121.0,"St. Louis, MO",msa,MO,254081.49816536,0.0518170309019101,0.0086113268689107,"St. Louis, MO",1286.05724365964,3.16666666666667,"St. Louis, MO",6763.66666666667,"St. Louis, MO-IL",2804698.0,0.000576151330517138,-0.0053595790639868,0.00447054949515,4464.90761904762,1.06,,78225.0,675.0,3.248085626914158,False,92.72727272727272,False,False,False,3.2073443987778294,0.31030784138921685,0.051817030901910144,0.00861132686891053,0.08904016085734034,-0.006025305942843118,0.0047292686704842385,-0.009345794392523366,0.5507246376811596,98.14814814814814,0.0005761513305171384,0.0,0.0,0.0,0.0,0.05030055654237864,0.08293563436310136,2.66666666666667,-0.0013288709518652908,-0.0839348230107616,0.15912210409729033,-0.1629981883235685,0
41180,"St. Louis, MO-IL",2024,1,1.18,346.95,395121.0,"St. Louis, MO",msa,MO,255554.127205012,0.0577960069079099,0.0057958924608252,"St. Louis, MO",1294.58674612698,3.96666666666667,"St. Louis, MO",5514.0,"St. Louis, MO-IL",2811394.0,0.0023874228170019,-0.000940995194812277,0.0018112714864848,4992.54098360656,1.18,,80196.0,701.0,3.18661937259978,False,107.01754385964915,False,False,False,3.088413229561112,0.26604882532553287,0.05779600690790998,0.005795892460825902,0.05705637504748173,0.00011083648719334427,0.00110163666101461,-0.032786885245901676,0.5443037974683542,125.92592592592591,0.002387422817001994,0.0018112714864848556,0.004470549495150022,0.0018112714864848556,0.004470549495150022,0.05205450548685375,0.06452059264304544,3.3,-0.1847617170173972,-0.19584807737674026,0.248115115012689,-0.10389918970668588,0
41180,"St. Louis, MO-IL",2024,2,1.09,352.12,395121.0,"St. Louis, MO",msa,MO,259117.019768575,0.052889595370978,0.01394183143325,"St. Louis, MO",1327.1752132267,3.73333333333333,"St. Louis, MO",6228.0,"St. Louis, MO-IL",2811394.0,0.0023874228170019,-0.000940995194812277,0.0018112714864848,5246.62650793651,1.09,,80196.0,701.0,3.231046682734488,False,73.01587301587303,False,False,False,3.1460638622321895,0.2895732702634044,0.05288959537097804,0.013941831433247787,0.02942913918038048,0.018666748386928056,-0.0035746814323820045,-0.00909090909090915,0.20879120879120894,107.54716981132076,0.002387422817001994,0.0,0.0,-0.0018112714864848556,-0.004470549495150022,0.049415633988167285,0.06012170000439965,3.2,0.1294885745375407,0.0759211452710642,0.24739314525733902,0.02445541834858167,0
41180,"St. Louis, MO-IL",2024,3,1.07,358.09,395121.0,"St. Louis, MO",msa,MO,261023.309252409,0.0361677973003982,0.0073568671233426,"St. Louis, MO",1344.84494856047,3.83333333333333,"St. Louis, MO",7095.33333333333,"St. Louis, MO-IL",2811394.0,0.0023874228170019,-0.000940995194812277,0.0018112714864848,5543.46921875,1.07,,80196.0,701.0,3.2548170638486833,False,64.61538461538463,False,False,False,3.220354105081662,0.33941253819802464,0.03616779730039821,0.007356867123342825,0.03655341125344558,0.023613711006095883,-0.007356738335829923,0.01904761904761898,0.08247422680412386,94.44444444444444,0.002387422817001994,0.0,0.0,0.0,0.0,0.0474712782003317,0.05109125010299609,3.5,0.1392635409976446,0.10797251608681413,0.24344959483489204,0.12003623683289799,0
41180,"St. Louis, MO-IL",2024,4,1.08,364.07,395121.0,"St. Louis, MO",msa,MO,263152.721057227,0.0357020206404927,0.0081579373540099,"St. Louis, MO",1348.47379820239,3.4,"St. Louis, MO",7167.66666666667,"St. Louis, MO-IL",2811394.0,0.0023874228170019,-0.000940995194812277,0.0018112714864848,5907.04296875,1.08,,80196.0,701.0,3.2813696575543294,False,56.52173913043481,False,False,False,3.248085626914158,0.3446918451286174,0.03570202064049277,0.008157937354011713,0.051817030901910144,0.00861132686891053,-0.00896494054699743,0.018867924528301883,-0.009345794392523366,92.72727272727272,0.002387422817001994,0.0,0.0,0.0,0.0,0.04853326308021533,0.05030055654237864,3.16666666666667,0.010194494033638035,-0.0013288709518652908,0.3229933232101212,0.15912210409729033,0
41180,"St. Louis, MO-IL",2025,1,1.26,367.99,395121.0,"St. Louis, MO",msa,MO,265674.458181598,0.0396015164664791,0.0095827894700835,"St. Louis, MO",1361.66792217002,4.2,"St. Louis, MO",6125.0,"St. Louis, MO-IL",2814421.0,0.0010766900690546,0.0040448320652652,-0.0013107327479473,5894.81783333333,1.26,,,,,False,59.49367088607593,False,False,False,3.18661937259978,0.3599373977998268,0.039601516466479136,0.009582789470083508,0.05779600690790998,0.005795892460825902,-0.009195413272947128,0.06779661016949157,-0.032786885245901676,107.01754385964915,0.0010766900690546422,-0.0013107327479473518,0.0018112714864848556,-0.0013107327479473518,0.0018112714864848556,0.05181667141559032,0.05205450548685375,3.96666666666667,-0.14546807422220187,-0.1847617170173972,0.18072497605717697,0.248115115012689,0
41180,"St. Louis, MO-IL",2025,2,1.21,365.96,395121.0,"St. Louis, MO",msa,MO,265821.726732538,0.0258752086989546,0.000554319568196293,"St. Louis, MO",1379.18033705491,3.83333333333333,"St. Louis, MO",7155.33333333333,"St. Louis, MO-IL",2814421.0,0.0010766900690546,0.0040448320652652,-0.0013107327479473,5732.06048387097,1.21,,,,,False,32.967032967032964,False,False,False,3.231046682734488,0.3684985027809833,0.025875208698954655,0.0005543195681962931,0.05288959537097804,0.013941831433247787,-0.008073985597863476,0.11009174311926584,-0.00909090909090915,73.01587301587303,0.0010766900690546422,0.0,0.0,0.0013107327479473518,-0.0018112714864848556,0.039184821499018474,0.049415633988167285,3.73333333333333,0.16821768707482954,0.1294885745375407,0.09252306700317803,0.24739314525733902,0
41180,"St. Louis, MO-IL",2025,3,1.22,371.67,395121.0,"St. Louis, MO",msa,MO,266835.964413567,0.0222687206663874,0.0038154807490569,"St. Louis, MO",1392.78212488361,4.13333333333333,"St. Louis, MO",8155.66666666667,"St. Louis, MO-IL",2814421.0,0.0010766900690546,0.0040448320652652,-0.0013107327479473,6427.73875,1.22,,,,,False,25.773195876288657,False,False,False,3.2548170638486833,0.381577819438637,0.02226872066638741,0.0038154807490564657,0.03616779730039821,0.007356867123342825,-0.006604355541686301,0.14018691588785037,0.01904761904761898,64.61538461538463,0.0010766900690546422,0.0,0.0,0.0,0.0,0.03564513245519674,0.0474712782003317,3.83333333333333,0.13980247833783754,0.1392635409976446,0.1595155481803856,0.24344959483489204,0
41180,"St. Louis, MO-IL",2025,4,1.13,376.46,395121.0,"St. Louis, MO",msa,MO,269448.627393611,0.0239249144416593,0.0097912700253355,"St. Louis, MO",1401.10208926261,3.55,"St. Louis, MO",8034.33333333333,"St. Louis, MO-IL",2814421.0,0.0010766900690546,0.0040448320652652,-0.0013107327479473,6777.5671875,1.13,,,,,False,5.607476635513997,False,False,False,3.2813696575543294,0.38219080630519686,0.02392491444165934,0.00979127002533553,0.03570202064049277,0.008157937354011713,-0.006241752380189049,0.04629629629629606,0.018867924528301883,56.52173913043481,0.0010766900690546422,0.0,0.0,0.0,0.0,0.03902804127924253,0.04853326308021533,3.4,-0.01487718150978945,0.010194494033638035,0.14737055805338306,0.3229933232101212,0
47260,"Virginia Beach-Chesapeake-Norfolk, VA-NC",2019,2,1.09,253.36,395194.0,"Virginia Beach, VA",msa,VA,246195.476214817,0.0271131629773127,0.0103827553954257,"Virginia Beach, VA",1191.71427712034,3.0,"Virginia Beach, VA",11477.3333333333,"Virginia Beach-Norfolk-Newport News, VA-NC",1768901.0,0.0029415216648061,0.0057642786435694,0.0013588316483035,2882.32777777778,1.09,,66759.0,593.0,3.687824506281056,False,0.92592592592593,False,False,False,3.7142675912292593,0.037803358105967355,0.0271131629773127,0.0103827553954281,0.025013940969424553,0.006402485904261956,0.00023614328999676116,-0.018018018018018056,-0.008928571428571397,5.714285714285716,0.0029415216648061016,0.0,0.0,-0.0013588316483035268,-0.00035284836074800374,0.030568494989019923,0.024368290098934597,3.2,0.12574380435493415,0.11623049514682071,0.06629220382021028,0.12725771232385252,0
47260,"Virginia Beach-Chesapeake-Norfolk, VA-NC",2019,3,1.08,258.17,395194.0,"Virginia Beach, VA",msa,VA,247677.326769376,0.0280325820486477,0.0060189999318534,"Virginia Beach, VA",1201.61729554712,3.13333333333333,"Virginia Beach, VA",11664.6666666667,"Virginia Beach-Norfolk-Newport News, VA-NC",1768901.0,0.0029415216648061,0.0057642786435694,0.0013588316483035,2957.8528125,1.08,,66759.0,593.0,3.71002152173304,False,1.8867924528301883,False,False,False,3.733281924932392,0.02957138565224371,0.02803258204864778,0.006018999931850955,0.02498825052010778,0.005119268667672872,-4.8964683425287785e-05,-0.027027027027027084,-0.017699115044247593,2.77777777777779,0.0029415216648061016,0.0,0.0,0.0,0.0,0.035336781688756425,0.023136504361541688,3.33333333333333,0.0163220260223107,0.03959823885525893,0.037988254372415486,0.15500598332389925,0
47260,"Virginia Beach-Chesapeake-Norfolk, VA-NC",2019,4,1.09,258.69,395194.0,"Virginia Beach, VA",msa,VA,250460.332576993,0.0348990332633967,0.0112364173334614,"Virginia Beach, VA",1207.10853981999,2.8,"Virginia Beach, VA",10040.3333333333,"Virginia Beach-Norfolk-Newport News, VA-NC",1768901.0,0.0029415216648061,0.0057642786435694,0.0013588316483035,3082.755625,1.09,,66759.0,593.0,3.751708871867359,False,1.869158878504673,False,False,False,3.750182362289971,0.04153035392189608,0.03489903326339672,0.011236417333462256,0.023683124806195277,0.004526965200434274,7.919906402577963e-06,-0.018018018018018056,-0.017699115044247593,0.9090909090909038,0.0029415216648061016,0.0,0.0,0.0,0.0,0.036492484235920664,0.03038484639773964,3.06666666666667,-0.13925244327599562,-0.09648217263559122,0.14221561000009708,0.036741721225998614,0
47260,"Virginia Beach-Chesapeake-Norfolk, VA-NC",2020,1,1.1,267.55,395194.0,"Virginia Beach, VA",msa,VA,254782.398187029,0.0456233618275252,0.0172564875466146,"Virginia Beach, VA",1216.58479246228,3.2,"Virginia Beach, VA",8561.0,"Virginia Beach-Chesapeake-Norfolk, VA-NC",1781673.0,0.007220302323307,0.0117818693119416,0.0042787806585009,3055.86919354839,1.1,,68454.0,753.0,3.7219504804252344,False,-3.50877192982455,False,False,False,3.649928194625384,-0.024448178642440865,0.045623361827525244,0.01725648754661524,0.023066986253944544,0.006823100913617708,0.000329008546817272,-0.0265486725663715,-0.025862068965517238,1.8018018018017834,0.00722030232330706,0.004278780658500958,0.0013588316483035268,0.004278780658500958,0.0013588316483035268,0.03472231076933907,0.03262246779822431,3.46666666666667,-0.14733906576806588,-0.1039432823577694,0.12306660146926007,-0.004562795426326538,0
47260,"Virginia Beach-Chesapeake-Norfolk, VA-NC",2020,2,1.08,267.96,395194.0,"Virginia Beach, VA",msa,VA,257350.073441649,0.0453078886676987,0.0100779146161256,"Virginia Beach, VA",1225.92113104443,11.6333333333333,"Virginia Beach, VA",8840.66666666667,"Virginia Beach-Chesapeake-Norfolk, VA-NC",1781673.0,0.007220302323307,0.0117818693119416,0.0042787806585009,2931.68761904762,1.08,,68454.0,753.0,3.759459979572399,False,-3.57142857142857,False,False,False,3.687824506281056,-0.0049651726386654715,0.04530788866769875,0.010077914616123174,0.0271131629773127,0.0103827553954281,0.0006352150651165393,-0.00917431192660556,-0.018018018018018056,0.92592592592593,0.00722030232330706,0.0,0.0,-0.004278780658500958,-0.0013588316483035268,0.028703905441787247,0.030568494989019923,3.0,0.032667523264416465,0.12574380435493415,0.017124992393438232,0.06629220382021028,0
47260,"Virginia Beach-Chesapeake-Norfolk, VA-NC",2020,3,1.09,272.97,395194.0,"Virginia Beach, VA",msa,VA,260606.758321664,0.0522027257033794,0.0126546879760372,"Virginia Beach, VA",1256.90929716577,9.1,"Virginia Beach, VA",8309.33333333333,"Virginia Beach-Chesapeake-Norfolk, VA-NC",1781673.0,0.007220302323307,0.0117818693119416,0.0042787806585009,3319.8340625,1.09,,68454.0,753.0,3.8070347725722966,False,-3.539823008849541,False,False,False,3.71002152173304,-0.015761732696100594,0.05220272570337947,0.012654687976039858,0.02803258204864778,0.006018999931850955,0.0006364951068771152,0.0092592592592593,-0.027027027027027084,1.8867924528301883,0.00722030232330706,0.0,0.0,0.0,0.0,0.046014651939138895,0.035336781688756425,3.13333333333333,-0.06010104818641193,0.0163220260223107,0.12237973724394036,0.037988254372415486,0
47260,"Virginia Beach-Chesapeake-Norfolk, VA-NC",2020,4,1.11,287.18,395194.0,"Virginia Beach, VA",msa,VA,270092.439073799,0.078384094977479,0.0363984449721273,"Virginia Beach, VA",1281.8514720892,5.73333333333333,"Virginia Beach, VA",7223.66666666667,"Virginia Beach-Chesapeake-Norfolk, VA-NC",1781673.0,0.007220302323307,0.0117818693119416,0.0042787806585009,3554.5015625,1.11,,68454.0,753.0,3.945604918248737,False,-1.7699115044247593,False,False,False,3.751708871867359,0.021173052588562946,0.078384094977479,0.03639844497212508,0.03489903326339672,0.011236417333462256,0.0006598338375434131,0.01834862385321112,-0.018018018018018056,1.869158878504673,0.00722030232330706,0.0,0.0,0.0,0.0,0.06191898226513737,0.036492484235920664,2.8,-0.13065629011553204,-0.13925244327599562,0.15302735438200687,0.14221561000009708,0
47260,"Virginia Beach-Chesapeake-Norfolk, VA-NC",2021,1,1.14,296.59,395194.0,"Virginia Beach, VA",msa,VA,279854.237175892,0.0984049101008084,0.0361424338110601,"Virginia Beach, VA",1305.42451933005,5.46666666666667,"Virginia Beach, VA",5966.33333333333,"Virginia Beach-Chesapeake-Norfolk, VA-NC",1786134.0,0.0025038264597374,0.0127123857452998,-0.0047164758635696,3865.7068852459,1.14,,71612.0,811.0,3.9079237722154385,False,-1.7241379310344862,False,False,False,3.7219504804252344,-0.036071195364967945,0.09840491010080843,0.036142433811061636,0.045623361827525244,0.01725648754661524,0.0010847449209498096,0.036363636363636154,-0.0265486725663715,-3.50877192982455,0.002503826459737457,-0.0047164758635696025,0.004278780658500958,-0.0047164758635696025,0.004278780658500958,0.07302386764835767,0.03472231076933907,3.2,-0.17405749619306987,-0.14733906576806588,0.26501058795554977,0.12306660146926007,0
47260,"Virginia Beach-Chesapeake-Norfolk, VA-NC",2021,2,1.22,305.15,395194.0,"Virginia Beach, VA",msa,VA,290218.25829225,0.127717798604217,0.0370336401583393,"Virginia Beach, VA",1367.96606497474,5.0,"Virginia Beach, VA",7475.0,"Virginia Beach-Chesapeake-Norfolk, VA-NC",1786134.0,0.0025038264597374,0.0127123857452998,-0.0047164758635696,4183.62634920635,1.22,,71612.0,811.0,4.052648414961878,False,9.909909909909898,False,False,False,3.759459979572399,-0.01689008021027627,0.12771779860421706,0.03703364015833732,0.04530788866769875,0.010077914616123174,0.0015938923514021409,0.12962962962962954,-0.00917431192660556,-3.57142857142857,0.002503826459737457,0.0,0.0,0.0047164758635696025,-0.004278780658500958,0.11586792195130369,0.028703905441787247,11.6333333333333,0.25286328845186956,0.032667523264416465,0.42703687869904483,0.017124992393438232,0
47260,"Virginia Beach-Chesapeake-Norfolk, VA-NC",2021,3,1.28,318.94,395194.0,"Virginia Beach, VA",msa,VA,297809.119422732,0.1427528638959911,0.0261556980430826,"Virginia Beach, VA",1454.54063822981,4.43333333333333,"Virginia Beach, VA",7858.66666666667,"Virginia Beach-Chesapeake-Norfolk, VA-NC",1786134.0,0.0025038264597374,0.0127123857452998,-0.0047164758635696,4421.670625,1.28,,71612.0,811.0,4.158648263178406,False,15.315315315315313,False,False,False,3.8070347725722966,-0.004219888283035544,0.14275286389599118,0.026155698043084596,0.05220272570337947,0.012654687976039858,0.0023736564199114316,0.17431192660550443,0.0092592592592593,-3.539823008849541,0.002503826459737457,0.0,0.0,0.0,0.0,0.1572359608682048,0.046014651939138895,9.1,0.05132664437012302,-0.06010104818641193,0.3318950711862574,0.12237973724394036,0
47260,"Virginia Beach-Chesapeake-Norfolk, VA-NC",2021,4,1.33,325.68,395194.0,"Virginia Beach, VA",msa,VA,301347.694529709,0.1157205864891683,0.0118820240086548,"Virginia Beach, VA",1482.19768209061,3.0,"Virginia Beach, VA",6808.66666666667,"Virginia Beach-Chesapeake-Norfolk, VA-NC",1786134.0,0.0025038264597374,0.0127123857452998,-0.0047164758635696,4602.10890625,1.33,,71612.0,811.0,4.208061421685039,False,19.819819819819816,False,False,False,3.945604918248737,0.091992974570136,0.11572058648916839,0.011882024008654124,0.078384094977479,0.03639844497212508,0.003928773503536103,0.19819819819819817,0.01834862385321112,-1.7699115044247593,0.002503826459737457,0.0,0.0,0.0,0.0,0.15629440256044624,0.06191898226513737,5.73333333333333,-0.13361045130641325,-0.13065629011553204,0.2947269329692408,0.15302735438200687,0
47260,"Virginia Beach-Chesapeake-Norfolk, VA-NC",2022,1,1.46,345.37,395194.0,"Virginia Beach, VA",msa,VA,310990.588872269,0.1112591755286072,0.031999230515465,"Virginia Beach, VA",1491.00358154803,2.9,"Virginia Beach, VA",4915.33333333333,"Virginia Beach-Chesapeake-Norfolk, VA-NC",1785777.0,-0.000199873021844987,0.0095403869408181,-0.0027036994815824,4463.85548387097,1.46,,77082.0,734.0,4.034542290966361,False,29.20353982300885,False,False,False,3.9079237722154385,0.10718225985151308,0.1112591755286072,0.03199923051546483,0.09840491010080843,0.036142433811061636,0.005808049044321714,0.2807017543859649,0.036363636363636154,-1.7241379310344862,-0.00019987302184498734,-0.0027036994815824444,-0.0047164758635696025,-0.0027036994815824444,-0.0047164758635696025,0.14215993301031293,0.07302386764835767,5.46666666666667,-0.27807696073631727,-0.17405749619306987,0.154732010569141,0.26501058795554977,0
47260,"Virginia Beach-Chesapeake-Norfolk, VA-NC",2022,2,1.66,351.51,395194.0,"Virginia Beach, VA",msa,VA,321726.561396184,0.1085676114567717,0.0345218566351029,"Virginia Beach, VA",1530.97233775019,2.93333333333333,"Virginia Beach, VA",5746.33333333333,"Virginia Beach-Chesapeake-Norfolk, VA-NC",1785777.0,-0.000199873021844987,0.0095403869408181,-0.0027036994815824,4105.66709677419,1.66,,77082.0,734.0,4.173822181523365,False,52.29357798165135,False,False,False,4.052648414961878,0.2523990471389035,0.10856761145677174,0.034521856635103765,0.12771779860421706,0.03703364015833732,0.008313772446479286,0.360655737704918,0.12962962962962954,9.909909909909898,-0.00019987302184498734,0.0,0.0,0.0027036994815824444,0.0047164758635696025,0.11915958805488347,0.11586792195130369,5.0,0.16906279669062818,0.25286328845186956,-0.018634372653033138,0.42703687869904483,0
47260,"Virginia Beach-Chesapeake-Norfolk, VA-NC",2022,3,1.84,351.02,395194.0,"Virginia Beach, VA",msa,VA,326064.587144583,0.0948777786812604,0.013483579750375,"Virginia Beach, VA",1565.5441843506,3.3,"Virginia Beach, VA",6370.0,"Virginia Beach-Chesapeake-Norfolk, VA-NC",1785777.0,-0.000199873021844987,0.0095403869408181,-0.0027036994815824,3980.35109375,1.84,,77082.0,734.0,4.230100245771815,False,70.37037037037037,False,False,False,4.158648263178406,0.3511487122452399,0.09487777868126046,0.013483579750373842,0.14275286389599118,0.026155698043084596,0.010678391048283059,0.4375,0.17431192660550443,15.315315315315313,-0.00019987302184498734,0.0,0.0,0.0,0.0,0.07631519065420034,0.1572359608682048,4.43333333333333,0.10853297755090252,0.05132664437012302,-0.0998083232963558,0.3318950711862574,0
47260,"Virginia Beach-Chesapeake-Norfolk, VA-NC",2022,4,2.04,354.55,395194.0,"Virginia Beach, VA",msa,VA,325901.845132433,0.0814811297662119,-0.00049910974256695,"Virginia Beach, VA",1571.28733990683,2.93333333333333,"Virginia Beach, VA",5511.33333333333,"Virginia Beach-Chesapeake-Norfolk, VA-NC",1785777.0,-0.000199873021844987,0.0095403869408181,-0.0027036994815824,3851.97349206349,2.04,,77082.0,734.0,4.227988961527114,False,87.15596330275228,False,False,False,4.208061421685039,0.373398685156042,0.08148112976621191,-0.000499109742567172,0.11572058648916839,0.011882024008654124,0.011120454011948088,0.5338345864661653,0.19819819819819817,19.819819819819816,-0.00019987302184498734,0.0,0.0,0.0,0.0,0.06010646143405163,0.15629440256044624,3.0,-0.13479853479853532,-0.13361045130641325,-0.1629981883235685,0.2947269329692408,0
47260,"Virginia Beach-Chesapeake-Norfolk, VA-NC",2023,1,2.23,356.94,395194.0,"Virginia Beach, VA",msa,VA,328296.312440627,0.0556470973321505,0.0073472039019006,"Virginia Beach, VA",1579.55503678122,3.03333333333333,"Virginia Beach, VA",4543.66666666667,"Virginia Beach-Chesapeake-Norfolk, VA-NC",1789325.0,0.001986810223225,0.0042948397377071,0.0021866832450699,4000.06451612903,2.23,,80533.0,761.0,4.076543931563794,False,102.72727272727269,False,False,False,4.034542290966361,0.2789206544275262,0.055647097332150564,0.0073472039019018,0.1112591755286072,0.03199923051546483,0.010719299335363544,0.5273972602739727,0.2807017543859649,29.20353982300885,0.0019868102232249996,0.002186683245069987,-0.0027036994815824444,0.002186683245069987,-0.0027036994815824444,0.05939050471042573,0.14215993301031293,2.9,-0.17557759767751202,-0.27807696073631727,-0.10389918970668588,0.154732010569141,0
47260,"Virginia Beach-Chesapeake-Norfolk, VA-NC",2023,2,2.16,367.28,395194.0,"Virginia Beach, VA",msa,VA,334170.556692188,0.0386787936998465,0.0178931167636047,"Virginia Beach, VA",1612.26242108672,2.8,"Virginia Beach, VA",4824.66666666667,"Virginia Beach-Chesapeake-Norfolk, VA-NC",1789325.0,0.001986810223225,0.0042948397377071,0.0021866832450699,4206.07290322581,2.16,,80533.0,761.0,4.14948600812323,False,100.0,False,False,False,4.173822181523365,0.39532992923344246,0.0386787936998465,0.01789311676360472,0.10856761145677174,0.034521856635103765,0.009781811491171553,0.3012048192771086,0.360655737704918,52.29357798165135,0.0019868102232249996,0.0,0.0,-0.002186683245069987,0.0027036994815824444,0.053097029470818624,0.11915958805488347,2.93333333333333,0.061844325434671,0.16906279669062818,0.02445541834858167,-0.018634372653033138,0
47260,"Virginia Beach-Chesapeake-Norfolk, VA-NC",2023,3,2.14,377.69,395194.0,"Virginia Beach, VA",msa,VA,341545.811742153,0.0474790124654209,0.0220703317580391,"Virginia Beach, VA",1629.1999698308,3.06666666666667,"Virginia Beach, VA",5056.66666666667,"Virginia Beach-Chesapeake-Norfolk, VA-NC",1789325.0,0.001986810223225,0.0042948397377071,0.0021866832450699,4458.13746031746,2.14,,80533.0,761.0,4.241066540947847,False,96.3302752293578,False,False,False,4.230100245771815,0.43216968700516833,0.04747901246542097,0.02207033175803841,0.09487777868126046,0.013483579750373842,0.007789971865293597,0.16304347826086962,0.4375,70.37037037037037,0.0019868102232249996,0.0,0.0,0.0,0.0,0.04066048477999673,0.07631519065420034,3.3,0.04808622357330372,0.10853297755090252,0.12003623683289799,-0.0998083232963558,0
47260,"Virginia Beach-Chesapeake-Norfolk, VA-NC",2023,4,2.18,376.59,395194.0,"Virginia Beach, VA",msa,VA,345112.71743206,0.0589468043417198,0.010443418034356,"Virginia Beach, VA",1631.8992739441,2.83333333333333,"Virginia Beach, VA",4962.66666666667,"Virginia Beach-Chesapeake-Norfolk, VA-NC",1789325.0,0.001986810223225,0.0042948397377071,0.0021866832450699,4464.90761904762,2.18,,80533.0,761.0,4.285357771746489,False,96.39639639639638,False,False,False,4.227988961527114,0.408001282510261,0.05894680434171984,0.010443418034356666,0.08148112976621191,-0.000499109742567172,0.00512753900326521,0.06862745098039214,0.5338345864661653,87.15596330275228,0.0019868102232249996,0.0,0.0,0.0,0.0,0.03857469763669319,0.06010646143405163,2.93333333333333,-0.01858932102834543,-0.13479853479853532,0.15912210409729033,-0.1629981883235685,0
47260,"Virginia Beach-Chesapeake-Norfolk, VA-NC",2024,1,2.37,376.92,395194.0,"Virginia Beach, VA",msa,VA,347793.204626693,0.0593880937654212,0.0077669904910437,"Virginia Beach, VA",1638.58399950905,2.96666666666667,"Virginia Beach, VA",4672.0,"Virginia Beach-Chesapeake-Norfolk, VA-NC",1793439.0,0.0022991910357257,0.0040898387243062,0.000312380812500734,4992.54098360656,2.37,,82330.0,711.0,4.224379990607227,False,107.89473684210532,False,False,False,4.076543931563794,0.3859056002286372,0.0593880937654212,0.007766990491043568,0.055647097332150564,0.0073472039019018,0.00163321006275209,0.06278026905829592,0.5273972602739727,102.72727272727269,0.002299191035725734,0.00031238081250073435,0.002186683245069987,0.00031238081250073435,0.002186683245069987,0.037370627393976674,0.05939050471042573,3.03333333333333,-0.058570660934981755,-0.17557759767751202,0.248115115012689,-0.10389918970668588,0
47260,"Virginia Beach-Chesapeake-Norfolk, VA-NC",2024,2,2.25,386.75,395194.0,"Virginia Beach, VA",msa,VA,354262.622240649,0.0601251820248431,0.0186013341488382,"Virginia Beach, VA",1680.08724778044,2.96666666666667,"Virginia Beach, VA",5456.0,"Virginia Beach-Chesapeake-Norfolk, VA-NC",1793439.0,0.0022991910357257,0.0040898387243062,0.000312380812500734,5246.62650793651,2.25,,82330.0,711.0,4.302959094384174,False,84.42622950819671,False,False,False,4.14948600812323,0.43521841689397034,0.06012518202484318,0.018601334148837134,0.0386787936998465,0.01789311676360472,-0.0025981816821048797,0.04166666666666652,0.3012048192771086,100.0,0.002299191035725734,0.0,0.0,-0.00031238081250073435,-0.002186683245069987,0.042068106163513974,0.053097029470818624,2.8,0.16780821917808209,0.061844325434671,0.24739314525733902,0.02445541834858167,0
47260,"Virginia Beach-Chesapeake-Norfolk, VA-NC",2024,3,2.21,393.53,395194.0,"Virginia Beach, VA",msa,VA,357406.759561297,0.0464387126817356,0.0088751596224325,"Virginia Beach, VA",1713.05257250205,3.33333333333333,"Virginia Beach, VA",6103.66666666667,"Virginia Beach-Chesapeake-Norfolk, VA-NC",1793439.0,0.0022991910357257,0.0040898387243062,0.000312380812500734,5543.46921875,2.21,,82330.0,711.0,4.34114854319564,False,72.65625,False,False,False,4.241066540947847,0.5077846160154555,0.046438712681735606,0.00887515962243457,0.04747901246542097,0.02207033175803841,-0.006131344483532221,0.032710280373831724,0.16304347826086962,96.3302752293578,0.002299191035725734,0.0,0.0,0.0,0.0,0.05146857612571565,0.04066048477999673,3.06666666666667,0.11870723362658908,0.04808622357330372,0.24344959483489204,0.12003623683289799,0
47260,"Virginia Beach-Chesapeake-Norfolk, VA-NC",2024,4,2.26,406.42,395194.0,"Virginia Beach, VA",msa,VA,360559.53444901,0.0447587592015958,0.0088212514267587,"Virginia Beach, VA",1711.47301555884,3.1,"Virginia Beach, VA",6024.33333333333,"Virginia Beach-Chesapeake-Norfolk, VA-NC",1793439.0,0.0022991910357257,0.0040898387243062,0.000312380812500734,5907.04296875,2.26,,82330.0,711.0,4.379442905976072,False,69.92481203007517,False,False,False,4.285357771746489,0.5351754094565182,0.04475875920159589,0.008821251426757826,0.05894680434171984,0.010443418034356666,-0.008000343167202575,0.0366972477064218,0.06862745098039214,96.39639639639638,0.002299191035725734,0.0,0.0,0.0,0.0,0.0487614296331047,0.03857469763669319,2.83333333333333,-0.01299765168478062,-0.01858932102834543,0.3229933232101212,0.15912210409729033,0
47260,"Virginia Beach-Chesapeake-Norfolk, VA-NC",2025,1,2.51,413.07,395194.0,"Virginia Beach, VA",msa,VA,362844.310020558,0.0432760191793288,0.006336749838107,"Virginia Beach, VA",1721.02704043558,3.43333333333333,"Virginia Beach, VA",5552.66666666667,"Virginia Beach-Chesapeake-Norfolk, VA-NC",1797213.0,0.0021043369749402,0.0064039350937994,-0.000194854060785454,5894.81783333333,2.51,,,,,False,71.91780821917808,False,False,False,4.224379990607227,0.5744517959818434,0.043276019179328884,0.006336749838107947,0.0593880937654212,0.007766990491043568,-0.008806407020329173,0.05907172995780585,0.06278026905829592,107.89473684210532,0.0021043369749402796,-0.0001948540607854543,0.00031238081250073435,-0.0001948540607854543,0.00031238081250073435,0.0503135884100121,0.037370627393976674,2.96666666666667,-0.07829358711890566,-0.058570660934981755,0.18072497605717697,0.248115115012689,0
47260,"Virginia Beach-Chesapeake-Norfolk, VA-NC",2025,2,2.43,413.26,395194.0,"Virginia Beach, VA",msa,VA,362739.851021165,0.023929221567037,-0.000287889313701384,"Virginia Beach, VA",1751.52948486027,3.36666666666667,"Virginia Beach, VA",6565.0,"Virginia Beach-Chesapeake-Norfolk, VA-NC",1797213.0,0.0021043369749402,0.0064039350937994,-0.000194854060785454,5732.06048387097,2.43,,,,,False,46.38554216867472,False,False,False,4.302959094384174,0.6151345881031176,0.02392922156703703,-0.0002878893137033822,0.06012518202484318,0.018601334148837134,-0.007978872432656015,0.08000000000000007,0.04166666666666652,84.42622950819671,0.0021043369749402796,0.0,0.0,0.0001948540607854543,-0.00031238081250073435,0.04252293276686214,0.042068106163513974,2.96666666666667,0.1823148036979223,0.16780821917808209,0.09252306700317803,0.24739314525733902,0
47260,"Virginia Beach-Chesapeake-Norfolk, VA-NC",2025,3,2.48,410.77,395194.0,"Virginia Beach, VA",msa,VA,363992.112928483,0.0184253744256801,0.0034522314098983,"Virginia Beach, VA",1777.86848771574,3.6,"Virginia Beach, VA",7247.0,"Virginia Beach-Chesapeake-Norfolk, VA-NC",1797213.0,0.0021043369749402,0.0064039350937994,-0.000194854060785454,6427.73875,2.48,,,,,False,34.78260869565217,False,False,False,4.34114854319564,0.6311270214625999,0.018425374425680152,0.003452231409900808,0.046438712681735606,0.00887515962243457,-0.006521652812893252,0.12217194570135748,0.032710280373831724,72.65625,0.0021043369749402796,0.0,0.0,0.0,0.0,0.03783650090727875,0.05146857612571565,3.33333333333333,0.10388423457730389,0.11870723362658908,0.1595155481803856,0.24344959483489204,0
47260,"Virginia Beach-Chesapeake-Norfolk, VA-NC",2025,4,2.33,412.07,395194.0,"Virginia Beach, VA",msa,VA,367098.486739436,0.0181355689301587,0.008534178902837,"Virginia Beach, VA",1793.17555916235,3.8,"Virginia Beach, VA",6824.0,"Virginia Beach-Chesapeake-Norfolk, VA-NC",1797213.0,0.0021043369749402,0.0064039350937994,-0.000194854060785454,6777.5671875,2.33,,,,,False,14.215686274509798,False,False,False,4.379442905976072,0.627734034108713,0.018135568930158774,0.008534178902836143,0.04475875920159589,0.008821251426757826,-0.005684261137681961,0.030973451327433787,0.0366972477064218,69.92481203007517,0.0021043369749402796,0.0,0.0,0.0,0.0,0.04773814302694812,0.0487614296331047,3.1,-0.05836898026769699,-0.01299765168478062,0.14737055805338306,0.3229933232101212,0
49340,"Worcester, MA",2019,2,1.13,239.83,395238.0,"Worcester, MA",msa,MA,290024.522182954,0.0372291332742646,0.0132630723875466,"Worcester, MA",1346.35076255327,3.13333333333333,"Worcester, MA",3086.66666666667,"Worcester, MA-CT",947404.0,0.0013645304524936,0.0117276185309614,-0.0028450037284781,2882.32777777778,1.13,,73408.0,920.0,3.950857157025855,False,9.708737864077666,False,False,False,3.954051543061796,0.6387066425473567,0.03722913327426469,0.013263072387546648,0.07205642826166958,0.019672551201733057,0.003432613708548775,-0.025862068965517238,0.04504504504504481,17.17171717171717,0.0013645304524936286,0.0,0.0,0.0028450037284781793,0.0019041624216282749,0.06086518784635997,0.047619217352876,3.63333333333333,0.15967438948027524,0.2560777957860616,0.06629220382021028,0.12725771232385252,0
49340,"Worcester, MA",2019,3,1.11,242.66,395238.0,"Worcester, MA",msa,MA,292551.336279033,0.0311717942607465,0.0087124153401245,"Worcester, MA",1357.57964599815,3.26666666666667,"Worcester, MA",3550.0,"Worcester, MA-CT",947404.0,0.0013645304524936,0.0117276185309614,-0.0028450037284781,2957.8528125,1.11,,73408.0,920.0,3.985278665527367,False,9.90099009900991,False,False,False,4.011930248986043,0.6334400665547002,0.031171794260746566,0.008712415340124346,0.06785817025384921,0.014637822823985847,0.0025945802770392166,-0.02631578947368407,0.02702702702702675,13.99999999999999,0.0013645304524936286,0.0,0.0,0.0,0.0,0.05138866104066531,0.06877883169795074,3.63333333333333,0.15010799136068975,0.2088172043010741,0.037988254372415486,0.15500598332389925,0
49340,"Worcester, MA",2019,4,1.12,247.76,395238.0,"Worcester, MA",msa,MA,295434.792122933,0.034950578061166,0.0098562388419589,"Worcester, MA",1366.09177705694,2.83333333333333,"Worcester, MA",3204.33333333333,"Worcester, MA-CT",947404.0,0.0013645304524936,0.0117276185309614,-0.0028450037284781,3082.755625,1.12,,73408.0,920.0,4.024558523906563,False,8.737864077669922,False,False,False,4.036680162912538,0.6205209090917041,0.03495057806116608,0.009856238841957632,0.05772140567201389,0.006169078820039253,0.001583329979801442,-0.01754385964912264,0.02702702702702675,10.679611650485432,0.0013645304524936286,0.0,0.0,0.0,0.0,0.054441626701480006,0.06378474615571861,3.1,-0.09737089201878035,-0.02428393524283934,0.14221561000009708,0.036741721225998614,0
49340,"Worcester, MA",2020,1,1.14,252.48,395238.0,"Worcester, MA",msa,MA,300388.330393573,0.0494712663364107,0.0167669428337949,"Worcester, MA",1393.97542822733,3.8,"Worcester, MA",2257.0,"Worcester, MA",857028.0,-0.095393306340273,-0.0903457740671042,-0.0967578367927666,3055.86919354839,1.14,,75705.0,1033.0,3.9678796696859258,False,-0.8695652173913104,False,False,False,3.8991425471733328,0.4571251327936112,0.049471266336410746,0.016766942833797094,0.043790211375644095,0.002698757930552187,0.0002271312832761411,-0.03389830508474578,-0.01666666666666672,15.68627450980391,-0.09539330634027299,-0.09675783679276662,-0.0028450037284781793,-0.09675783679276662,-0.0028450037284781793,0.056691225968854564,0.06587393147527631,3.83333333333333,-0.2956413190471229,-0.2720393837177484,0.12306660146926007,-0.004562795426326538,0
49340,"Worcester, MA",2020,2,1.13,253.41,395238.0,"Worcester, MA",msa,MA,305853.468013763,0.0545779567592004,0.0181935750068249,"Worcester, MA",1417.11080683496,14.8333333333333,"Worcester, MA",2310.33333333333,"Worcester, MA",857028.0,-0.095393306340273,-0.0903457740671042,-0.0967578367927666,2931.68761904762,1.13,,75705.0,1033.0,4.040069586074408,False,1.8018018018017834,False,False,False,3.950857157025855,0.4648807600457068,0.05457795675920041,0.018193575006823837,0.03722913327426469,0.013263072387546648,-0.0012036939418892444,0.0,-0.025862068965517238,9.708737864077666,-0.09539330634027299,0.0,0.0,0.09675783679276662,0.0028450037284781793,0.05255691625821046,0.06086518784635997,3.13333333333333,0.023630187564612326,0.15967438948027524,0.017124992393438232,0.06629220382021028,0
49340,"Worcester, MA",2020,3,1.16,265.93,395238.0,"Worcester, MA",msa,MA,311057.21508297,0.0632568595970666,0.0170138566778426,"Worcester, MA",1435.10453491974,10.6,"Worcester, MA",2368.66666666667,"Worcester, MA",857028.0,-0.095393306340273,-0.0903457740671042,-0.0967578367927666,3319.8340625,1.16,,75705.0,1033.0,4.108806750980384,False,4.504504504504481,False,False,False,3.985278665527367,0.46852221379396575,0.06325685959706662,0.0170138566778415,0.031171794260746566,0.008712415340124346,-0.0026555148502861985,0.04504504504504481,-0.02631578947368407,9.90099009900991,-0.09539330634027299,0.0,0.0,0.0,0.0,0.05710522336580137,0.05138866104066531,3.26666666666667,0.025248881835236103,0.15010799136068975,0.12237973724394036,0.037988254372415486,0
49340,"Worcester, MA",2020,4,1.18,281.82,395238.0,"Worcester, MA",msa,MA,325896.260554822,0.1031072481781822,0.0477051961900126,"Worcester, MA",1448.83195107665,7.4,"Worcester, MA",2056.66666666667,"Worcester, MA",857028.0,-0.095393306340273,-0.0903457740671042,-0.0967578367927666,3554.5015625,1.18,,75705.0,1033.0,4.304818183142752,False,6.306306306306286,False,False,False,4.024558523906563,0.49826741465590185,0.10310724817818229,0.047705196190012567,0.03495057806116608,0.009856238841957632,-0.0036748910355675346,0.05357142857142838,-0.01754385964912264,8.737864077669922,-0.09539330634027299,0.0,0.0,0.0,0.0,0.060567068339993035,0.054441626701480006,2.83333333333333,-0.13171967351533898,-0.09737089201878035,0.15302735438200687,0.14221561000009708,0
49340,"Worcester, MA",2021,1,1.23,293.58,395238.0,"Worcester, MA",msa,MA,342690.20890292,0.1408239742666519,0.0515315773169873,"Worcester, MA",1472.3845717508,6.8,"Worcester, MA",1431.0,"Worcester, MA",862157.0,0.0059846352744601,-0.0887378146162245,0.101377941614733,3865.7068852459,1.23,,80333.0,989.0,4.265870923567152,False,2.5000000000000133,False,False,False,3.9678796696859258,0.40150053932933005,0.14082397426665194,0.051531577316987764,0.049471266336410746,0.016766942833797094,-0.0038185376757197452,0.07894736842105265,-0.03389830508474578,-0.8695652173913104,0.005984635274460137,0.10137794161473312,-0.09675783679276662,0.10137794161473312,-0.09675783679276662,0.056248583680689634,0.056691225968854564,3.8,-0.30421393841167055,-0.2956413190471229,0.26501058795554977,0.12306660146926007,0
49340,"Worcester, MA",2021,2,1.34,303.99,395238.0,"Worcester, MA",msa,MA,359337.407747146,0.1748678544687165,0.0485779821300389,"Worcester, MA",1523.12456711008,5.7,"Worcester, MA",1875.0,"Worcester, MA",862157.0,0.0059846352744601,-0.0887378146162245,0.101377941614733,4183.62634920635,1.34,,80333.0,989.0,4.473098325061257,False,15.517241379310365,False,False,False,4.040069586074408,0.43389605549376853,0.17486785446871655,0.04857798213004072,0.05457795675920041,0.018193575006823837,-0.0034082414532909783,0.18584070796460206,0.0,1.8018018018017834,0.005984635274460137,0.0,0.0,-0.10137794161473312,0.09675783679276662,0.0748097888773398,0.05255691625821046,14.8333333333333,0.3102725366876311,0.023630187564612326,0.42703687869904483,0.017124992393438232,0
49340,"Worcester, MA",2021,3,1.41,315.07,395238.0,"Worcester, MA",msa,MA,369381.519785089,0.1875034619806579,0.0279517573773191,"Worcester, MA",1582.75298770546,5.2,"Worcester, MA",2275.0,"Worcester, MA",862157.0,0.0059846352744601,-0.0887378146162245,0.101377941614733,4421.670625,1.41,,80333.0,989.0,4.598129284168262,False,23.684210526315795,False,False,False,4.108806750980384,0.45981331890991317,0.18750346198065793,0.027951757377319142,0.06325685959706662,0.0170138566778415,-0.0023564020562669916,0.21551724137931028,0.04504504504504481,4.504504504504481,0.005984635274460137,0.0,0.0,0.0,0.0,0.10288341315427418,0.05710522336580137,10.6,0.21333333333333337,0.025248881835236103,0.3318950711862574,0.12237973724394036,0
49340,"Worcester, MA",2021,4,1.46,322.43,395238.0,"Worcester, MA",msa,MA,368419.291780994,0.1304802674132519,-0.0026049706131866,"Worcester, MA",1621.29191008878,3.86666666666667,"Worcester, MA",2134.66666666667,"Worcester, MA",862157.0,0.0059846352744601,-0.0887378146162245,0.101377941614733,4602.10890625,1.46,,80333.0,989.0,4.586151292507363,False,28.07017543859649,False,False,False,4.304818183142752,0.6102828732614771,0.13048026741325192,-0.0026049706131884287,0.10310724817818229,0.047705196190012567,0.00032837700384688107,0.23728813559322037,0.05357142857142838,6.306306306306286,0.005984635274460137,0.0,0.0,0.0,0.0,0.1190337905538128,0.060567068339993035,7.4,-0.061684981684980156,-0.13171967351533898,0.2947269329692408,0.15302735438200687,0
49340,"Worcester, MA",2022,1,1.63,338.37,395238.0,"Worcester, MA",msa,MA,379909.805864688,0.1086100390230637,0.0311886872919909,"Worcester, MA",1649.90587417008,4.23333333333333,"Worcester, MA",1385.66666666667,"Worcester, MA",866439.0,0.0049666128094998,-0.0854598460635589,-0.0010180224649603,4463.85548387097,1.63,,86708.0,1220.0,4.381485051721733,False,38.13559322033897,False,False,False,4.265870923567152,0.6128302281027351,0.10861003902306376,0.031188687291990425,0.14082397426665194,0.051531577316987764,0.004219848932705634,0.3252032520325203,0.07894736842105265,2.5000000000000133,0.004966612809499837,-0.0010180224649602998,0.10137794161473312,-0.0010180224649602998,0.10137794161473312,0.12056721173612339,0.056248583680689634,6.8,-0.35087445346658297,-0.30421393841167055,0.154732010569141,0.26501058795554977,0
49340,"Worcester, MA",2022,2,1.91,344.81,395238.0,"Worcester, MA",msa,MA,400376.953240162,0.1142089429272397,0.053873701229926,"Worcester, MA",1720.65297366322,3.63333333333333,"Worcester, MA",1917.0,"Worcester, MA",866439.0,0.0049666128094998,-0.0854598460635589,-0.0010180224649603,4105.66709677419,1.91,,86708.0,1220.0,4.617531868341583,False,69.02654867256639,False,False,False,4.473098325061257,0.7688233617405804,0.11420894292723971,0.05387370122992752,0.17486785446871655,0.04857798213004072,0.00893400947104079,0.425373134328358,0.18584070796460206,15.517241379310365,0.004966612809499837,0.0,0.0,0.0010180224649602998,-0.10137794161473312,0.12968631116489915,0.0748097888773398,5.7,0.38344960307914033,0.3102725366876311,-0.018634372653033138,0.42703687869904483,0
49340,"Worcester, MA",2022,3,2.02,347.0,395238.0,"Worcester, MA",msa,MA,408264.630768619,0.1052654475138676,0.0197006282819823,"Worcester, MA",1773.57331014555,3.86666666666667,"Worcester, MA",2360.0,"Worcester, MA",866439.0,0.0049666128094998,-0.0854598460635589,-0.0010180224649603,3980.35109375,2.02,,86708.0,1220.0,4.708500147259988,False,81.98198198198196,False,False,False,4.598129284168262,0.8418132095897222,0.10526544751386768,0.01970062828198227,0.18750346198065793,0.027951757377319142,0.013224363981808098,0.4326241134751774,0.21551724137931028,23.684210526315795,0.004966612809499837,0.0,0.0,0.0,0.0,0.12056228857083062,0.10288341315427418,5.2,0.2310902451747523,0.21333333333333337,-0.0998083232963558,0.3318950711862574,0
49340,"Worcester, MA",2022,4,2.28,347.7,395238.0,"Worcester, MA",msa,MA,404650.022503798,0.0983410248352067,-0.0088535915002367,"Worcester, MA",1767.57293178051,3.33333333333333,"Worcester, MA",1900.33333333333,"Worcester, MA",866439.0,0.0049666128094998,-0.0854598460635589,-0.0010180224649603,3851.97349206349,2.28,,86708.0,1220.0,4.666813010377336,False,103.57142857142851,False,False,False,4.586151292507363,0.7734532745263105,0.09834102483520679,-0.008853591500238345,0.13048026741325192,-0.0026049706131884287,0.014024076313348335,0.5616438356164382,0.23728813559322037,28.07017543859649,0.004966612809499837,0.0,0.0,0.0,0.0,0.09022497477565272,0.1190337905538128,3.86666666666667,-0.1947740112994364,-0.061684981684980156,-0.1629981883235685,0.2947269329692408,0
49340,"Worcester, MA",2023,1,2.69,348.8,395238.0,"Worcester, MA",msa,MA,405465.053876411,0.0672666185953225,0.0020141636656021,"Worcester, MA",1802.81210873936,4.1,"Worcester, MA",1318.0,"Worcester, MA",874225.0,0.0089862067612376,0.0200658554913025,0.0040195939517377,4000.06451612903,2.69,,93561.0,1275.0,4.333697308455564,False,135.96491228070175,False,False,False,4.381485051721733,0.6375361156113843,0.06726661859532257,0.0020141636656039186,0.10861003902306376,0.031188687291990425,0.012840586681156575,0.6503067484662577,0.3252032520325203,38.13559322033897,0.008986206761237625,0.004019593951737788,-0.0010180224649602998,0.004019593951737788,-0.0010180224649602998,0.09267573196937273,0.12056721173612339,4.23333333333333,-0.3064374671110319,-0.35087445346658297,-0.10389918970668588,0.154732010569141,0
49340,"Worcester, MA",2023,2,2.4,360.9,395238.0,"Worcester, MA",msa,MA,414091.253073716,0.0342534696929162,0.0212748277930122,"Worcester, MA",1851.06286438748,3.26666666666667,"Worcester, MA",1403.0,"Worcester, MA",874225.0,0.0089862067612376,0.0200658554913025,0.0040195939517377,4206.07290322581,2.4,,93561.0,1275.0,4.425895972399996,False,112.38938053097347,False,False,False,4.617531868341583,0.7993929542580531,0.034253469692916205,0.021274827793012152,0.11420894292723971,0.05387370122992752,0.011120923176003845,0.25654450261780104,0.425373134328358,69.02654867256639,0.008986206761237625,0.0,0.0,-0.004019593951737788,0.0010180224649602998,0.0757909309549043,0.12968631116489915,3.63333333333333,0.06449165402124435,0.38344960307914033,0.02445541834858167,-0.018634372653033138,0
49340,"Worcester, MA",2023,3,2.26,369.59,395238.0,"Worcester, MA",msa,MA,427710.314068746,0.0476300953710282,0.0328890332600325,"Worcester, MA",1887.90093451216,3.53333333333333,"Worcester, MA",1517.0,"Worcester, MA",874225.0,0.0089862067612376,0.0200658554913025,0.0040195939517377,4458.13746031746,2.26,,93561.0,1275.0,4.571459412241703,False,94.82758620689656,False,False,False,4.708500147259988,0.8192413462768666,0.04763009537102825,0.03288903326003245,0.10526544751386768,0.01970062828198227,0.008243625139281957,0.1188118811881187,0.4326241134751774,81.98198198198196,0.008986206761237625,0.0,0.0,0.0,0.0,0.06446174156580398,0.12056228857083062,3.86666666666667,0.08125445473984327,0.2310902451747523,0.12003623683289799,-0.0998083232963558,0
49340,"Worcester, MA",2023,4,2.26,378.29,395238.0,"Worcester, MA",msa,MA,438557.233618371,0.0837939187665675,0.0253604348383378,"Worcester, MA",1903.93324903481,3.4,"Worcester, MA",1535.33333333333,"Worcester, MA",874225.0,0.0089862067612376,0.0200658554913025,0.0040195939517377,4464.90761904762,2.26,,93561.0,1275.0,4.68739361078196,False,91.52542372881356,False,False,False,4.666813010377336,0.7160580767960676,0.0837939187665675,0.025360434838336943,0.09834102483520679,-0.008853591500238345,0.004753628618063368,-0.00877192982456143,0.5616438356164382,103.57142857142851,0.008986206761237625,0.0,0.0,0.0,0.0,0.07714551111446455,0.09022497477565272,3.33333333333333,0.012085255987692944,-0.1947740112994364,0.15912210409729033,-0.1629981883235685,0
49340,"Worcester, MA",2024,1,2.56,383.87,395238.0,"Worcester, MA",msa,MA,444056.920021154,0.0951792658227608,0.0125404074569864,"Worcester, MA",1921.39700825199,4.13333333333333,"Worcester, MA",1160.0,"Worcester, MA",883722.0,0.0108633360976864,0.0250128456881984,0.0018771293364487,4992.54098360656,2.56,,95939.0,1131.0,4.628533964510304,False,108.13008130081303,False,False,False,4.333697308455564,0.4559313154397122,0.09517926582276082,0.012540407456985925,0.06726661859532257,0.0020141636656039186,0.0002852040737376916,-0.048327137546468335,0.6503067484662577,135.96491228070175,0.010863336097686416,0.0018771293364487907,0.004019593951737788,0.0018771293364487907,0.004019593951737788,0.06577773631415873,0.09267573196937273,4.1,-0.24446374294398454,-0.3064374671110319,0.248115115012689,-0.10389918970668588,0
49340,"Worcester, MA",2024,2,2.34,385.04,395238.0,"Worcester, MA",msa,MA,453115.3601383,0.0942403558996136,0.0203992770042047,"Worcester, MA",1972.93535914818,3.86666666666667,"Worcester, MA",1463.0,"Worcester, MA",883722.0,0.0108633360976864,0.0250128456881984,0.0018771293364487,5246.62650793651,2.34,,95939.0,1131.0,4.722952710975724,False,74.62686567164177,False,False,False,4.425895972399996,0.4718444293381996,0.09424035589961366,0.02039927700420585,0.034253469692916205,0.021274827793012152,-0.005345277697678993,-0.025000000000000022,0.25654450261780104,112.38938053097347,0.010863336097686416,0.0,0.0,-0.0018771293364487907,-0.004019593951737788,0.06583919817387063,0.0757909309549043,3.26666666666667,0.26120689655172424,0.06449165402124435,0.24739314525733902,0.02445541834858167,0
49340,"Worcester, MA",2024,3,2.28,394.27,395238.0,"Worcester, MA",msa,MA,459742.5799022,0.0748924325175508,0.0146258995984547,"Worcester, MA",2015.85486785571,4.23333333333333,"Worcester, MA",1801.33333333333,"Worcester, MA",883722.0,0.0108633360976864,0.0250128456881984,0.0018771293364487,5543.46921875,2.28,,95939.0,1131.0,4.7920301431347,False,61.70212765957446,False,False,False,4.571459412241703,0.55952916325566,0.07489243251755084,0.01462589959845384,0.04763009537102825,0.03288903326003245,-0.009924649002368195,0.008849557522123908,0.1188118811881187,94.82758620689656,0.010863336097686416,0.0,0.0,0.0,0.0,0.06777576672825458,0.06446174156580398,3.53333333333333,0.23125996810207106,0.08125445473984327,0.24344959483489204,0.12003623683289799,0
49340,"Worcester, MA",2024,4,2.33,394.06,395238.0,"Worcester, MA",msa,MA,465236.211519116,0.0608335146603939,0.0119493643988446,"Worcester, MA",2015.43536925339,3.86666666666667,"Worcester, MA",1820.33333333333,"Worcester, MA",883722.0,0.0108633360976864,0.0250128456881984,0.0018771293364487,5907.04296875,2.33,,95939.0,1131.0,4.849291857525261,False,59.58904109589043,False,False,False,4.68739361078196,0.6507134478694221,0.060833514660393995,0.011949364398843976,0.0837939187665675,0.025360434838336943,-0.011192444651961193,0.030973451327433787,-0.00877192982456143,91.52542372881356,0.010863336097686416,0.0,0.0,0.0,0.0,0.05856409108623195,0.07714551111446455,3.4,0.010547742413027361,0.012085255987692944,0.3229933232101212,0.15912210409729033,0
49340,"Worcester, MA",2025,1,2.69,405.73,395238.0,"Worcester, MA",msa,MA,470015.432020995,0.0584576229520406,0.010272675220772,"Worcester, MA",2044.80306670773,4.7,"Worcester, MA",1320.0,"Worcester, MA",888502.0,0.0054089408207558,0.0254639968884134,-0.0054543952769305,5894.81783333333,2.69,,,,,False,65.03067484662577,False,False,False,4.628533964510304,0.7293914173369709,0.0584576229520406,0.010272675220773575,0.09517926582276082,0.012540407456985925,-0.010172887449835815,0.05078125,-0.048327137546468335,108.13008130081303,0.005408940820755825,-0.00545439527693059,0.0018771293364487907,-0.00545439527693059,0.0018771293364487907,0.06422725648355732,0.06577773631415873,4.13333333333333,-0.2748580845998888,-0.24446374294398454,0.18072497605717697,0.248115115012689,0
49340,"Worcester, MA",2025,2,2.63,405.55,395238.0,"Worcester, MA",msa,MA,470099.992580317,0.037484124212503,0.000179910176478559,"Worcester, MA",2087.27689401073,4.33333333333333,"Worcester, MA",1764.33333333333,"Worcester, MA",888502.0,0.0054089408207558,0.0254639968884134,-0.0054543952769305,5732.06048387097,2.63,,,,,False,37.69633507853403,False,False,False,4.722952710975724,0.7720955539498688,0.03748412421250302,0.0001799101764774491,0.09424035589961366,0.02039927700420585,-0.007322799302395715,0.12393162393162394,-0.025000000000000022,74.62686567164177,0.005408940820755825,0.0,0.0,0.00545439527693059,-0.0018771293364487907,0.057955033515095566,0.06583919817387063,3.86666666666667,0.33661616161615915,0.26120689655172424,0.09252306700317803,0.24739314525733902,0
49340,"Worcester, MA",2025,3,2.6,405.89,395238.0,"Worcester, MA",msa,MA,469723.689242573,0.0217102130120212,-0.000800475098242881,"Worcester, MA",2112.60328699474,4.73333333333333,"Worcester, MA",2203.33333333333,"Worcester, MA",888502.0,0.0054089408207558,0.0254639968884134,-0.0054543952769305,6427.73875,2.6,,,,,False,28.712871287128717,False,False,False,4.7920301431347,0.806751477607333,0.02171021301202125,-0.0008004750982414377,0.07489243251755084,0.01462589959845384,-0.004078687596945998,0.14035087719298267,0.008849557522123908,61.70212765957446,0.005408940820755825,0.0,0.0,0.0,0.0,0.04799374234809983,0.06777576672825458,4.23333333333333,0.24881919516342377,0.23125996810207106,0.1595155481803856,0.24344959483489204,0
49340,"Worcester, MA",2025,4,2.42,407.47,395238.0,"Worcester, MA",msa,MA,473642.010434746,0.0180678087979928,0.0083417576799074,"Worcester, MA",2109.2778363375,4.7,"Worcester, MA",2133.33333333333,"Worcester, MA",888502.0,0.0054089408207558,0.0254639968884134,-0.0054543952769305,6777.5671875,2.42,,,,,False,6.140350877192979,False,False,False,4.849291857525261,0.8247333336186973,0.018067808797992857,0.008341757679905859,0.060833514660393995,0.011949364398843976,-0.003179777174289258,0.03862660944205998,0.030973451327433787,59.58904109589043,0.005408940820755825,0.0,0.0,0.0,0.0,0.04656188360873781,0.05856409108623195,3.86666666666667,-0.03177004538577921,0.010547742413027361,0.14737055805338306,0.3229933232101212,0
