cbsa,year,qtr,index_sa,metro_name,population,median_income,zhvi_qtr,zori_qtr,inventory_qtr,unemployment_rate,qcew_avg_wkly_wage,qcew_employment,sp500_qtr,price_to_income_ratio,is_unaffordable,prev_unaffordable,next_unaffordable,collapse_onset,collapse_onset_confirmed,price_to_income_lag,price_to_income_5yr_chg,zhvi_yoy_lag,zhvi_qoq_lag,three-year_home_price_growth_trend,hpi_yoy_lag,hpi_3yr_chg_lag,pop_velocity_lag,pop_acceleration_lag,zori_yoy_lag,unemployment_rate_lag,inv_qoq_lag,sp500_yoy_lag,qcew_wage_yoy_lag,qcew_emp_yoy_lag
10740,2019,2,0.72,"Albuquerque, NM",918018.0,53553.5,208214.23819088007,966.3663401872894,3737.6666666666665,4.633333333333334,904.0,382401.0,2882.3277777777776,3.887966952503199,False,False,False,False,False,3.790864936291099,0.35545041649422915,0.03963304101703824,0.010406853524844273,0.00022234429207773312,0.013513513513513598,8.69565217391306,0.0,0.0004914911181435055,0.032439750197761574,4.433333333333334,0.08063973063973062,0.1272577123238514,0.022379269729092988,0.01080666004907016
10740,2019,3,0.72,"Albuquerque, NM",918018.0,54072.0,211292.50336291755,984.473562333537,3928.3333333333335,4.8999999999999995,917.0,386932.0,2957.8528125,3.9076139843711633,False,False,False,False,False,3.8131704693537456,0.3714461984046413,0.04315622630764149,0.01180427771534287,-0.00021618432384808514,-0.02631578947368418,5.714285714285716,0.0,0.0,0.03421650768124085,4.833333333333333,0.08295684686088167,0.15500598332389726,0.029377203290246845,0.009668196023671749
10740,2019,4,0.72,"Albuquerque, NM",918018.0,54396.5,214310.900115837,986.5457958695179,3566.0,4.3,961.0,390852.0,3082.755625,3.9397920843406653,False,False,False,False,False,3.8163775181697526,0.3674686852451967,0.044255188215057695,0.01082096910588115,-0.00017716290898310856,-0.05128205128205132,0.0,0.0,0.0,0.03927298453418682,4.466666666666667,-0.07437243760339485,0.03674172122599795,0.03712035995500562,0.013445391514534721
10740,2020,1,0.73,"Albuquerque, NM",917747.0,54721.0,218750.8491728648,995.0567733532321,2885.6666666666665,4.966666666666666,950.0,384696.0,3055.869193548387,3.997566732568206,False,False,False,False,False,3.836039748106461,0.3633433952302947,0.04897612974293297,0.015076020590647499,0.00019271436821797296,-0.02564102564102566,2.7027027027026973,0.000467112993797425,0.000467112993797425,0.0428624245427045,4.633333333333333,-0.1739839925402129,-0.004562795426325428,0.02578475336322872,0.012319113023862238
10740,2020,2,0.71,"Albuquerque, NM",917747.0,55045.5,223428.50358041027,1004.9994461654725,2851.0,9.200000000000001,995.0,349541.0,2931.687619047619,4.058978546482642,False,False,False,False,False,3.887966952503199,0.37367792616696116,0.06251256542733286,0.023445574807441805,0.00114732399763603,-0.040000000000000036,-1.3698630136986356,0.0,-0.000467112993797425,0.04456680883980524,4.633333333333334,0.05484477892756345,0.0662922038202094,0.041474654377880116,0.012205193361391142
10740,2020,3,0.72,"Albuquerque, NM",917747.0,55370.0,229328.04530419759,1038.469123145582,2767.0,8.700000000000001,985.0,359649.0,3319.8340625,4.141738221134145,False,False,False,False,False,3.9076139843711633,0.38164500149393854,0.06564175204601552,0.014784124269232146,0.00241038456504019,-0.027027027027027084,2.857142857142869,0.0,0.0,0.053011763322037275,4.8999999999999995,0.05101221796129507,0.03798825437241593,0.04680365296803646,0.019288216854139728
10740,2020,4,0.73,"Albuquerque, NM",917747.0,56111.25,239345.53433968546,1055.4138869785913,2456.6666666666665,7.466666666666666,1099.0,358124.0,3554.5015625,4.265553420030483,False,False,False,False,False,3.9397920843406653,0.41173774239382555,0.06929406674520666,0.014285394440781696,0.003515422816893028,-0.027027027027027084,0.0,0.0,0.0,0.05222559615551381,4.3,-0.09223589308442937,0.14221561000009686,0.042299349240780826,0.02216398998893765
10740,2021,1,0.77,"Albuquerque, NM",919682.0,56852.5,249913.60754390006,1076.0287224208002,1929.3333333333333,7.433333333333334,990.0,363350.0,3865.7068852459015,4.395824414826086,False,False,False,False,False,3.997566732568206,0.4327996598081243,0.07523669138369571,0.020717327278397812,0.004278936779317321,-0.03947368421052633,-5.1948051948051965,-0.0036516797554019265,-0.0036516797554019265,0.052631284127413025,4.966666666666666,-0.1907833239857918,0.12306660146925985,0.03825136612021862,0.013299196358722787
10740,2021,2,0.84,"Albuquerque, NM",919682.0,57593.75,263086.03643107996,1134.3930287984904,2041.6666666666667,7.1000000000000005,1015.0,367119.0,4183.62634920635,4.567961565813651,False,False,False,False,False,4.058978546482642,0.45121176377034944,0.07307024496366354,0.02138347999668344,0.00448908099876579,-0.01388888888888895,-4.054054054054057,0.0,0.0036516797554019265,0.03997770242152221,9.200000000000001,-0.012013399561048854,0.017124992393438676,0.10066371681415931,-0.0859307376288242
10740,2021,3,0.88,"Albuquerque, NM",919682.0,58335.0,273566.96631686477,1208.2623561558833,2416.6666666666665,6.566666666666666,1036.0,375947.0,4421.670625,4.6895854344195556,False,False,False,False,False,4.141738221134145,0.5129152709439051,0.08535817245868893,0.026404606526239993,0.004767542785852444,0.0,-5.263157894736848,0.0,0.0,0.05484714153629189,8.700000000000001,-0.029463346194317785,0.12237973724394036,0.07415485278080691,-0.07051109755719354
10740,2021,4,0.94,"Albuquerque, NM",919682.0,59744.0,279577.5309625782,1239.7043747005844,2091.6666666666665,5.066666666666666,1126.0,384039.0,4602.1089062500005,4.679591774279897,False,False,False,False,False,4.265553420030483,0.6185156309578193,0.1168145633764639,0.04368191872127958,0.005973033570419571,0.01388888888888884,-6.410256410256421,0.0,0.0,0.06980729267451258,7.466666666666666,-0.11215516202867126,0.15302735438200687,0.1436004162330906,-0.08373501990523269
10740,2022,1,1.04,"Albuquerque, NM",920200.0,61153.0,292309.84511699295,1260.0568783620731,1464.0,4.533333333333333,1054.0,383550.0,4463.855483870967,4.779975555033979,False,False,False,False,False,4.395824414826086,0.7236672787235778,0.1424577709703394,0.044154043790163744,0.007846200075115613,0.0547945205479452,-1.2820512820512886,0.002403625400550724,0.002403625400550724,0.0813742001822686,7.433333333333334,-0.21465400271370416,0.2650105879555513,0.042105263157894646,-0.05548796972154635
10740,2022,2,1.25,"Albuquerque, NM",920200.0,62562.0,310100.6144945152,1314.5210716220874,1770.3333333333333,3.8333333333333335,1052.0,383566.0,4105.667096774193,4.956692792661922,False,False,False,False,False,4.567961565813651,0.8711183299142466,0.17749540553314969,0.05270792981877159,0.010415662203709984,0.18309859154929575,11.99999999999999,0.0,-0.002403625400550724,0.128749904417075,7.1000000000000005,0.05822391154111961,0.4270368786990453,0.0201005025125629,0.05028880732160168
10740,2022,3,1.45,"Albuquerque, NM",920200.0,63971.0,317314.2257546593,1360.023140932447,2246.0,3.5,1124.0,391326.0,3980.35109375,4.96028240538149,False,False,False,False,False,4.6895854344195556,0.9752663656979652,0.19290671995213415,0.0398384119049604,0.01277393950137585,0.22222222222222232,18.918918918918926,0.0,0.0,0.163503400559458,6.566666666666666,0.18367346938775508,0.3318950711862574,0.05177664974619289,0.04531640571779705
10740,2022,4,1.68,"Albuquerque, NM",920200.0,64977.0,315341.2397122373,1366.6501820924925,2081.3333333333335,2.9333333333333336,1132.0,395898.0,3851.9734920634924,4.853120946061488,False,False,False,False,False,4.679591774279897,0.957724358322547,0.1680916952718008,0.021971090759370204,0.013180539337586328,0.28767123287671237,27.027027027027017,0.0,0.0,0.17461442377793102,5.066666666666666,-0.1344827586206897,0.294726932969241,0.02456778889899902,0.07236320380650274
10740,2023,1,1.69,"Albuquerque, NM",923477.0,65983.0,314631.92021080066,1369.1978127759473,1657.3333333333333,3.1666666666666665,1145.0,393988.0,4000.064516129032,4.768378524935221,False,False,False,False,False,4.779975555033979,1.0609004342350081,0.16964357399244667,0.04554126402997305,0.012995425508328263,0.35064935064935066,36.8421052631579,-0.0015451860543753693,-0.0015451860543753693,0.1710253194052802,4.533333333333333,-0.30007968127490037,0.15473201056913988,0.06464646464646462,0.05559378010183025
10740,2023,2,1.74,"Albuquerque, NM",923477.0,66989.0,319374.99259331974,1397.27762518958,1655.6666666666667,3.233333333333333,1111.0,399220.0,4206.072903225806,4.767573670204358,False,False,False,False,False,4.956692792661922,1.2251466624365568,0.17870419388735415,0.06086271015059963,0.012930261309287523,0.48809523809523814,73.61111111111111,0.0,0.0015451860543753693,0.15878803752380466,3.8333333333333335,0.20924408014571938,-0.01863437265303247,0.03645320197044333,0.044800187405173775
10740,2023,3,1.63,"Albuquerque, NM",923477.0,67995.0,326823.08649244794,1419.8979180129663,1979.3333333333333,3.8666666666666667,1131.0,399286.0,4458.13746031746,4.806575284836355,False,False,False,False,False,4.96028240538149,1.2172614615157156,0.1599142616770597,0.023262163707423733,0.011472114294895705,0.6477272727272727,101.38888888888889,0.0,0.0,0.1256025100867948,3.5,0.2686876294483149,-0.0998083232963558,0.084942084942085,0.04090736194197597
10740,2023,4,1.64,"Albuquerque, NM",923477.0,68692.0,332238.67571898556,1423.5109168931115,2022.3333333333333,3.4,1185.0,403696.0,4464.907619047619,4.836642923760927,False,False,False,False,False,4.853120946061488,1.0960885613716616,0.1279205400610186,-0.006217767380991668,0.008290205511451248,0.7872340425531916,133.33333333333334,0.0,0.0,0.1024000640657321,2.9333333333333336,-0.0733155238943306,-0.16299818832356816,0.005328596802841812,0.030879676282877577
10740,2024,1,1.82,"Albuquerque, NM",926303.0,69389.0,335886.98281829106,1423.8893879957031,1828.0,3.4333333333333336,1196.0,400525.0,4992.540983606557,4.840637317417618,False,False,False,False,False,4.768378524935221,0.9943456928842895,0.07636443132756487,-0.002249371195736871,0.002985513432904493,0.625,131.50684931506848,0.0029979441889063096,0.0029979441889063096,0.08661587924169312,3.1666666666666665,-0.20371556694426662,-0.10389918970668477,0.08633776091081602,0.02721418328770686
10740,2024,2,1.7,"Albuquerque, NM",926303.0,70086.0,340304.5345388406,1446.4192623147599,2107.3333333333335,3.7000000000000006,1159.0,405517.0,5246.626507936508,4.8555279875986725,False,False,False,False,False,4.767573670204358,0.9767087339132594,0.029907641795300588,0.015074987875804968,-0.004212339373625001,0.3919999999999999,145.0704225352113,0.0,-0.0029979441889063096,0.06295566906764982,3.233333333333333,-0.001005631536604934,0.024455418348580116,0.056083650190114076,0.040811750780830325
10740,2024,3,1.7,"Albuquerque, NM",926303.0,70783.0,341418.616147264,1465.3317453636412,2455.0,4.366666666666666,1199.0,406185.0,5543.46921875,4.823455012464349,False,False,False,False,False,4.806575284836355,0.9934048154826094,0.02996670166669646,0.02332084249505506,-0.01054754210198174,0.12413793103448278,126.38888888888889,0.0,0.0,0.04402482228314786,3.8666666666666667,0.1954902355546606,0.12003623683289799,0.006227758007117501,0.02034109668153916
10740,2024,4,1.76,"Albuquerque, NM",926303.0,70783.0,344329.7075221992,1462.127228825204,2491.0,3.733333333333333,1256.0,406443.0,5907.04296875,4.86458199740332,False,False,False,False,False,4.836642923760927,1.0202654055911742,0.053584605750164105,0.016570399859627827,-0.01415717501064195,-0.023809523809523836,124.65753424657535,0.0,0.0,0.04160591755350218,3.4,0.02172448635904356,0.15912210409728944,0.046819787985865835,0.019696992659725465
10740,2025,1,1.95,"Albuquerque, NM",,,347830.3872306182,1473.5486495600665,2300.0,3.766666666666667,1246.0,403060.0,5894.8178333333335,,False,False,False,False,False,4.840637317417618,1.0045975693111564,0.06755532812198362,0.010980982546388685,-0.015621704562438552,0.0769230769230771,136.36363636363637,-0.0005010086819339232,-0.0005010086819339232,0.039944246703748965,3.4333333333333336,-0.09609362122960274,0.24811511501268746,0.044541484716157154,0.01659187589469724
10740,2025,2,1.81,"Albuquerque, NM",,,348597.8842549646,1489.5738924105983,2572.6666666666665,3.8000000000000003,1203.0,405884.0,5732.060483870968,,False,False,False,False,False,4.8555279875986725,0.9675610350954735,0.06553281387366394,0.0131518991402515,-0.015047610064299034,-0.02298850574712641,102.38095238095238,0.0,0.0005010086819339232,0.03516955846087666,3.7000000000000006,0.15280816921954776,0.24739314525733946,0.04320432043204314,0.015773257852812916
10740,2025,3,1.83,"Albuquerque, NM",,,347949.5571937262,1496.4302769422823,2928.0,4.3,1233.0,404239.0,6427.73875,,False,False,False,False,False,4.823455012464349,0.9158410280931855,0.04465880856661375,0.003273778323092724,-0.01379289244592098,0.042944785276073594,93.18181818181816,0.0,0.0,0.03199795335586941,4.366666666666666,0.16497943688706096,0.24344959483489204,0.060123784261715274,0.01727834184018473
10740,2025,4,1.8,"Albuquerque, NM",,,349161.96734237135,1493.0630110231725,2829.3333333333335,4.2,1296.0,406171.0,6777.5671875,,False,False,False,False,False,4.86458199740332,0.9247899130626549,0.03639260774516351,0.008526457660057885,-0.012947362614638202,0.07317073170731714,87.2340425531915,0.0,0.0,0.027127513722462027,3.733333333333333,0.014663951120162944,0.3229933232101214,0.059915611814346015,0.006804625262573749
11460,2019,2,1.35,"Ann Arbor, MI",367601.0,71798.0,312487.3973494261,1476.421422812836,1464.6666666666667,2.966666666666667,1156.0,215228.0,2882.3277777777776,4.352313397997523,False,False,False,False,False,4.296899727194354,0.8133607846784319,0.06892035749033254,0.02197418907290727,0.00022438853274383918,0.04444444444444429,24.778761061946895,0.0,0.005464917606051944,0.05353039146896976,3.0,0.3292410714285714,0.1272577123238514,0.028310502283104944,0.01574594038657473
11460,2019,3,1.31,"Ann Arbor, MI",367601.0,72586.0,314673.65017136483,1476.1492977191938,1707.6666666666667,3.3333333333333335,1178.0,221221.0,2957.8528125,4.335183784357381,False,False,False,False,False,4.325443856042231,0.7384839653190318,0.07111863700918364,0.02066657735624089,0.00038652203225450233,0.04444444444444429,21.55172413793103,0.0,0.0,0.03658954297306494,3.266666666666667,0.24321298628603416,0.15500598332389726,0.038147138964577554,0.0060359342097240365
11460,2019,4,1.3,"Ann Arbor, MI",367601.0,73372.0,316502.43766257324,1477.073321334865,1562.6666666666667,2.1999999999999997,1204.0,224193.0,3082.755625,4.3136678523493055,False,False,False,False,False,4.316543443986242,0.6236959994899411,0.06933152232160067,0.009267866801292213,0.0006901733459764409,0.03703703703703698,11.99999999999999,0.0,0.0,0.029537952672933354,2.6,-0.09095002251238182,0.03674172122599795,0.03439153439153442,0.011642775734101773
11460,2020,1,1.33,"Ann Arbor, MI",371849.0,74158.0,318872.9685157412,1486.5454374052779,1207.6666666666667,2.533333333333333,1206.0,220028.0,3055.869193548387,4.299913273223943,False,False,False,False,False,4.320452344294999,0.5462061521227781,0.065539830280269,0.012137278919737593,0.000990088304775563,-0.013513513513513487,18.699186991869922,-0.006926540775675782,-0.006926540775675782,0.049815397822799534,2.966666666666667,-0.19465081723625555,-0.004562795426325428,0.04074402125775012,0.016025895530405343
11460,2020,2,1.29,"Ann Arbor, MI",371849.0,74944.0,320581.20016990806,1499.7579310758927,1281.6666666666667,11.966666666666667,1260.0,189467.0,2931.687619047619,4.277609951028876,False,False,False,False,False,4.352313397997523,0.548500802957232,0.06197314899198414,0.01855333504784684,0.0010630570288014413,-0.04255319148936154,10.655737704918034,0.0,0.006926540775675782,0.03634137705591778,2.966666666666667,0.35116851168511687,0.0662922038202094,0.026642984014209503,0.023131554178035918
11460,2020,3,1.32,"Ann Arbor, MI",371849.0,75730.0,320835.5833958499,1497.4906047678899,1591.6666666666667,7.766666666666667,1277.0,202949.0,3319.8340625,4.236571812965138,False,False,False,False,False,4.335183784357381,0.5170515120961654,0.047749623719116174,0.006996291180005665,0.0005113122805204076,-0.07092198581560272,9.166666666666679,0.0,0.0,0.031148447265438195,3.3333333333333335,0.1659080564406008,0.03798825437241593,0.03062117235345574,0.03128525476667754
11460,2020,4,1.34,"Ann Arbor, MI",371849.0,76597.0,328357.8309104143,1494.229533349957,1346.3333333333333,4.533333333333333,1366.0,203281.0,3554.5015625,4.286823647276189,False,False,False,False,False,4.3136678523493055,0.429688527712468,0.04416167435705076,0.005811695673318962,-0.0006861450771827899,-0.07142857142857129,5.691056910569103,0.0,0.0,0.03549055389958777,2.1999999999999997,-0.08491118485262539,0.14221561000009686,0.026427962489343537,0.02673627807927459
11460,2021,1,1.37,"Ann Arbor, MI",365041.0,77464.0,337821.5687634719,1538.6978292615643,942.3333333333334,4.5,1273.0,203728.0,3865.7068852459015,4.361013745268408,False,False,False,False,False,4.299913273223943,0.3522055840262417,0.03936711782054125,0.007489771234227227,-0.0021845847196453115,-0.08904109589041087,-3.6231884057970842,0.016649611501910355,0.016649611501910355,0.013371051889240482,2.533333333333333,-0.2271757679180887,0.12306660146925985,0.026382978723404227,0.011520673770929024
11460,2021,2,1.52,"Ann Arbor, MI",365041.0,78331.0,349781.20333794545,1575.6267161812148,965.0,4.733333333333333,1287.0,203417.0,4183.62634920635,4.4654249701643725,False,False,False,False,False,4.277609951028876,0.28341287585649466,0.025901213582163685,0.005357091452806939,-0.0036338768226647313,-0.04444444444444451,-4.444444444444451,0.0,-0.016649611501910355,0.015806129538947333,11.966666666666667,0.06127518630968809,0.017124992393438676,0.08996539792387548,-0.11969167580426343
11460,2021,3,1.59,"Ann Arbor, MI",365041.0,79198.0,355084.7244391113,1624.5470250866977,1298.0,4.333333333333333,1298.0,210510.0,4421.670625,4.483506205195981,False,False,False,False,False,4.236571812965138,0.19905136268784318,0.01958198031875069,0.0007935063746939974,-0.004648461468861124,0.007633587786259444,-2.2222222222222254,0.0,0.0,0.0144574177433614,7.766666666666667,0.24187256176853045,0.12237973724394036,0.08404074702886244,-0.0825961368947794
11460,2021,4,1.68,"Ann Arbor, MI",365041.0,80459.75,355292.07333844196,1645.7991207551424,1083.3333333333333,2.8666666666666667,1378.0,212327.0,4602.1089062500005,4.415774015435568,False,False,False,False,False,4.286823647276189,0.17726030782326063,0.03745751007605258,0.02344580184948919,-0.004619705877133636,0.030769230769230882,-0.7407407407407418,0.0,0.0,0.011615003647609923,4.533333333333333,-0.15413612565445034,0.15302735438200687,0.13455149501661134,-0.09327677492160769
11460,2022,1,1.98,"Ann Arbor, MI",367947.0,81721.5,364345.02561283304,1680.595554271613,610.6666666666666,3.4,1300.0,211627.0,4463.855483870967,4.458374180758222,False,False,False,False,False,4.361013745268408,0.19218097722708904,0.059423664338594806,0.028821416644208453,-0.003584824082007566,0.03007518796992481,-7.432432432432423,-0.02986451468436191,-0.02986451468436191,0.03508294502407994,4.5,-0.3000742758108442,0.2650105879555513,0.05555555555555558,-0.07408148053884056
11460,2022,2,2.37,"Ann Arbor, MI",367947.0,82983.25,379280.480465525,1745.9406998554412,776.6666666666666,3.6333333333333333,1313.0,210773.0,4105.667096774193,4.570566716361736,False,False,False,False,False,4.4654249701643725,0.280007102650905,0.0910845774878919,0.035402223186190795,-0.0012182421270080794,0.17829457364341073,7.801418439716312,0.0,0.02986451468436191,0.05058735382108992,4.733333333333333,0.02405376724442876,0.4270368786990453,0.021428571428571352,0.07362759741802005
11460,2022,3,2.61,"Ann Arbor, MI",367947.0,84245.0,384126.80642480566,1807.0502216929374,932.0,3.6666666666666665,1375.0,215602.0,3980.35109375,4.559639223987247,False,False,False,False,False,4.483506205195981,0.2846257147831972,0.10674982082958206,0.015162395950824692,0.0016957764381611209,0.20454545454545459,12.765957446808528,0.0,0.0,0.08484622201586456,4.333333333333333,0.3450777202072539,0.3318950711862574,0.01644479248238051,0.03725566521638446
11460,2022,4,2.94,"Ann Arbor, MI",367947.0,84972.75,381636.93023960013,1785.8180154905924,831.0,3.033333333333333,1358.0,215765.0,3851.9734920634924,4.491286091595248,False,False,False,False,False,4.415774015435568,0.22451854966260143,0.08202710547011782,0.0005839420427284914,0.003328519732234228,0.25373134328358193,19.999999999999996,0.0,0.0,0.10143661600997622,2.8666666666666667,-0.16538263995891123,0.294726932969241,0.008784773060029227,0.04449997786315496
11460,2023,1,3.15,"Ann Arbor, MI",370398.0,85700.5,381733.49377270974,1799.716260489365,575.3333333333334,3.266666666666667,1351.0,213775.0,4000.064516129032,4.454273823054821,False,False,False,False,False,4.458374180758222,0.24809881770085251,0.07851321319252924,0.02548031029605169,0.00456498338334293,0.44525547445255453,35.616438356164394,0.02626925656213963,0.02626925656213963,0.09221935737580589,3.4,-0.4363076923076923,0.15473201056913988,0.02120974076983506,0.03877228461478044
11460,2023,2,2.95,"Ann Arbor, MI",370398.0,86428.25,387465.970868497,1825.7370916936245,654.0,3.1999999999999997,1330.0,218602.0,4206.072903225806,4.483094021555417,False,False,False,False,False,4.570566716361736,0.3246892496502616,0.08433637041118658,0.040992613601819716,0.005772569785615992,0.5592105263157896,75.55555555555556,0.0,-0.02626925656213963,0.10809285087968656,3.6333333333333333,0.2718340611353711,-0.01863437265303247,0.02020202020202011,0.036162169336879435
11460,2023,3,2.89,"Ann Arbor, MI",370398.0,87156.0,393691.7198986685,1856.4774695470396,675.3333333333334,3.6,1353.0,218791.0,4458.13746031746,4.517092568482589,False,False,False,False,False,4.559639223987247,0.2865466734412605,0.08178916181643392,0.012777683558437669,0.006079276586742316,0.641509433962264,99.23664122137403,0.0,0.0,0.11234097492284034,3.6666666666666665,0.19999999999999996,-0.0998083232963558,0.05932203389830515,0.02418887463778452
11460,2023,4,2.88,"Ann Arbor, MI",370398.0,87662.0,394244.14585168404,1854.1866745616098,656.6666666666666,2.8000000000000003,1411.0,219020.0,4464.907619047619,4.497320912729393,False,False,False,False,False,4.491286091595248,0.23328923151564496,0.0741498583225153,-0.006481912075805507,0.005691036687398043,0.75,126.15384615384615,0.0,0.0,0.08507654000398612,3.033333333333333,-0.10836909871244638,-0.16299818832356816,-0.014513788098693747,0.016192005727015513
11460,2024,1,3.12,"Ann Arbor, MI",373875.0,88168.0,397177.64639428497,1877.1695310568387,498.0,3.1666666666666665,1414.0,216400.0,4992.540983606557,4.504782306440942,False,False,False,False,False,4.454273823054821,0.19036392510657318,0.04772527943980864,0.0002530246039056383,0.0038588248628253588,0.5909090909090908,136.84210526315786,-0.0012994641575541088,-0.0012994641575541088,0.07088005553446797,3.266666666666667,-0.3076614520657841,-0.10389918970668477,0.03923076923076918,0.010149933609605588
11460,2024,2,2.94,"Ann Arbor, MI",373875.0,88674.0,405140.22965749464,1917.5606434835856,633.3333333333334,3.766666666666667,1393.0,220160.0,5246.626507936508,4.568872833722338,False,False,False,False,False,4.483094021555417,0.18619429436106305,0.021581628437417066,0.015016961281370866,0.00035055276075704293,0.2447257383966246,128.68217054263567,0.0,0.0012994641575541088,0.0457039530866028,3.1999999999999997,0.13673232908458854,0.024455418348580116,0.012947448591013044,0.03714422625288827
11460,2024,3,2.87,"Ann Arbor, MI",373875.0,89180.0,407146.11934097664,1943.4403295585125,756.6666666666666,4.366666666666667,1412.0,218500.0,5543.46921875,4.565442019970583,False,False,False,False,False,4.517092568482589,0.19164871244035808,0.024900406099971573,0.016067860143218926,-0.0032871050330832183,0.10727969348659006,118.93939393939394,0.0,0.0,0.02735244834966255,3.6,0.032619775739041845,0.12003623683289799,-0.016000000000000014,0.014791142939304835
11460,2024,4,2.8,"Ann Arbor, MI",373875.0,89180.0,409653.4936389669,1969.1162479382376,691.6666666666666,3.8000000000000003,1496.0,218573.0,5907.04296875,4.5935579013115815,False,False,False,False,False,4.497320912729393,0.18077746874315093,0.0330345797618925,0.0014031942382677354,-0.005836577702575183,-0.020408163265306145,114.92537313432835,0.0,0.0,0.03828422519986474,2.8000000000000003,-0.027640671273445272,0.15912210409728944,0.03902798232695148,0.0150858572984498
11460,2025,1,3.26,"Ann Arbor, MI",,,413549.6306980569,1958.6880709774148,526.6666666666666,4.366666666666666,1465.0,218560.0,5894.8178333333335,,False,False,False,False,False,4.504782306440942,0.18432996214594244,0.040457944805783574,0.007440822072991571,-0.007071145191912709,-0.00952380952380949,127.73722627737226,0.0027259142580284834,0.0027259142580284834,0.043036378715838985,3.1666666666666665,-0.24162436548223343,0.24811511501268746,0.04663212435233155,0.012279265582972654
11460,2025,2,2.91,"Ann Arbor, MI",,,413650.70367397444,1987.3967691432129,759.3333333333334,4.3999999999999995,1455.0,220339.0,5732.060483870968,,False,False,False,False,False,4.568872833722338,0.2165594357248155,0.04561499620052101,0.020047913913324944,-0.0065356047254859035,-0.003389830508474634,93.42105263157893,0.0,-0.0027259142580284834,0.05029396193335933,3.766666666666667,0.27175368139223566,0.24739314525733946,0.047368421052631504,0.0071271077117318615
11460,2025,3,3.05,"Ann Arbor, MI",,,413304.2179630745,1976.7601528506432,891.6666666666666,4.3999999999999995,1463.0,219221.0,6427.73875,,False,False,False,False,False,4.565442019970583,0.2302582356132028,0.03417496168263612,0.0049510997344741625,-0.0054100399712270035,-0.00692041522491349,80.50314465408806,0.0,0.0,0.04684293854247046,4.366666666666667,0.1947368421052631,0.24344959483489204,0.043606799704360766,-0.0013300364274582144
11460,2025,4,2.8,"Ann Arbor, MI",,,417168.5016036622,1998.8364067297418,817.6666666666666,3.9,1522.0,220026.0,6777.5671875,,False,False,False,False,False,4.5935579013115815,0.279890048962276,0.03908579987660721,0.00615841384426985,-0.0047118401164277565,-0.02777777777777779,66.66666666666666,0.0,0.0,0.06198382015866932,3.8000000000000003,-0.08590308370044053,0.3229933232101214,0.06024096385542177,-0.0020409095059812365
12020,2019,2,2.59,"Athens-Clarke County, GA",213750.0,46722.0,213827.17971603642,1021.5739678975327,1068.6666666666667,3.3333333333333335,862.0,87827.0,2882.3277777777776,4.57658447232645,False,False,False,False,False,4.366374229003403,0.7013124964053623,0.0876605422939365,0.021775120815600735,0.004765994338711957,0.06779661016949157,20.574162679425847,0.0,0.00673722406216104,0.103180509641835,3.6333333333333333,0.1264822134387351,0.1272577123238514,0.017587939698492372,0.008153783082038846
12020,2019,3,2.62,"Athens-Clarke County, GA",213750.0,47214.0,217077.1559673179,1042.1367344728765,1023.6666666666666,3.3000000000000003,847.0,90257.0,2957.8528125,4.59772855439738,False,False,False,False,False,4.390049984248728,0.6807963763820557,0.08616604865371524,0.021382092446709633,0.004619710178068206,0.05284552845528445,18.80733944954127,0.0,0.0,0.09753791701932113,3.5333333333333337,-0.04766081871345018,0.15500598332389726,0.03198031980319804,0.022062684045928815
12020,2019,4,2.61,"Athens-Clarke County, GA",213750.0,47786.25,221485.00207009757,1083.1852606230857,900.0,2.8666666666666667,953.0,90911.0,3082.755625,4.634910713230219,False,False,False,False,False,4.455461333653452,0.7390700963927168,0.08835570164900863,0.025935819319099718,0.004609844807735408,0.023346303501945442,21.198156682027648,0.0,0.0,0.08734089832047243,3.3666666666666667,-0.11206631869818862,0.03674172122599795,0.044205495818399054,0.010489785374948157
12020,2020,1,2.71,"Athens-Clarke County, GA",215715.0,48358.5,227452.7118415141,1090.9666307800333,831.6666666666666,3.3666666666666667,885.0,88626.0,3055.869193548387,4.703469128312791,False,False,False,False,False,4.522159210363618,0.7695048036016496,0.09840790220210249,0.025887864855644205,0.004983957746695979,0.03921568627450989,14.71861471861471,-0.0005044756592709199,-0.0005044756592709199,0.06784145514709694,3.6333333333333333,-0.044951590594744184,-0.004562795426325428,0.0011560693641619046,-0.0065103579004377465
12020,2020,2,2.66,"Athens-Clarke County, GA",215715.0,48930.75,232730.8589233207,1089.56063427781,922.6666666666666,8.700000000000001,926.0,81278.0,2931.687619047619,4.756331323826442,False,False,False,False,False,4.57658447232645,0.7791354061062261,0.09951584131406044,0.02280576218089636,0.005270817501735689,0.02777777777777768,15.624999999999979,0.0,0.0005044756592709199,0.06189978524667672,3.3333333333333335,0.16075307748008694,0.0662922038202094,0.06419753086419755,-0.0079183986987168
12020,2020,3,2.71,"Athens-Clarke County, GA",215715.0,49503.0,237647.61058510313,1118.5374676492372,935.0,5.6000000000000005,919.0,83999.0,3319.8340625,4.800670880251765,False,False,False,False,False,4.59772855439738,0.8030167193074971,0.09285983960607536,0.015199079254552439,0.0050344859765628905,0.011583011583011782,16.964285714285698,0.0,0.0,0.0660236848653879,3.3000000000000003,-0.04210854647535878,0.03798825437241593,0.009535160905840279,0.007928797167967572
12020,2020,4,2.76,"Athens-Clarke County, GA",215715.0,50366.75,248884.19691905915,1150.9537104984365,784.0,4.1,1026.0,86413.0,3554.5015625,4.941438487078463,False,False,True,False,False,4.634910713230219,0.7884453579954398,0.08686217320652823,0.02030543510273053,0.004012710577289379,-0.0076045627376425395,9.205020920502083,0.0,0.0,0.09551075537797882,2.8666666666666667,-0.12080755454249426,0.14221561000009686,0.09038901601830673,0.010425349827170471
12020,2021,1,2.84,"Athens-Clarke County, GA",218338.0,51230.5,261220.49353048147,1180.2773616429997,604.6666666666666,3.766666666666667,945.0,86251.0,3865.7068852459015,5.098925318520831,True,False,True,True,True,4.703469128312791,0.7992741649749604,0.08798116593091043,0.026944080708127593,0.002594361041262159,0.02264150943396226,12.448132780082988,-0.0015982483683816273,-0.0015982483683816273,0.08537665397653771,3.3666666666666667,-0.07592592592592595,0.12306660146925985,0.021939953810623525,0.0065303062997581485
12020,2025,2,6.62,"Athens-Clarke County, GA",,,366559.95515068877,1604.748384410577,739.6666666666666,3.0,1091.0,95115.0,5732.060483870968,,False,False,False,False,False,5.5483217638347275,0.9717372915082771,0.07288889500760809,0.01933468407725214,-0.016066657528931123,0.018083182640144635,79.87220447284345,0.0,0.004467554206555535,0.05070232427032062,3.1666666666666665,0.2872260015117156,0.24739314525733946,0.024366471734892814,0.02826859021022221
12020,2025,3,6.51,"Athens-Clarke County, GA",,,367134.56139855407,1607.0259935065187,794.3333333333334,3.3333333333333335,1096.0,99101.0,6427.73875,,False,False,False,False,False,5.5213754273874525,0.9236468729900729,0.056402949634531296,0.005530765184168729,-0.014402117393703348,0.0827702702702704,94.83282674772038,0.0,0.0,0.040061795169543224,3.6,0.1156782149148563,0.24344959483489204,0.04856293359762143,0.012584317032040548
12020,2025,4,6.27,"Athens-Clarke County, GA",,,369467.4634490313,1637.588529638054,764.0,3.05,1141.0,98235.0,6777.5671875,,False,False,False,False,False,5.540607595670183,0.9056968824399636,0.042621996109137195,0.003483220537283893,-0.012928631825269427,0.14196567862714504,105.61797752808988,0.0,0.0,0.03552983235587415,2.9333333333333336,-0.016315789473684283,0.3229933232101214,0.039069767441860526,0.02054013330682536
12220,2019,2,2.99,"Auburn-Opelika, AL",164542.0,50611.25,229489.11752289825,1088.283427482673,1180.0,2.733333333333333,770.0,59883.0,2882.3277777777776,4.534349922653526,False,False,False,False,False,4.503411822444576,0.4429991569728582,0.05279595112938762,0.017842363948537887,0.003070503912184931,0.01760563380281699,8.239700374531832,0.0,0.0005477641316609105,0.0650679934839744,3.5666666666666664,0.08756791307126877,0.1272577123238514,0.0343878954607979,0.01527858935139026
12220,2019,3,2.98,"Auburn-Opelika, AL",164542.0,51463.0,231842.60738664647,1084.7063409070468,1194.3333333333333,2.9,749.0,61163.0,2957.8528125,4.5050348286467266,False,False,False,False,False,4.55080581120381,0.4670362263315262,0.05436157734175806,0.013117105687488806,0.0018800849170204472,0.048275862068965614,14.716981132075468,0.0,0.0,0.05391259877623322,3.8000000000000003,0.046135762562445004,0.15500598332389726,0.025423728813559254,0.01858811924967263
12220,2019,4,3.1,"Auburn-Opelika, AL",164542.0,51829.75,233672.12014315664,1085.1986123760344,1078.0,2.533333333333333,841.0,61143.0,3082.755625,4.508455474764139,False,False,False,False,False,4.513952726924837,0.4202000571261397,0.05672553241340372,0.009482436326959887,0.0010229118872424558,0.04682274247491636,5.743243243243246,0.0,0.0,0.05420297956130549,3.3000000000000003,-0.11151685393258437,0.03674172122599795,0.04922279792746109,0.025033458014481313
12220,2020,1,3.08,"Auburn-Opelika, AL",194328.0,52196.5,237079.22492556335,1100.409071909723,1055.0,3.1999999999999997,798.0,59495.0,3055.869193548387,4.542052147664371,False,False,False,False,False,4.520976076650861,0.4049407205358291,0.06074859381538178,0.018998457415031256,0.0007987904504869771,0.036544850498339,9.859154929577475,-0.00831266705433964,-0.00831266705433964,0.04995547093326147,3.6333333333333333,-0.008852355358836439,-0.004562795426325428,0.034946236559139754,0.023730504015269993
12220,2020,2,2.98,"Auburn-Opelika, AL",194328.0,52563.25,240899.12554816948,1098.1319721999766,1098.3333333333333,10.366666666666667,854.0,55206.0,2931.687619047619,4.5830333084078605,False,False,False,False,False,4.534349922653526,0.37266915894856467,0.06312864785321182,0.020126147158164187,0.0005328802200020437,0.03460207612456756,10.332103321033227,0.0,0.00831266705433964,0.054883137957571826,2.733333333333333,0.1291866028708133,0.0662922038202094,0.02393617021276606,0.013677528565382957
12220,2020,3,3.08,"Auburn-Opelika, AL",194328.0,52930.0,244605.18455860266,1113.079680798697,1045.0,6.1000000000000005,816.0,58213.0,3319.8340625,4.6212957596562,False,False,False,False,False,4.5050348286467266,0.31095350489025986,0.06012561816707285,0.010255344084075801,0.0003058363404383932,-0.019736842105263164,9.157509157509146,0.0,0.0,0.0506216414903089,2.9,0.01214689265536717,0.03798825437241593,0.031680440771349794,0.02118743112832666
12220,2020,4,3.13,"Auburn-Opelika, AL",194328.0,53995.25,251660.997754941,1116.7149826837856,820.0,4.0,922.0,59244.0,3554.5015625,4.6607988249881425,False,False,False,False,False,4.508455474764139,0.34584871280210816,0.0584545371076548,0.007891184356200176,0.00013081833652494508,-0.009584664536741117,9.929078014184412,0.0,0.0,0.04094677802415059,2.533333333333333,-0.09740440971253139,0.14221561000009686,0.03827160493827164,0.02346797007080559
12220,2021,1,3.23,"Auburn-Opelika, AL",196569.0,55060.5,256563.89018933466,1133.8011451537054,738.6666666666666,3.5,837.0,58713.0,3865.7068852459015,4.659672363842222,False,False,False,False,False,4.542052147664371,0.3967396512811483,0.05386572969163583,0.014580707276158567,-0.0001523142957534785,-0.012820512820512886,1.650165016501659,0.17560989521105186,0.17560989521105186,0.038754502657014855,3.1999999999999997,-0.021335807050092748,0.12306660146925985,0.036363636363636376,-0.0006383014462566505
12220,2021,2,3.51,"Auburn-Opelika, AL",196569.0,56125.75,264279.4460525928,1153.1894941632208,854.6666666666666,3.033333333333333,863.0,59025.0,4183.62634920635,4.7087022632676225,False,False,False,False,False,4.5830333084078605,0.41067837372766114,0.049719168161133975,0.016112338075196186,-0.00024121084963683152,-0.0033444816053512794,4.929577464788748,0.0,-0.17560989521105186,0.009049613794160694,10.366666666666667,0.041074249605055124,0.017124992393438676,0.10909090909090913,-0.07810229948399383
12220,2021,3,3.55,"Auburn-Opelika, AL",196569.0,57191.0,274699.00480523234,1199.1624052978468,690.6666666666666,3.0,859.0,59762.0,4421.670625,4.80318589997084,False,False,False,False,False,4.6212957596562,0.44674584742296464,0.05504845427601612,0.01538427755601024,-5.461284205357099e-05,0.033557046979865834,6.20689655172415,0.0,0.0,0.026157623332342617,6.1000000000000005,-0.04855842185128978,0.12237973724394036,0.08945260347129502,-0.048231774111799575
12220,2021,4,3.86,"Auburn-Opelika, AL",196569.0,57715.25,282937.07137314306,1243.3478029271926,553.3333333333334,2.266666666666667,962.0,60710.0,4602.1089062500005,4.902293091914928,False,False,False,False,False,4.6607988249881425,0.4612830996464039,0.07698341419919363,0.02884572217498471,0.0007619946749898858,0.009677419354838568,4.682274247491636,0.0,0.0,0.029042029678554737,4.0,-0.215311004784689,0.15302735438200687,0.09631391200951245,-0.031058338648741524
12220,2022,1,4.1,"Auburn-Opelika, AL",199605.0,58239.5,289045.4985032323,1237.1234517665969,462.6666666666667,2.5666666666666664,891.0,60573.0,4463.855483870967,4.963049107619954,False,False,True,False,False,4.659672363842222,0.4057025595785655,0.08218630405042449,0.01948213063657933,0.001505398262486813,0.04870129870129869,7.3089700996677776,-0.1694916410931191,-0.1694916410931191,0.030345145361289738,3.5,-0.09918699186991875,0.2650105879555513,0.048872180451127845,-0.01314396167745191
12220,2022,2,4.76,"Auburn-Opelika, AL",199605.0,58763.75,296802.6796161126,1255.2724379030935,507.3333333333333,2.2666666666666666,930.0,61814.0,4105.667096774193,5.050778407030059,True,False,True,True,True,4.7087022632676225,0.41670079797443726,0.09705440171781876,0.030072649185215905,0.0025741350707577763,0.1778523489932886,21.45328719723183,0.0,0.1694916410931191,0.050137436443948635,3.033333333333333,0.15703971119133575,0.4270368786990453,0.01053864168618257,0.0691772633409411
12220,2025,2,6.59,"Auburn-Opelika, AL",,,336668.7242538089,1572.3516558391332,789.3333333333334,2.5,1052.0,72669.0,5732.060483870968,,False,False,False,False,False,5.242671668843052,0.7083217461895259,0.04691370361253977,0.016163504366217385,-0.008966522718897576,0.08304498269896188,78.34757834757835,0.0,-0.0016263082780310079,0.07333447961564277,2.6333333333333333,0.1910176236498009,0.24739314525733946,0.04906054279749483,0.09439687037949729
12220,2025,3,6.11,"Auburn-Opelika, AL",,,338197.80766903056,1603.839554436024,791.3333333333334,2.9,1061.0,74140.0,6427.73875,,False,False,False,False,False,5.1665512924810155,0.661516463834289,0.032727522361527095,0.0038466430447881006,-0.009033549994857256,-0.0453074433656957,66.19718309859157,0.0,0.0,0.09265134171792755,3.3000000000000003,0.06825775656324584,0.24344959483489204,0.05312500000000009,0.08443803168304931
12220,2025,4,6.55,"Auburn-Opelika, AL",,,342437.41066008154,1649.2450231134633,709.6666666666666,2.1,1124.0,73794.0,6777.5671875,,False,False,False,False,False,5.196463056083084,0.6880075813189448,0.03569566062114782,0.005789502882822317,-0.008298185199926053,0.11169284467713791,65.0259067357513,0.0,0.0,0.08038990898799248,2.766666666666667,-0.07059874888293116,0.3229933232101214,0.08557213930348251,0.08038810101340799
12420,2019,2,1.57,"Austin-Round Rock-San Marcos, TX",2227083.0,75936.25,323268.0558224485,1400.188770970477,9252.0,2.5666666666666664,1203.0,1064688.0,2882.3277777777776,4.257097971291031,False,False,False,False,False,4.354618032001422,0.7675524859926766,0.032115461691689884,0.008479869129737638,-0.006429051028668179,0.027210884353741527,23.77049180327868,0.0,0.0022798457076069756,0.017213280315995005,2.9666666666666663,0.23737373737373724,0.1272577123238514,0.03336339044183956,0.03745610178826797
12420,2019,3,1.56,"Austin-Round Rock-San Marcos, TX",2227083.0,76844.0,325733.7118756913,1419.3857161813787,9832.0,2.8666666666666667,1232.0,1064959.0,2957.8528125,4.238895839306794,False,False,False,False,False,4.3362852903588385,0.6616892291282741,0.0356043673790134,0.007821184107060786,-0.0059026693757433645,0.040000000000000036,22.83464566929134,0.0,0.0,0.031133183315104063,3.1,0.12077259475218671,0.15500598332389726,0.043049327354260036,0.03740019709901854
12420,2019,4,1.59,"Austin-Round Rock-San Marcos, TX",2227083.0,77846.0,330828.7862420623,1418.1163856593012,8605.0,2.5,1335.0,1088482.0,3082.755625,4.249785297151585,False,False,False,False,False,4.3136542857552325,0.5621440428847171,0.03433535784177266,0.0071150611731449764,-0.005145213241885785,0.039735099337748325,18.045112781954884,0.0,0.0,0.04312930179084762,2.7999999999999994,-0.09715809325616176,0.03674172122599795,0.05298570227081578,0.03765484780303607
12420,2020,1,1.61,"Austin-Round Rock-San Marcos, TX",2300249.0,78848.0,338656.8122856381,1429.612062845494,7143.333333333333,3.1666666666666665,1368.0,1077445.0,3055.869193548387,4.295059003216799,False,False,False,False,False,4.288195660613244,0.45796599808504856,0.030019680713820884,0.006272758652359212,-0.00446799625699228,0.04516129032258065,19.11764705882353,0.004793907415958865,0.004793907415958865,0.04609151931491606,3.0666666666666664,-0.13480515738673204,-0.004562795426325428,0.04630381803411865,0.03987061911194956
12420,2020,2,1.58,"Austin-Round Rock-San Marcos, TX",2300249.0,79850.0,344988.2737163037,1427.345989400296,8062.333333333333,10.266666666666667,1324.0,1003948.0,2931.687619047619,4.320454273216076,False,False,False,False,False,4.257097971291031,0.33386969778823516,0.02621940804563616,0.004759067911248138,-0.003909121120901588,0.039735099337748325,17.164179104477604,0.0,-0.004793907415958865,0.04683620335465721,2.5666666666666664,0.15539274861590968,0.0662922038202094,0.04973821989528804,0.03713343879801445
12420,2020,3,1.61,"Austin-Round Rock-San Marcos, TX",2300249.0,80852.0,350927.9187223956,1422.818301254277,8071.333333333333,6.8,1338.0,1025116.0,3319.8340625,4.3403740009201455,False,False,False,False,False,4.238895839306794,0.22069415428295702,0.0260219643736066,0.007627280236427225,-0.003335255651068992,0.0,16.417910447761198,0.0,0.0,0.04646923679491999,2.8666666666666667,0.06268914829226113,0.03798825437241593,0.05932932072227004,0.03974822479343354
12420,2020,4,1.68,"Austin-Round Rock-San Marcos, TX",2300249.0,81988.5,367651.6139937286,1409.5718211542792,5939.0,5.033333333333333,1509.0,1061574.0,3554.5015625,4.484185147840595,False,False,False,False,False,4.249785297151585,0.1652417527122374,0.03470881848911689,0.01564183927120011,-0.0025119026709698616,0.01273885350318471,16.058394160583944,0.0,0.0,0.043350482041375926,2.5,-0.1247965825874695,0.14221561000009686,0.06629392971246006,0.043408825553729935
12420,2021,1,1.77,"Austin-Round Rock-San Marcos, TX",2359088.0,83125.0,392535.31839403714,1440.7901455280496,4748.0,5.133333333333334,1500.0,1066816.0,3865.7068852459015,4.722229394213981,False,False,True,False,False,4.295059003216799,0.12103538054810059,0.052589319993934236,0.023661864895421214,-0.000984402916806229,-0.006172839506172867,8.783783783783793,0.004413178608094093,0.004413178608094093,0.04131076657850752,3.1666666666666665,-0.16986248305248886,0.12306660146925985,0.06211180124223592,0.0277207852473762
12420,2021,2,2.05,"Austin-Round Rock-San Marcos, TX",2359088.0,84261.5,444031.0255460374,1529.8842060451443,7213.0,4.333333333333333,1420.0,1106301.0,4183.62634920635,5.269678626015884,True,False,True,True,True,4.320454273216076,0.06806403023432228,0.06718949646476902,0.01869580413260774,0.0009105482054071746,0.006369426751592355,7.48299319727892,0.0,-0.004413178608094093,0.019395397958374083,10.266666666666667,0.1286514232384508,0.017124992393438676,0.1005818786367414,-0.057049576965270576
12420,2024,1,3.77,"Austin-Round Rock-San Marcos, TX",2550637.0,99034.5,481015.6207845078,1717.56126825337,9175.0,3.6,1802.0,1253124.0,4992.540983606557,4.857051035593735,False,False,False,False,False,5.387232098886369,1.01642201864904,-0.030573391150050755,-0.04564243545151336,4.5954283914422985e-05,0.42322097378277146,136.02484472049684,-0.004607582347442074,-0.004607582347442074,0.02660246607662975,3.466666666666667,-0.192378223495702,-0.10389918970668477,0.04912935323383083,0.05481177869411469
12420,2024,2,3.3,"Austin-Round Rock-San Marcos, TX",2550637.0,99732.75,478849.7895215295,1724.7364517165151,12140.666666666666,3.4,1626.0,1267418.0,5246.626507936508,4.801329448165517,False,False,False,False,False,5.18586034878905,0.8312423167876277,-0.12279285627251446,-0.0255119224490995,-0.017705191775353606,0.07739938080495357,120.253164556962,0.0,0.004607582347442074,-0.0008433737764451665,3.3333333333333335,0.15873128503512368,0.024455418348580116,0.02908129543952409,0.047973996386532436
12420,2024,3,3.33,"Austin-Round Rock-San Marcos, TX",2550637.0,100431.0,473336.4467558596,1709.8273862774731,13983.333333333334,3.766666666666667,1645.0,1266003.0,5543.46921875,4.713051216814127,False,False,False,False,False,5.080038777383001,0.7437534870241622,-0.12883034362235557,-0.008476081969594373,-0.03389834071344272,-0.011299435028248594,117.39130434782608,0.0,0.0,-0.03376838776372981,3.6999999999999997,0.10119412124923466,0.12003623683289799,-0.006329113924050667,0.029954362703341175
12420,2024,4,3.39,"Austin-Round Rock-San Marcos, TX",2550637.0,100431.0,470097.5633108514,1665.530262853438,12391.666666666666,3.4,1781.0,1284365.0,5907.04296875,4.680801379164316,False,False,False,False,False,4.963126380809582,0.6494720950543496,-0.09265192978854075,-0.016027242402059216,-0.04571463917999555,-0.09840425531914887,101.78571428571428,0.0,0.0,-0.03177495027076971,3.266666666666667,-0.09628805783400529,0.15912210409728944,0.03589108910891081,0.0318998823986143
12420,2025,1,3.64,"Austin-Round Rock-San Marcos, TX",,,464000.80173552176,1655.949793683655,10697.0,3.5,1851.0,1298197.0,5894.8178333333335,,False,False,False,False,False,4.857051035593735,0.5688553749804912,-0.06297106276153852,-0.01442380954648892,-0.0527908260483355,-0.007894736842105177,112.99435028248585,-0.0023341207138265485,-0.0023341207138265485,-0.035366215647838484,3.6,-0.15312903821303303,0.24811511501268746,0.06816834617664491,0.014027475564194258
12420,2025,2,3.43,"Austin-Round Rock-San Marcos, TX",,,454865.56146893237,1668.8986179996657,14407.333333333334,3.3000000000000003,1689.0,1308605.0,5732.060483870968,,False,False,False,False,False,4.801329448165517,0.5442314768744865,-0.04276935540431592,-0.00450262147296987,-0.05171913980043296,-0.051724137931034475,60.97560975609757,0.0,0.0023341207138265485,-0.03948494518292234,3.4,0.3232334241598547,0.24739314525733946,0.044315992292870865,0.009265939470385787
12420,2025,3,3.58,"Austin-Round Rock-San Marcos, TX",,,445701.803564959,1649.2158405442551,15807.333333333334,3.6999999999999997,1740.0,1303882.0,6427.73875,,False,False,False,False,False,4.713051216814127,0.4741553775073326,-0.04570193311704551,-0.011513720766545332,-0.043529149598170315,-0.0485714285714286,45.41484716157205,0.0,0.0,-0.039143093966013454,3.766666666666667,0.151776398879798,0.24344959483489204,0.047770700636942776,0.011661246114383017
12420,2025,4,3.32,"Austin-Round Rock-San Marcos, TX",,,441804.5245187523,1616.875639017766,13460.333333333334,3.35,1876.0,1321014.0,6777.5671875,,False,False,False,False,False,4.680801379164316,0.43101608201273045,-0.03679434602613352,-0.006842666494851102,-0.0332741162626429,0.0,41.25000000000001,0.0,0.0,-0.04083858643815885,3.4,-0.11382598331346849,0.3229933232101214,0.06391875746714448,0.008778750663688273
12540,2019,2,1.74,"Bakersfield-Delano, CA",900202.0,53132.25,230845.23503501926,1129.8228093368934,2820.6666666666665,7.8,910.0,335553.0,2882.3277777777776,4.344729143505484,False,False,False,False,False,4.199082461687779,1.1464351985069747,0.06537198639393815,0.01673798638087276,-0.0010789410332991565,0.030303030303030276,11.111111111111116,0.0,0.00016449396528295246,0.0376469719597452,8.200000000000001,0.11952998379254454,0.1272577123238514,0.03325415676959631,0.013151861398899456
12540,2019,3,1.75,"Bakersfield-Delano, CA",900202.0,53350.0,233108.35268031622,1144.8425101969135,3002.0,7.333333333333333,907.0,346570.0,2957.8528125,4.369416170202741,False,False,False,False,False,4.224630852188578,1.042993769814883,0.07158322146138052,0.014069650266954392,-0.00015687092719234252,0.048484848484848575,11.612903225806438,0.0,0.0,0.039880304149004564,7.3999999999999995,0.11050790203884664,0.15500598332389726,0.03191489361702127,0.02401995896514464
12540,2019,4,1.77,"Bakersfield-Delano, CA",900202.0,53725.25,235703.62998866756,1153.2552131856733,2798.0,6.866666666666667,967.0,331785.0,3082.755625,4.387203968127976,False,False,False,False,False,4.249540104175621,0.9027447009854241,0.06365281270399148,0.010069939828068142,0.0006208729865620157,0.029761904761904878,9.493670886075932,0.0,0.0,0.047983105535848614,7.033333333333334,-0.03758826724606201,0.03674172122599795,0.035955056179775235,0.040619960352114015
12540,2020,1,1.79,"Bakersfield-Delano, CA",906124.0,54100.5,239760.73345418266,1159.0748729943282,2411.0,10.466666666666667,968.0,314054.0,3055.869193548387,4.431765574332633,False,False,False,False,False,4.298557871657715,0.8341534642844928,0.057791303500683844,0.01571463742838808,0.0012763114891316068,0.029239766081871288,10.691823899371066,-4.686342939930199e-06,-4.686342939930199e-06,0.049040871482205706,9.333333333333334,-0.11570154644993791,-0.004562795426325428,0.025191675794085322,0.029413027184267193
12540,2020,2,1.79,"Bakersfield-Delano, CA",906124.0,54475.75,243376.16866383504,1171.2946730598544,2391.6666666666665,17.066666666666666,993.0,306523.0,2931.687619047619,4.467605653227997,False,False,False,False,False,4.344729143505484,0.790401912156526,0.055879559117899325,0.01490043758670656,0.0017652407401548555,0.0235294117647058,10.828025477707005,0.0,4.686342939930199e-06,0.056637164716336175,7.8,0.08016339034975739,0.0662922038202094,0.04597701149425282,0.026115169733313293
12540,2020,3,1.82,"Bakersfield-Delano, CA",906124.0,54851.0,247620.97156212758,1231.8671927686198,2370.0,13.033333333333333,972.0,324806.0,3319.8340625,4.514429482819413,False,False,False,False,False,4.369416170202741,0.7619792791209923,0.05143763524823619,0.009803614291426177,0.0015427708937969316,0.011560693641618602,10.759493670886066,0.0,0.0,0.06033659704076011,7.333333333333333,0.06428740250531795,0.03798825437241593,0.03894616265750295,0.02720886807552092
12540,2020,4,1.87,"Bakersfield-Delano, CA",906124.0,55844.25,257122.13391454206,1255.3781621663547,2080.0,10.5,1068.0,319246.0,3554.5015625,4.604272309405929,False,False,False,False,False,4.387203968127976,0.7294926633502539,0.05254459959998781,0.011133351844798467,0.0009448580519275135,0.023121387283236983,10.624999999999996,0.0,0.0,0.05793271687060719,6.866666666666667,-0.06795469686875422,0.14221561000009686,0.0488069414316703,0.01616504393473961
12540,2021,1,1.94,"Bakersfield-Delano, CA",912782.0,56837.5,268643.49407917284,1288.4923477730838,1903.6666666666667,11.666666666666666,998.0,300905.0,3865.7068852459015,4.726518479510409,False,False,False,False,False,4.431765574332633,0.7106470876271396,0.05409701552577406,0.01721273221676789,9.676414729397808e-05,0.017045454545454586,9.146341463414643,-0.0006314819060080357,-0.0006314819060080357,0.048934485266637795,10.466666666666667,-0.13831308077198,0.12306660146925985,0.03418803418803429,0.007335606398368055
12540,2021,2,2.06,"Bakersfield-Delano, CA",912782.0,57830.75,281406.1601477396,1322.0264223178535,1896.3333333333333,11.033333333333333,1013.0,326537.0,4183.62634920635,4.8660299260815325,False,False,True,False,False,4.467605653227997,0.7027245105291668,0.054282834241368816,0.015079346636813984,-0.0006332452990105417,0.028735632183908066,8.484848484848495,0.0,0.0006314819060080357,0.036706520155404876,17.066666666666666,-0.008018802709802375,0.017124992393438676,0.0912087912087911,-0.08651390391383773
12540,2021,3,2.19,"Bakersfield-Delano, CA",912782.0,58824.0,294993.68052574055,1377.7170651629078,2144.6666666666665,9.533333333333333,1006.0,338057.0,4421.670625,5.0148524501179885,True,False,True,True,True,4.514429482819413,0.7025476382320264,0.06225696640614986,0.017441325178208844,-0.0008274210143744037,0.040000000000000036,10.303030303030303,0.0,0.0,0.07601454505453153,13.033333333333333,-0.009059233449477344,0.12237973724394036,0.07166482910694594,-0.06279828028969614
12540,2025,2,3.57,"Bakersfield-Delano, CA",,,367128.7058333747,1749.2110458885884,2780.0,9.200000000000001,1165.0,343612.0,5732.060483870968,,False,False,False,False,False,5.1403756122661335,0.7956464687606495,0.06788058439345646,0.017180307142454554,-0.017943565759239426,0.021874999999999867,58.7378640776699,0.0,-0.007123299122507087,0.042575696515689376,8.833333333333334,0.10737065910701649,0.24739314525733946,0.03944954128440359,-0.0073952648486640404
12540,2025,3,3.69,"Bakersfield-Delano, CA",,,365317.93839087477,1767.2181367741152,3048.3333333333335,8.733333333333333,1170.0,356125.0,6427.73875,,False,False,False,False,False,5.151463903180845,0.7820477329781044,0.05515015978265825,0.01133996635292256,-0.01566171762507865,0.030303030303030276,55.251141552511406,0.0,0.0,0.034373698589725166,8.5,0.13663999999999987,0.24344959483489204,0.03594470046082954,0.009465525413332676
12540,2025,4,3.55,"Bakersfield-Delano, CA",,,364882.8252790235,1761.904695517697,2927.3333333333335,8.3,1199.0,347872.0,6777.5671875,,False,False,False,False,False,5.193690646005252,0.8064866778772757,0.049330380693807685,0.008197037505850213,-0.012862888338289687,0.023809523809523725,50.21834061135371,0.0,0.0,0.03270788163805416,7.966666666666666,0.04701576576576594,0.3229933232101214,0.046409807355516586,0.0024318145413773085
13740,2019,2,2.73,"Billings, MT",181667.0,60678.0,264096.33283529454,911.7868837092034,1100.3333333333333,3.0666666666666664,912.0,85983.0,2882.3277777777776,4.35242316548493,False,False,False,False,False,4.303731468760447,0.14522649680718125,0.026998751567221868,0.007384397044295055,-0.002936396165541432,0.01872659176029967,10.121457489878537,0.0,0.004362666825137307,0.009490227513499594,3.1333333333333333,0.1827586206896552,0.1272577123238514,0.03002309468822162,-0.0017483128780726442
13740,2019,3,2.73,"Billings, MT",181667.0,61278.0,267682.7597645844,913.2616494513255,1200.6666666666667,3.0,910.0,85726.0,2957.8528125,4.368333819063684,False,False,False,False,False,4.330868034295422,0.16675659591376757,0.029961231009073996,0.010880916534097285,-0.0004943232491244474,-0.0074349442379182396,8.097165991902822,0.0,0.0,0.021076984045941716,3.1,0.2993197278911566,0.15500598332389726,0.02683780630105015,0.003118527584259123
13740,2019,4,2.76,"Billings, MT",181667.0,61639.0,271010.87510661705,913.8353268281704,1037.6666666666667,2.9,995.0,85928.0,3082.755625,4.396743540722871,False,False,False,False,False,4.3268647139512355,0.15149752782770598,0.03554360289656522,0.009256774652773192,0.002047614542248783,0.007407407407407307,5.4263565891472965,0.0,0.0,0.028765808839145146,3.033333333333333,-0.0732984293193717,0.03674172122599795,0.0721311475409836,0.013934144578598762
13740,2020,1,2.78,"Billings, MT",184726.0,62000.0,274260.5550991415,920.6080360425535,787.3333333333334,3.8333333333333335,943.0,84533.0,3055.869193548387,4.423557340308734,False,False,False,False,False,4.322554822540695,0.09157303814896167,0.03710611463189917,0.009081638123197733,0.0040159256336407346,-0.014234875444839923,7.782101167315192,0.0034521336082300458,0.0034521336082300458,0.03266437384069065,3.9,-0.1759483454398708,-0.004562795426325428,0.04212860310421296,0.00307321482374201
13740,2020,2,2.69,"Billings, MT",184726.0,62361.0,277292.28007495526,935.3017036062192,821.0,8.733333333333333,966.0,82670.0,2931.687619047619,4.4465656431897385,False,False,False,False,False,4.35242316548493,0.05440426363560924,0.046970316833363945,0.016965907795075674,0.005436181649389833,0.003676470588235281,6.640625,0.0,-0.0034521336082300458,0.040328782031392674,3.0666666666666664,0.07770159973881818,0.0662922038202094,0.022421524663677195,0.003923079617499825
13740,2020,3,2.81,"Billings, MT",184726.0,62722.0,280638.746765499,970.4691134859527,821.0,5.233333333333333,955.0,84079.0,3319.8340625,4.474327138252909,False,False,False,False,False,4.368333819063684,-0.013935421599080122,0.049765755136807366,0.013579995188826022,0.005636581265990238,0.022471910112359605,5.813953488372081,0.0,0.0,0.027473394273622942,3.0,0.0911844895486218,0.03798825437241593,0.03409090909090917,0.005689750237561686
13740,2020,4,2.86,"Billings, MT",184726.0,63488.5,287973.6860238667,995.1352928176799,542.0,3.766666666666667,1098.0,84695.0,3554.5015625,4.535840128903136,False,False,False,False,False,4.396743540722871,-0.05614976981113884,0.053069526607413264,0.012433058240133077,0.004762198294405388,0.014705882352941124,7.8125,0.0,0.0,0.029020124646187195,2.9,-0.13575791227096057,0.14221561000009686,0.014271151885830724,0.004148504785387974
13740,2021,1,2.94,"Billings, MT",187374.0,64255.0,297269.0439876218,988.2010423004143,411.6666666666667,4.166666666666667,973.0,83865.0,3865.7068852459015,4.62639551766589,False,False,False,False,False,4.423557340308734,-0.10481183886717194,0.05610566945178341,0.011990957895125165,0.0036272595471029696,0.0036101083032489267,2.58302583025829,0.008714330140025872,0.008714330140025872,0.034522454705878225,3.8333333333333335,-0.2412463861227112,0.12306660146925985,0.0031914893617022155,0.015655412711762517
13740,2021,2,3.17,"Billings, MT",187374.0,65021.5,310345.3942407451,1061.270553828291,494.0,3.3000000000000003,998.0,86940.0,4183.62634920635,4.772965776562293,False,False,False,False,False,4.4465656431897385,-0.12864689057409784,0.049966416034600725,0.01105417793206831,0.0027124639502476393,-0.014652014652014711,0.7490636704119868,0.0,-0.008714330140025872,0.025789820315637924,8.733333333333333,0.04276037256562226,0.017124992393438676,0.05921052631578938,-0.0385308723817499
13740,2021,3,3.4,"Billings, MT",187374.0,65788.0,324525.31598222716,1106.096317357638,658.6666666666666,2.8000000000000003,1005.0,86279.0,4421.670625,4.932895299784568,False,False,True,False,False,4.474327138252909,-0.14542120367481548,0.04840052834298647,0.012068373088638396,0.002299232580014732,0.029304029304029422,4.460966542750944,0.0,0.0,0.06264082595496756,5.233333333333333,0.0,0.12237973724394036,0.0494505494505495,-0.019212374308844482
13740,2021,4,3.59,"Billings, MT",187374.0,67435.25,337859.2990424342,1110.4041807416572,583.3333333333334,2.3333333333333335,1155.0,87007.0,4602.1089062500005,5.010128961373083,True,False,True,True,True,4.535840128903136,-0.08571850995315167,0.06259088647485611,0.02613658784792383,0.002755696834272338,0.03623188405797095,5.925925925925912,0.0,0.0,0.08896566329044586,3.766666666666667,-0.3398294762484775,0.15302735438200687,0.10351758793969856,-0.014349222604971623
13740,2025,2,5.28,"Billings, MT",,,406140.48959248746,1359.5968169714138,887.3333333333334,3.033333333333333,1213.0,95724.0,5732.060483870968,,False,False,False,False,False,5.223134714432255,0.8707115489473249,0.04071860499707247,0.007728399518705409,-0.015984884296592897,0.009652509652509744,64.98422712933755,0.0,1.989128392576589e-05,0.025567701126980813,2.866666666666667,0.1542553191489362,0.24739314525733946,0.04078014184397172,0.042568731331894316
13740,2025,3,6.01,"Billings, MT",,,405600.8149972516,1385.5842960830967,1036.3333333333333,3.233333333333333,1195.0,93733.0,6427.73875,,False,False,False,False,False,5.184890809573036,0.8165569905093522,0.017056317088200768,0.0010913005003982956,-0.017192212055049325,0.0714285714285714,58.82352941176472,0.0,0.0,0.03002444344238331,2.8000000000000003,0.3435739887352789,0.24344959483489204,0.058769513314967936,0.04528937339360106
13740,2025,4,5.47,"Billings, MT",,,409044.81731130066,1378.5239904531024,966.0,3.4000000000000004,1341.0,93159.0,6777.5671875,,False,False,False,False,False,5.249405349953402,0.8526618092305309,0.02149581919035848,0.012442796338401063,-0.0164886386304123,-0.020220588235294157,48.467966573816156,0.0,0.0,0.036091530477077916,2.5666666666666664,0.053734756097560954,0.3229933232101214,0.07271241830065356,0.03504822441457556
14020,2019,2,2.82,"Bloomington, IN",169230.0,49189.75,195067.22332155576,1011.5246378316879,888.6666666666666,2.966666666666667,874.0,69550.0,2882.3277777777776,3.965607129972317,False,False,False,False,False,3.8756746986185115,0.31488298461380415,0.07443028237618576,0.02010157073469032,0.0035493809907765793,0.04166666666666652,11.788617886178866,0.0,0.0006844376280665809,0.040384012571959005,3.266666666666667,0.19932574799831437,0.1272577123238514,0.024154589371980784,0.01077474871219608
14020,2019,3,2.84,"Bloomington, IN",169230.0,49798.0,198895.45656139505,1020.8088661337882,868.3333333333334,3.033333333333333,860.0,69756.0,2957.8528125,3.9940450733241306,False,False,False,False,False,3.915366016529762,0.3325889393849537,0.07218318324581685,0.01678319776858217,0.0031920036999891132,0.025547445255474477,11.067193675889332,0.0,0.0,0.04610784111275468,3.4,0.026001405481377526,0.15500598332389726,0.017114914425427896,0.007883878573533787
14020,2019,4,2.93,"Bloomington, IN",169230.0,50405.0,202429.25507958586,1030.859119421546,719.0,2.6333333333333333,861.0,70810.0,3082.755625,4.016055055641025,False,False,False,False,False,3.9114471713725862,0.3401954917598218,0.06961451398486074,0.011828019035716952,0.0027692238178861407,0.03597122302158273,8.270676691729317,0.0,0.0,0.04150795835429699,3.0666666666666664,-0.1239726027397261,0.03674172122599795,0.002389486260454099,0.008459116721099225
14020,2020,1,2.93,"Bloomington, IN",161969.0,51012.0,206325.18433097572,1039.6671438062488,591.6666666666666,3.5,960.0,69943.0,3055.869193548387,4.044640169587072,False,False,False,False,False,3.920754640353377,0.3704631343850999,0.06532582142900423,0.015088657123139004,0.0023579066582016333,0.003401360544217802,13.461538461538458,0.002810214612261719,0.002810214612261719,0.05460616721778111,3.766666666666666,-0.13057075840500387,-0.004562795426325428,0.02474690663667034,0.012107715903728167
14020,2020,2,2.89,"Bloomington, IN",161969.0,51619.0,209920.92807868146,1046.4697279057552,691.0,8.666666666666666,976.0,65443.0,2931.687619047619,4.066737598145672,False,False,False,False,False,3.965607129972317,0.41680253397267153,0.06950484005948532,0.024103185436345598,0.0020833786804465176,0.025454545454545396,14.170040485829949,0.0,-0.002810214612261719,0.06121351909988837,2.966666666666667,0.1987410071942446,0.0662922038202094,0.030660377358490587,0.015610169244023808
14020,2020,3,2.94,"Bloomington, IN",161969.0,52226.0,214368.9490017103,1061.6640444199638,708.3333333333334,5.8999999999999995,929.0,67031.0,3319.8340625,4.104640389876887,False,False,False,False,False,3.9940450733241306,0.4358890468304413,0.07249420394459993,0.019625199839589103,0.001824792171936101,0.010676156583629748,10.9375,0.0,0.0,0.056062838156069494,3.033333333333333,-0.022880720180044944,0.03798825437241593,0.033653846153846256,0.019899115432414627
14020,2020,4,3.03,"Bloomington, IN",161969.0,52684.5,223386.65979758088,1080.2956097398853,579.3333333333334,3.8000000000000003,955.0,67711.0,3554.5015625,4.240083132564243,False,False,False,False,False,4.016055055641025,0.45055665519987453,0.07878939072321245,0.017767115344336615,0.001743883217080828,0.01736111111111116,7.720588235294112,0.0,0.0,0.04339665895992506,2.6333333333333333,-0.17197696737044155,0.14221561000009686,0.026221692491060766,0.032983705086872206
14020,2021,1,3.11,"Bloomington, IN",162762.0,53143.0,232736.53979735216,1095.2951459077494,418.6666666666667,4.066666666666666,1022.0,67901.0,3865.7068852459015,4.379439245005968,False,False,False,False,False,4.044640169587072,0.4775785435751989,0.08320749591427656,0.019245880492215317,0.0017069047782048614,-0.006779661016949157,2.447552447552459,-0.04967620620560742,-0.04967620620560742,0.039157864196571746,3.5,-0.1770978210477515,0.12306660146925985,0.053787047200878124,0.01914642498069319
14020,2021,2,3.38,"Bloomington, IN",162762.0,53601.5,242631.90586865068,1109.7310567162751,438.3333333333333,3.233333333333333,1004.0,69341.0,4183.62634920635,4.526587984825997,False,False,False,False,False,4.066737598145672,0.4700709503511682,0.07614659451342232,0.017427556211158546,0.0013387119258119577,0.024822695035461084,9.469696969696972,0.0,0.04967620620560742,0.03454694899866784,8.666666666666666,0.16788732394366201,0.017124992393438676,0.1167048054919908,-0.05905104241552839
14020,2021,3,3.52,"Bloomington, IN",162762.0,54060.0,249868.84257991533,1151.0271243777313,573.6666666666666,2.8666666666666667,989.0,69452.0,4421.670625,4.622065160560772,False,False,False,False,False,4.104640389876887,0.46978398361787654,0.0777971136587472,0.02118903038272424,0.0011476735596412072,0.035211267605633756,7.299270072992692,0.0,0.0,0.04002235838811874,5.8999999999999995,0.025084418716835533,0.12237973724394036,0.08023255813953489,-0.03906473995068527
14020,2021,4,3.63,"Bloomington, IN",162762.0,55544.5,252196.89520037788,1168.8301090104253,546.3333333333334,2.1,1028.0,70899.0,4602.1089062500005,4.540447662691678,False,False,False,False,False,4.240083132564243,0.5884948199386497,0.10352952546189798,0.0420663106194481,0.0018842096414012262,0.03412969283276435,8.992805755395693,0.0,0.0,0.047956592115205865,3.8000000000000003,-0.1821176470588235,0.15302735438200687,0.10917537746806039,-0.043765004942804664
14020,2022,1,3.98,"Bloomington, IN",162733.0,57029.0,262072.67532777193,1193.7080339482159,414.6666666666667,2.8000000000000003,1087.0,71309.0,4463.855483870967,4.595428208942327,False,False,False,False,False,4.379439245005968,0.7113676587854307,0.12800839389538,0.041855140357278,0.0036023130214620585,0.06143344709897591,5.782312925170063,0.04780210273567442,0.04780210273567442,0.053505588238409674,4.066666666666666,-0.2773302646720368,0.2650105879555513,0.06458333333333344,-0.029195201807185822
14020,2022,2,4.44,"Bloomington, IN",162733.0,58513.5,274239.1764854441,1264.162986163861,491.6666666666667,2.6,1048.0,71465.0,4105.667096774193,4.686767608935445,False,False,False,False,False,4.526587984825997,0.8358640624961966,0.15582523424109795,0.042517458066166025,0.006188356829604415,0.16955017301038056,22.9090909090909,0.0,-0.04780210273567442,0.06045213456591947,3.233333333333333,0.04697452229299359,0.4270368786990453,0.028688524590164022,0.059563284079275025
14020,2022,3,4.78,"Bloomington, IN",162733.0,59998.0,277345.93976591184,1293.385260442799,623.3333333333334,2.8333333333333335,1088.0,72788.0,3980.35109375,4.622586415645719,False,False,False,False,False,4.622065160560772,0.9048568403484523,0.16560184552624646,0.02982681393593145,0.008479087811564997,0.19727891156462585,25.266903914590742,0.0,0.0,0.08417265370100258,2.8666666666666667,0.308745247148289,0.3318950711862574,0.06458557588805158,0.03611761722188245
14020,2022,4,5.58,"Bloomington, IN",162733.0,60735.75,275287.7288842788,1282.2106133091463,599.6666666666666,2.5,988.0,73013.0,3851.9734920634924,4.532548439498628,False,False,False,False,False,4.540447662691678,0.8233365279706004,0.12897025914127114,0.009317098508262234,0.008590876572588458,0.19801980198019797,26.041666666666675,0.0,0.0,0.08195395637297587,2.1,-0.04764671702498535,0.294726932969241,0.07643979057591621,0.04708245336799033
14020,2023,1,5.76,"Bloomington, IN",162827.0,61473.5,274975.4475744699,1312.8037078453397,467.0,3.1,1151.0,73010.0,4000.064516129032,4.473072910676469,False,False,False,False,False,4.595428208942327,0.8808286685988804,0.1260486881688765,0.03915900756647872,0.00798028150761438,0.279742765273312,34.91525423728812,-0.0050741728837401245,-0.0050741728837401245,0.08985056530941216,2.8000000000000003,-0.2410006101281269,0.15473201056913988,0.06360078277886494,0.05019071884066517
14020,2023,2,5.2,"Bloomington, IN",162827.0,62211.25,279383.8199792158,1326.0595932108347,499.0,2.966666666666667,1048.0,71500.0,4206.072903225806,4.490889026972064,False,False,False,False,False,4.686767608935445,0.9613270695341853,0.13026840185603672,0.046424149875433196,0.007297303083462931,0.31360946745562135,57.44680851063833,0.0,0.0050741728837401245,0.13916158200037598,2.6,0.18569131832797425,-0.01863437265303247,0.043824701195219085,0.03063122827764242
14020,2023,3,5.64,"Bloomington, IN",162827.0,62949.0,283614.1479143681,1326.0410011731183,526.3333333333334,3.1999999999999997,1097.0,72855.0,4458.13746031746,4.505459148109868,False,False,False,False,False,4.622586415645719,0.8743510353933357,0.10996608021349652,0.011328663250389504,0.005544426298631219,0.3579545454545454,68.3098591549296,0.0,0.0,0.12367921923823433,2.8333333333333335,0.2677966101694915,-0.0998083232963558,0.10010111223458029,0.048033173990669864
14020,2023,4,5.24,"Bloomington, IN",162827.0,63597.5,283359.8280980351,1330.8610223818143,525.0,2.8666666666666667,1036.0,72884.0,4464.907619047619,4.455518347388422,False,False,False,False,False,4.532548439498628,0.75581275052728,0.0915587547798895,-0.007421096134921701,0.003107679219444588,0.5371900826446281,90.44368600682593,0.0,0.0,0.09700340830089771,2.5,-0.03796791443850278,-0.16299818832356816,-0.03891050583657585,0.029817063710348535
14020,2024,1,5.36,"Bloomington, IN",162553.0,64246.0,284336.56100699934,1349.9054674103052,445.3333333333333,3.8333333333333335,1227.0,72276.0,4992.540983606557,4.425747299551713,False,False,False,False,False,4.473072910676469,0.6490065005243886,0.04923356557703151,-0.001134381510845217,-0.0008454330410740706,0.44723618090452266,96.58703071672352,0.0007558075678949505,0.0007558075678949505,0.09976951692551839,3.1,-0.22123401889938854,-0.10389918970668477,0.05887764489420433,0.023853931481299773
14020,2024,2,5.29,"Bloomington, IN",162553.0,64894.5,289913.00202130753,1360.1873480424786,586.0,3.766666666666667,1091.0,71791.0,5246.626507936508,4.467451047797695,False,False,False,False,False,4.490889026972064,0.6152143283535523,0.01875969567770608,0.016031876458904692,-0.006053987352044448,0.1711711711711712,79.93079584775087,0.0,-0.0007558075678949505,0.04896252122900768,2.966666666666667,0.0685224839400429,0.024455418348580116,0.0,0.000489750227383956
14020,2024,3,5.8,"Bloomington, IN",162553.0,65543.0,291929.8215260974,1380.9329665144878,682.6666666666666,3.966666666666667,1141.0,73249.0,5543.46921875,4.454019827076841,False,False,False,False,False,4.505459148109868,0.5900931315801055,0.022600684739595645,0.015141635386999086,-0.01063848073210071,0.17991631799163166,91.83673469387755,0.0,0.0,0.02524827035614985,3.1999999999999997,0.0547762191048764,0.12003623683289799,0.008272058823529438,0.0009204813980325799
14020,2024,4,5.59,"Bloomington, IN",162553.0,65543.0,294731.8438480784,1402.686707805534,668.3333333333334,3.233333333333333,1064.0,73231.0,5907.04296875,4.496770728347473,False,False,False,False,False,4.455518347388422,0.5440711760158354,0.029322408399647726,-0.0008967106126516189,-0.013408802183695995,-0.06093189964157708,72.93729372937297,0.0,0.0,0.03794260363132573,2.8666666666666667,-0.002533248891703699,0.15912210409728944,0.04858299595141702,-0.0017668086505142622
14020,2025,1,6.02,"Bloomington, IN",,,297992.57348434115,1403.171276431325,567.6666666666666,3.5666666666666664,1266.0,73150.0,5894.8178333333335,,False,False,False,False,False,4.425747299551713,0.5049926591983356,0.03404345193399205,0.003446970290461593,-0.014365938311383759,-0.06944444444444431,72.34726688102894,-0.002260400901142323,-0.002260400901142323,0.02826146768419724,3.8333333333333335,-0.15174603174603174,0.24811511501268746,0.06602953953084278,-0.010053417340090354
14020,2025,2,5.62,"Bloomington, IN",,,298426.2992917713,1400.8629695813088,776.3333333333334,3.3333333333333335,1145.0,72326.0,5732.060483870968,,False,False,False,False,False,4.467451047797695,0.5018439178253784,0.037687157555777784,0.019612113878562765,-0.01326143258502693,0.017307692307692246,56.50887573964498,0.0,0.002260400901142323,0.02573621502862422,3.766666666666667,0.31586826347305386,0.24739314525733946,0.04103053435114501,0.004069930069930061
14020,2025,3,5.97,"Bloomington, IN",,,298871.1947314129,1432.5666322321952,838.6666666666666,3.8666666666666667,1201.0,73395.0,6427.73875,,False,False,False,False,False,4.454019827076841,0.4599747537527108,0.029320376549903715,0.0069566369591167465,-0.01120819430967375,0.028368794326241176,64.77272727272727,0.0,0.0,0.04139537562775808,3.966666666666667,0.16496018202502838,0.24344959483489204,0.040109389243391025,0.005408002196143125
14020,2025,4,5.79,"Bloomington, IN",,,300780.5235498599,1462.6022207750432,796.6666666666666,2.55,1105.0,73488.0,6777.5671875,,False,False,False,False,False,4.496770728347473,0.4807156727064479,0.040132773323496185,0.009598273678698144,-0.00945114946279077,0.06679389312977091,53.99449035812671,0.0,0.0,0.053969335802753315,3.233333333333333,-0.02099609374999989,0.3229933232101214,0.027027027027026973,0.004760990066406956
14860,2019,2,1.29,"Bridgeport-Stamford-Danbury, CT",943332.0,94976.0,424794.0743559227,1947.49632889807,6518.333333333333,3.133333333333333,1565.0,425025.0,2882.3277777777776,4.472646503915965,False,False,False,False,False,4.6236066479897575,-0.0729047381796386,0.008012055459756473,0.0035917785687176185,0.00010817465393834111,-0.007462686567164201,3.90625,0.0,-0.002375498695482481,0.03129468720413664,3.5666666666666664,0.2993899273104881,0.1272577123238514,-0.009980039920159722,0.0024665775245082955
14860,2019,3,1.27,"Bridgeport-Stamford-Danbury, CT",943332.0,95645.0,422955.350098208,1956.5138110983028,6975.0,3.3000000000000003,1475.0,417881.0,2957.8528125,4.422137593164389,False,False,False,False,False,4.5793533473609305,-0.1907087657651978,0.007201540399718542,-0.0009853706069309354,-0.0003694206830785805,-0.014814814814814836,2.3076923076922995,0.0,0.0,0.03747601367686193,3.5,0.04240547425203545,0.15500598332389726,0.026704146170063225,0.0009047152046770535
14860,2019,4,1.29,"Bridgeport-Stamford-Danbury, CT",943332.0,96118.5,422421.8943406471,1958.1299239869004,6111.333333333333,2.966666666666667,1755.0,421807.0,3082.755625,4.394803230810376,False,False,False,False,False,4.548056667935802,-0.2921122401666345,0.006727377626542186,0.0003124667100395939,-0.0003999814477588116,-0.02919708029197088,0.7575757575757569,0.0,0.0,0.04341189526353029,2.9333333333333336,-0.10191662673694302,0.03674172122599795,0.008875739644970349,0.005076548512119139
14860,2020,1,1.28,"Bridgeport-Stamford-Danbury, CT",943159.0,96592.0,426461.88017758325,1979.43515495078,4885.333333333333,4.133333333333334,2051.0,406197.0,3055.869193548387,4.415084894997342,False,False,False,False,False,4.50436379899226,-0.35696581409413586,0.0003777346388789127,-0.0025310332403311042,-0.0005712584736248482,-0.04255319148936154,0.0,-0.0016662832532438054,-0.0016662832532438054,0.035618840287457765,3.8666666666666667,-0.17238435682654862,-0.004562795426325428,0.043368633383761956,-0.006975685099021023
14860,2020,2,1.25,"Bridgeport-Stamford-Danbury, CT",943159.0,97065.5,430318.7753694111,2018.70305672598,5131.0,9.966666666666667,1742.0,366611.0,2931.687619047619,4.433282426499746,False,False,False,False,False,4.472646503915965,-0.41300987155871915,-0.0032001064162286985,2.4425173432707226e-06,-0.001004895957263266,-0.03007518796992481,-2.2727272727272707,0.0,0.0016662832532438054,0.03220659788894453,3.133333333333333,0.2606369262506445,0.0662922038202094,0.051747311827957,-0.010617198884507406
14860,2020,3,1.27,"Bridgeport-Stamford-Danbury, CT",943159.0,97539.0,430899.703866937,2057.4567088554136,5725.333333333333,9.700000000000001,1605.0,383899.0,3319.8340625,4.417717055402834,False,False,False,False,False,4.422137593164389,-0.4577586462125929,-0.0065358316554898765,-0.004328507313814511,-0.0017261858791572013,-0.045112781954887216,-0.78125,0.0,0.0,0.03042432032453224,3.3000000000000003,0.07005880848887758,0.03798825437241593,0.00958247775496246,-0.008604818888372279
14860,2020,4,1.31,"Bridgeport-Stamford-Danbury, CT",943159.0,98452.75,450751.2540510199,2088.590459134946,4898.333333333333,6.8,2020.0,390344.0,3554.5015625,4.578351077557711,False,False,False,False,False,4.394803230810376,-0.4641955001239966,-0.0080987822515175,-0.0012612578548469866,-0.0026447810668667956,-0.03007518796992481,-0.7692307692307665,0.0,0.0,0.028930110065353842,2.966666666666667,-0.12382317801672649,0.14221561000009686,0.029325513196480912,-0.01182371490017664
14860,2021,1,1.35,"Bridgeport-Stamford-Danbury, CT",950726.0,99366.5,476638.2384517679,2109.5272652166173,3366.6666666666665,7.366666666666667,2220.0,383686.0,3865.7068852459015,4.796769921973381,False,False,False,False,False,4.415084894997342,-0.44195187710114947,0.003928603440924716,0.009563864683771017,-0.0026603047569197552,-0.05185185185185193,-6.569343065693434,0.0004935350897452562,0.0004935350897452562,0.03248123945148795,4.133333333333334,-0.2006108868768408,0.12306660146925985,-0.008699855002416657,-0.014367244332933793
14860,2021,2,1.46,"Bridgeport-Stamford-Danbury, CT",950726.0,100280.25,499276.4735701466,2198.396187394113,3543.6666666666665,6.333333333333333,1765.0,400626.0,4183.62634920635,4.978811616147214,False,False,True,False,False,4.433282426499746,-0.4353287076663417,0.013005598116840433,0.009043938910135996,-0.0018604000364275445,-0.03100775193798455,-6.7164179104477695,0.0,-0.0004935350897452562,0.03656321543270913,9.966666666666667,0.05028657205240172,0.017124992393438676,0.11309904153354622,-0.13743662137521317
14860,2021,3,1.54,"Bridgeport-Stamford-Danbury, CT",950726.0,101194.0,512491.54577415955,2275.4288556922584,3882.6666666666665,5.833333333333333,1679.0,399257.0,4421.670625,5.064445972826053,True,False,False,True,False,4.417717055402834,-0.4461456111072861,0.01878296081816755,0.0013499957026676945,-0.0006182241078705071,0.0,-5.9259259259259345,0.0,0.0,0.05159324569267709,9.700000000000001,0.11583187162996156,0.12237973724394036,0.08813559322033893,-0.0813198015703035
14860,2022,1,1.78,"Bridgeport-Stamford-Danbury, CT",953585.0,104272.5,529723.4705536413,2331.132251172284,1988.0,4.766666666666667,2450.0,401566.0,4463.855483870967,5.080183850522825,True,False,True,True,True,4.796769921973381,-0.05450864752302209,0.1176573114888737,0.05743075403139719,0.006686058610666679,0.0546875,-4.255319148936154,0.008206429958363404,0.008206429958363404,0.06572183480750193,7.366666666666667,-0.3126913916298061,0.2650105879555513,0.08239882983910296,-0.05541892234556134
14860,2025,2,2.86,"Bridgeport-Stamford-Danbury, CT",,,655994.5320152976,2806.6767872598175,2006.0,3.5,1986.0,412168.0,5732.060483870968,,False,False,False,False,False,5.623661145096435,1.1510146411804696,0.11365400785799062,0.02267475412000164,-0.006488912999077467,0.015503875968992276,79.45205479452055,0.0,-0.003324267857262475,0.048369306741032236,2.8666666666666667,0.3095577746077032,0.24739314525733946,0.0321371183717194,-0.03168093130098648
14860,2025,3,2.91,"Bridgeport-Stamford-Danbury, CT",,,662844.8310253732,2827.5361764433696,2266.6666666666665,3.966666666666667,1929.0,407205.0,6427.73875,,False,False,False,False,False,5.62846725466954,1.2063296615051513,0.08309536287329711,0.007248560974396856,-0.0032172486569050597,0.03585657370517947,68.83116883116884,0.0,0.0,0.05643662251030901,3.3666666666666667,0.1612200435729847,0.24344959483489204,0.04315729699034643,-0.030826170124023777
14860,2025,4,2.77,"Bridgeport-Stamford-Danbury, CT",,,670837.9367005177,2830.893679966037,1993.6666666666667,4.15,2341.0,409802.0,6777.5671875,,False,False,False,False,False,5.660745129727665,1.2659418989172897,0.05543935512748521,0.005734753992100883,-0.002588225020221599,0.05138339920948631,65.21739130434783,0.0,0.0,0.058161154950216565,3.033333333333333,-0.075984990619137,0.3229933232101214,0.057950191570881326,-0.02921142911408936
15260,2023,4,9.57,"Brunswick-St. Simons, GA",116178.0,65270.0,313761.87582206074,1546.4301313331787,541.3333333333334,2.6999999999999997,1030.0,45680.0,4464.907619047619,4.8071376715498815,False,False,False,False,False,4.868085685550022,0.8516944975719731,0.162689231626171,0.005908049642591173,0.014422076429917758,0.6605042016806724,115.72052401746724,0.0,0.0,0.07991430984794579,3.0,0.004289215686274606,-0.16299818832356816,0.014184397163120588,0.04531729071820134
15260,2024,1,12.16,"Brunswick-St. Simons, GA",117135.0,65721.0,316479.2388460294,1564.0776210558267,539.0,2.9333333333333336,1006.0,46319.0,4992.540983606557,4.815496399111843,False,False,False,False,False,4.814192382515134,0.7795415138932729,0.10446198207106083,0.005102646509876685,0.009792329568168204,0.45999999999999996,103.21199143468954,0.008294501124559206,0.008294501124559206,0.10416357425048339,3.0666666666666664,-0.07565588773642473,-0.10389918970668477,0.057483731019522866,0.0447782112074
15260,2024,2,10.49,"Brunswick-St. Simons, GA",117135.0,66172.0,321514.54525897873,1584.4396515618519,581.3333333333334,2.9333333333333336,1010.0,47656.0,5246.626507936508,4.858770254170627,False,False,False,False,False,4.806021900907228,0.8124205767874617,0.0600041876400208,0.014366801650975036,0.0032571835216320673,0.38598726114649695,130.5084745762712,0.0,-0.008294501124559206,0.06661279610042392,2.8000000000000003,0.0066006600660064585,0.024455418348580116,0.011518324607329822,0.05634703196347024
15260,2024,3,10.73,"Brunswick-St. Simons, GA",117135.0,66623.0,323273.479142144,1572.352466050206,654.0,3.1666666666666665,1009.0,47014.0,5543.46921875,4.852280430814343,False,False,False,False,False,4.793581928047503,0.8061359724254711,0.039110964029010375,0.013207043157861476,-0.0037480196877417186,0.29060913705583746,119.18103448275863,0.0,0.0,0.03088653447794898,2.9333333333333336,0.03409836065573768,0.12003623683289799,-0.005181347150259086,0.03621497972957677
15260,2024,4,11.32,"Brunswick-St. Simons, GA",117135.0,66623.0,323846.0891798349,1569.6044281807099,684.3333333333334,2.9,1058.0,46918.0,5907.04296875,4.860875210960702,False,False,False,False,False,4.8071376715498815,0.7684272962783645,0.04313696483804197,0.00980540686608733,-0.009276742045223284,-0.03137651821862353,98.960498960499,0.0,0.0,0.018707115441397804,2.6999999999999997,0.029803424223208808,0.15912210409728944,0.02897102897102899,0.015043441548341141
15260,2025,1,12.68,"Brunswick-St. Simons, GA",,,324834.9678926275,1597.6844291325267,750.6666666666666,3.1333333333333333,1048.0,46795.0,5894.8178333333335,,False,False,False,False,False,4.815496399111843,0.7385709777218841,0.046829545476640755,0.008660590190727069,-0.013375329114331392,0.28134878819810316,155.4621848739496,-0.0056384385996965936,-0.0056384385996965936,0.03452038727097628,2.9333333333333336,-0.004310344827586299,0.24811511501268746,0.031794871794871726,0.03557055982829538
15260,2025,2,10.84,"Brunswick-St. Simons, GA",,,322795.9914881093,1625.1701024953957,846.0,2.8333333333333335,1035.0,48266.0,5732.060483870968,,False,False,False,False,False,4.858770254170627,0.8026613384726993,0.04842252767087407,0.015910384615779094,-0.015456066204250645,-0.03584558823529416,99.05123339658446,0.0,0.0056384385996965936,0.028926183204583067,2.9333333333333336,0.07854050711193583,0.24739314525733946,0.04554865424430643,0.02999913547160027
15260,2025,3,11.68,"Brunswick-St. Simons, GA",,,319136.6611805217,1619.4966282818834,881.6666666666666,3.0666666666666664,1054.0,47647.0,6427.73875,,False,False,False,False,False,4.852280430814343,0.8298185260540336,0.04041737473318574,0.005470775456670074,-0.015944693151648044,0.05506391347099315,96.16087751371116,0.0,0.0,0.005185689228495827,3.1666666666666665,0.125,0.24344959483489204,0.05104166666666665,0.027583493617765242
15260,2025,4,11.25,"Brunswick-St. Simons, GA",,,318641.2522511331,1612.077011132076,871.6666666666666,3.0,1124.0,48738.0,6777.5671875,,False,False,False,False,False,4.860875210960702,0.8414340482433138,0.03213970254146825,0.0017712867730765858,-0.016426886567354925,0.18286311389759669,90.25210084033613,0.0,0.0,0.014985673376366915,2.9,0.04638124362895013,0.3229933232101214,0.027184466019417375,0.02710157618213671
15540,2019,2,2.59,"Burlington-South Burlington, VT",220411.0,70626.0,318443.13654612465,1491.0005254198647,1013.0,1.7,1019.0,123952.0,2882.3277777777776,4.508865524681061,False,False,False,False,False,4.586259912109323,0.3062292722918647,0.0402613334803521,0.009683731637631476,0.0031100676284534245,0.03100775193798455,16.666666666666675,0.0,0.0026246706496866334,0.04121063036064698,2.1666666666666665,0.2311733800350262,0.1272577123238514,0.04384133611691032,-0.0027829840404384187
15540,2019,3,2.55,"Burlington-South Burlington, VT",220411.0,71413.0,320652.77164911176,1507.595577261065,1227.3333333333333,1.7666666666666666,1037.0,122585.0,2957.8528125,4.490117648734989,False,False,False,False,False,4.586314813592449,0.28012538313680047,0.042147562192607735,0.010331366530244468,0.0030614350759465437,0.0,7.1729957805907185,0.0,0.0,0.011410271834408237,2.1,0.6424845898530109,0.15500598332389726,0.029106029106028997,0.003303522390996072
15540,2019,4,2.59,"Burlington-South Burlington, VT",220411.0,71921.5,324392.13499414345,1526.3837813955931,1094.3333333333333,1.5,1110.0,122784.0,3082.755625,4.510363868859012,False,False,False,False,False,4.569430108110465,0.22857568802770345,0.041883485075790094,0.007804617872202879,0.00288750846379001,0.0038610038610038533,8.333333333333348,0.0,0.0,0.03654133734778786,1.6333333333333335,0.0011547344110853786,0.03674172122599795,0.039767216294859464,0.004315745510232505
15540,2020,1,2.6,"Burlington-South Burlington, VT",225743.0,72430.0,330769.9205268144,1510.049745863911,772.3333333333334,2.0,1105.0,118483.0,3055.869193548387,4.566753010172779,False,False,False,False,False,4.531514773548556,0.17492735290046735,0.03116615626580388,0.0030050315017680074,0.00195022624456035,-0.02508960573476693,7.936507936507953,-0.0022562794465184055,-0.0022562794465184055,0.023021292397735094,2.033333333333333,-0.24221453287197237,-0.004562795426325428,0.03875968992248069,0.01041832819832611
15540,2020,2,2.52,"Burlington-South Burlington, VT",225743.0,72938.5,335377.35301984363,1535.866877010669,808.0,9.333333333333334,1164.0,109255.0,2931.687619047619,4.598084043678491,False,False,False,False,False,4.508865524681061,0.12565654980523888,0.027622896706191558,0.006214289285813024,0.0006227351429251582,-0.026315789473684292,7.468879668049788,0.0,0.0022562794465184055,0.011867599935526885,1.7,0.15639269406392686,0.0662922038202094,0.018999999999999906,0.008510569052772032
15540,2020,3,2.59,"Burlington-South Burlington, VT",225743.0,73447.0,341468.5384356921,1568.893898268557,951.3333333333334,5.033333333333334,1097.0,113606.0,3319.8340625,4.649182926949938,False,False,False,False,False,4.490117648734989,0.07076516244941988,0.024172337221555873,0.006938868668840303,-0.0007487752818572629,0.003937007874015741,7.14285714285714,0.0,0.0,0.02884259605963546,1.7666666666666666,0.21158275748601496,0.03798825437241593,0.04747474747474745,0.001560534013105297
15540,2020,4,2.65,"Burlington-South Burlington, VT",225743.0,74896.75,353185.7517898865,1585.8513509188688,645.3333333333334,3.3000000000000003,1262.0,113564.0,3554.5015625,4.715635215011152,False,False,False,False,False,4.510363868859012,0.08905295980672889,0.028092084009307294,0.011661721574400152,-0.0019032153870639553,-0.0038461538461539435,6.584362139917688,0.0,0.0,0.03025032050786436,1.5,-0.10836501901140683,0.14221561000009686,0.035447761194029814,0.0011904956049511028
15540,2021,1,2.75,"Burlington-South Burlington, VT",227246.0,76346.5,365203.44592376845,1575.1230008342893,378.0,4.133333333333334,1155.0,113151.0,3865.7068852459015,4.783499517643486,False,False,False,False,False,4.566753010172779,0.12601080304723844,0.04516437097649817,0.01966072800373575,-0.0018689465187092602,-0.044117647058823595,0.38610038610038533,0.02204512054568597,0.02204512054568597,0.014514039693632741,2.0,-0.2942430703624732,0.12306660146925985,0.03078358208955234,-0.015578524069858268
15540,2021,2,2.92,"Burlington-South Burlington, VT",227246.0,77796.25,379124.1444375456,1611.2031511960638,469.6666666666667,3.466666666666667,1150.0,117369.0,4183.62634920635,4.873295877854596,False,False,False,False,False,4.598084043678491,0.15723518789656943,0.053178148718762364,0.013929418024743567,-0.0009014332573448399,-0.027027027027026973,-2.3255813953488413,0.0,-0.02204512054568597,0.030091439155039756,9.333333333333334,0.046180405697021865,0.017124992393438676,0.14229636898920517,-0.11857009164838006
15540,2021,3,3.12,"Burlington-South Burlington, VT",227246.0,79246.0,393765.38454207545,1700.4051883639133,577.0,2.8000000000000003,1159.0,116575.0,4421.670625,4.968899181562167,False,False,False,False,False,4.649182926949938,0.20523953007387696,0.06491684659242214,0.018162184658568892,0.0004741983702393683,0.015686274509803866,1.9685039370078705,0.0,0.0,0.040659658287706124,5.033333333333334,0.1773927392739274,0.12237973724394036,0.057859209257473454,-0.07324713464126931
15540,2021,4,3.27,"Burlington-South Burlington, VT",227246.0,80980.25,398428.76326845726,1718.771028468794,431.0,2.033333333333333,1329.0,118636.0,4602.1089062500005,4.920073268092619,False,False,False,False,False,4.715635215011152,0.2639772937065583,0.08876175988749813,0.03431418135290687,0.002684918783534165,0.02316602316602312,2.316602316602312,0.0,0.0,0.038959775547997344,3.3000000000000003,-0.32165381920112124,0.15302735438200687,0.13693693693693687,-0.07509121709669009
15540,2022,1,3.8,"Burlington-South Burlington, VT",228290.0,82714.5,411529.74774474883,1745.6208258586446,249.66666666666666,2.2333333333333334,1238.0,117167.0,4463.855483870967,4.975303577302031,False,False,True,False,False,4.783499517643486,0.32968700087995373,0.1041011387677333,0.0340265542224687,0.005068543006626203,0.05769230769230771,-1.4336917562724039,-0.017533156373153114,-0.017533156373153114,0.04309345115855723,4.133333333333334,-0.4142561983471075,0.2650105879555513,0.045248868778280604,-0.04500223660778335
15540,2022,2,4.34,"Burlington-South Burlington, VT",228290.0,84448.75,432661.8744018541,1812.478189327112,363.0,2.033333333333333,1250.0,120168.0,4105.667096774193,5.123366235756647,True,False,True,True,True,4.873295877854596,0.4314157149632081,0.1304405053704194,0.03811765378764509,0.007779405435053285,0.1587301587301586,9.774436090225546,0.0,0.017533156373153114,0.049051304714654353,3.466666666666667,0.24250440917107596,0.4270368786990453,-0.012027491408934665,0.0742666239531371
15540,2025,2,5.92,"Burlington-South Burlington, VT",,,475091.1835429791,2101.6384104330596,513.3333333333334,2.2666666666666666,1406.0,122458.0,5732.060483870968,,False,False,False,False,False,5.153140107845945,0.6442745831648837,0.04219631126996459,0.018659552409505453,-0.010742931871511043,-0.026981450252951067,97.60273972602738,0.0,-0.003189460383162146,0.04847396242952451,1.8666666666666665,0.4373464373464375,0.24739314525733946,0.04394757131842719,-0.002146148675461812
15540,2025,3,5.94,"Burlington-South Burlington, VT",,,476465.38226971054,2111.680966924547,678.0,2.466666666666667,1356.0,121851.0,6427.73875,,False,False,False,False,False,5.143325277046054,0.6532076283110646,0.029317925828767244,0.003845934608020629,-0.010499866035498701,0.016042780748663166,82.6923076923077,0.0,0.0,0.043408286919561334,2.1999999999999997,0.4700854700854702,0.24344959483489204,0.050602409638554224,0.0009864907832410896
15540,2025,4,5.67,"Burlington-South Burlington, VT",,,478699.4495767222,2111.468827072798,634.0,2.3499999999999996,1530.0,120659.0,6777.5671875,,False,False,False,False,False,5.1543233654935765,0.6439594966345643,0.02692807285622356,0.002138322554983363,-0.0106215119634308,0.14145383104125742,77.67584097859326,0.0,0.0,0.03312244755036642,2.033333333333333,-0.020930232558139528,0.3229933232101214,0.04584527220630363,-0.005468310691321587
15980,2019,2,2.45,"Cape Coral-Fort Myers, FL",770577.0,57046.75,239619.6091207451,1258.3300886659397,12925.333333333334,3.233333333333333,888.0,259739.0,2882.3277777777776,4.200407720347699,False,False,False,False,False,4.340999140462304,1.0775650613806027,0.028398960974039378,0.003918900052669816,-0.0105813570620279,0.033898305084745894,20.79207920792079,0.0,0.004456219259823202,0.041622662322531756,3.5,-0.029981813458040962,0.1272577123238514,0.04221954161640529,0.02263417708223936
15980,2019,3,2.48,"Cape Coral-Fort Myers, FL",770577.0,57832.0,239158.68529524622,1268.4872907501397,10602.666666666666,3.5,853.0,264342.0,2957.8528125,4.1354040201833975,False,False,False,False,False,4.319224438174571,0.9140219451205267,0.031060692827106884,0.007133219882439423,-0.011141080660211671,0.029045643153526868,19.23076923076923,0.0,0.0,0.047205571789944,3.6666666666666665,-0.14578422969787874,0.15500598332389726,0.017305315203955507,0.08006093997829544
15980,2019,4,2.51,"Cape Coral-Fort Myers, FL",770577.0,58276.0,240851.79413230074,1282.2050915217615,9944.0,2.9333333333333336,934.0,277909.0,3082.755625,4.132949998838299,False,False,False,False,False,4.3021792586440695,0.7932245990465998,0.02995800159897466,0.010354924866810888,-0.010409491581242474,0.0040322580645162365,14.220183486238525,0.0,0.0,0.039415463153984476,3.3333333333333335,0.005236258740162425,0.03674172122599795,0.03096330275229353,0.017266327654312574
15980,2020,1,2.52,"Cape Coral-Fort Myers, FL",765566.0,58720.0,244357.08444927118,1294.5808927351447,10663.0,3.4333333333333336,911.0,276441.0,3055.869193548387,4.161394489939904,False,False,False,False,False,4.265958016958965,0.6858491491816245,0.02728701711727699,0.005616255792513236,-0.008881262767021746,0.003984063745019917,14.027149321266963,0.0017947073281083803,0.0017947073281083803,0.029423290262780677,3.4333333333333336,0.19585152838427944,-0.004562795426325428,0.018604651162790642,0.02651341456997458
15980,2020,2,2.53,"Cape Coral-Fort Myers, FL",765566.0,59164.0,245188.82392253014,1292.5921744000207,9902.0,13.133333333333333,944.0,246158.0,2931.687619047619,4.144223242555103,False,False,False,False,False,4.200407720347699,0.544644961570385,0.021615893186900825,-0.0016232205069981465,-0.0069086016042530516,0.004098360655737876,10.859728506787336,0.0,-0.0017947073281083803,0.03524171291694422,3.233333333333333,0.011398315031690975,0.0662922038202094,0.02777777777777768,0.026032099672524955
15980,2020,3,2.56,"Cape Coral-Fort Myers, FL",765566.0,59608.0,247328.38594364887,1335.3396437139431,8628.0,9.166666666666666,934.0,253511.0,3319.8340625,4.149248187217301,False,False,False,False,False,4.1354040201833975,0.40944139575017013,0.01242887114767055,-0.0019235647165529723,-0.005306707390514738,0.0,10.222222222222221,0.0,0.0,0.03084207858942367,3.5,-0.17969878275221796,0.03798825437241593,0.03645200486026723,0.021568165218097013
15980,2020,4,2.65,"Cape Coral-Fort Myers, FL",765566.0,60514.75,256685.46259671988,1372.633535194939,8228.333333333334,5.766666666666667,1041.0,266571.0,3554.5015625,4.241700785291518,False,False,False,False,False,4.132949998838299,0.3312181896769175,0.00914665968138162,0.0070794369644755495,-0.004219231314677428,0.008032128514056103,10.087719298245613,0.0,0.0,0.032425407586048616,2.9333333333333336,-0.06212273641851096,0.14221561000009686,0.03893214682981094,0.026778885764849658
15980,2021,1,2.73,"Cape Coral-Fort Myers, FL",791013.0,61421.5,267083.23652899644,1398.5394460929472,7592.0,4.966666666666667,935.0,271757.0,3865.7068852459015,4.348367209022841,False,False,False,False,False,4.161394489939904,0.27588778310231943,0.01811550362654324,0.014553723087671777,-0.0031183984718202574,0.0,5.882352941176472,-0.02785168062319865,-0.02785168062319865,0.03425475662796318,3.4333333333333336,0.07230490748189866,0.12306660146925985,0.03995433789954328,0.012203963267278795
15980,2021,2,2.98,"Cape Coral-Fort Myers, FL",791013.0,62328.25,283581.9175310575,1463.6896549091282,7128.0,4.666666666666667,996.0,264961.0,4183.62634920635,4.549813568182285,False,False,False,False,False,4.144223242555103,0.18171684181033543,0.023241899201073668,0.003403787023951166,-0.00216865410671965,0.03265306122448974,7.203389830508478,0.0,0.02785168062319865,0.027228217812390598,13.133333333333333,-0.07136828284722874,0.017124992393438676,0.06306306306306309,-0.05228710359245248
15980,2021,3,3.27,"Cape Coral-Fort Myers, FL",791013.0,63235.0,310195.0575763316,1600.3706714399468,7965.333333333333,4.566666666666666,1006.0,274524.0,4421.670625,4.905433028802587,False,False,True,False,False,4.149248187217301,0.07411563911195085,0.034160167080350856,0.008726180854779608,-0.0011409299436048537,0.032258064516129004,6.224066390041494,0.0,0.0,0.05270242236662015,9.166666666666666,-0.12866087659058778,0.12237973724394036,0.09495896834701045,-0.04097343592769975
15980,2021,4,3.51,"Cape Coral-Fort Myers, FL",791013.0,64768.25,332242.3140356259,1729.0097948491327,8637.666666666666,3.5666666666666664,1109.0,287508.0,4602.1089062500005,5.129709603634897,True,False,True,True,True,4.241700785291518,0.044251166740171044,0.0657402969384635,0.037832603068872706,0.0008697173511062482,0.055776892430278835,6.854838709677424,0.0,0.0,0.07052572499603338,5.766666666666667,-0.046322052233039646,0.15302735438200687,0.11456102783725908,-0.04079752724812802
15980,2025,2,4.99,"Cape Coral-Fort Myers, FL",,,365892.0114852742,1907.220203886129,15812.333333333334,3.9,1209.0,294113.0,5732.060483870968,,False,False,False,False,False,5.305582674700909,1.1051749543532097,-0.012291009960323063,-0.010137828973196372,-0.038633053456225495,-0.03231939163498099,70.80536912751678,0.0,0.0015437473282540193,-0.03323009894257989,3.3333333333333335,0.06855038205706099,0.24739314525733946,0.027629233511586415,0.02354830920410289
15980,2025,3,5.26,"Cape Coral-Fort Myers, FL",,,352732.2732798923,1873.9223084863395,13205.0,4.7,1177.0,295790.0,6427.73875,,False,False,False,False,False,5.148296290483465,1.0128922703000676,-0.03955650495783458,-0.019961863697976034,-0.04235264774253074,0.0,58.103975535168196,0.0,0.0,-0.024882389544853223,3.9333333333333336,-0.09612614466508895,0.24344959483489204,0.037238873751135326,0.009860869980455655
15980,2025,4,5.26,"Cape Coral-Fort Myers, FL",,,344944.09243672277,1850.4335132369051,12015.0,5.25,1296.0,305718.0,6777.5671875,,False,False,False,False,False,5.060449806303621,0.9274998074653222,-0.052531756359492365,-0.017063214551622963,-0.04269113203868969,0.03745318352059934,57.834757834757845,0.0,0.0,-0.023992683019727234,3.633333333333333,-0.004752554142121279,0.3229933232101214,0.051694915254237195,0.007586891757696224
16700,2019,2,2.94,"Charleston-North Charleston, SC",802122.0,62957.75,274342.7056057008,1321.1591238097367,6439.666666666667,2.3333333333333335,953.0,354477.0,2882.3277777777776,4.357568458302604,False,False,False,False,False,4.420655475201691,0.771494456715069,0.06197369873329528,0.0105363236024556,-0.002343776536464297,0.04676258992805771,23.829787234042566,0.0,0.0021015827564714318,0.037928396864538305,2.5,0.09924391260344123,0.1272577123238514,0.01342281879194629,0.04006235712319417
16700,2019,3,2.93,"Charleston-North Charleston, SC",802122.0,63649.0,276080.31062941975,1330.6076654762799,6379.666666666667,2.0,943.0,350838.0,2957.8528125,4.337543569096447,False,False,False,False,False,4.4007765216600205,0.674463744398567,0.05380001887197805,0.008833541605647088,-0.0027800161531116733,0.006968641114982521,18.442622950819686,0.0,0.0,0.034093260872865905,2.8333333333333335,-0.001895580589254764,0.15500598332389726,0.02491506228765572,0.030882674373421404
16700,2019,4,2.93,"Charleston-North Charleston, SC",802122.0,64210.25,278232.467144197,1336.406441978663,5840.666666666667,1.9666666666666668,1023.0,355079.0,3082.755625,4.333147233412065,False,False,False,False,False,4.392066378498075,0.5974963980450334,0.046475701018269255,0.009351857605252922,-0.0027229103770048594,0.03157894736842093,17.131474103585663,0.0,0.0,0.035085675141397266,2.6,-0.04851049975581967,0.03674172122599795,0.03154574132492116,0.03653597227441652
16700,2020,1,2.98,"Charleston-North Charleston, SC",803525.0,64771.5,281546.0172484088,1345.0274650689068,5365.333333333333,2.6666666666666665,1001.0,349003.0,3055.869193548387,4.3467577136303595,False,False,False,False,False,4.370360783672946,0.5255354117324909,0.035406042009245686,0.006228621362496689,-0.0025339442503098763,0.030927835051546282,18.11023622047243,0.001536281622954272,0.001536281622954272,0.03367519729592661,2.9,-0.017564870259481058,-0.004562795426325428,0.036420395421435936,0.028030356846866056
16700,2020,2,2.92,"Charleston-North Charleston, SC",803525.0,65332.75,284331.33139028196,1342.081110384112,5540.333333333333,9.4,1027.0,325444.0,2931.687619047619,4.352049031921693,False,False,False,False,False,4.357568458302604,0.45076606828781474,0.0329527075161975,0.008141916463048515,-0.0025696471632604668,0.010309278350515427,13.953488372093027,0.0,-0.001536281622954272,0.03817140791080886,2.3333333333333335,0.12143727869042786,0.0662922038202094,0.05187637969094916,0.019804771672617072
16700,2020,3,3.01,"Charleston-North Charleston, SC",803525.0,65894.0,287567.8437936727,1361.5441903790954,5181.333333333333,6.5,1015.0,329302.0,3319.8340625,4.364097547480388,False,False,False,False,False,4.337543569096447,0.3816685692560817,0.03039310211127022,0.006333702293569665,-0.0028228037060067934,0.01384083044982698,14.007782101167333,0.0,0.0,0.039175235569037126,2.0,-0.009317252445778745,0.03798825437241593,0.041988950276243164,0.03314967562967297
16700,2020,4,3.06,"Charleston-North Charleston, SC",803525.0,66989.25,296788.6054733999,1368.828622143675,4303.0,4.766666666666667,1140.0,339187.0,3554.5015625,4.430391525108878,False,False,False,False,False,4.333147233412065,0.3453098367509724,0.028804198361478406,0.007795400222024851,-0.0033166829642740973,-0.00340136054421758,11.832061068702293,0.0,0.0,0.04057486997610549,1.9666666666666668,-0.0844871727885469,0.14221561000009686,0.042813455657492394,0.021704226324754883
16700,2021,1,3.16,"Charleston-North Charleston, SC",814941.0,68084.5,308642.3846245632,1399.397085480945,3362.3333333333335,4.366666666666666,1053.0,337468.0,3865.7068852459015,4.533225398211975,False,False,False,False,False,4.3467577136303595,0.3129778719805465,0.0346123137288592,0.011909286282159481,-0.003747778121429545,-0.00666666666666671,7.194244604316546,-0.016014636752662792,-0.016014636752662792,0.03803251177396283,2.6666666666666665,-0.08138340372103647,0.12306660146925985,0.005020080321285203,0.0048514617727846154
16700,2021,2,3.42,"Charleston-North Charleston, SC",814941.0,69179.75,323964.32749229687,1459.9266351937742,2911.6666666666665,3.5666666666666664,1087.0,346648.0,4183.62634920635,4.682935793961338,False,False,False,False,False,4.352049031921693,0.25144176816060604,0.03640929968423268,0.009892926808535485,-0.003698241766308099,-0.006802721088435382,5.035971223021596,0.0,0.016014636752662792,0.015836083782280408,9.4,0.03261679920477145,0.017124992393438676,0.07764952780692558,-0.0819037624443899
16700,2021,3,3.63,"Charleston-North Charleston, SC",814941.0,70275.0,340453.94595116633,1556.8352589853537,3027.0,3.4333333333333336,1081.0,344442.0,4421.670625,4.844595459995252,False,False,False,False,False,4.364097547480388,0.1889969901845605,0.041609389449262624,0.01138289047346741,-0.003115614751764792,0.027303754266211566,4.878048780487787,0.0,0.0,0.023249922351636254,6.5,-0.0647975452740509,0.12237973724394036,0.07635206786850479,-0.061384456643807095
16700,2021,4,3.83,"Charleston-North Charleston, SC",814941.0,72071.25,352769.8342512888,1603.7177454887294,2758.0,2.8000000000000003,1203.0,352901.0,4602.1089062500005,4.894737280833741,False,False,True,False,False,4.430391525108878,0.1814603976478253,0.06669292954795947,0.03206464797344677,-0.0013884280390160804,0.04436860068259385,7.36842105263158,0.0,0.0,0.024260718256496894,4.766666666666667,-0.16951878538342768,0.15302735438200687,0.11436950146627556,-0.044756237344365624
16700,2022,1,4.17,"Charleston-North Charleston, SC",831230.0,73867.5,370833.146233581,1624.3927265093032,2108.0,3.1,1158.0,354687.0,4463.855483870967,5.020247689898548,True,False,True,True,True,4.533225398211975,0.22663418731770246,0.09624134498854309,0.03994014235235088,0.0016339941509497904,0.06040268456375841,8.59106529209621,0.012458288165259734,0.012458288165259734,0.040422684163741396,4.366666666666666,-0.21860717328995272,0.2650105879555513,0.051948051948051965,-0.033051291822706386
16700,2025,2,6.81,"Charleston-North Charleston, SC",,,440035.73319883057,1976.0759325495428,5285.0,3.3666666666666667,1294.0,398820.0,5732.060483870968,,False,False,False,False,False,5.181040253808131,0.8234717955055268,0.06757410624364102,0.014942979976531712,-0.01772580720295326,0.08219178082191791,84.79532163742691,0.0,0.003205360259246115,0.03413314684894897,3.266666666666667,0.1714983894257469,0.24739314525733946,0.04615384615384621,0.02969918870508903
16700,2025,3,6.88,"Charleston-North Charleston, SC",,,437302.1935436589,1985.3826497152195,5986.0,4.033333333333333,1317.0,394436.0,6427.73875,,False,False,False,False,False,5.153883808417366,0.8163402393209198,0.049404345363389,0.0035338549633883165,-0.01783444993682974,0.042276422764227606,76.58402203856751,0.0,0.0,0.031617118246087816,3.966666666666667,0.07774722669953538,0.24344959483489204,0.058524173027989734,0.022346015566354627
16700,2025,4,6.79,"Charleston-North Charleston, SC",,,436839.44544438604,1973.4114084993369,5689.333333333333,4.1,1411.0,402077.0,6777.5671875,,False,False,False,False,False,5.157270492253144,0.8241232588410785,0.03218897156313316,0.0006571129582406687,-0.01745031832975226,0.09841269841269851,80.67885117493472,0.0,0.0,0.03176042512317867,3.5666666666666664,0.0026392187912378517,0.3229933232101214,0.06819984139571766,0.015567810637399537
16740,2019,2,0.81,"Charlotte-Concord-Gastonia, NC-SC",2636883.0,62618.25,237977.59904585162,1255.2362006857456,10504.0,3.533333333333333,1074.0,1219897.0,2882.3277777777776,3.800451131193408,False,False,False,False,False,3.735713115551133,0.7483099174666012,0.08565904671282598,0.0186845396034927,0.0015689943995716553,0.051948051948051965,20.895522388059696,0.0,0.0035784362933943825,0.043529673305672256,3.6666666666666665,0.1547037318565172,0.1272577123238514,0.03369672943508428,0.02226928027795161
16740,2019,3,0.8,"Charlotte-Concord-Gastonia, NC-SC",2636883.0,63217.0,240733.30170802493,1270.117739594231,10892.666666666666,3.533333333333333,1067.0,1221173.0,2957.8528125,3.808046913140847,False,False,False,False,False,3.7464265523995386,0.6568286719188605,0.08208262062562333,0.015181647714040292,0.0005796648978542989,0.03797468354430378,18.840579710144922,0.0,0.0,0.04273946155427377,3.733333333333333,0.11980815648412269,0.15500598332389726,0.03200000000000003,0.021188260558339334
16740,2019,4,0.81,"Charlotte-Concord-Gastonia, NC-SC",2636883.0,63844.0,244174.4800800006,1271.1095969155633,9527.0,3.266666666666667,1149.0,1239712.0,3082.755625,3.8245485884343178,False,False,False,False,False,3.7660054396141738,0.6290310342904948,0.0750677174486587,0.015121762796479699,-0.00014056390245243224,0.05063291139240489,15.277777777777768,0.0,0.0,0.045720594088198174,3.533333333333333,-0.1125605352294039,0.03674172122599795,0.029739776951672958,0.023431491904815527
16740,2020,1,0.83,"Charlotte-Concord-Gastonia, NC-SC",2668364.0,64471.0,249074.9798136768,1279.799963284732,7814.333333333333,3.8666666666666667,1315.0,1227832.0,3055.869193548387,3.863364610657145,False,False,False,False,False,3.7859057353121046,0.6084837190234085,0.065623060779193,0.015084038273713407,-0.0008323494843161097,0.024390243902439046,13.513513513513509,0.0002488291893723016,0.0002488291893723016,0.05294076670225989,3.966666666666667,-0.14115828654343587,-0.004562795426325428,0.009661835748792313,0.026124979149716898
16740,2020,2,0.81,"Charlotte-Concord-Gastonia, NC-SC",2668364.0,65098.0,253543.50671311855,1290.5425160453242,8262.666666666666,11.766666666666666,1157.0,1147042.0,2931.687619047619,3.8947971783022295,False,False,False,False,False,3.800451131193408,0.5902457670568961,0.06023446323757087,0.0135332987868928,-0.001482032306571047,0.0,14.084507042253524,0.0,-0.0002488291893723016,0.04973782625459999,3.533333333333333,0.15738054137437119,0.0662922038202094,0.029721955896452545,0.024734302601028935
16740,2020,3,0.83,"Charlotte-Concord-Gastonia, NC-SC",2668364.0,65725.0,258506.79210693776,1313.28019998884,7680.666666666667,7.666666666666667,1135.0,1173845.0,3319.8340625,3.933157734605367,False,False,False,False,False,3.808046913140847,0.579477303454321,0.05647263573271544,0.011579672512127326,-0.0021376039313100855,-0.024390243902438935,12.676056338028175,0.0,0.0,0.05053557108547224,3.533333333333333,0.03700177710078689,0.03798825437241593,0.0339147286821706,0.025152554837052365
16740,2020,4,0.85,"Charlotte-Concord-Gastonia, NC-SC",2668364.0,66683.5,270240.5066231614,1327.7656181791951,6480.333333333333,5.599999999999999,1271.0,1212190.0,3554.5015625,4.052584321806164,False,False,False,False,False,3.8245485884343178,0.5787742853462694,0.05561174447300776,0.014294567255797919,-0.0026869539661532453,-0.02409638554216853,12.500000000000021,0.0,0.0,0.049420311888177304,3.266666666666667,-0.1253748699430809,0.14221561000009686,0.03700361010830333,0.02481369270766609
16740,2021,1,0.88,"Charlotte-Concord-Gastonia, NC-SC",2706843.0,67642.0,283909.3325790156,1348.224672224687,5685.333333333333,5.6000000000000005,1343.0,1203100.0,3865.7068852459015,4.197234448700742,False,False,False,False,False,3.863364610657145,0.5737967366533079,0.06079642347847769,0.020069663840670993,-0.0030076900224175534,-0.011904761904761862,6.41025641025641,-0.005004532927993965,-0.005004532927993965,0.038462237941812694,3.8666666666666667,-0.17976977712466324,0.12306660146925985,0.04864433811802238,0.01832066893249129
16740,2021,2,0.96,"Charlotte-Concord-Gastonia, NC-SC",2706843.0,68600.5,299698.16752136376,1405.2861493562268,6949.0,4.966666666666667,1208.0,1222660.0,4183.62634920635,4.368746110033655,False,False,False,False,False,3.8947971783022295,0.5645637637408694,0.06540912980749858,0.0179404888551411,-0.0029286456172250494,0.0,5.1948051948051965,0.0,0.005004532927993965,0.028127228437397234,11.766666666666666,0.05737320308834182,0.017124992393438676,0.07728119180633142,-0.059722255239581745
16740,2021,3,1.02,"Charlotte-Concord-Gastonia, NC-SC",2706843.0,69559.0,316913.881833886,1492.3143629614867,8264.666666666666,4.5,1216.0,1223081.0,4421.670625,4.556044247816759,False,False,False,False,False,3.933157734605367,0.5535723724912178,0.07383062614440239,0.01957567542613159,-0.002318359062228169,0.03749999999999987,5.063291139240489,0.0,0.0,0.033983038775915686,7.666666666666667,-0.07043730837502005,0.12237973724394036,0.06373008434864103,-0.03875617950937338
16740,2021,4,1.09,"Charlotte-Concord-Gastonia, NC-SC",2706843.0,71213.5,331128.69694650196,1538.946359007581,8009.333333333333,3.6999999999999997,1362.0,1264377.0,4602.1089062500005,4.649802312012497,False,False,False,False,False,4.052584321806164,0.6303088757951283,0.10675164142714899,0.04539035288237092,-0.00037154528738700046,0.04938271604938271,7.594936708860756,0.0,0.0,0.0445720977963755,5.599999999999999,-0.15627983681972057,0.15302735438200687,0.10617928633594431,-0.022200317493095145
16740,2022,1,1.2,"Charlotte-Concord-Gastonia, NC-SC",2761265.0,72868.0,350048.71271036455,1563.505093363958,6244.333333333333,3.766666666666667,1509.0,1264323.0,4463.855483870967,4.8038743029912245,False,False,True,False,False,4.197234448700742,0.7256940058904742,0.13985488543007008,0.050580226209073764,0.0028296192607628057,0.06024096385542177,7.317073170731714,0.002481729347614703,0.002481729347614703,0.05346515932406848,5.6000000000000005,-0.12267887454349058,0.2650105879555513,0.021292775665399333,-0.020142820841939302
16740,2022,2,1.4,"Charlotte-Concord-Gastonia, NC-SC",2761265.0,74522.5,372920.9416110267,1615.3535432048602,6793.0,3.3666666666666667,1285.0,1276503.0,4105.667096774193,5.004138905847586,True,False,True,True,True,4.368746110033655,0.8703736653145451,0.18203842569894202,0.055612243524801874,0.007239417510275789,0.18518518518518512,18.518518518518512,0.0,-0.002481729347614703,0.0889111609143396,4.966666666666667,0.22226782363977482,0.4270368786990453,0.04407951598962834,0.06592435150587339
16740,2023,1,1.81,"Charlotte-Concord-Gastonia, NC-SC",2822194.0,78189.0,374852.56690764794,1669.802817430286,7315.666666666667,3.5666666666666664,1603.0,1304178.0,4000.064516129032,4.7941854596893165,False,False,False,False,False,4.8038743029912245,1.2167011704079314,0.23295951397772918,0.0571379525191662,0.01914087318899029,0.36363636363636354,42.85714285714286,0.00568489404206951,0.00568489404206951,0.1596769630272672,3.766666666666667,-0.22036790411186946,0.15473201056913988,0.12360387192851818,0.05088770675754306
16740,2023,2,1.77,"Charlotte-Concord-Gastonia, NC-SC",2822194.0,79195.0,374365.98573854583,1697.0226868594198,7866.333333333333,3.1999999999999997,1315.0,1323664.0,4206.072903225806,4.7271416849364964,False,False,False,False,False,5.004138905847586,1.3897316561114228,0.24432172774110583,0.0653401314450397,0.020889702948546567,0.45833333333333326,72.83950617283948,0.0,-0.00568489404206951,0.14948371471879018,3.3666666666666667,0.08786633214114126,-0.01863437265303247,0.0637417218543046,0.0440375901722474
16740,2023,3,1.78,"Charlotte-Concord-Gastonia, NC-SC",2822194.0,80201.0,380062.7979090137,1712.074314083881,7797.0,3.3666666666666667,1334.0,1321494.0,4458.13746031746,4.738878541527084,False,False,False,False,False,5.049011497585674,1.4102255333601907,0.2136374292786143,0.03136752575498525,0.02000005169531404,0.5686274509803921,100.0,0.0,0.0,0.1220937161844089,3.6333333333333333,0.2506992492271456,-0.0998083232963558,0.09292763157894735,0.05191070746745319
16740,2023,4,1.79,"Charlotte-Concord-Gastonia, NC-SC",2822194.0,80976.75,385263.3197830408,1693.864589235656,7600.0,3.3333333333333335,1391.0,1342177.0,4464.907619047619,4.757702918220857,False,False,False,False,False,4.937247403855175,1.2661341860794808,0.15082615878901295,-0.009222078577387105,0.015556396425110842,0.5779816513761467,112.34567901234564,0.0,0.0,0.08179749021236415,3.3666666666666667,-0.041313559322033844,-0.16299818832356816,-0.011747430249632873,0.032426246285720106
16740,2024,1,1.9,"Charlotte-Concord-Gastonia, NC-SC",2883370.0,81752.5,388299.4122869684,1691.9668754289657,7164.333333333333,3.733333333333333,1644.0,1330005.0,4992.540983606557,4.749694655049917,False,False,False,False,False,4.7941854596893165,1.0814044386570711,0.07085829285081946,-0.016319767762570603,0.007606886165813139,0.5083333333333335,118.07228915662651,0.001960270804587827,0.001960270804587827,0.06798681022370268,3.5666666666666664,-0.10182115817474935,-0.10389918970668477,0.062292909211398184,0.03152279915812661
16740,2024,2,1.78,"Charlotte-Concord-Gastonia, NC-SC",2883370.0,82528.25,393380.2965837033,1710.8157158923195,8874.666666666666,3.6,1378.0,1341302.0,5246.626507936508,4.766613815071849,False,False,False,False,False,4.7271416849364964,0.9914285693853633,0.0038749342455173252,-0.0012980601229869437,-0.0027796013701479735,0.26428571428571446,118.5185185185185,0.0,-0.001960270804587827,0.05055806142135788,3.1999999999999997,0.07527224677632471,0.024455418348580116,0.023346303501945442,0.03694546742154148
16740,2024,3,1.8,"Charlotte-Concord-Gastonia, NC-SC",2883370.0,83304.0,393576.53579319495,1725.2517552847305,10479.0,3.9,1380.0,1341914.0,5543.46921875,4.724581482200074,False,False,False,False,False,4.738878541527084,0.9924519891275456,-0.011844855002893229,0.015217226958344598,-0.012957591836979039,0.11250000000000004,114.45783132530121,0.0,0.0,0.02242900758507327,3.3666666666666667,-0.008813932793762413,0.12003623683289799,0.003762227238525151,0.02714344785989442
16740,2024,4,1.81,"Charlotte-Concord-Gastonia, NC-SC",2883370.0,83304.0,393455.38779601484,1710.1542260258586,10347.333333333334,3.5666666666666664,1461.0,1360344.0,5907.04296875,4.72312719432458,False,False,False,False,False,4.757702918220857,0.991697478606683,0.010999911253408934,0.013683322605208215,-0.020161398423426815,0.04069767441860472,110.58823529411765,0.0,0.0,0.01744100598077436,3.3333333333333335,-0.025266127997947918,0.15912210409728944,0.03343239227340278,0.028191877282867095
16740,2025,1,1.92,"Charlotte-Concord-Gastonia, NC-SC",,,394031.6542163864,1719.5220267449934,9444.0,3.9333333333333336,1725.0,1342909.0,5894.8178333333335,,False,False,False,False,False,4.749694655049917,0.9637889197378127,0.03587235773853803,0.00788056466324738,-0.024234287024833077,0.04972375690607733,115.90909090909092,-0.0003888590319398588,-0.0003888590319398588,0.01327345825945403,3.733333333333333,-0.057324561403508834,0.24811511501268746,0.02557704304429187,0.019803278386846035
16740,2025,2,1.91,"Charlotte-Concord-Gastonia, NC-SC",,,392180.4262762917,1740.9237721618704,11783.0,3.733333333333333,1405.0,1357959.0,5732.060483870968,,False,False,False,False,False,4.766613815071849,0.9661626838784407,0.050790700997170424,0.01308496519943203,-0.025088809001332483,0.005649717514124353,85.41666666666667,0.0,0.0003888590319398588,0.008127781166217485,3.6,0.2387288884753176,0.24739314525733946,0.04790874524714828,0.01332513387083134
16740,2025,3,1.93,"Charlotte-Concord-Gastonia, NC-SC",,,390280.97916978557,1743.4805729266084,13090.333333333334,4.1000000000000005,1431.0,1357314.0,6427.73875,,False,False,False,False,False,4.724581482200074,0.9165345690592273,0.03555659211722273,0.0004988536822914114,-0.02361590443111762,0.011235955056179803,76.47058823529412,0.0,0.0,0.007696769405655557,3.9,0.18077674278846168,0.24344959483489204,0.034482758620689724,0.01545220787986934
16740,2025,4,1.87,"Charlotte-Concord-Gastonia, NC-SC",,,390671.09561265097,1729.2766830046742,12421.0,3.8,1515.0,1379186.0,6777.5671875,,False,False,False,False,False,4.72312719432458,0.8985786058902625,0.021263555579564164,-0.00030781305835714257,-0.021389974826076522,0.011173184357541999,66.05504587155964,0.0,0.0,0.009616847116187266,3.5666666666666664,-0.012564812164010508,0.3229933232101214,0.05032350826743359,0.013535472594151221
16820,2019,2,3.99,"Charlottesville, VA",218615.0,71328.75,320704.7713666459,1390.2460250345455,1858.6666666666667,2.4333333333333336,929.0,115981.0,2882.3277777777776,4.496150168994212,False,False,False,False,False,4.63808790208603,0.23066995958009517,0.05217177931501782,0.014471954972500312,0.0019710303558723268,0.041884816753926746,12.112676056338035,0.0,0.0056713999717368235,0.04580245988390952,2.6333333333333333,0.16767432486900447,0.1272577123238514,0.02300109529025196,0.018020508247882372
16820,2019,3,3.95,"Charlottesville, VA",218615.0,72697.0,322464.7487574075,1383.57098993639,1850.6666666666667,2.566666666666667,1006.0,116981.0,2957.8528125,4.435736670803575,False,False,False,False,False,4.635070343225851,0.1636039054975802,0.051740565480158374,0.013437479421090304,0.0011488203929908216,0.04427083333333326,11.388888888888872,0.0,0.0,0.04405876248506724,2.733333333333333,-0.004832585433206749,0.15500598332389726,0.013118062563067578,0.007672792525215133
16820,2019,4,4.03,"Charlottesville, VA",218615.0,73316.75,324696.0220691092,1404.7058662935178,1679.3333333333333,2.066666666666667,1075.0,115757.0,3082.755625,4.428674512565126,False,False,False,False,False,4.570871277957224,0.08666521101557656,0.04676785124246807,0.006220961195017249,0.0006839632592836186,0.0024937655860348684,11.049723756906072,0.0,0.0,0.035937650857182035,2.4,-0.07891085674644471,0.03674172122599795,0.05350194552529186,0.008679869172986354
16820,2020,1,4.01,"Charlottesville, VA",221635.0,73936.5,328605.3845345804,1420.1967880682441,1423.6666666666667,2.466666666666667,1033.0,113449.0,3055.869193548387,4.444427103454727,False,False,False,False,False,4.520782278213858,0.040724357037493775,0.04357297416114392,0.008770692478411446,0.000687685758585327,0.0024449877750609694,11.716621253405979,0.0001931939910806424,0.0001931939910806424,0.04596935247120082,2.6999999999999997,-0.1359442666164563,-0.004562795426325428,0.011505273250239645,0.015212817608027285
16820,2020,2,3.99,"Charlottesville, VA",221635.0,74556.25,332127.2903140353,1425.6557235402952,1487.0,9.9,1103.0,101454.0,2931.687619047619,4.454720969925866,False,False,False,False,False,4.496150168994212,-0.005776227235154252,0.04308981002330858,0.014002264323529356,0.0006412005948125593,0.002512562814070307,9.016393442622949,0.0,-0.0001931939910806424,0.04509157511332673,2.4333333333333336,0.21507953802571356,0.0662922038202094,-0.005353319057815886,0.01585341286316133
16820,2020,3,4.02,"Charlottesville, VA",221635.0,75176.0,335775.2256626784,1435.4578826206628,1342.3333333333333,7.2,1059.0,105607.0,3319.8340625,4.466521571547814,False,False,False,False,False,4.435736670803575,-0.06431269663046901,0.034907573767761546,0.005487842863271641,0.00014522831979865236,-0.014962593516209433,10.33519553072626,0.0,0.0,0.023921221120517755,2.566666666666667,-0.004304160688665681,0.03798825437241593,0.0019920318725099584,0.02619413132154924
16820,2020,4,4.1,"Charlottesville, VA",221635.0,76297.0,348799.5476641772,1461.8356366838789,1080.0,4.266666666666667,1240.0,107369.0,3554.5015625,4.571602391498711,False,False,False,False,False,4.428674512565126,-0.04135430870079837,0.03562595876543195,0.006919433272318143,-0.0005071493210324861,0.0024875621890549926,11.325966850828738,0.0,0.0,0.04905793643847023,2.066666666666667,-0.09257925072046114,0.14221561000009686,-0.007386888273314907,0.03116927078693732
16820,2021,1,4.16,"Charlottesville, VA",223302.0,77418.0,361292.22429911606,1473.5387209430219,849.0,4.066666666666666,1095.0,106731.0,3865.7068852459015,4.6667728990559825,False,False,False,False,False,4.444427103454727,-0.005152772144385587,0.038982371752835476,0.012040068863668152,-0.001170363494329948,-0.02195121951219514,0.0,0.007924714257962817,0.007924714257962817,0.03893388917554441,2.466666666666667,-0.1522429535529971,0.12306660146925985,-0.020853080568720372,0.004738119276617603
16820,2021,2,4.45,"Charlottesville, VA",223302.0,78539.0,375641.84039550624,1515.8292566831806,814.0,3.766666666666667,1139.0,108495.0,4183.62634920635,4.782870171449932,False,False,False,False,False,4.454720969925866,-0.008033327263563095,0.035616928612298926,0.010717736060360528,-0.001642212663032879,0.0,4.450261780104725,0.0,-0.007924714257962817,0.025470095125695424,9.9,0.04448606883633799,0.017124992393438676,0.18729817007534977,-0.125253274243195
16820,2021,3,4.64,"Charlottesville, VA",223302.0,79660.0,386539.430130058,1578.2862764987747,781.0,3.4,1113.0,109719.0,4421.670625,4.852365429701958,False,False,False,False,False,4.466521571547814,-0.026463611214622595,0.04127730847034239,0.010983545932626848,-0.0015593668084771192,0.017721518987341645,4.6875,0.0,0.0,0.03750215425278469,7.2,-0.09728760367630584,0.12237973724394036,0.05268389662027828,-0.09722946461391169
16820,2021,4,4.8,"Charlottesville, VA",223302.0,81292.0,388016.31663407496,1591.8741969821583,620.3333333333334,2.2333333333333334,1394.0,111288.0,4602.1089062500005,4.773118100601227,False,False,False,False,False,4.571602391498711,0.03817578317373904,0.07423412655772466,0.03878881169923809,-9.570331794621768e-05,0.017369727047146233,2.244389027431426,0.0,0.0,0.04067027251840605,4.266666666666667,-0.1954308418177303,0.15302735438200687,0.15348837209302335,-0.07246214051849997
16820,2022,1,5.2,"Charlottesville, VA",224000.0,82924.0,401102.8445129024,1632.7495946353572,449.6666666666667,2.3666666666666667,1160.0,110786.0,4463.855483870967,4.836993445961391,False,False,False,False,False,4.6667728990559825,0.09512957361866459,0.09947140644342034,0.035816206524920124,0.0022130069620547926,0.03740648379052369,1.7114914425427896,-0.006292864410982091,-0.006292864410982091,0.037559536342377964,4.066666666666666,-0.2138888888888889,0.2650105879555513,0.06001936108422079,-0.0592160353991662
16820,2022,2,5.98,"Charlottesville, VA",224000.0,84556.0,421238.3746130853,1673.3170265120098,648.0,2.466666666666667,1176.0,111764.0,4105.667096774193,4.981767995329548,False,False,False,False,False,4.782870171449932,0.21075566413470348,0.131017689152634,0.03971747834935435,0.005445560817265915,0.11528822055137833,11.809045226130666,0.0,0.006292864410982091,0.06325056719792044,3.766666666666667,-0.04122497055359242,0.4270368786990453,0.03263825929283781,0.06940091075758481
16820,2022,3,6.67,"Charlottesville, VA",224000.0,86188.0,428813.0706424388,1712.1674080461332,678.0,2.8000000000000003,1278.0,113324.0,3980.35109375,4.97532221008074,False,False,False,False,False,4.852365429701958,0.27162031636320894,0.15118508033817113,0.029010585516985765,0.00888281293650677,0.1542288557213931,15.710723192019937,0.0,0.0,0.09950023306664724,3.4,-0.04054054054054057,0.3318950711862574,0.05099150141643061,0.03893681290065998
16820,2022,4,6.62,"Charlottesville, VA",224000.0,87279.0,426048.9172400672,1724.206935050917,597.6666666666666,2.3666666666666667,1294.0,114628.0,3851.9734920634924,4.881459655129724,False,False,False,False,False,4.773118100601227,0.18175985533567562,0.11243354308376419,0.003820791331740736,0.009908172662025684,0.17073170731707332,19.402985074626876,0.0,0.0,0.0889556643955316,2.2333333333333334,-0.20571916346564234,0.294726932969241,0.12419354838709684,0.03650029338077099
16820,2023,1,7.59,"Charlottesville, VA",225400.0,88370.0,426314.5444456579,1746.250085546906,487.3333333333333,2.533333333333333,1313.0,113201.0,4000.064516129032,4.8241998918825155,False,False,False,False,False,4.836993445961391,0.22913081276796987,0.11018952951732186,0.03372674631919903,0.010242801845689098,0.25,26.82926829268295,-0.004395563553014181,-0.004395563553014181,0.10804661691580453,2.3666666666666667,-0.2751209027404621,0.15473201056913988,0.05936073059360725,0.037992710646391314
16820,2023,2,7.23,"Charlottesville, VA",225400.0,89461.0,430489.39544351795,1785.3394849139515,593.6666666666666,2.4,1203.0,114592.0,4206.072903225806,4.812034243340874,False,False,False,False,False,4.981767995329548,0.3457371480342779,0.12138300187639195,0.050200417114058205,0.010520137153288027,0.3438202247191011,49.874686716791985,0.0,0.004395563553014181,0.10389545467240269,2.466666666666667,0.44106745737583397,-0.01863437265303247,0.032484635645302795,0.03013042075671679
16820,2023,3,7.39,"Charlottesville, VA",225400.0,90552.0,437096.30725534,1803.384343015178,560.6666666666666,2.6333333333333333,1265.0,116839.0,4458.13746031746,4.8270199140310535,False,False,False,False,False,4.97532221008074,0.30879190692103897,0.10936436807535266,0.017981970508529788,0.009415792646762094,0.4375,68.86075949367087,0.0,0.0,0.08482689961947631,2.8000000000000003,0.04629629629629628,-0.0998083232963558,0.1482479784366577,0.0328566611070098
16820,2023,4,6.76,"Charlottesville, VA",225400.0,91313.5,441778.2680211125,1807.4990504516454,526.0,2.2666666666666666,1347.0,117126.0,4464.907619047619,4.838038932043044,False,False,False,False,False,4.881459655129724,0.23203115998340085,0.0980180445397596,-0.006446056782341891,0.007387028061435492,0.37916666666666665,64.26799007444168,0.0,0.0,0.0831301482991762,2.3666666666666667,-0.11848574237954779,-0.16299818832356816,-0.07173601147776187,0.0300122205448925
16820,2024,1,7.58,"Charlottesville, VA",227336.0,92075.0,445424.3317215708,1822.1867842202953,446.6666666666667,2.4,1304.0,114218.0,4992.540983606557,4.837625106940764,False,False,False,False,False,4.8241998918825155,0.1869035063047484,0.06285594898578317,0.0006234664491380215,0.0037221311201433315,0.45961538461538454,89.27680798004988,0.003124188318958332,0.003124188318958332,0.06951494049330753,2.533333333333333,-0.184606804238706,-0.10389918970668477,0.13189655172413794,0.02179878323975948
16820,2024,2,7.26,"Charlottesville, VA",227336.0,92836.5,453524.96909850044,1891.8847287012766,595.6666666666666,2.533333333333333,1301.0,114496.0,5246.626507936508,4.885201069606248,False,False,False,False,False,4.812034243340874,0.17394634125484387,0.02196148638862705,0.009792888964857305,-0.0018355525479375934,0.20903010033444813,81.203007518797,0.0,-0.003124188318958332,0.06694634467172667,2.4,0.2181942544459643,0.024455418348580116,0.022959183673469497,0.025303317705164474
16820,2024,3,7.59,"Charlottesville, VA",227336.0,93598.0,458986.0367811635,1915.7737129655536,639.6666666666666,2.8666666666666667,1296.0,114687.0,5543.46921875,4.903801756246538,False,False,False,False,False,4.8270199140310535,0.19194957080520236,0.019316660754979953,0.015347443820341145,-0.007142177682340935,0.10794602698650668,83.83084577114428,0.0,0.0,0.05327571038928869,2.6333333333333333,-0.0555867490174059,0.12003623683289799,-0.010172143974960912,0.03101726024496143
16820,2024,4,7.56,"Charlottesville, VA",227336.0,93598.0,465066.3571914551,1893.3201672675289,625.3333333333334,2.533333333333333,1483.0,115707.0,5907.04296875,4.968763832469231,False,False,False,False,False,4.838038932043044,0.2671676540858199,0.03691911924794833,0.010711508397707403,-0.010120177033564739,0.02114803625377637,64.87804878048782,0.0,0.0,0.04830749355399666,2.2666666666666666,-0.061831153388822724,0.15912210409728944,0.04095826893353949,0.021792232264368216
16820,2025,1,8.08,"Charlottesville, VA",,,469068.10472292034,1912.5761312053057,506.6666666666667,2.9333333333333336,1343.0,114983.0,5894.8178333333335,,False,False,False,False,False,4.837625106940764,0.31684282872690606,0.044825557853677145,0.008253153141258851,-0.011385989399485706,-0.0013175230566534468,82.21153846153845,0.0023391748003547264,0.0023391748003547264,0.043485580502982124,2.4,-0.1508238276299112,0.24811511501268746,-0.006854531607006886,0.008984019575798863
16820,2025,2,7.87,"Charlottesville, VA",,,468336.8753102074,1963.940572906751,780.0,2.9333333333333336,1347.0,115999.0,5732.060483870968,,False,False,False,False,False,4.885201069606248,0.3890509006120366,0.05351020001607654,0.01818633783570056,-0.010501716324198086,0.004149377593360981,63.14606741573032,0.0,-0.0023391748003547264,0.05967786221479332,2.533333333333333,0.33358208955223856,0.24739314525733946,0.08146300914380711,-0.0008377548170902527
16820,2025,3,8.3,"Charlottesville, VA",,,467523.7777596591,1979.3679851790082,815.6666666666666,3.033333333333333,1341.0,115599.0,6427.73875,,False,False,False,False,False,4.903801756246538,0.4680650854429631,0.050079877506345793,0.012041382624463415,-0.00829066871716898,0.02706359945872805,63.577586206896555,0.0,0.0,0.062321362823005044,2.8666666666666667,0.07386681589255728,0.24344959483489204,0.02450592885375502,-0.018418507518893512
16820,2025,4,7.76,"Charlottesville, VA",,,470080.7670626592,1960.7499656355574,757.6666666666666,3.25,1527.0,116330.0,6777.5671875,,False,False,False,False,False,4.968763832469231,0.540089319904105,0.05271442906111812,0.013247288420650927,-0.007032696325318715,0.11834319526627213,57.49999999999999,0.0,0.0,0.04748058749709383,2.533333333333333,-0.022407503908285498,0.3229933232101214,0.10096510764662203,-0.01211515803493668
16860,2019,2,1.62,"Chattanooga, TN-GA",565194.0,52712.75,200859.95157949385,1051.2886246222267,3004.3333333333335,3.233333333333333,900.0,251700.0,2882.3277777777776,3.8104623943826463,False,False,False,False,False,3.6962037159929033,0.3558401804817031,0.05454058250537264,0.008751717257755809,0.0024308480678087558,0.032258064516129004,12.676056338028175,0.0,-0.0013573600802692098,0.05907682564270589,3.466666666666667,0.09249786871270249,0.1272577123238514,0.029308323563892236,0.022082406074093397
16860,2019,3,1.63,"Chattanooga, TN-GA",565194.0,53126.0,203957.37045209573,1055.2096869340082,3138.3333333333335,3.3000000000000003,916.0,252483.0,2957.8528125,3.839125295563297,False,False,False,False,False,3.7048907057318243,0.3201972033657694,0.05231978380734481,0.012192343647892345,0.000886925264423318,0.032258064516129004,9.589041095890426,0.0,0.0,0.050183349081238005,3.5666666666666664,0.1581480036415659,0.15500598332389726,0.019721577726218076,0.0289446237486346
16860,2019,4,1.65,"Chattanooga, TN-GA",565194.0,53450.75,207820.80926170864,1043.642305301013,3003.6666666666665,3.1333333333333333,993.0,255757.0,3082.755625,3.8880803218235225,False,False,False,False,False,3.7323224185864916,0.33829651136286687,0.050130645361865955,0.015492114843535632,-0.00015695404732117148,0.018749999999999822,6.5359477124183,0.0,0.0,0.05714110344928458,3.266666666666667,0.013475575519371175,0.03674172122599795,-0.011178861788617933,0.030362780844519488
16860,2020,1,1.67,"Chattanooga, TN-GA",564632.0,53775.5,211724.91863747663,1061.0437904245455,2601.0,3.5,972.0,250472.0,3055.869193548387,3.937200372613488,False,False,False,False,False,3.774336813532278,0.3737655160580382,0.0568920792252714,0.01931109778993867,-0.0002987290906588393,0.03749999999999987,10.666666666666668,-0.0009981914762382527,-0.0009981914762382527,0.04897042798237905,3.533333333333333,-0.055069252077562414,-0.004562795426325428,0.03073545554335899,0.01600413429963088
16860,2020,2,1.66,"Chattanooga, TN-GA",564632.0,54100.25,214932.5576840306,1096.3041469490488,2482.0,10.966666666666667,944.0,235948.0,2931.687619047619,3.9728570142287807,False,False,False,False,False,3.8104623943826463,0.3994829248480758,0.06610877946771554,0.017548606154709878,2.3539570087575246e-06,0.012499999999999956,10.204081632653072,0.0,0.0009981914762382527,0.05711814317923203,3.233333333333333,0.05687148217636029,0.0662922038202094,0.02505694760820054,0.007420571071780291
16860,2020,3,1.71,"Chattanooga, TN-GA",564632.0,54425.0,219179.3808002318,1116.6852728991864,2289.0,6.8999999999999995,986.0,240573.0,3319.8340625,4.0271820082725185,False,False,False,False,False,3.839125295563297,0.42913391200751727,0.0695091940638155,0.015420788704989974,0.00017531013783570306,0.018749999999999822,11.64383561643836,0.0,0.0,0.05718681112339152,3.3000000000000003,0.04460224120714518,0.03798825437241593,0.04209328782707633,0.007582318034343949
16860,2020,4,1.74,"Chattanooga, TN-GA",564632.0,55388.0,228457.15892623735,1130.990711069055,1986.0,4.733333333333333,1124.0,247622.0,3554.5015625,4.124668861959943,False,False,False,False,False,3.8880803218235225,0.5003247880123354,0.07314299330276697,0.018942383896444426,0.00046545624811205135,0.012269938650306678,11.486486486486491,0.0,0.0,0.03750625993008594,3.1333333333333333,-0.042910249601699535,0.14221561000009686,0.020554984583761593,0.011224982009979456
16860,2021,1,1.79,"Chattanooga, TN-GA",568177.0,56351.0,237504.69313931593,1144.5762868287713,1523.0,4.5,1007.0,243614.0,3865.7068852459015,4.214737859830632,False,False,False,False,False,3.937200372613488,0.5631809314527785,0.07259010147933553,0.0187859405881321,0.0006981053876377617,0.006024096385542244,8.441558441558428,-0.00877207907242572,-0.00877207907242572,0.035793404940348106,3.5,-0.13405837309954494,0.12306660146925985,0.03514376996805102,0.0031640246393411786
16860,2021,2,1.95,"Chattanooga, TN-GA",568177.0,57314.0,248670.11151461702,1211.4920754212392,1409.3333333333333,4.333333333333333,1012.0,244255.0,4183.62634920635,4.3387324478245635,False,False,False,False,False,3.9728570142287807,0.5788314650309179,0.07006178182297962,0.015150030838109396,0.000983568280952847,0.024691358024691246,7.096774193548372,0.0,0.00877207907242572,0.04281937545267178,10.966666666666667,-0.04575163398692805,0.017124992393438676,0.04888888888888898,-0.06258243941199837
16860,2021,3,2.07,"Chattanooga, TN-GA",568177.0,58277.0,261713.98776420226,1264.0403737175031,1710.6666666666667,3.8000000000000003,1056.0,247021.0,4421.670625,4.490862394498726,False,False,False,False,False,4.0271820082725185,0.5925075906342774,0.07463329378288552,0.01975886371968083,0.0015242130654433087,0.04907975460122693,10.322580645161295,0.0,0.0,0.058259118283684685,6.8999999999999995,-0.07775987107171634,0.12237973724394036,0.07641921397379914,-0.04717149273416432
16860,2021,4,2.18,"Chattanooga, TN-GA",568177.0,60054.5,269364.01483712415,1305.8496467465584,1600.3333333333333,3.033333333333333,1204.0,251317.0,4602.1089062500005,4.485326076099612,False,False,False,False,False,4.124668861959943,0.6552516309482073,0.09929876482456268,0.04232961190113804,0.003021679899084625,0.054545454545454675,8.749999999999991,0.0,0.0,0.08369573111819029,4.733333333333333,-0.13237221494102225,0.15302735438200687,0.1319234642497482,-0.03180753605961906
16860,2022,1,2.37,"Chattanooga, TN-GA",575746.0,61832.0,281477.5953114844,1344.2685659917763,1245.0,3.466666666666667,1096.0,251562.0,4463.855483870967,4.552296469651385,False,False,False,False,False,4.214737859830632,0.7082301061961016,0.12176070094980362,0.03960276077844327,0.0049743949274587106,0.07185628742514982,11.874999999999991,0.007272774437067309,0.007272774437067309,0.07872671906482087,4.5,-0.2331319234642497,0.2650105879555513,0.03600823045267498,-0.027380305982305453
16860,2022,2,2.62,"Chattanooga, TN-GA",575746.0,63609.5,294635.54671996034,1397.594295279049,1650.0,3.1999999999999997,1088.0,253193.0,4105.667096774193,4.631942504185072,False,False,False,False,False,4.3387324478245635,0.8051854283667952,0.156968093592333,0.04701135892397579,0.007469846678850555,0.17469879518072284,21.875,0.0,-0.007272774437067309,0.10506931748160553,4.333333333333333,-0.0746333989932152,0.4270368786990453,0.07203389830508478,0.03520690999711795
16860,2022,3,2.8,"Chattanooga, TN-GA",575746.0,65387.0,301301.19938003685,1413.888767011533,2167.6666666666665,3.266666666666667,1157.0,258606.0,3980.35109375,4.607967935217044,False,False,False,False,False,4.490862394498726,0.930753258066904,0.19406299446907416,0.05245453975203018,0.010574803690367817,0.21052631578947367,29.37499999999997,0.0,0.0,0.1319575930608874,3.8000000000000003,0.21381267738883647,0.3318950711862574,0.07099391480730222,0.026802675279437027
16860,2022,4,3.02,"Chattanooga, TN-GA",575746.0,66206.75,299705.82906530466,1408.5009628283367,2174.3333333333335,3.0666666666666664,1220.0,262630.0,3851.9734920634924,4.526816813471506,False,False,False,False,False,4.485326076099612,0.8999241648676479,0.17905701052727574,0.029230486067158168,0.012011889917009331,0.25287356321839094,33.742331288343586,0.0,0.0,0.15460687162692976,3.033333333333333,-0.06449727201870625,0.294726932969241,0.07117437722419928,0.014921937469207114
16860,2023,1,3.18,"Chattanooga, TN-GA",582452.0,67026.5,299333.7165504974,1420.523067473235,1910.6666666666667,3.0666666666666664,1178.0,262053.0,4000.064516129032,4.465901047354365,False,False,False,False,False,4.552296469651385,0.9392777019259095,0.18514540319577932,0.04497104218499626,0.013088900022136817,0.3240223463687151,42.77108433734942,0.007043127372754032,0.007043127372754032,0.17446830015698112,3.466666666666667,-0.222037075609248,0.15473201056913988,0.08838133068520349,0.032625382777672796
16860,2023,2,3.23,"Chattanooga, TN-GA",582452.0,67846.25,306236.34631466726,1449.4944824987044,1858.6666666666667,3.033333333333333,1152.0,264191.0,4206.072903225806,4.513681247153192,False,False,False,False,False,4.631942504185072,0.9888582202044898,0.18484503395029628,0.04674599906935861,0.013676421992685442,0.3435897435897437,61.72839506172838,0.0,-0.007043127372754032,0.15361406288448198,3.1999999999999997,0.32530120481927716,-0.01863437265303247,0.07509881422924902,0.036592904955886185
16860,2023,3,3.26,"Chattanooga, TN-GA",582452.0,68666.0,312058.48773171706,1473.5041818726258,1986.6666666666667,3.1666666666666665,1128.0,266316.0,4458.13746031746,4.544585205658071,False,False,False,False,False,4.607967935217044,0.9448031356988991,0.15126135195915347,0.022623382461084862,0.012296504728554232,0.3526570048309179,71.77914110429448,0.0,0.0,0.11854715751944722,3.266666666666667,0.31373737373737365,-0.0998083232963558,0.09564393939393945,0.04689884665676192
16860,2023,4,3.26,"Chattanooga, TN-GA",582452.0,69539.75,314780.3069237613,1469.1509371646441,2044.0,2.8666666666666667,1266.0,269399.0,4464.907619047619,4.526624080813654,False,False,False,False,False,4.526816813471506,0.8364824356678131,0.1126424190199542,-0.005294935161276659,0.009024723170662536,0.3853211009174311,83.03030303030303,0.0,0.0,0.0786088324467733,3.0666666666666664,0.00307550361371689,-0.16299818832356816,0.013289036544850585,0.04501486170851954
16860,2024,1,3.44,"Chattanooga, TN-GA",588050.0,70413.5,317797.53460734134,1469.9823940152237,2052.3333333333335,2.966666666666667,1212.0,267761.0,4992.540983606557,4.513304048333648,False,False,False,False,False,4.465901047354365,0.7654298143878471,0.06343709601204073,-0.0012415925174621423,0.0035590779826098974,0.3417721518987342,90.41916167664672,-0.0016740556328753708,-0.0016740556328753708,0.05672564501662625,3.0666666666666664,-0.12126322244366095,-0.10389918970668477,0.07481751824817517,0.0417034369260858
16860,2024,2,3.36,"Chattanooga, TN-GA",588050.0,71287.25,324087.2474944047,1495.6267432905686,2253.0,2.966666666666667,1169.0,270766.0,5246.626507936508,4.546216153581527,False,False,False,False,False,4.513681247153192,0.8174775311602889,0.03937338764400011,0.023059980825799853,-0.0028830110398710062,0.23282442748091592,94.57831325301204,0.0,0.0016740556328753708,0.03713537426059177,3.033333333333333,-0.027215631542219065,0.024455418348580116,0.05882352941176472,0.04343721982835236
16860,2024,3,3.39,"Chattanooga, TN-GA",588050.0,72161.0,326465.042978989,1509.488264467774,2635.3333333333335,3.3666666666666667,1134.0,270687.0,5543.46921875,4.5241202724323255,False,False,False,False,False,4.544585205658071,0.8396944999262463,0.03570277308492176,0.019011921632148043,-0.00904387739211809,0.16428571428571437,90.64327485380117,0.0,0.0,0.04216414774063093,3.1666666666666665,0.06886657101865135,0.12003623683289799,-0.025064822817631782,0.02981369341778617
16860,2024,4,3.44,"Chattanooga, TN-GA",588050.0,72161.0,326848.98909333855,1484.5250333749002,2608.0,3.1999999999999997,1295.0,269265.0,5907.04296875,4.529440959705915,False,False,False,False,False,4.526624080813654,0.7943016622271628,0.05029757981507932,0.008722144402572019,-0.013250005845870546,0.07947019867549665,87.35632183908044,0.0,0.0,0.04305994524456658,2.8666666666666667,0.0288590604026846,0.15912210409728944,0.03770491803278686,0.025773902448311237
16860,2025,1,3.58,"Chattanooga, TN-GA",,,327661.5547365085,1486.734382134461,2151.6666666666665,3.266666666666667,1252.0,268042.0,5894.8178333333335,,False,False,False,False,False,4.513304048333648,0.73896723480137,0.061683054851353836,0.00958518565874189,-0.015654568687573634,0.08176100628930816,92.17877094972067,-0.002036404917694634,-0.002036404917694634,0.034817686297741623,2.966666666666667,0.004076973255055627,0.24811511501268746,0.028862478777589073,0.02178185328922022
16860,2025,2,3.52,"Chattanooga, TN-GA",,,327262.7317959497,1501.929104250751,2363.6666666666665,3.1999999999999997,1225.0,266057.0,5732.060483870968,,False,False,False,False,False,4.546216153581527,0.735753759198881,0.058291255739431724,0.019791572312965577,-0.016169125912778005,0.04024767801857587,72.30769230769229,0.0,0.002036404917694634,0.031826448012647335,2.966666666666667,0.09777489036868592,0.24739314525733946,0.01475694444444442,0.024887297447679924
16860,2025,3,3.52,"Chattanooga, TN-GA",,,326151.65734577685,1511.2482713367897,2641.6666666666665,3.5,1200.0,266449.0,6427.73875,,False,False,False,False,False,4.5241202724323255,0.6849949768690284,0.046166202214174445,0.007336899254653195,-0.014773851675305401,0.039877300613497146,63.768115942029,0.0,0.0,0.02442075362787044,3.3666666666666667,0.1696996597129754,0.24344959483489204,0.005319148936170137,0.016412832875230876
16860,2025,4,3.49,"Chattanooga, TN-GA",,,325403.04077396356,1495.0701143612102,2673.0,3.35,1359.0,268817.0,6777.5671875,,False,False,False,False,False,4.529440959705915,0.6413606378823924,0.03834001652619334,0.0011760711371913146,-0.013327431456369084,0.05521472392638049,57.79816513761467,0.0,0.0,0.01046461314582614,3.1999999999999997,-0.010371869466228256,0.3229933232101214,0.02290679304897325,-0.0004974034795971471
16940,2019,2,2.83,"Cheyenne, WY",99500.0,66237.5,289058.29683329747,1037.8531060939488,442.0,3.4,918.0,47275.0,2882.3277777777776,4.363967493237176,False,False,False,False,False,4.280789769781472,0.3871065442379611,0.04463265865328436,0.01261359343384072,-0.0032912250701467648,0.025547445255474477,15.637860082304522,0.0,4.526289947004436e-05,0.006703487198824076,3.966666666666667,0.09411764705882364,0.1272577123238514,0.028968713789107703,0.008419773447333023
16940,2019,3,2.82,"Cheyenne, WY",99500.0,66910.0,297825.04578268697,1056.0276176852421,457.6666666666667,3.3333333333333335,932.0,47093.0,2957.8528125,4.4511290656506795,False,False,False,False,False,4.303434146075794,0.4153564726273493,0.043774368972902655,0.010565256563968672,-0.0024084052082649836,0.03676470588235281,13.253012048192758,0.0,0.0,0.028262661638433828,3.6,0.09737156511350076,0.15500598332389726,0.034682080924855585,0.009800078400627132
16940,2019,4,2.86,"Cheyenne, WY",99500.0,67524.75,306604.3110715084,1064.0318422936898,464.6666666666667,3.533333333333333,985.0,47534.0,3082.755625,4.540621195509919,False,False,False,False,False,4.292091180861651,0.4240144566844597,0.04386158525263073,0.00780842024636641,-0.0010259076928686365,0.04347826086956519,12.5,0.0,0.0,0.03107712908375304,3.6,-0.11377245508982048,0.03674172122599795,0.03921568627450989,0.029028436018957438
16940,2020,1,2.9,"Cheyenne, WY",100733.0,68139.5,313618.74706056045,1078.00808733084,393.6666666666667,4.933333333333334,941.0,46413.0,3055.869193548387,4.602598302901554,False,False,False,False,False,4.300545243207425,0.4368581446053672,0.044042649008645185,0.012353389320710173,-3.1733529508171836e-05,0.07553956834532394,14.122137404580148,0.00146239085194666,0.00146239085194666,0.03863596313177342,4.0,-0.1941031941031941,-0.004562795426325428,0.03149606299212593,0.020069556741909134
16940,2020,2,2.84,"Cheyenne, WY",100733.0,68754.25,319937.0093551244,1080.0653574840896,435.0,6.366666666666666,962.0,44968.0,2931.687619047619,4.653341565868646,False,False,False,False,False,4.363967493237176,0.5088073706345044,0.056974085905057814,0.025155752316308844,0.000937674186825364,0.007117437722419906,8.429118773946364,0.0,-0.00146239085194666,0.045793361447668435,3.4,0.010670731707317138,0.0662922038202094,0.03378378378378377,0.01732300408865939
16940,2020,3,2.92,"Cheyenne, WY",100733.0,69369.0,327406.1858896145,1098.7867850967132,501.3333333333333,5.0,954.0,45885.0,3319.8340625,4.719776642154486,False,False,False,False,False,4.4511290656506795,0.597223040652302,0.07764508994051167,0.03032865358106407,0.002027303685634067,0.0,10.15625,0.0,0.0,0.044539348973670956,3.3333333333333335,0.03544494720965319,0.03798825437241593,0.04134078212290504,0.015635783298826755
16940,2020,4,2.97,"Cheyenne, WY",100733.0,69914.25,333594.5443825003,1120.1352952862617,389.0,4.466666666666666,1052.0,45909.0,3554.5015625,4.771481413052422,False,False,False,False,False,4.540621195509919,0.6865667610016035,0.10081619893415983,0.02947792810960359,0.0035109608029614816,-0.00694444444444442,12.15686274509804,0.0,0.0,0.04183289438457938,3.533333333333333,0.015294974508375914,0.14221561000009686,0.032494758909853205,0.013539734322693509
16940,2021,1,3.07,"Cheyenne, WY",100843.0,70459.5,338452.51504264283,1126.5660616941504,272.6666666666667,5.3,933.0,45383.0,3865.7068852459015,4.803504354170024,False,False,False,False,False,4.602598302901554,0.7028432382061638,0.11226028142269051,0.022877812658727015,0.005209658203092934,-0.030100334448160626,5.8394160583941535,0.005969059884970873,0.005969059884970873,0.051060545749104236,4.933333333333334,-0.15279770444763274,0.12306660146925985,0.026172300981461394,0.007904623336011607
16940,2021,2,3.31,"Cheyenne, WY",100843.0,71004.75,344122.16882932844,1146.4144181071033,278.6666666666667,4.433333333333334,994.0,47007.0,4183.62634920635,4.846466874812297,False,False,False,False,False,4.653341565868646,0.7041544042292003,0.10682520744123436,0.020146315721820907,0.006430609890083038,0.0035335689045936647,3.649635036496335,0.0,-0.005969059884970873,0.040672664698196526,6.366666666666666,0.10499576629974583,0.017124992393438676,0.04793028322440085,-0.04879957694341619
16940,2021,3,3.48,"Cheyenne, WY",100843.0,71550.0,341284.7147850399,1190.8056905774322,336.0,3.5666666666666664,1028.0,47182.0,4421.670625,4.769877215723828,False,False,False,False,False,4.719776642154486,0.7201775715304315,0.09932388335302034,0.023345772186672775,0.007060000071666285,0.03546099290780136,7.352941176470584,0.0,0.0,0.04049057685176538,5.0,0.1524904214559386,0.12237973724394036,0.023605150214592197,-0.025651370692034936
16940,2021,4,3.68,"Cheyenne, WY",100843.0,72733.0,345025.58995568735,1217.4952765589044,325.3333333333333,3.1333333333333333,1112.0,47131.0,4602.1089062500005,4.743728293287605,False,False,False,False,False,4.771481413052422,0.7192619635153239,0.08802952971100608,0.018901165462317238,0.006783310995000525,0.03846153846153855,7.608695652173925,0.0,0.0,0.05272723123739609,4.466666666666666,-0.22406914893617014,0.15302735438200687,0.06802030456852792,-0.034186056296545586
16940,2022,1,3.99,"Cheyenne, WY",100860.0,73916.0,353254.0525688654,1224.4518839069087,221.0,4.033333333333333,1033.0,45955.0,4463.855483870967,4.779128369620453,False,False,False,False,False,4.803504354170024,0.7277100522940794,0.07918457750003993,0.014562500322464533,0.005837573875417696,0.05862068965517242,10.431654676258994,-0.011299964127268636,-0.011299964127268636,0.04504416519132115,5.3,-0.299057412167952,0.2650105879555513,-0.008501594048884176,-0.022192058259539404
16940,2022,2,4.45,"Cheyenne, WY",100860.0,75099.0,362572.7459361888,1253.5562908404136,249.33333333333334,3.3666666666666667,1035.0,46820.0,4105.667096774193,4.827930411006655,False,False,False,False,False,4.846466874812297,0.7465642140958186,0.07559350361795425,0.016751696426221763,0.004498458036605905,0.16549295774647899,17.793594306049833,0.0,0.011299964127268636,0.06143059784601146,4.433333333333334,0.022004889975550057,0.4270368786990453,0.033264033264033266,0.04534335527486211
16940,2022,3,5.15,"Cheyenne, WY",100860.0,76282.0,365875.91570201627,1278.0071391920087,401.3333333333333,3.1999999999999997,1102.0,46770.0,3980.35109375,4.796359766419552,False,False,False,False,False,4.769877215723828,0.6425901993072944,0.04238933011517543,-0.008245484601998476,0.001626736028895966,0.19178082191780832,23.404255319148938,0.0,0.0,0.08374591570339973,3.5666666666666664,0.20574162679425823,0.3318950711862574,0.07756813417190767,0.028266317968835164
16940,2022,4,5.95,"Cheyenne, WY",100860.0,76682.5,362436.92465828545,1274.7675352863303,414.6666666666667,3.266666666666667,1107.0,46748.0,3851.9734920634924,4.726462030558282,False,False,False,False,False,4.743728293287605,0.602936949915847,0.034266284523167156,0.010961156502434344,-0.00154376084650688,0.23905723905723897,27.77777777777779,0.0,0.0,0.08691805506205519,3.1333333333333333,-0.031746031746031855,0.294726932969241,0.057034220532319324,0.02661787449084052
16940,2023,1,5.49,"Cheyenne, WY",101079.0,77083.0,360312.7934191569,1289.1423902596578,341.6666666666667,3.7999999999999994,1102.0,46782.0,4000.064516129032,4.674348344241362,False,False,False,False,False,4.779128369620453,0.6133653545256434,0.04373298134409698,0.023848847310818044,-0.004274823822198734,0.29967426710097733,33.44481605351171,-0.0009234167916851721,-0.0009234167916851721,0.08688866595675337,4.033333333333333,-0.3206967213114754,0.15473201056913988,0.10718113612004276,0.012603838441707316
16940,2023,2,5.59,"Cheyenne, WY",101079.0,77483.5,362493.7823427014,1306.5749320671594,360.3333333333333,2.9,1078.0,48127.0,4206.072903225806,4.6783351596494915,False,False,False,False,False,4.827930411006655,0.6365314904046375,0.053616357149053995,0.026379579511000006,-0.006035798864894131,0.34441087613293053,57.24381625441697,0.0,0.0009234167916851721,0.09345823904606587,3.3666666666666667,0.1282051282051282,-0.01863437265303247,0.041247484909456844,-0.003978130916671985
16940,2023,3,5.65,"Cheyenne, WY",101079.0,77884.0,366597.5492190528,1325.4281741647667,428.0,2.6,1158.0,47977.0,4458.13746031746,4.706968687009563,False,False,False,False,False,4.796359766419552,0.5854764392105123,0.07205479721664432,0.009110364203736454,-0.006124531422567144,0.47988505747126453,82.62411347517732,0.0,0.0,0.07322894852164485,3.1999999999999997,0.6096256684491976,-0.0998083232963558,0.07198443579766534,-0.008732143614090138
16940,2023,4,5.85,"Cheyenne, WY",101079.0,78456.25,368607.49815440853,1334.1625646007842,431.3333333333333,2.733333333333333,1178.0,47937.0,4464.907619047619,4.6982553735923975,False,False,False,False,False,4.726462030558282,0.5055573952473678,0.050463893721141906,-0.009399337032426236,-0.005951358162356824,0.6168478260869565,108.04195804195804,0.0,0.0,0.04704105209286613,3.266666666666667,0.03322259136212624,-0.16299818832356816,-0.004496402877697814,-0.00812628630837453
16940,2024,1,5.45,"Cheyenne, WY",101783.0,79028.5,367066.15524955204,1352.48346350434,374.6666666666667,3.6666666666666665,1163.0,47553.0,4992.540983606557,4.644731397528133,False,False,False,False,False,4.674348344241362,0.4245804750133022,0.019982052007500917,-0.005860692149761593,-0.006078263839465082,0.37593984962406024,89.31034482758622,0.0020027477112736225,0.0020027477112736225,0.05283221595146581,3.7999999999999994,-0.17604501607717038,-0.10389918970668477,0.06679574056147142,0.01799586552061805
16940,2024,2,5.2,"Cheyenne, WY",101783.0,79600.75,369521.6443006398,1362.797379778261,354.0,3.1333333333333333,1124.0,48716.0,5246.626507936508,4.642187973111306,False,False,False,False,False,4.6783351596494915,0.3975453898680197,-0.00021778689758800152,0.006053043254024226,-0.006583832911274502,0.25617977528089875,96.83098591549297,0.0,-0.0020027477112736225,0.0422945835094497,2.9,0.05463414634146324,0.024455418348580116,0.04154589371980677,0.02791542076035891
16940,2024,3,5.39,"Cheyenne, WY",101783.0,80173.0,370552.0930645955,1382.0560397623087,428.6666666666667,3.0333333333333337,1184.0,48714.0,5543.46921875,4.621906290953257,False,False,False,False,False,4.706968687009563,0.4035345409337685,0.0019723449564912343,0.011320930389012052,-0.0065975830113156175,0.09708737864077666,93.49315068493152,0.0,0.0,0.03710545388873099,2.6,0.18778908418131368,0.12003623683289799,0.05081669691470059,0.025807141329912353
16940,2024,4,5.57,"Cheyenne, WY",101783.0,80173.0,374677.444679806,1384.4047046181133,444.6666666666667,3.233333333333333,1219.0,48631.0,5907.04296875,4.673361913359934,False,False,False,False,False,4.6982553735923975,0.40616419273074644,0.017025234120228827,0.005482712417574698,-0.005864975558042096,-0.01680672268907568,96.96969696969695,0.0,0.0,0.04659283176764695,2.733333333333333,0.007788161993769416,0.15912210409728944,0.06413730803974715,0.025434243176178706
16940,2025,1,5.72,"Cheyenne, WY",,,379725.4256495807,1396.5456853433577,386.0,3.8000000000000003,1210.0,48665.0,5894.8178333333335,,False,False,False,False,False,4.644731397528133,0.34418615432070787,0.018743053129781195,-0.004181528896112785,-0.004971807889579512,-0.007285974499089298,77.52442996742673,0.004793522684993778,0.004793522684993778,0.04913427230635414,3.6666666666666665,-0.13137557959814516,0.24811511501268746,0.05535390199637025,0.016480697704245317
16940,2025,2,5.65,"Cheyenne, WY",,,380472.86933820386,1436.0736054697056,393.6666666666667,3.1666666666666665,1174.0,49854.0,5732.060483870968,,False,False,False,False,False,4.642187973111306,0.2782204798741299,0.019387537939324684,0.006689500015108596,-0.0037944149722414695,-0.06976744186046502,57.09969788519638,0.0,-0.004793522684993778,0.043030404404094114,3.1333333333333333,-0.05516014234875455,0.24739314525733946,0.042671614100185495,0.012238452427951074
16940,2025,3,6.01,"Cheyenne, WY",,,381328.8568569543,1452.5759340872894,453.0,2.966666666666667,1228.0,49132.0,6427.73875,,False,False,False,False,False,4.621906290953257,0.17077722530257766,0.010787152980064718,0.0027886019123612993,-0.004064037994521344,-0.046017699115044386,54.88505747126435,0.0,0.0,0.042724205431370565,3.0333333333333337,0.21092278719397362,0.24344959483489204,0.022452504317789224,0.015361527398545238
16940,2025,4,5.88,"Cheyenne, WY",,,386250.0809170318,1449.6875465153032,414.3333333333333,3.7,1264.0,49013.0,6777.5671875,,False,False,False,False,False,4.673361913359934,0.13274071785001507,0.01646723562539898,0.011132986946835066,-0.004263431399064191,-0.047863247863247804,51.35869565217392,0.0,0.0,0.037658184504946624,3.233333333333333,0.03732503888024885,0.3229933232101214,0.03480475382003401,0.014477334835304667
17420,2022,4,6.61,"Cleveland, TN",128613.0,60873.25,277361.5484313925,1299.3013585871722,603.0,3.5,991.0,44896.0,3851.9734920634924,4.55637818633624,False,False,False,False,False,4.454341990141576,0.8673593293512027,0.19291818622528356,0.03799634803047325,0.014156178094989121,0.24668435013262613,33.52272727272727,0.0,0.0,0.1305693511490973,3.1999999999999997,-0.009216589861751112,0.294726932969241,0.04540763673890602,-0.015242313705054689
17420,2023,1,6.36,"Cleveland, TN",130198.0,61745.5,277245.8175330856,1322.7227750507084,515.0,3.6999999999999997,1019.0,45265.0,4000.064516129032,4.490138026788763,False,False,False,False,False,4.580142553977302,0.9789028226282679,0.2051365003798007,0.051853666921376496,0.015672080741135366,0.2757731958762888,37.119113573407205,0.00020080576959813357,0.00020080576959813357,0.1730769586833405,3.766666666666667,-0.26356589147286813,0.15473201056913988,0.0890736342042755,0.01708504556012147
17420,2023,2,7.06,"Cleveland, TN",130198.0,62617.75,282624.62574961636,1339.8881326134726,451.0,3.5,968.0,45754.0,4206.072903225806,4.513490595711541,False,False,False,False,False,4.6724869300257765,1.0836057314306204,0.20051115449889045,0.043061934614749164,0.015937421801842697,0.3277108433734939,54.34173669467788,0.0,-0.00020080576959813357,0.16739150039888373,3.5666666666666664,0.2589473684210526,-0.01863437265303247,0.013129102844638973,0.03188233681998809
17420,2023,3,6.56,"Cleveland, TN",130198.0,63490.0,288663.55183245026,1347.6860711492661,417.6666666666667,3.6333333333333333,975.0,46802.0,4458.13746031746,4.546598705819031,False,False,False,False,False,4.657073505106365,1.0787181157035093,0.1599996515571549,0.01858344031867265,0.013658679252430465,0.3424036281179137,68.66096866096866,0.0,0.0,0.12699001562495416,3.6999999999999997,0.4623745819397993,-0.0998083232963558,0.055679287305122394,0.017242919681944135
17420,2023,4,7.01,"Cleveland, TN",130198.0,64151.25,293832.1597317434,1353.9964610825066,425.6666666666667,3.266666666666667,1072.0,45754.0,4464.907619047619,4.580302951723363,False,False,False,False,False,4.55637818633624,0.9483429074233483,0.1092685631135688,-0.007399083308980536,0.00905350720918465,0.40638297872340434,84.12256267409472,0.0,0.0,0.1284634592775613,3.5,0.03430531732418518,-0.16299818832356816,-0.021717670286278357,-0.010098337522600032
17420,2024,1,7.82,"Cleveland, TN",132120.0,64812.5,296842.5700265861,1353.9215423311268,444.6666666666667,3.5,1020.0,43754.0,4992.540983606557,4.580020366851859,False,False,False,False,False,4.490138026788763,0.8393066581305386,0.05414445802444723,-0.00041725646168855324,0.0024959563630575035,0.2848484848484849,71.89189189189189,0.0034994331449214044,0.0034994331449214044,0.09591504235294357,3.6999999999999997,-0.14593698175787728,-0.10389918970668477,0.11123227917121037,-0.006060472980391252
17420,2024,2,7.34,"Cleveland, TN",132120.0,65473.75,303252.80100996484,1347.5281239000772,508.3333333333333,3.466666666666667,1015.0,43637.0,5246.626507936508,4.631669959487044,False,False,False,False,False,4.513490595711541,0.8242690710738625,0.030231988082505934,0.01940086333633828,-0.004795257251823535,0.2813067150635209,100.0,0.0,-0.0034994331449214044,0.05860314159650826,3.5,-0.12427184466019414,0.024455418348580116,0.04535637149028071,0.012659908813244192
17420,2024,3,6.95,"Cleveland, TN",132120.0,66135.0,307206.7784262972,1384.2218124605304,628.6666666666666,3.9333333333333336,986.0,43918.0,5543.46921875,4.645146721498407,False,False,False,False,False,4.546598705819031,0.8346598579877007,0.03304768734030383,0.02136730324477787,-0.011184331061135545,0.10810810810810811,78.7465940054496,0.0,0.0,0.05461127333286342,3.6333333333333333,-0.07390983000739093,0.12003623683289799,0.028481012658227778,0.027621640611277032
17420,2024,4,7.31,"Cleveland, TN",132120.0,66135.0,308077.7680032992,1392.9174259185866,570.3333333333334,3.8000000000000003,1101.0,43397.0,5907.04296875,4.6583165948937655,False,False,False,False,False,4.580302951723363,0.881763886421465,0.05938318196411774,0.017905301401865747,-0.01491041922411648,0.06051437216338873,85.94164456233422,0.0,0.0,0.04209577873050829,3.266666666666667,0.019154030327214633,0.15912210409728944,0.08173562058526751,0.01911083392729873
17420,2025,1,7.38,"Cleveland, TN",,,310016.96045836486,1400.1684013896809,455.6666666666667,3.8000000000000003,1072.0,43019.0,5894.8178333333335,,False,False,False,False,False,4.580020366851859,0.892910912949747,0.0706836722294717,0.010245339712273482,-0.016862889172888754,0.22955974842767302,101.5463917525773,0.002438338438077281,0.002438338438077281,0.02358677711527446,3.5,0.04463586530931862,0.24811511501268746,0.0009813542688910104,-0.03338119960234176
17420,2025,2,7.85,"Cleveland, TN",,,307854.03308944777,1402.641816922068,481.6666666666667,3.766666666666667,1048.0,42631.0,5732.060483870968,,False,False,False,False,False,4.631669959487044,0.9339965033128022,0.07298789058326238,0.021594715956018584,-0.016827751239636847,0.03966005665722383,76.86746987951804,0.0,-0.002438338438077281,0.005701962052386156,3.466666666666667,0.14317841079460258,0.24739314525733946,0.04855371900826455,-0.04626917865104685
17420,2025,3,7.94,"Cleveland, TN",,,306251.2106049322,1399.3375188968057,548.0,4.033333333333333,1053.0,42625.0,6427.73875,,False,False,False,False,False,4.645146721498407,0.9476645573018709,0.06423819867847391,0.013038552004017268,-0.014927507595442657,0.05945121951219523,57.596371882086174,0.0,0.0,0.027109979166073606,3.9333333333333336,0.23672131147540987,0.24344959483489204,0.011282051282051286,-0.061621298235118194
17420,2025,4,7.82,"Cleveland, TN",,,308853.5719274891,1400.8594603252657,577.3333333333334,3.75,1149.0,43273.0,6777.5671875,,False,False,False,False,False,4.6583165948937655,0.9115496451755338,0.04848212763559112,0.002835189970298746,-0.0130529007438146,0.042796005706134066,55.53191489361702,0.0,0.0,0.028745248569529425,3.8000000000000003,-0.09278897136797448,0.3229933232101214,0.027052238805970186,-0.051514621672422045
17780,2019,2,3.41,"College Station-Bryan, TX",264728.0,49733.25,231603.44968549,1061.2285264835043,1710.6666666666667,2.8666666666666667,808.0,112839.0,2882.3277777777776,4.656913627914725,False,False,False,False,False,4.845741969134891,0.682965703897394,0.03980342394936254,0.01193041600599809,-0.004887553979374133,-0.018018018018018056,13.937282229965152,0.0,0.01006480046179381,0.0022162341631661864,3.1999999999999997,0.11918465227817743,0.1272577123238514,0.03497409326424861,0.03853240331647512
17780,2019,3,3.45,"College Station-Bryan, TX",264728.0,50240.0,230570.29317161322,1047.5496924887282,1695.6666666666667,3.233333333333333,821.0,117540.0,2957.8528125,4.589376854530518,False,False,False,False,False,4.806879357908484,0.6264735279796447,0.04117684991369397,0.008372135793564217,-0.0059722127271389655,-0.002865329512894088,16.387959866220726,0.0,0.0,0.0021257964181427003,3.4333333333333336,-0.018855796014570436,0.15500598332389726,0.0205920205920207,0.0395203346168691
17780,2019,4,3.47,"College Station-Bryan, TX",264728.0,50495.25,231318.72628863112,1069.4638466548267,1513.0,2.6999999999999997,856.0,119619.0,3082.755625,4.580999723511243,False,False,False,False,False,4.791663933961811,0.5870262902716297,0.04075985668341242,0.007312037415418304,-0.006169524044361316,-0.022535211267605493,0.0,0.0,0.0,0.006848833218767503,2.9333333333333336,-0.11072286525442232,0.03674172122599795,0.004920049200491938,0.030176314009364713
17780,2020,1,3.55,"College Station-Bryan, TX",268965.0,50750.5,233341.34303126798,1087.2325354366674,1520.3333333333333,3.4333333333333336,849.0,118915.0,3055.869193548387,4.597813677328657,False,False,False,False,False,4.73991283912119,0.49751132991325253,0.027338165019713756,-0.0005112454578353187,-0.006256124707822943,-0.027932960893854775,9.090909090909083,0.004446849032039735,0.004446849032039735,0.01382000429930974,3.1666666666666665,0.045923379174852785,-0.004562795426325428,0.0,0.02873824424011473
17780,2020,2,3.34,"College Station-Bryan, TX",268965.0,51005.75,234958.12716072254,1082.2696192453252,1623.6666666666667,8.5,889.0,106477.0,2931.687619047619,4.6065027405875325,False,False,False,False,False,4.656913627914725,0.32881506264731186,0.007716760698442515,-0.007396711626863617,-0.00695724727599011,0.042813455657492394,3.647416413373872,0.0,-0.004446849032039735,0.01729512219778173,2.8666666666666667,0.20497769429443524,0.0662922038202094,0.01126408010012514,0.021380015749884684
17780,2020,3,3.39,"College Station-Bryan, TX",268965.0,51261.0,237403.86585874544,1073.7407926705064,1449.0,6.233333333333333,867.0,112458.0,3319.8340625,4.631276523258333,False,False,False,False,False,4.589376854530518,0.16623034980335127,-0.005107920168696656,-0.004460885687496363,-0.007751666682420535,-0.008620689655172376,8.490566037735858,0.0,0.0,0.03757441060053868,3.233333333333333,-0.008768511301636805,0.03798825437241593,0.035308953341740335,0.014903206866182073
17780,2020,4,3.5,"College Station-Bryan, TX",268965.0,51831.0,243298.6713214199,1112.6210221456477,1177.0,4.933333333333334,937.0,116534.0,3554.5015625,4.694076350474039,False,False,False,False,False,4.580999723511243,0.13296719011771518,-0.009123815816194147,0.003246008437265857,-0.008348173265824713,0.0,6.769230769230772,0.0,0.0,0.03859158048474853,2.6999999999999997,-0.1077255749950855,0.14221561000009686,0.047735618115055,0.02006549212900577
17780,2021,1,3.54,"College Station-Bryan, TX",272697.0,52401.0,248061.53633320276,1124.4842590634482,1145.6666666666667,5.2,874.0,115987.0,3865.7068852459015,4.733908443220602,False,False,False,False,False,4.597813677328657,0.11222756094843866,5.1530841906011204e-05,0.008743852151914089,-0.007966167645475999,0.02011494252873569,5.654761904761907,0.0030217715633644726,0.0030217715633644726,0.02858506367216407,3.4333333333333336,0.004846882573253941,0.12306660146925985,0.04556650246305427,0.010322854715377972
17780,2021,2,3.79,"College Station-Bryan, TX",272697.0,52971.0,251619.03829011842,1127.477862120797,921.0,4.633333333333333,905.0,114064.0,4183.62634920635,4.750128151066026,False,False,False,False,False,4.6065027405875325,0.0332993612591439,0.014484574732319677,0.006928836992413645,-0.006396143462101908,-0.02052785923753675,0.30030030030030463,0.0,-0.0030217715633644726,0.01982710814563471,8.5,0.06796755097566343,0.017124992393438676,0.10024752475247523,-0.056381215714425004
17780,2021,3,4.19,"College Station-Bryan, TX",272697.0,53541.0,259453.77742777322,1161.3287752724111,767.0,4.466666666666666,919.0,118332.0,4421.670625,4.845889643969541,False,False,False,False,False,4.631276523258333,-0.028374996023944554,0.02963769787136461,0.010409253459659595,-0.0044776582386769365,-0.017391304347826098,-2.865329512893988,0.0,0.0,0.025002250842682594,6.233333333333333,-0.10757544652022177,0.12237973724394036,0.05602923264311821,-0.0432363450740173
17780,2021,4,4.43,"College Station-Bryan, TX",272697.0,54820.5,265876.90022593655,1199.3016774006846,640.3333333333334,3.533333333333333,1028.0,124552.0,4602.1089062500005,4.8499539447093065,False,False,False,False,False,4.694076350474039,-0.02945248243397902,0.051789776059205206,0.02483028421357658,-0.0019747384589323424,0.008645533141210304,-1.4084507042253502,0.0,0.0,0.04035402938193022,4.933333333333334,-0.18771566597653555,0.15302735438200687,0.09462616822429903,-0.025790217273175653
17780,2022,1,4.75,"College Station-Bryan, TX",278389.0,56100.0,275391.76524415374,1205.8932733583024,556.6666666666666,3.5666666666666664,952.0,126564.0,4463.855483870967,4.908944121999175,False,False,False,False,False,4.733908443220602,-0.03202199780025339,0.06308437720769544,0.01957620642116309,0.0006380145902547237,-0.0028169014084505895,-1.1173184357541888,-0.002129695829958589,-0.002129695829958589,0.034262885273038,5.2,-0.026621353724157415,0.2650105879555513,0.029446407538280317,-0.024622629609384883
17780,2022,2,5.15,"College Station-Bryan, TX",278389.0,57379.5,285353.32826725114,1235.0654725205798,742.6666666666666,3.3333333333333335,978.0,122553.0,4105.667096774193,4.973088442165776,False,False,False,False,False,4.750128151066026,-0.0521916600318475,0.07091012909716898,0.014341207466106898,0.0030654040218145856,0.1347305389221558,15.902140672782883,0.0,0.002129695829958589,0.04177170094361138,4.633333333333333,-0.1961012510910678,0.4270368786990453,0.017997750281214753,0.0712548249856777
17780,2022,3,5.87,"College Station-Bryan, TX",278389.0,58659.0,290982.96941211604,1263.0769770391041,891.6666666666666,3.5666666666666664,1002.0,128208.0,3980.35109375,4.96058523691362,False,False,False,False,False,4.845889643969541,-0.007979398009424266,0.0928793281830862,0.031137306584175573,0.006182661695282788,0.2359882005899705,20.402298850574716,0.0,0.0,0.08157274381283797,4.466666666666666,-0.16720955483170463,0.3318950711862574,0.059976931949250245,0.05223283359120745
17780,2022,4,6.92,"College Station-Bryan, TX",278389.0,58917.0,291314.5205308787,1294.1484534669592,963.0,3.3000000000000003,1016.0,132313.0,3851.9734920634924,4.944490054328609,False,False,False,False,False,4.8499539447093065,-0.035224494310221566,0.09280046118578555,0.024756327935720357,0.008916375992867244,0.26571428571428557,27.665706051873173,0.0,0.0,0.07790672073396254,3.533333333333333,-0.16514558887440234,0.294726932969241,0.09711846318036277,0.06880395421078833
17780,2023,1,7.11,"College Station-Bryan, TX",284160.0,59175.0,294095.3662289454,1309.0633150570627,972.3333333333334,3.766666666666667,1009.0,131787.0,4000.064516129032,4.969925918528862,False,False,True,False,False,4.908944121999175,-0.013992535674370643,0.11017519811793908,0.03578673066419702,0.011344352198216947,0.3418079096045197,36.49425287356323,0.006997572268974794,0.006997572268974794,0.07239675757013919,3.5666666666666664,-0.13066111400312352,0.15473201056913988,0.08924485125858128,0.09119125419228014
17780,2023,2,6.3,"College Station-Bryan, TX",284160.0,59433.0,299657.3647732891,1325.7319352157144,1052.6666666666667,3.3666666666666667,998.0,128122.0,4206.072903225806,5.041935705303268,True,False,True,True,True,4.973088442165776,0.01114898825928723,0.1340689091190186,0.03617233439883649,0.013220155321884468,0.3588390501319263,51.02639296187683,0.0,-0.006997572268974794,0.09542325753288794,3.3333333333333335,0.33413173652694605,-0.01863437265303247,0.08066298342541445,0.0744231308738954
17780,2025,2,7.6,"College Station-Bryan, TX",,,308866.51885862515,1423.0546666585915,1471.6666666666667,3.3666666666666667,1080.0,133094.0,5732.060483870968,,False,False,False,False,False,5.130400530765615,0.47348690285089035,0.027047899431441147,0.01180199537830684,-0.008550866904939282,0.05714285714285716,75.72559366754619,0.0,0.009109771775414943,0.036226985105903386,3.3333333333333335,0.2257748776508972,0.24739314525733946,0.04509018036072154,0.02319664070183114
17780,2025,3,8.53,"College Station-Bryan, TX",,,308746.9595243096,1450.3958027863675,1423.0,4.0,1086.0,137555.0,6427.73875,,False,False,False,False,False,5.117220028878046,0.5278431743475283,0.011870164747233014,-0.0009230078219252258,-0.01022902582064815,-0.08695652173913049,65.39379474940333,0.0,0.0,0.04884297323440401,3.8666666666666667,0.06441309555496422,0.24344959483489204,0.04728370221327971,0.020034711741623967
17780,2025,4,7.45,"College Station-Bryan, TX",,,309155.38893432287,1494.8244190733594,1286.6666666666667,3.25,1151.0,140801.0,6777.5671875,,False,False,False,False,False,5.1183336988154355,0.5373339753041924,0.01686258137093888,0.00021763182569922712,-0.011152255929477436,-0.04255319148936165,52.370203160270904,0.0,0.0,0.05563554655350522,3.266666666666667,-0.045011252813203284,0.3229933232101214,0.06172839506172845,0.02640656507833339
17820,2019,2,1.05,"Colorado Springs, CO",745791.0,67849.0,329803.15917878604,1299.6313205155882,3118.6666666666665,2.8666666666666667,971.0,293545.0,2882.3277777777776,4.86084038348076,False,False,False,False,False,4.770792890078141,0.9810273317833307,0.09827121078352619,0.02722168731058905,0.002884041785679869,0.0714285714285714,20.68965517241379,0.0,0.000312068048992975,0.06374300352593698,3.4333333333333336,0.39380530973451333,0.1272577123238514,0.04026845637583887,0.018071882538092332
17820,2019,3,1.03,"Colorado Springs, CO",745791.0,68687.0,333570.1141415814,1312.734180429019,3838.0,2.966666666666667,994.0,292804.0,2957.8528125,4.856379142218781,False,False,False,False,False,4.816615405214302,0.9714741086254977,0.09963294371422493,0.01968695847985269,0.0025172238042081253,0.07070707070707072,15.217391304347828,0.0,0.0,0.054872989730708754,3.733333333333333,0.3517930629041741,0.15500598332389726,0.009554140127388644,0.01735736056895343
17820,2019,4,1.05,"Colorado Springs, CO",745791.0,69308.0,339802.7051119008,1325.8767106806251,3296.0,2.8666666666666667,1039.0,294224.0,3082.755625,4.9027919592529114,False,False,False,False,False,4.836348020886789,0.9474299478680175,0.09696356883743174,0.016975529970025605,0.002073603875206239,0.05940594059405946,16.30434782608696,0.0,0.0,0.05030796132824067,3.4333333333333336,-0.0966339044968253,0.03674172122599795,0.04677754677754686,0.021286794730674963
17820,2020,1,1.07,"Colorado Springs, CO",758549.0,69929.0,348545.29101352714,1345.871237499311,2492.0,3.866666666666667,1033.0,291549.0,3055.869193548387,4.984273920884427,False,False,True,False,False,4.849461786810145,0.9461267955510917,0.08164019890995289,0.01540961481289238,0.0010243051344718368,0.028037383177570208,12.244897959183687,-0.005498008217992734,-0.005498008217992734,0.05259026329304439,3.5666666666666664,-0.24744848834970146,-0.004562795426325428,0.05144032921810693,0.019356131349777206
17820,2020,2,1.06,"Colorado Springs, CO",758549.0,70550.0,357108.6640174671,1361.8607015117104,3071.3333333333335,10.866666666666667,1058.0,277424.0,2931.687619047619,5.061781205066862,True,False,True,True,True,4.86084038348076,0.9366058713047454,0.06864586700015352,0.014881114573638499,-0.0002411581372548148,0.0,14.130434782608692,0.0,0.005498008217992734,0.05122371841630757,2.8666666666666667,0.19703172978505612,0.0662922038202094,0.04408602150537644,0.024325305156783328
17820,2025,2,2.56,"Colorado Springs, CO",,,465692.7789103878,1758.5277669617808,3801.0,4.033333333333333,1305.0,318574.0,5732.060483870968,,False,False,False,False,False,5.279375784908437,0.4185354014276772,0.014958738906290625,0.003936265846072207,-0.024568503236863083,-0.012195121951219412,85.49618320610688,0.0,-0.0024052265137710638,0.017129511873825498,3.9,0.26655703393631347,0.24739314525733946,0.03746877601998344,0.003985163027971472
17820,2025,3,2.67,"Colorado Springs, CO",,,462253.1616348042,1758.6736548572871,4729.333333333333,4.0,1335.0,314973.0,6427.73875,,False,False,False,False,False,5.247155320905588,0.3907761786868065,0.008239348783866118,0.002134646092443404,-0.021121794631500365,0.03333333333333344,78.41726618705036,0.0,0.0,0.02175934945050617,4.3999999999999995,0.3158640226628895,0.24344959483489204,0.03630363036303641,0.005492100381990772
17820,2025,4,2.48,"Colorado Springs, CO",,,463603.6412999384,1729.9819764424217,4321.666666666667,3.8,1421.0,316630.0,6777.5671875,,False,False,False,False,False,5.260873624452461,0.35808166519955,0.007120562167322486,0.0026144268099359547,-0.01650949624073842,0.04453441295546545,75.51020408163266,0.0,0.0,0.015776178296406096,4.266666666666667,-0.010495156081808399,0.3229933232101214,0.055295950155763274,-0.004837939929692392
18880,2019,2,4.26,"Crestview-Fort Walton Beach-Destin, FL",284809.0,61590.0,294425.80348060554,1318.2696324498406,3722.0,2.6666666666666665,893.0,114099.0,2882.3277777777776,4.7804157084040515,False,False,False,False,False,4.712085167410177,0.6563871185202137,0.06909745029530456,0.014436984360974625,0.002094189394139134,0.02970297029702973,15.555555555555568,0.0,-8.871530130560856e-05,0.06055790597358901,2.966666666666667,0.07583474816072444,0.1272577123238514,0.0253623188405796,0.01722471459313568
18880,2019,3,4.27,"Crestview-Fort Walton Beach-Destin, FL",284809.0,62161.0,298982.22703374847,1348.7464233210264,3748.6666666666665,2.766666666666667,867.0,113210.0,2957.8528125,4.8098040094874355,False,False,False,False,False,4.7389339656566385,0.5585769739010669,0.0699104059111082,0.01611748849548822,0.002513002745035368,0.0071770334928229484,15.659340659340648,0.0,0.0,0.06145556383421069,2.9333333333333336,0.0028932140978432663,0.15500598332389726,0.029003783102143688,0.019130322437755032
18880,2019,4,4.33,"Crestview-Fort Walton Beach-Destin, FL",284809.0,62889.5,304703.6311467069,1338.1905495314904,3574.0,2.533333333333333,927.0,112515.0,3082.755625,4.845063661608168,False,False,False,False,False,4.778578185693965,0.5552308314546144,0.06864606941107998,0.01798163341650927,0.0030515597273760727,-0.014354066985645786,8.421052631578952,0.0,0.0,0.06317765338076375,2.9,-0.06416644811609407,0.03674172122599795,0.059031877213695294,0.02194126635113469
18880,2020,1,4.39,"Crestview-Fort Walton Beach-Destin, FL",287988.0,63618.0,311401.9288655292,1348.965754370061,3286.6666666666665,3.0,904.0,114832.0,3055.869193548387,4.894871402205809,False,False,False,False,False,4.786017459356321,0.5195294692212711,0.06088345165367559,0.011017637704251237,0.0029914220386755754,0.038277511961722466,9.873417721518972,0.0030105193346667836,0.0030105193346667836,0.08868780440516999,3.033333333333333,-0.035310602522185874,-0.004562795426325428,0.045121951219512235,0.018303876750296988
18880,2020,2,4.37,"Crestview-Fort Walton Beach-Destin, FL",287988.0,64346.5,315932.62085497746,1371.095759416601,3561.6666666666665,9.933333333333332,966.0,109574.0,2931.687619047619,4.9098648855023574,False,False,False,False,False,4.7804157084040515,0.4724503330384655,0.05433616849837386,0.008176347370673298,0.0023761828948308836,0.024038461538461453,10.9375,0.0,-0.0030105193346667836,0.08989078867384959,2.6666666666666665,0.0812433426939092,0.0662922038202094,0.051825677267373305,0.022786557544573594
18880,2020,3,4.51,"Crestview-Fort Walton Beach-Destin, FL",287988.0,65075.0,321208.0772292173,1410.908210088951,3242.6666666666665,5.8999999999999995,943.0,111522.0,3319.8340625,4.935967379626851,False,False,True,False,False,4.8098040094874355,0.4824851259044589,0.05367016374087408,0.015475625774909574,0.0013573521885915328,0.014251781472683911,9.207161125319674,0.0,0.0,0.09424431616091411,2.766666666666667,0.00716460684219955,0.03798825437241593,0.0625,0.02512790329152903
18880,2020,4,4.59,"Crestview-Fort Walton Beach-Destin, FL",287988.0,65712.0,334010.7505019828,1427.6755650972052,2510.6666666666665,4.3,1053.0,113467.0,3554.5015625,5.082949088476729,True,False,True,True,True,4.845063661608168,0.5015290891399866,0.054865277960111314,0.019136268298358017,0.00026464850636764,0.050970873786407855,8.521303258145352,0.0,0.0,0.07897278955033227,2.533333333333333,-0.04659434465587764,0.14221561000009686,0.03344481605351168,0.025782453709190634
18880,2025,2,9.68,"Crestview-Fort Walton Beach-Destin, FL",,,448155.5790370761,1948.6502115596068,5362.0,3.3666666666666667,1178.0,125528.0,5732.060483870968,,False,False,False,False,False,5.737943175791945,0.9575274673878935,-0.0013263679181565458,-0.0016963834875273198,-0.028411025199431245,-0.04031354983202684,65.76402321083172,0.0,0.005458241610377446,-0.001252272263358667,2.8666666666666667,0.17544941839971795,0.24739314525733946,0.03196347031963476,0.0006996831320069674
18880,2025,3,9.87,"Crestview-Fort Walton Beach-Destin, FL",,,441399.8497730326,1938.494130868007,5410.0,3.9666666666666663,1193.0,124781.0,6427.73875,,False,False,False,False,False,5.628296899025475,0.8184928895380397,-0.018359072491204276,-0.010531857849580661,-0.028588085860618822,0.03678929765886285,66.0714285714286,0.0,0.0,0.013137026082895797,3.3333333333333335,0.08388934702751327,0.24344959483489204,0.046405823475887065,-0.0008478100905396913
18880,2025,4,9.63,"Crestview-Fort Walton Beach-Destin, FL",,,439283.34071326954,1923.9687027070202,4922.0,4.65,1241.0,123573.0,6777.5671875,,False,False,False,False,False,5.583782975646724,0.7387193140385557,-0.02335538010955529,-0.007908950820710858,-0.026940452976617697,0.017123287671232834,52.568493150684944,0.0,0.0,0.012767767033315502,3.1999999999999997,-0.0032507954073868195,0.3229933232101214,0.04006968641114983,-0.0038374535466149107
19300,2019,2,3.28,"Daphne-Fairhope-Foley, AL",223234.0,57730.5,241382.1972982133,1139.7389024343809,3059.6666666666665,2.466666666666667,719.0,79276.0,2882.3277777777776,4.1811901386305905,False,False,False,False,False,4.174126105432808,0.6204417048787856,0.0568101910053711,0.015712364051075678,-0.0018223114060189984,-0.003039513677811634,11.945392491467555,0.0,-0.0013993883220506653,0.021323901303857085,3.1666666666666665,0.14561647004395084,0.1272577123238514,0.03759398496240607,0.0321580627993614
19300,2019,3,3.29,"Daphne-Fairhope-Foley, AL",223234.0,58320.0,245882.01865788669,1152.7573400348572,3359.0,2.533333333333333,728.0,75888.0,2957.8528125,4.216083996191473,False,False,False,False,False,4.176449539024594,0.5475505835050853,0.06231606570114234,0.01598835083123684,-0.0010835344369484765,0.012345679012345512,7.540983606557372,0.0,0.0,0.011715285491296745,3.266666666666667,-0.0367491166077738,0.15500598332389726,0.05295007564296528,0.02786184301857464
19300,2019,4,3.26,"Daphne-Fairhope-Foley, AL",223234.0,59179.0,251110.24255227402,1154.5129136843793,3298.3333333333335,2.4,783.0,75519.0,3082.755625,4.243232270776357,False,False,False,False,False,4.165191073867826,0.5118614200600526,0.051986198993482224,0.0078098349634430075,-0.0003099926467569519,-0.0383480825958703,5.161290322580636,0.0,0.0,0.04445276297646861,3.1333333333333333,-0.08856513992244008,0.03674172122599795,0.04972375690607733,0.04061480215293778
19300,2020,1,3.38,"Daphne-Fairhope-Foley, AL",233244.0,60038.0,255312.18893292084,1163.3061113339274,2930.0,3.1,735.0,76226.0,3055.869193548387,4.25250989261669,False,False,False,False,False,4.188138116521951,0.5059338668986357,0.056641913573417524,0.01599079700235273,0.0008739399206719746,-0.0381231671554253,3.1446540880503138,-0.0004079614658891728,-0.0004079614658891728,0.0456166207560309,3.4,-0.038523459061637455,-0.004562795426325428,0.04532163742690054,0.039640403929832146
19300,2020,2,3.29,"Daphne-Fairhope-Foley, AL",233244.0,60897.0,259564.90587064857,1184.3857056005465,3053.3333333333335,10.4,782.0,74138.0,2931.687619047619,4.262359490133316,False,False,False,False,False,4.1811901386305905,0.432819640436541,0.049285083690719045,0.008640504629176649,0.001409203337738103,0.0,0.3058103975535076,0.0,0.0004079614658891728,0.044368369702971755,2.466666666666667,0.0978351871785672,0.0662922038202094,0.04202898550724643,0.02190082111966185
19300,2020,3,3.39,"Daphne-Fairhope-Foley, AL",233244.0,61756.0,264619.1397157649,1194.3379872709863,2760.6666666666665,5.533333333333334,787.0,72935.0,3319.8340625,4.284913849921707,False,False,False,False,False,4.216083996191473,0.41203509455632714,0.05202559087136471,0.01864189410006123,0.001421448933649899,0.0030487804878049918,6.818181818181812,0.0,0.0,0.04090256566245487,2.533333333333333,0.09783200784399182,0.03798825437241593,0.04597701149425282,0.024945638227468647
19300,2020,4,3.44,"Daphne-Fairhope-Foley, AL",233244.0,62403.5,276078.65310332895,1218.5078398048054,1987.3333333333333,3.7999999999999994,880.0,74124.0,3554.5015625,4.424089243445143,False,False,False,False,False,4.243232270776357,0.4281478026570795,0.06606913475445797,0.02126314043997568,0.0018487206313481965,0.0,6.5359477124183,0.0,0.0,0.03795317698852796,2.4,-0.018060930832588973,0.14221561000009686,0.03026315789473677,0.025209741793597695
19300,2021,1,3.6,"Daphne-Fairhope-Foley, AL",239411.0,63051.0,287659.1561405778,1247.1510893069797,1760.3333333333333,3.466666666666667,771.0,74663.0,3865.7068852459015,4.562325040690517,False,False,False,False,False,4.25250989261669,0.40139149131615337,0.06684841701533029,0.01673347266896963,0.002032499451874319,0.030487804878048808,2.7355623100303816,0.020150104994077545,0.020150104994077545,0.04602494182944161,3.1,-0.11167256189994956,0.12306660146925985,0.027972027972027913,0.003250898274523184
19300,2021,2,3.88,"Daphne-Fairhope-Foley, AL",239411.0,63698.5,301852.4431975317,1323.7050507041984,1602.0,2.766666666666667,820.0,78850.0,4183.62634920635,4.738768467036613,False,False,False,False,False,4.262359490133316,0.32767876839463206,0.07532746315160788,0.016656928740856447,0.002186440714100356,0.0030487804878049918,0.0,0.0,-0.020150104994077545,0.03917283429634977,10.4,0.04209328782707633,0.017124992393438676,0.08762169680111276,-0.06481154447752158
19300,2021,3,4.16,"Daphne-Fairhope-Foley, AL",239411.0,64346.0,319262.01135516004,1450.1361136387532,1865.3333333333333,2.6666666666666665,854.0,76923.0,4421.670625,4.961645033959532,False,False,True,False,False,4.284913849921707,0.2600232988028237,0.07620370598936943,0.01947194605589342,0.0022296039172156937,0.03039513677811545,4.629629629629628,0.0,0.0,0.036070598548409105,5.533333333333334,-0.09585152838427957,0.12237973724394036,0.08104395604395598,-0.03891260805397423
19300,2021,4,4.42,"Daphne-Fairhope-Foley, AL",239411.0,66019.25,331139.4513673435,1491.0474558599128,1823.0,2.0,942.0,77934.0,4602.1089062500005,5.015801472560556,True,False,True,True,True,4.424089243445143,0.3706509505435909,0.09943206735526622,0.04330568605080143,0.0032309660088207784,0.05521472392638049,1.4749262536873031,0.0,0.0,0.05543023846844641,3.7999999999999994,-0.2801255735329631,0.15302735438200687,0.1238825031928481,-0.018472172565844325
19300,2024,1,8.03,"Daphne-Fairhope-Foley, AL",261608.0,76897.0,377636.27344880905,1551.5561613714453,2479.3333333333335,2.8333333333333335,962.0,84516.0,4992.540983606557,4.9109363622613245,False,False,False,False,False,5.035372570456165,0.8614421879243919,0.06778454039772086,0.001410677951996231,0.0034243566999030113,0.7718550106609807,145.85798816568047,0.0006063371123259387,0.0006063371123259387,0.0441932828660927,2.233333333333333,-0.08034632034632039,-0.10389918970668477,0.10011918951132293,0.03901066011182297
19300,2024,2,6.81,"Daphne-Fairhope-Foley, AL",261608.0,77836.0,380462.0674351561,1592.385757210828,2922.0,2.3666666666666667,956.0,87282.0,5246.626507936508,4.887996138485484,False,False,False,False,False,5.051508971971347,0.8773828665385395,0.04092278386088921,0.01687299559220201,-0.003190761887972929,0.33689839572192515,127.96352583586628,0.0,-0.0006063371123259387,0.04646857076126665,1.866666666666667,0.057427979664846696,0.024455418348580116,0.026195899772209597,0.044270103670496
19300,2024,3,7.21,"Daphne-Fairhope-Foley, AL",261608.0,78775.0,379984.17753278214,1620.163973065003,3138.0,2.8666666666666667,978.0,84877.0,5543.46921875,4.823664583088316,False,False,False,False,False,5.052678958770766,0.8762294197461724,0.03226198469294106,0.013676311083849368,-0.00985856675338415,0.1578124999999999,118.58407079646018,0.0,0.0,0.02388191753540103,2.3333333333333335,0.12304131054131062,0.12003623683289799,0.006369426751592355,0.03569065601398158
19300,2024,4,7.27,"Daphne-Fairhope-Foley, AL",261608.0,78775.0,379131.1252698248,1596.1261036581527,3224.3333333333335,2.6666666666666665,1039.0,85239.0,5907.04296875,4.812835611168833,False,False,False,False,False,4.975139153809041,0.8099480799412149,0.029115235648594417,-0.00302153346744638,-0.015284281056341869,0.009681881051175623,112.20930232558138,0.0,0.0,0.011388297654096435,2.2333333333333334,0.14697954653559542,0.15912210409728944,0.03141361256544495,0.02788235732657407
19300,2025,1,8.19,"Daphne-Fairhope-Foley, AL",,,380131.9603593498,1578.2761453088806,3120.0,2.9333333333333336,995.0,86661.0,5894.8178333333335,,False,False,False,False,False,4.9109363622613245,0.7227982457393738,0.026943947647170896,-0.0007021573401216896,-0.019062522403960124,-0.03369434416365835,123.05555555555551,-0.0010190671811907137,-0.0010190671811907137,-0.0037633987190641705,2.8333333333333335,0.02820016588332863,0.24811511501268746,0.04225352112676051,0.03598921304241243
19300,2025,2,7.62,"Daphne-Fairhope-Foley, AL",,,380154.43980749097,1601.9149648194907,3587.6666666666665,2.3000000000000003,991.0,90161.0,5732.060483870968,,False,False,False,False,False,4.887996138485484,0.7068059998548932,0.017460799227571266,0.007482845756685785,-0.02086151414127944,-0.09200000000000008,75.51546391752578,0.0,0.0010190671811907137,0.004816642286892492,2.3666666666666667,0.1785426189835977,0.24739314525733946,0.06104328523862379,0.018210240197851224
19300,2025,3,7.77,"Daphne-Fairhope-Foley, AL",,,377433.83700118144,1623.814653190321,3691.6666666666665,2.6,1036.0,88603.0,6427.73875,,False,False,False,False,False,4.823664583088316,0.6075805868968436,0.0024726614789924994,-0.0012560776573485866,-0.020238919722372732,-0.026990553306342813,73.3173076923077,0.0,0.0,0.016770774466447813,2.8666666666666667,0.07392197125256672,0.24344959483489204,0.03164556962025311,0.02305819391543329
19300,2025,4,7.86,"Daphne-Fairhope-Foley, AL",,,376249.9846040846,1639.0024151474993,3465.6666666666665,2.2,1082.0,87829.0,6777.5671875,,False,False,False,False,False,4.812835611168833,0.5696033403924758,0.0032535066277352698,-0.002244967852335744,-0.018480348794544896,-0.004109589041095929,64.47963800904976,0.0,0.0,0.027213131914501032,2.6666666666666665,0.027512215848735977,0.3229933232101214,0.0548223350253807,0.03038984587488658
19660,2019,2,2.1,"Deltona-Daytona Beach-Ormond Beach, FL",668365.0,49786.5,221793.90088641786,1209.6592222701222,6651.0,3.5666666666666664,777.0,196380.0,2882.3277777777776,4.454900442618338,False,False,False,False,False,4.416209213767585,1.4073876920780113,0.10310191387378653,0.01847745836048964,0.0016663847816855743,0.06842105263157894,23.78048780487805,0.0,0.002957038027335823,0.07383949154868108,3.866666666666667,0.05214029273681309,0.1272577123238514,0.0311231393775373,0.018111275254583115
19660,2019,3,2.1,"Deltona-Daytona Beach-Ormond Beach, FL",668365.0,50360.0,223991.57323420738,1217.6629153129861,6288.666666666667,3.733333333333333,745.0,199335.0,2957.8528125,4.447807252466389,False,False,False,False,False,4.416073792282571,1.286958014074031,0.09268680505125437,0.016088155701028395,0.0006195684159520882,0.035532994923857864,23.636363636363654,0.0,0.0,0.06111744654891771,3.9666666666666663,0.008819360596356685,0.15500598332389726,0.03813559322033888,0.042640032905491676
19660,2019,4,2.12,"Deltona-Daytona Beach-Ormond Beach, FL",668365.0,51104.75,227238.90550668316,1226.309687411448,6084.666666666667,3.3666666666666667,833.0,201801.0,3082.755625,4.44653198590509,False,False,False,False,False,4.431448016960482,1.1812349060472824,0.07960569298396747,0.015454473348061715,-0.0005469335017097451,0.04040404040404044,17.714285714285726,0.0,0.0,0.06649849701405186,3.733333333333333,-0.021283238798980197,0.03674172122599795,0.020539152759948553,0.018142264700787614
19660,2020,1,2.14,"Deltona-Daytona Beach-Ormond Beach, FL",671784.0,51849.5,232005.71057092072,1239.1838529322113,6016.0,3.9000000000000004,801.0,201372.0,3055.869193548387,4.474598801741979,False,False,False,False,False,4.450660458359919,1.100527389334062,0.06785628894197338,0.016177424409075325,-0.0019144862456070473,0.044554455445544594,19.2090395480226,-0.00046241858548179415,-0.00046241858548179415,0.06518993281447494,3.8333333333333335,0.03599532113994042,-0.004562795426325428,0.026702269692923997,0.01856633097290805
19660,2020,2,2.14,"Deltona-Daytona Beach-Ormond Beach, FL",671784.0,52594.25,234490.77761964753,1255.8670752720413,5917.333333333333,13.166666666666666,840.0,183898.0,2931.687619047619,4.458486956647305,False,False,False,False,False,4.454900442618338,1.0121549857848842,0.061711898063286696,0.012617190766337494,-0.0029572239365141125,0.034482758620689724,21.387283236994236,0.0,0.00046241858548179415,0.05530013390644961,3.5666666666666664,0.024018475750577473,0.0662922038202094,0.019685039370078705,0.014055706451579608
19660,2020,3,2.17,"Deltona-Daytona Beach-Ormond Beach, FL",671784.0,53339.0,237076.958951583,1277.7774411768023,5170.333333333333,9.133333333333333,809.0,190816.0,3319.8340625,4.44472072876475,False,False,False,False,False,4.447807252466389,0.9272368703127185,0.05525489686908314,0.009908623902669778,-0.003922074957882415,0.02941176470588247,19.318181818181813,0.0,0.0,0.04991824505042186,3.733333333333333,-0.05447802335488394,0.03798825437241593,0.013605442176870763,0.008168116528423974
19660,2020,4,2.23,"Deltona-Daytona Beach-Ormond Beach, FL",671784.0,54452.0,246022.37140647697,1305.2024588619345,4297.666666666667,6.2,910.0,193877.0,3554.5015625,4.518151241579317,False,False,False,False,False,4.44653198590509,0.8636048194649684,0.05426048223829372,0.014497564464536206,-0.004553587339010416,0.029126213592232997,13.36898395721926,0.0,0.0,0.04552800455556527,3.3666666666666667,-0.032439308809498524,0.14221561000009686,0.04779874213836477,0.009797691187582336
19660,2021,1,2.3,"Deltona-Daytona Beach-Ormond Beach, FL",687477.0,55565.0,256728.43316500486,1332.428581159759,3769.0,5.5,843.0,198703.0,3865.7068852459015,4.620326341492034,False,False,False,False,False,4.474598801741979,0.8160099950283031,0.05923999686711179,0.020977064000589296,-0.004781007650392739,0.014218009478673022,13.829787234042556,-0.010349764887551016,-0.010349764887551016,0.04354780786214474,3.9000000000000004,-0.011285197764873467,0.12306660146925985,0.041612483745123496,-0.004990562401794629
19660,2021,2,2.49,"Deltona-Daytona Beach-Ormond Beach, FL",687477.0,56678.0,270791.74790904747,1382.413170315046,3592.6666666666665,5.133333333333334,887.0,195365.0,4183.62634920635,4.777722359805347,False,False,True,False,False,4.458486956647305,0.729937200346142,0.05724628442209423,0.010711232247738733,-0.005077357528027961,0.01904761904761898,12.631578947368439,0.0,0.010349764887551016,0.038199066440548934,13.166666666666666,-0.016400709219858256,0.017124992393438676,0.08108108108108114,-0.06356044403707095
19660,2021,3,2.67,"Deltona-Daytona Beach-Ormond Beach, FL",687477.0,57791.0,289250.1746278349,1467.8564322831355,3824.0,4.866666666666667,877.0,202127.0,4421.670625,5.0051076227757765,True,False,True,True,True,4.44472072876475,0.6242892259691732,0.058419098220688026,0.011028925564528391,-0.004963607825494762,0.033333333333333215,10.152284263959398,0.0,0.0,0.04936877448416377,9.133333333333333,-0.12623929698062186,0.12237973724394036,0.08590604026845639,-0.042737100860360644
19660,2024,4,4.63,"Deltona-Daytona Beach-Ormond Beach, FL",739516.0,71277.0,352213.5425793288,1745.6306235522559,6496.333333333333,3.9333333333333336,1060.0,219081.0,5907.04296875,4.941475406924097,False,False,False,False,False,5.208630263810035,0.7771822468495522,-0.009519916456457556,0.004220807551611694,-0.01743565255571422,0.05213270142180115,99.10313901345293,0.0,0.0,0.013397610972017082,3.5666666666666664,0.061706874912843324,0.15912210409728944,0.02965235173824121,0.030380560981031035
19660,2025,1,4.69,"Deltona-Daytona Beach-Ormond Beach, FL",,,348245.64377558214,1756.6113945396219,6934.666666666667,4.033333333333333,1083.0,219860.0,5894.8178333333335,,False,False,False,False,False,5.144698496826372,0.6940380384664531,0.006262009119026857,0.0009808173714651591,-0.024788835143598687,0.015730337078651457,96.52173913043478,-0.0034069003285150945,-0.0034069003285150945,0.010889071789573324,3.6,0.12064096670388125,0.24811511501268746,0.040354330708661346,0.026663869268247264
19660,2025,2,4.76,"Deltona-Daytona Beach-Ormond Beach, FL",,,342634.43207136524,1767.167451222108,7795.333333333333,4.166666666666667,1047.0,214871.0,5732.060483870968,,False,False,False,False,False,5.07980784056284,0.6249073979445026,0.012216808529022627,0.00046189407743435495,-0.029018558819987758,0.023809523809523725,72.69076305220881,0.0,0.0034069003285150945,0.00485369779807332,3.633333333333333,0.1694796061884669,0.24739314525733946,0.039054470709146916,0.017246551403960808
19660,2025,3,4.76,"Deltona-Daytona Beach-Ormond Beach, FL",,,336604.18450833665,1769.6772240865141,7668.0,4.866666666666667,1042.0,217425.0,6427.73875,,False,False,False,False,False,4.984498206511391,0.5366909540450022,-0.00030229474692289315,-0.005938685378381825,-0.029766237494702738,0.04576659038901609,71.1610486891386,0.0,0.0,0.011899378692888485,4.2,0.08062738023652027,0.24344959483489204,0.03319502074688807,0.01115141369047623
19660,2025,4,4.51,"Deltona-Daytona Beach-Ormond Beach, FL",,,333216.6912618838,1763.14840838152,6945.666666666667,5.45,1114.0,219017.0,6777.5671875,,False,False,False,False,False,4.941475406924097,0.49494342101900646,-0.013096535246760022,-0.008631320105821905,-0.029022666821113312,0.04279279279279269,63.604240282685495,0.0,0.0,0.012556216994376035,3.9333333333333336,-0.09626709946672851,0.3229933232101214,0.05263157894736836,0.005535283993115314
20100,2019,2,3.6,"Dover, DE",180786.0,60376.25,230482.4230000711,1151.900364400349,698.6666666666666,3.633333333333333,839.0,67992.0,2882.3277777777776,3.8174352166633585,False,False,False,False,False,3.7478586861501446,0.49366807990449457,0.032594408473372694,0.017021403712607075,-0.0038055907426641253,0.008219178082191858,11.854103343465038,0.0,-0.00035160381926568895,0.02754893374873779,3.9,0.09555854643337813,0.1272577123238514,0.03608247422680422,0.010173593474558595
20100,2019,3,3.61,"Dover, DE",180786.0,60910.0,232853.52960762024,1162.8344834522786,716.6666666666666,4.2,891.0,68478.0,2957.8528125,3.8229113381648374,False,False,False,False,False,3.763623316812536,0.43289098872537535,0.04574160050447351,0.00904767204977941,-0.0026159090147775677,0.05507246376811592,9.63855421686748,0.0,0.0,0.03540692309125726,4.066666666666666,0.072072072072072,0.15500598332389726,0.03398058252427183,-0.001017324436731415
20100,2019,4,3.53,"Dover, DE",180786.0,60711.75,234622.80079386313,1167.125977313229,648.3333333333334,3.3000000000000003,898.0,68213.0,3082.755625,3.864536943735984,False,False,False,False,False,3.7427829159732187,0.35956972451668845,0.04085978527877865,0.003493632481151865,-0.0013064839854123108,-0.0028248587570621764,5.373134328358198,0.0,0.0,0.029132819711597646,3.0666666666666664,-0.07448433919022157,0.03674172122599795,0.025974025974025983,0.012397939200385677
20100,2020,1,3.63,"Dover, DE",182317.0,60513.5,238607.79930872182,1163.3859000126602,575.0,4.533333333333334,914.0,67455.0,3055.869193548387,3.943050712795026,False,False,False,False,False,3.766801632958599,0.3783671149732264,0.04574420828673431,0.015474609941291906,-6.846083401565029e-05,-0.04065040650406504,3.206997084548102,0.0010160091531936644,0.0010160091531936644,0.01824903580695092,3.8666666666666667,-0.1853074700784152,-0.004562795426325428,0.04014167650531286,0.014938462003689201
20100,2020,2,3.61,"Dover, DE",182317.0,60315.25,242196.80325930627,1183.9338722347823,538.0,13.666666666666666,927.0,62915.0,2931.687619047619,4.015515201533713,False,False,False,False,False,3.8174352166633585,0.42310506529537584,0.051358202780189766,0.022481202117345944,0.0010027042306195882,-0.021739130434782594,-0.5524861878453025,0.0,-0.0010160091531936644,0.031175266282289726,3.633333333333333,0.06180344478216804,0.0662922038202094,0.04353233830845782,0.005516201067747195
20100,2020,3,3.73,"Dover, DE",182317.0,60117.0,246339.89543731898,1206.3545558232956,526.0,8.233333333333333,951.0,65636.0,3319.8340625,4.097674458760733,False,False,False,False,False,3.8229113381648374,0.36273741294115913,0.05265010259396696,0.010287581051455774,0.001916361494128841,-0.008241758241758323,4.0345821325648235,0.0,0.0,0.03287904251742324,4.2,0.0257633587786259,0.03798825437241593,0.045774647887323994,0.025518914547578486
20100,2020,4,3.71,"Dover, DE",182317.0,61016.5,256629.39452357087,1251.8290317234514,472.3333333333333,5.1000000000000005,1029.0,66056.0,3554.5015625,4.205901592578579,False,False,False,False,False,3.864536943735984,0.3974311635756256,0.056955749477321405,0.007598215020507837,0.002972309332149712,0.0,2.915451895043719,0.0,0.0,0.03672100364257891,3.3000000000000003,-0.0953488372093022,0.14221561000009686,0.03337169159953968,0.014998884011606206
20100,2021,1,3.83,"Dover, DE",185069.0,61916.0,269266.1409462117,1292.3363914237927,349.6666666666667,6.533333333333334,919.0,65664.0,3865.7068852459015,4.348894323700041,False,False,False,False,False,3.943050712795026,0.4343307904450171,0.058527528026208975,0.0169847026860781,0.004206935695890618,0.025423728813559254,0.8333333333333304,-0.004111237940715551,-0.004111237940715551,0.02820490911575546,4.533333333333334,-0.11311053984575836,0.12306660146925985,0.03745743473325769,0.004901230521705546
20100,2021,2,4.03,"Dover, DE",185069.0,62815.5,281294.9269507499,1365.80612826793,403.6666666666667,6.766666666666667,941.0,67105.0,4183.62634920635,4.478113315196884,False,False,False,False,False,4.015515201533713,0.4271224479562985,0.05082548207691984,0.015041436034288314,0.004432743885905476,0.002777777777777768,-1.0958904109588996,0.0,0.004111237940715551,0.02780926964209196,13.666666666666666,-0.06434782608695655,0.017124992393438676,0.10488676996424307,-0.07467054947640894
20100,2021,3,4.27,"Dover, DE",185069.0,63715.0,290814.7820688226,1439.267457268669,487.3333333333333,6.2,999.0,66724.0,4421.670625,4.564306396748373,False,False,False,False,False,4.097674458760733,0.4362957015829809,0.057917807183015535,0.017106304138857498,0.0038745120274806272,0.033240997229917024,8.115942028985511,0.0,0.0,0.03742585293980327,8.233333333333333,-0.022304832713754608,0.12237973724394036,0.06734006734006726,-0.0415023803265282
20100,2021,4,4.53,"Dover, DE",185069.0,65105.75,295925.90586887836,1473.8985585919133,471.3333333333333,4.566666666666666,1101.0,68929.0,4602.1089062500005,4.5453113721734,False,False,False,False,False,4.205901592578579,0.5250166841565629,0.09379563135060542,0.04176951958181707,0.004388729012865271,0.05099150141643061,4.802259887005644,0.0,0.0,0.07257404603846807,5.1000000000000005,-0.10202788339670477,0.15302735438200687,0.145879732739421,-0.031621538416430894
20100,2022,1,4.85,"Dover, DE",187819.0,66496.5,307992.31843916565,1456.7341559180795,333.6666666666667,5.0,973.0,68132.0,4463.855483870967,4.631707209239067,False,False,False,False,False,4.348894323700041,0.6608760636852291,0.1284884304968703,0.049241227592422776,0.0057970163104044,0.05509641873278248,3.7940379403794022,0.0066260118912711,0.0066260118912711,0.11084068614698639,6.533333333333334,-0.25970359915314034,0.2650105879555513,0.00547045951859948,-0.026551034022681774
20100,2022,2,5.43,"Dover, DE",187819.0,67887.25,322415.6063578991,1501.5122684677365,386.3333333333333,4.633333333333334,972.0,68515.0,4105.667096774193,4.749280702310067,False,False,False,False,False,4.478113315196884,0.7463994520841739,0.16143121282068895,0.04467247891721016,0.00848426378636422,0.11634349030470914,9.510869565217384,0.0,-0.0066260118912711,0.15361690403353978,6.766666666666667,0.1544327931363203,0.4270368786990453,0.015102481121898492,0.06659779066995153
20100,2022,3,6.41,"Dover, DE",187819.0,69278.0,328787.55157626397,1525.9773396857393,457.6666666666667,4.833333333333333,1062.0,69111.0,3980.35109375,4.745915753576373,False,False,False,False,False,4.564306396748373,0.7749772814641007,0.1805427681640801,0.03384296766837713,0.011603214047243553,0.14477211796246636,17.307692307692292,0.0,0.0,0.19307168056112523,6.2,0.20726672171758875,0.3318950711862574,0.050473186119873725,0.016576269120604614
20100,2022,4,6.46,"Dover, DE",187819.0,70176.5,327636.2126128112,1557.526542436972,404.6666666666667,4.166666666666667,1092.0,69378.0,3851.9734920634924,4.668745414958158,False,False,False,False,False,4.5453113721734,0.7684302579188769,0.1531255272540426,0.017575185703064378,0.012503088842166037,0.2210242587601079,28.32861189801701,0.0,0.0,0.17739605109072154,4.566666666666666,-0.03283173734610123,0.294726932969241,0.06997084548104948,0.04349339953978437
20100,2023,1,7.37,"Dover, DE",190123.0,71075.0,329727.6551303141,1572.579159273242,358.6666666666667,4.3999999999999995,1025.0,69955.0,4000.064516129032,4.639150969121549,False,False,False,False,False,4.631707209239067,0.8667749852903,0.14382119250815806,0.04077511407748746,0.012482048717326864,0.2663185378590076,37.005649717514125,-0.0002352652587414017,-0.0002352652587414017,0.12720973082957632,5.0,-0.292079207920792,0.15473201056913988,0.05875952121871597,0.03758528265107208
20100,2023,2,6.39,"Dover, DE",190123.0,71973.5,334860.376973318,1552.3172608370014,367.6666666666667,4.1000000000000005,986.0,70792.0,4206.072903225806,4.652550966304514,False,False,False,False,False,4.749280702310067,1.0266972370502971,0.14618350872125307,0.04683002482603249,0.012121195439746846,0.347394540942928,50.83333333333333,0.0,0.0002352652587414017,0.09935973883197069,4.633333333333334,0.15784215784215783,-0.01863437265303247,0.032943676939426236,0.0210118471052827
20100,2023,3,6.43,"Dover, DE",190123.0,72872.0,341446.2679758785,1610.6546714100207,379.3333333333333,4.533333333333334,1027.0,70603.0,4458.13746031746,4.685561916454585,False,False,False,False,False,4.745915753576373,1.076493485880905,0.13057372543894608,0.019763141401076156,0.010555574573326273,0.5011709601873537,77.56232686980611,0.0,0.0,0.060245843800027066,4.833333333333333,0.18464193270060414,-0.0998083232963558,0.06306306306306309,0.035774234158623575
20100,2023,4,6.58,"Dover, DE",190123.0,73273.25,347328.5465923417,1617.712679354776,390.0,3.866666666666667,1115.0,71489.0,4464.907619047619,4.740182079986102,False,False,False,False,False,4.668745414958158,0.9872425027771312,0.10715623781171546,-0.0035017717609230337,0.007740071888353642,0.42604856512141276,83.00283286118982,0.0,0.0,0.05673930770714142,4.166666666666667,-0.11580480699198836,-0.16299818832356816,-0.008174386920980936,0.0065139491360675095
20100,2024,1,8.1,"Dover, DE",192690.0,73674.5,351153.7069509613,1640.947805705781,359.0,4.3,1073.0,70393.0,4992.540983606557,4.76628557982696,False,False,False,False,False,4.639150969121549,0.9361659892041048,0.07057103502223083,0.006383429050239142,0.003237838132690177,0.5195876288659795,103.03030303030303,-0.0025921932154493454,-0.0025921932154493454,0.07952377781802844,4.3999999999999995,-0.1136738056013179,-0.10389918970668477,0.05344295991778014,0.026756883696354095
20100,2024,2,6.89,"Dover, DE",192690.0,74075.75,354584.8176682365,1656.8879544535546,407.0,4.233333333333333,1090.0,71148.0,5246.626507936508,4.786786737471258,False,False,False,False,False,4.652550966304514,0.9046922801543698,0.038598536702359576,0.015566549432971755,-0.0029284204231529672,0.17679558011049723,77.00831024930747,0.0,0.0025921932154493454,0.03383588228760215,4.1000000000000005,0.025092936802973975,0.024455418348580116,0.014403292181069949,0.03323359848208418
20100,2024,3,7.3,"Dover, DE",192690.0,74477.0,356309.9362349201,1648.6846043615406,452.0,4.666666666666667,1086.0,71391.0,5543.46921875,4.7841606970597645,False,False,False,False,False,4.685561916454585,0.9219385996420488,0.038501203403007445,0.019667573279609885,-0.008690541039011873,0.0031201248049921304,72.38605898123325,0.0,0.0,0.055490556459848905,4.533333333333334,0.03173164097914771,0.12003623683289799,-0.03295668549905839,0.021588459145432726
20100,2024,4,6.5,"Dover, DE",192690.0,74477.0,360425.45471606933,1663.1751401058716,463.3333333333333,3.9,1170.0,72374.0,5907.04296875,4.839419615667513,False,False,False,False,False,4.740182079986102,0.9973991640128834,0.06010426571131866,0.017227538175578205,-0.011855184007562719,0.018575851393188847,77.35849056603774,0.0,0.0,0.03864212601066441,3.866666666666667,0.02811950790861162,0.15912210409728944,0.021062271062270987,0.03042751304448088
20100,2025,1,8.22,"Dover, DE",,,364535.46206569247,1689.5579347953783,424.6666666666667,4.833333333333333,1142.0,70747.0,5894.8178333333335,,False,False,False,False,False,4.76628557982696,0.9994839468683607,0.0649810578132406,0.011013089468598247,-0.013019708677857757,0.09905020352781535,111.48825065274148,0.0012346561624712038,0.0012346561624712038,0.04347548804101864,4.3,-0.07948717948717954,0.24811511501268746,0.04682926829268297,0.006261167893645947
20100,2025,2,6.81,"Dover, DE",,,365001.2085040877,1696.5712702589472,473.0,4.8,1149.0,71769.0,5732.060483870968,,False,False,False,False,False,4.786786737471258,0.9693515208078991,0.05890347754249281,0.009770965390248243,-0.012476479737667927,0.07824726134585291,70.96774193548386,0.0,-0.0012346561624712038,0.06736425359347553,4.233333333333333,0.13370473537604455,0.24739314525733946,0.10547667342799194,0.005028816815459303
20100,2025,3,7.9,"Dover, DE",,,367207.2078115211,1708.7039384023813,549.6666666666666,5.8999999999999995,1159.0,70857.0,6427.73875,,False,False,False,False,False,4.7841606970597645,0.9612493588949271,0.04353150013076634,0.004865178881679366,-0.010938796467088265,0.13530326594090214,70.96018735362999,0.0,0.0,0.023611475275595373,4.666666666666667,0.11056511056511065,0.24344959483489204,0.057448880233690325,0.011160998824412571
20100,2025,4,6.86,"Dover, DE",,,369493.2495955595,1722.7642336666875,531.6666666666666,5.800000000000001,1231.0,70682.0,6777.5671875,,False,False,False,False,False,4.839419615667513,0.9748826719315287,0.03770754880997296,0.011550389317338094,-0.009913228791937243,-0.012158054711246202,43.4878587196468,0.0,0.0,0.028102926639128833,3.9,0.02507374631268422,0.3229933232101214,0.049327354260089606,0.012379526920225592
20500,2019,2,1.64,"Durham-Chapel Hill, NC",644367.0,61745.0,263421.5534340542,1229.478275741469,2074.6666666666665,3.5,1218.0,311908.0,2882.3277777777776,4.266281535898521,False,False,False,False,False,4.185889781916494,0.6352415844246169,0.07619979296727308,0.02006396065435001,0.0026177071938264834,0.03821656050955413,19.852941176470562,0.0,-0.006835908747285124,0.044192501362977143,3.533333333333333,0.1825586015097338,0.1272577123238514,0.022787028921998242,0.02845253170986073
20500,2019,3,1.6,"Durham-Chapel Hill, NC",644367.0,62289.0,266432.80737199134,1241.3599678973976,2164.0,3.5666666666666664,1232.0,309469.0,2957.8528125,4.277365303215517,False,False,False,False,False,4.212175153929984,0.6132242653324904,0.07520273549862044,0.016907370227227103,0.0019040719118180096,0.024844720496894235,18.705035971223015,0.0,0.0,0.037402265849398875,3.533333333333333,0.04518730052074593,0.15500598332389726,0.04359197907585011,0.018345389585296523
20500,2019,4,1.62,"Durham-Chapel Hill, NC",644367.0,62903.0,270311.97397160064,1225.5359219758645,2029.3333333333333,3.1,1301.0,312490.0,3082.755625,4.297282704665925,False,False,False,False,False,4.236907892290349,0.5973134854399467,0.07200745397919883,0.014974486115710617,0.0013821944829242121,0.03726708074534146,12.080536912751683,0.0,0.0,0.0436599730627405,3.3666666666666667,-0.09353905496624881,0.03674172122599795,0.05477178423236517,0.02317799749880134
20500,2020,1,1.65,"Durham-Chapel Hill, NC",582086.0,63517.0,274667.6158967437,1240.4202994734628,1663.3333333333333,3.5999999999999996,1418.0,316289.0,3055.869193548387,4.324316575038867,False,False,False,False,False,4.2511976336968065,0.5845855028263638,0.06586889441123422,0.012371391402394405,0.0007091942443676103,0.017857142857142794,15.540540540540547,-0.008126122108325307,-0.008126122108325307,0.04062760304477031,3.8000000000000003,-0.1416666666666666,-0.004562795426325428,0.03735408560311293,0.026253111392897654
20500,2020,2,1.6,"Durham-Chapel Hill, NC",582086.0,64131.0,278407.2003279663,1260.1547552269792,1726.6666666666667,9.666666666666666,1355.0,299024.0,2931.687619047619,4.341226557015582,False,False,False,False,False,4.266281535898521,0.5533497435755197,0.05793230032780805,0.012468435878934203,-0.00021274530199714647,0.006134969325153339,14.685314685314687,0.0,0.008126122108325307,0.04935081730345403,3.5,0.2856847758727534,0.0662922038202094,0.04370179948586128,0.026901562865242035
20500,2020,3,1.65,"Durham-Chapel Hill, NC",582086.0,64745.0,280936.5736603885,1269.4799685420705,1671.0,6.633333333333333,1380.0,304919.0,3319.8340625,4.339123849878577,False,False,False,False,False,4.277365303215517,0.5344489250012612,0.05223532226011329,0.011431311897911911,-0.0010661249022172455,-0.030303030303030165,10.344827586206895,0.0,0.0,0.05682174285442465,3.5666666666666664,0.04305912596401029,0.03798825437241593,0.029239766081871288,0.030128021623204937
20500,2020,4,1.67,"Durham-Chapel Hill, NC",582086.0,65787.0,293969.3345588693,1271.5337727267972,1414.3333333333333,4.866666666666666,1484.0,310337.0,3554.5015625,4.46850190096629,False,False,False,False,False,4.297282704665925,0.5455660090230952,0.051805249953426946,0.014559643153079227,-0.0016778028244290365,-0.029940119760478945,12.500000000000021,0.0,0.0,0.03905257527331574,3.1,-0.06223043746149115,0.14221561000009686,0.023603461841070095,0.023986630402726306
20500,2021,1,1.7,"Durham-Chapel Hill, NC",592921.0,66829.0,305796.46485624224,1282.4115541325436,1046.6666666666667,4.8999999999999995,1484.0,313152.0,3865.7068852459015,4.575804887941496,False,False,False,False,False,4.324316575038867,0.5326516402684378,0.05569300548214451,0.01611338876760482,-0.0020433002000255635,-0.03508771929824561,2.4844720496894235,-0.10742472542864168,-0.10742472542864168,0.039534782120846934,3.5999999999999996,-0.18035479632063078,0.12306660146925985,0.06376594148537129,0.03388096389953055
20500,2021,2,1.87,"Durham-Chapel Hill, NC",592921.0,67871.0,321009.11188565526,1336.9278910667852,1127.3333333333333,4.366666666666666,1381.0,319945.0,4183.62634920635,4.729694742756925,False,False,False,False,False,4.341226557015582,0.5080052927281993,0.05688846147383941,0.013614944808886476,-0.0022004232411472727,-0.024390243902438935,1.9108280254777066,0.0,0.10742472542864168,0.024950810511076282,9.666666666666666,0.03807615230460937,0.017124992393438676,0.1124794745484401,-0.04130705207945928
20500,2021,3,2.03,"Durham-Chapel Hill, NC",592921.0,68913.0,338552.0082297908,1429.8455555581477,1230.6666666666667,4.033333333333334,1450.0,320024.0,4421.670625,4.912745174782563,False,False,False,False,False,4.339123849878577,0.47315396657576425,0.05443686320561536,0.009085157745354788,-0.002270823523913614,0.031249999999999778,2.4844720496894235,0.0,0.0,0.02265257570074719,6.633333333333333,-0.032239382239382275,0.12237973724394036,0.12012987012987009,-0.014702603491787536
20500,2021,4,2.12,"Durham-Chapel Hill, NC",592921.0,70694.75,352445.8876327022,1456.1505092457985,1187.6666666666667,3.1999999999999997,1586.0,327207.0,4602.1089062500005,4.98546055587865,False,False,True,False,False,4.46850190096629,0.5689752235343204,0.08751872970952501,0.046390403102999134,-0.0010113041753964502,0.030864197530864113,3.7267080745341463,0.0,0.0,0.03753284577474725,4.866666666666666,-0.15360063834031523,0.15302735438200687,0.14066102997694085,-0.006889820474255126
20500,2022,1,2.37,"Durham-Chapel Hill, NC",601788.0,72476.5,373465.4947264085,1481.2587774561441,905.0,3.3000000000000003,1576.0,325935.0,4463.855483870967,5.1529184594511115,True,False,True,True,True,4.575804887941496,0.6379335618259505,0.11333279628859061,0.04023253076760791,0.0012037158303737701,0.030303030303030276,1.1904761904761862,0.11526863419724831,0.11526863419724831,0.03385244072263682,4.8999999999999995,-0.25995757718595325,0.2650105879555513,0.04654442877291953,-0.009918144481787183
20500,2025,2,3.74,"Durham-Chapel Hill, NC",,,422365.0193475058,1641.6178122131034,2026.0,3.3000000000000003,1705.0,344880.0,5732.060483870968,,False,False,False,False,False,5.1047621985945835,0.8384806626960621,0.05280910433345842,0.011779289759283662,-0.022848323840298612,-0.03513513513513522,90.90909090909089,0.0,0.000723670468666171,0.008653666342741007,3.1333333333333333,0.21296296296296302,0.24739314525733946,0.0787918581746554,0.015163116139633726
20500,2025,3,4.02,"Durham-Chapel Hill, NC",,,419617.771357004,1640.670136076639,2304.0,3.6333333333333333,1779.0,341019.0,6427.73875,,False,False,False,False,False,5.064183019365558,0.7868177161500407,0.030076960428097044,-0.0005190056756216865,-0.022426001211272473,-0.00527704485488123,85.71428571428574,0.0,0.0,0.011699534567999992,3.3333333333333335,0.12755478946072385,0.24344959483489204,0.05493133583021215,0.011737193302999938
20500,2025,4,3.84,"Durham-Chapel Hill, NC",,,419180.832797197,1631.0287539428746,2204.6666666666665,3.2,1886.0,341040.0,6777.5671875,,False,False,False,False,False,5.0640770676784514,0.7667943630125267,0.01665289073754206,-2.0921772910242886e-05,-0.021576296427105592,0.053221288515406195,77.35849056603772,0.0,0.0,0.006333467929052983,2.9333333333333336,0.02926403144791445,0.3229933232101214,0.07236061684460271,0.005638141780705874
22140,2025,2,6.5,"Farmington, NM",,,261107.69625313874,1181.8046263261833,192.33333333333334,4.333333333333333,1101.0,48364.0,5732.060483870968,,False,False,False,False,False,4.5802622740152215,0.7871110858363921,0.05401906535896139,0.014645167358753985,-0.003187270219632173,0.05400696864111487,78.99408284023667,0.0,0.0034562662943738998,0.07439452386154755,4.6000000000000005,-0.05065666041275796,0.24739314525733946,0.030858244937319146,0.009528574847172955
22140,2025,3,6.69,"Farmington, NM",,,259190.63514544562,1192.494605653195,207.33333333333334,4.766666666666667,1100.0,48087.0,6427.73875,,False,False,False,False,False,4.570893286436278,0.7416140939925278,0.05295464985192044,0.010854313506539315,-0.004848119496402469,-0.022408963585434094,101.73410404624276,0.0,0.0,0.05094082757121132,5.266666666666667,0.08498023715415015,0.24344959483489204,0.02882703777335993,0.013689120295042878
22140,2025,4,6.64,"Farmington, NM",,,264532.8965891642,1217.9780389678087,213.0,4.7,1195.0,47195.0,6777.5671875,,False,False,False,False,False,4.660284761739565,0.7467797392094679,0.060243942992898036,0.019556675183939998,-0.005587718025296674,0.06785137318255252,83.61111111111113,0.0,0.0,0.027543638989688146,4.2,0.051001821493624755,0.3229933232101214,0.049632352941176405,0.031237906866749876
23540,2019,2,3.51,"Gainesville, FL",329128.0,47294.25,199399.17445474965,1126.3076441936776,1486.0,3.1333333333333333,918.0,135264.0,2882.3277777777776,4.216139899771107,False,False,False,False,False,3.9988420405104304,0.5941644520638936,0.07389186792554292,0.02079314147795186,0.0029532138675713057,0.06811145510835925,16.161616161616156,0.0,-0.001083977395080371,0.053188481476071914,3.5,0.1262626262626263,0.1272577123238514,0.03809523809523818,0.019841755685470197
23540,2019,3,3.55,"Gainesville, FL",329128.0,46843.0,203533.02447776622,1145.2022685596403,1358.6666666666667,3.4,929.0,138217.0,2957.8528125,4.345004044953701,False,False,False,False,False,4.003067665955386,0.5723872728921817,0.07108065982088796,0.018459157898635947,0.001870413827450096,-0.017045454545454586,7.78816199376946,0.0,0.0,0.05905944239997152,3.533333333333333,-0.0021353833013025847,0.15500598332389726,0.034324942791762014,0.026211530060407107
23540,2019,4,3.63,"Gainesville, FL",329128.0,47094.25,206933.88559613706,1152.9636194119887,1162.6666666666667,2.9,968.0,139701.0,3082.755625,4.394037182801235,False,False,False,False,False,4.089466759609831,0.6479080064799865,0.06693985469762387,0.012107200732189849,0.0011574604184222091,0.026470588235294246,7.716049382716039,0.0,0.0,0.05970753156592723,3.266666666666667,-0.10207575433340466,0.03674172122599795,0.04520396912899671,0.02057717182830543
23540,2020,1,3.68,"Gainesville, FL",340715.0,47345.5,211535.3606923005,1169.444540236301,1124.0,3.266666666666667,980.0,138023.0,3055.869193548387,4.467908474771637,False,False,False,False,False,4.152789144892496,0.6469819846610121,0.05851195117770591,0.005976626107321303,0.00021834511802628143,0.019553072625698276,8.630952380952372,-0.006982031957496471,-0.006982031957496471,0.054676343570722485,3.4,-0.03860819828408002,-0.004562795426325428,0.005382131324004336,0.01829281796505322
23540,2020,2,3.62,"Gainesville, FL",340715.0,47596.75,215214.0014641457,1185.0207213851934,1269.3333333333333,8.366666666666665,973.0,127873.0,2931.687619047619,4.521611275226684,False,False,False,False,False,4.216139899771107,0.6255543273497493,0.04281927991593992,0.005659659822259355,-0.0012561124180034938,0.017391304347825987,14.332247557003264,0.0,0.006982031957496471,0.05576648413285512,3.1333333333333333,0.10510659395141286,0.0662922038202094,0.05275229357798161,0.014908798967563808
23540,2020,3,3.66,"Gainesville, FL",340715.0,47848.0,218515.39447107367,1180.9838859940771,1174.0,6.833333333333333,1005.0,131223.0,3319.8340625,4.566865793159038,False,False,False,False,False,4.345004044953701,0.7377330425061905,0.04514600427406634,0.02073153028000463,-0.0025262765651572344,0.026011560693641522,8.895705521472387,0.0,0.0,0.070318238651224,3.4,-0.08568864961866307,0.03798825437241593,0.02765486725663724,0.014466479749864147
23540,2020,4,3.73,"Gainesville, FL",340715.0,48824.75,227057.32300725477,1175.5194424053966,1098.6666666666667,4.866666666666667,1119.0,134653.0,3554.5015625,4.6504554146668395,False,False,False,False,False,4.394037182801235,0.797633176649295,0.04989816385835666,0.01670913664795637,-0.0034307214077444253,0.04011461318051568,10.67073170731707,0.0,0.0,0.06292626321830519,2.9,-0.1442590775269872,0.14221561000009686,0.021097046413502074,0.01759101437874211
23540,2021,1,3.84,"Gainesville, FL",344198.0,49801.5,236597.0777099986,1205.970566438702,1030.0,4.633333333333333,973.0,135943.0,3865.7068852459015,4.750802239089156,False,False,False,False,False,4.467908474771637,0.8496520116638999,0.06686790181508018,0.0222364504629462,-0.0033194881720950867,0.008219178082191858,8.875739644970416,0.0315611111048959,0.0315611111048959,0.05866937838430064,3.266666666666667,-0.03325688073394506,0.12306660146925985,0.04925053533190571,0.0005944570504781144
23540,2021,2,4.07,"Gainesville, FL",344198.0,50778.25,246010.76414822275,1247.4959942714447,1088.3333333333333,4.166666666666667,1024.0,133801.0,4183.62634920635,4.844805879450803,False,False,False,False,False,4.521611275226684,0.8727512547803311,0.07931239962573144,0.01739019310911405,-0.002234616860555298,0.031339031339031376,12.074303405572762,0.0,-0.0315611111048959,0.05212881000514602,8.366666666666665,0.12930011862396196,0.017124992393438676,0.05991285403050117,-0.05464129406198248
23540,2021,3,4.39,"Gainesville, FL",344198.0,51755.0,255535.2990765987,1331.784402609682,1209.0,4.2,1075.0,137173.0,4421.670625,4.937403131612379,False,False,False,False,False,4.566865793159038,0.8740723719056738,0.07361149391726407,0.015340047508377364,-0.0011166492527608708,0.030985915492957927,3.9772727272727293,0.0,0.0,0.03124480139167085,6.833333333333333,-0.07510504201680668,0.12237973724394036,0.08180839612486546,-0.05060159025300792
23540,2021,4,4.67,"Gainesville, FL",344198.0,52975.75,261439.3523868759,1418.8247068698786,1127.6666666666667,3.3333333333333335,1199.0,139336.0,4602.1089062500005,4.935075999620126,False,False,True,False,False,4.6504554146668395,0.9305820590649652,0.09724573311493145,0.0390907402970726,0.0008838007673431034,0.02754820936639124,9.705882352941186,0.0,0.0,0.019563343208445216,4.866666666666667,-0.06416808631459392,0.15302735438200687,0.15599173553719003,-0.03613431543081291
23540,2022,1,5.01,"Gainesville, FL",349559.0,54196.5,272618.8134235794,1435.352865943084,929.3333333333334,3.3000000000000003,1043.0,137909.0,4463.855483870967,5.030192234250909,True,False,True,True,True,4.750802239089156,1.01445618125065,0.11847530803208284,0.04201474137189143,0.0033339344156561217,0.04347826086956519,7.2625698324022325,-0.024982528070683685,-0.024982528070683685,0.031233654051709525,4.633333333333333,-0.06250000000000011,0.2650105879555513,-0.0071428571428571175,-0.015069952109431073
23540,2025,2,7.86,"Gainesville, FL",,,310821.5059285506,1627.1920099963784,1729.6666666666667,4.166666666666667,1228.0,151464.0,5732.060483870968,,False,False,False,False,False,5.177068809357166,0.9609289095860598,0.043637349734166,0.008727105770642396,-0.014637889121317325,0.09495548961424327,81.3267813267813,0.0,0.004168524271739971,0.013355651364999721,3.6333333333333333,0.2009371554575523,0.24739314525733946,0.03038194444444442,0.06688070005966407
23540,2025,3,7.82,"Gainesville, FL",,,307155.3784877238,1635.8623012245332,1753.3333333333333,4.8,1190.0,153441.0,6427.73875,,False,False,False,False,False,5.114632638698261,0.7696285937445602,0.02502125671083877,-0.0018214528599134194,-0.014703049656743633,0.09090909090909083,80.4100227790433,0.0,0.0,0.011717851435874671,4.066666666666666,0.09892127610741341,0.24344959483489204,-0.010344827586206917,0.07125288185952638
23540,2025,4,8.73,"Gainesville, FL",,,305405.81832562055,1640.9376654414802,1618.6666666666667,5.45,1339.0,154263.0,6777.5671875,,False,False,False,False,False,5.106627661733404,0.7125904789321691,0.015580054465028637,-0.001565112791149459,-0.014939360301394993,0.019379844961240345,68.95074946466808,0.0,0.0,0.028178435600850094,3.8333333333333335,-0.10735171261487042,0.3229933232101214,0.02639999999999998,0.06787264229677858
23580,2019,2,2.41,"Gainesville, GA",204441.0,62212.5,237610.96692943588,1146.2483820863479,1134.3333333333333,3.0666666666666664,936.0,89175.0,2882.3277777777776,3.819344455365656,False,False,False,False,False,3.789425932022893,0.9060961055592105,0.06522949256937816,0.013578467441924369,-0.0015827652326480203,-0.01953125000000011,14.61187214611872,0.0,0.0012505288748094756,0.06518621887724185,3.3666666666666667,0.17220435869953565,0.1272577123238514,0.049826187717265435,0.02532518377411863
23580,2019,3,2.47,"Gainesville, GA",204441.0,62984.0,240519.63682521312,1169.5822052655922,1197.3333333333333,3.0333333333333337,915.0,89643.0,2957.8528125,3.8187418522992047,False,False,False,False,False,3.7881305365018307,0.7707011674080744,0.06623484932033752,0.017823253508041814,-0.0020147847686896817,0.06611570247933884,15.695067264573993,0.0,0.0,0.037717771038523695,3.266666666666667,0.07253886010362698,0.15500598332389726,0.024590163934426146,0.04337952719226745
23580,2019,4,2.44,"Gainesville, GA",204441.0,63150.75,243708.6357131867,1156.6132327793832,1120.3333333333333,2.6999999999999997,1031.0,91281.0,3082.755625,3.859156632552847,False,False,False,False,False,3.790281355544709,0.6719468609045887,0.06091017917175212,0.013455321333103232,-0.0022510619448942756,0.04435483870967727,9.745762711864403,0.0,0.0,0.07396468566508729,3.1,-0.08013640238704178,0.03674172122599795,0.018404907975460016,0.03608205814181442
23580,2020,1,2.46,"Gainesville, GA",203409.0,63317.5,247924.03783819187,1165.5171545424057,1017.0,3.033333333333333,944.0,90599.0,3055.869193548387,3.915568963370188,False,False,False,False,False,3.811577078429089,0.5977759007610031,0.06476917293505435,0.018406393617953265,-0.001729556014612156,-0.026415094339622636,8.40336134453783,0.0014112130084780183,0.0014112130084780183,0.04705902104994131,3.3666666666666667,-0.05189990732159411,-0.004562795426325428,0.015945330296127658,0.018000183091499977
23580,2020,2,2.4,"Gainesville, GA",203409.0,63484.25,250999.61355222508,1180.6056535914706,1057.0,8.466666666666667,964.0,86087.0,2931.687619047619,3.953730469403436,False,False,False,False,False,3.819344455365656,0.5201026633310395,0.06586350604271374,0.01462018850441038,-0.0011254621612138784,-0.03984063745019906,4.329004329004338,0.0,-0.0014112130084780183,0.05760028714496679,3.0666666666666664,0.1088302378624959,0.0662922038202094,0.0331125827814569,0.01642464722912429
23580,2020,3,2.48,"Gainesville, GA",203409.0,63651.0,254731.98317616677,1201.6013798787678,1011.3333333333334,4.8,954.0,87732.0,3319.8340625,4.002010701735507,False,False,False,False,False,3.8187418522992047,0.45224569748469134,0.06001810203254432,0.012241311642156028,-0.0009527082719774049,-0.04263565891472865,7.860262008733621,0.0,0.0,0.09058537498578967,3.0333333333333337,0.05553923009109618,0.03798825437241593,0.04571428571428582,0.000535744182152964
23580,2020,4,2.55,"Gainesville, GA",203409.0,64631.0,266489.01184024784,1241.9748325407097,833.6666666666666,3.4333333333333336,1157.0,90252.0,3554.5015625,4.123238257805818,False,False,False,False,False,3.859156632552847,0.44552110941996803,0.059812539116264496,0.01325878805600822,-0.0009274512168320687,-0.05791505791505791,3.3898305084745894,0.0,0.0,0.04710938447684532,2.6999999999999997,-0.06430957683741645,0.14221561000009686,0.03514056224899598,0.01594915857893331
23580,2021,1,2.6,"Gainesville, GA",206998.0,65611.0,280739.7104670936,1278.8396343118222,712.3333333333334,3.266666666666667,981.0,90561.0,3865.7068852459015,4.278851266816443,False,False,False,False,False,3.915568963370188,0.452957410899133,0.058657928364325373,0.017296892712354017,-0.0010737682087594831,-0.04651162790697683,-1.6000000000000014,-0.01945214259335748,-0.01945214259335748,0.0515157402196178,3.033333333333333,-0.09223445403153818,0.12306660146925985,0.058295964125560484,0.01841256280842174
23580,2021,2,2.92,"Gainesville, GA",206998.0,66591.0,296029.4719652156,1357.2526074938648,767.3333333333334,2.9333333333333336,1033.0,90071.0,4183.62634920635,4.445487708026844,False,False,False,False,False,3.953730469403436,0.43753958679797833,0.0563469220120858,0.012405314711921855,-0.0011866952504485273,-0.004149377593361092,-6.25,0.0,0.01945214259335748,0.029973670665154772,8.466666666666667,0.039331366764995046,0.017124992393438676,0.029914529914529808,-0.03462853938884214
23580,2021,3,3.13,"Gainesville, GA",206998.0,67571.0,310929.8224597801,1480.5589939588501,885.0,2.6666666666666665,1042.0,91202.0,4421.670625,4.601527614801913,False,False,False,False,False,4.002010701735507,0.4041170535564693,0.05909017050978593,0.01487002139612903,-0.0010902731494398705,0.004048582995951344,2.4793388429751984,0.0,0.0,0.027376591802629857,4.8,-0.043204036581519945,0.12237973724394036,0.042622950819672045,-0.021317894314112684
23580,2021,4,3.32,"Gainesville, GA",206998.0,69216.5,325002.9223230203,1488.400916519423,819.3333333333334,2.4,1225.0,92609.0,4602.1089062500005,4.695454441108988,False,False,False,False,False,4.123238257805818,0.45765086370192876,0.09347381581451497,0.04615450528624887,0.0005008846067761359,0.04508196721311464,2.8225806451612767,0.0,0.0,0.07380306341143927,3.4333333333333336,-0.17567567567567577,0.15302735438200687,0.12221144519883609,-0.011272882637131443
23580,2022,1,3.75,"Gainesville, GA",213126.0,70862.0,346202.43809159443,1520.3052933129054,675.0,2.6,1077.0,92989.0,4463.855483870967,4.8855866062430415,False,False,True,False,False,4.278851266816443,0.534393335427255,0.13236180289350963,0.053475745691866194,0.0031710926601852896,0.05691056910569103,-1.8867924528301772,0.02269216482904135,0.02269216482904135,0.09722935379180075,3.266666666666667,-0.1455417832866852,0.2650105879555513,0.03919491525423724,-0.0004194306780428425
23580,2022,2,4.63,"Gainesville, GA",213126.0,72507.5,369551.3471799393,1545.3010827734408,766.3333333333334,2.466666666666667,1130.0,95528.0,4105.667096774193,5.096732712890932,True,False,True,True,True,4.445487708026844,0.6635755645622323,0.17940210255989575,0.05446241100941118,0.007142664583249049,0.21666666666666679,16.33466135458168,0.0,-0.02269216482904135,0.14962401151055316,2.9333333333333336,0.0772110435189517,0.4270368786990453,0.07157676348547715,0.046278764505674586
23580,2023,2,6.45,"Gainesville, GA",218248.0,76610.75,377111.78365586605,1631.7305169922681,702.3333333333334,2.533333333333333,1114.0,100416.0,4206.072903225806,4.9224395225978865,False,False,False,False,False,5.096732712890932,1.2702663344490914,0.24835998499285483,0.06744293661550538,0.020907826534193107,0.5856164383561644,92.1161825726141,0.0,-0.011959897068985814,0.13855082999383805,2.466666666666667,0.13530864197530867,-0.01863437265303247,0.09390125847047437,0.06058553807551825
23580,2023,3,6.17,"Gainesville, GA",218248.0,77430.0,384426.3958926161,1621.3036127196954,699.3333333333334,2.6999999999999997,1150.0,101697.0,4458.13746031746,4.964824950182308,False,False,False,False,False,5.117004352748229,1.2910676229007607,0.22034361569939653,0.026761846939187706,0.02077576875982216,0.6134185303514377,104.45344129554654,0.0,0.0,0.06537606155977427,2.6333333333333333,0.21096128751631138,-0.0998083232963558,0.1113243761996161,0.06536040876296578
23580,2023,4,6.27,"Gainesville, GA",218248.0,78297.75,390314.0688357069,1620.5045802892162,650.6666666666666,2.4,1253.0,102224.0,4464.907619047619,4.984997255166425,False,False,False,False,False,5.042781827348939,1.219387153824099,0.16327784732870554,-0.003617224033391375,0.017318372533273098,0.7168674698795181,133.6065573770492,0.0,0.0,0.06295548220844083,2.5666666666666664,-0.07722701149425282,-0.16299818832356816,-0.0212244897959184,0.06911855219255147
23580,2024,1,7.37,"Gainesville, GA",221745.0,79165.5,393659.87826715846,1625.8744646360392,599.6666666666666,2.6666666666666665,1218.0,101052.0,4992.540983606557,4.972619111445749,False,False,False,False,False,4.938971204786999,1.131116852549093,0.08125187717071247,-0.009883557642503149,0.009930115369877826,0.5786666666666667,140.65040650406507,-0.005571418953512763,-0.005571418953512763,0.06209806523434658,2.6999999999999997,-0.16154145581938506,-0.10389918970668477,0.10770659238625813,0.05482368882340927
23580,2024,2,6.46,"Gainesville, GA",221745.0,80033.25,400056.0677708842,1634.2976391140328,703.6666666666666,2.766666666666667,1163.0,101880.0,5246.626507936508,4.998623294329347,False,False,False,False,False,4.9224395225978865,1.1330135905749934,0.020458419468960765,0.0074258875020520865,-5.9397090409601207e-05,0.39308855291576683,168.75,0.0,0.005571418953512763,0.05593048188622718,2.533333333333333,-0.02181987000928498,0.024455418348580116,-0.01415929203539823,0.05116824386567287
23580,2024,3,6.36,"Gainesville, GA",221745.0,80901.0,402676.56329684396,1651.0375727653673,811.6666666666666,3.0,1213.0,102453.0,5543.46921875,4.977399084026699,False,False,False,False,False,4.964824950182308,1.1766944136804773,0.013138193245726848,0.019396403278198804,-0.009954795050344656,0.22178217821782176,148.79032258064515,0.0,0.0,0.027864103742795576,2.6999999999999997,-0.0042714760322734024,0.12003623683289799,-0.006908462867012077,0.04666385352448987
23580,2024,4,6.66,"Gainesville, GA",221745.0,80901.0,403126.8598900667,1630.902401410639,838.0,2.566666666666667,1323.0,102781.0,5907.04296875,4.982965104140452,False,False,False,False,False,4.984997255166425,1.1947158996217158,0.032389269423591216,0.015315475227500874,-0.01722553153669194,0.09999999999999987,145.8823529411765,0.0,0.0,0.02427189896473725,2.4,-0.06959008579599624,0.15912210409728944,0.04503753127606336,0.03246136753863249
23580,2025,1,6.54,"Gainesville, GA",,,403541.64125174185,1631.5376239252075,826.0,2.8333333333333335,1261.0,102393.0,5894.8178333333335,,False,False,False,False,False,4.972619111445749,1.1610420330166602,0.051632882941532454,0.008572095393414747,-0.02156132860518562,0.24493243243243246,183.46153846153848,-0.0080096754716521,-0.0080096754716521,0.006912158319154704,2.6666666666666665,-0.07838114754098358,0.24811511501268746,0.020955574182732528,0.030228266742789556
23580,2025,2,6.85,"Gainesville, GA",,,401099.17899508704,1651.4663920358132,945.6666666666666,2.6666666666666665,1230.0,103147.0,5732.060483870968,,False,False,False,False,False,4.998623294329347,1.179278838963691,0.0608421298655466,0.016248009657171547,-0.022840190527766258,0.0015503875968991832,121.23287671232879,0.0,0.0080096754716521,0.001573251278340182,2.766666666666667,0.17342968315730967,0.24739314525733946,0.04398563734290839,0.014579349904397798
23580,2025,3,6.69,"Gainesville, GA",,,396346.76377890847,1636.350804512431,1042.0,2.9333333333333336,1231.0,103695.0,6427.73875,,False,False,False,False,False,4.977399084026699,1.158657231727494,0.047473762465899405,0.006550320660204445,-0.02193079070506897,0.030794165316045508,103.19488817891376,0.0,0.0,0.018339538512341935,3.0,0.15348176219801046,0.24344959483489204,0.05478260869565221,0.007433847606123978
23580,2025,4,6.96,"Gainesville, GA",,,395332.64961442276,1637.0728944521527,1034.3333333333333,2.75,1358.0,104231.0,6777.5671875,,False,False,False,False,False,4.982965104140452,1.1238084715876049,0.032826874759036784,0.001118258757192292,-0.020421319788129187,0.062200956937799035,100.60240963855422,0.0,0.0,0.006416409584949712,2.566666666666667,0.03244353182751536,0.3229933232101214,0.05586592178770955,0.005448818281421186
24300,2019,2,2.57,"Grand Junction, CO",154210.0,54955.0,268091.0002011599,1068.6011633748751,1152.6666666666667,2.966666666666667,861.0,63903.0,2882.3277777777776,4.878373218108632,False,False,False,False,False,4.64198098947396,0.7897433988900917,0.08450519921317223,0.021621428357114114,0.0024906913045646697,0.024291497975708287,7.659574468085095,0.0,-0.0022045828507615273,0.0629873432769994,3.466666666666667,0.10003356831151389,0.1272577123238514,0.04187817258883242,0.02270226537216824
24300,2019,3,2.48,"Grand Junction, CO",154210.0,55379.0,273250.66987408366,1086.6597245252144,1251.0,3.033333333333333,887.0,64345.0,2957.8528125,4.934192922842299,False,False,False,False,False,4.713824459381883,0.8011106893668978,0.08741965247809014,0.02363808763779285,0.0028731516059669372,0.032128514056224855,-1.1538461538461608,0.0,0.0,0.07159829957317987,3.6,0.10985657613671052,0.15500598332389726,0.04019488428745421,0.020163095618803917
24300,2019,4,2.53,"Grand Junction, CO",154210.0,55823.5,277115.41467974096,1087.8156975218674,1228.3333333333333,3.033333333333333,922.0,63429.0,3082.755625,4.964135439012978,False,False,True,False,False,4.771410762196009,0.7964585919299187,0.08884087589423983,0.02021117729844457,0.003548275557044509,0.04761904761904767,5.600000000000005,0.0,0.0,0.07167941113154908,3.4,-0.061589221886169776,0.03674172122599795,0.04800936768149877,0.02650723440107594
24300,2020,1,2.57,"Grand Junction, CO",156011.0,56268.0,283014.3688690448,1096.6942058852853,995.3333333333334,4.6000000000000005,889.0,62581.0,3055.869193548387,5.029757035420573,True,False,True,True,True,4.804986102016964,0.790596913678562,0.0828339029531373,0.014928240895832445,0.003936195181102888,-0.014869888475836479,3.515625,-0.003550043747897469,-0.003550043747897469,0.0792678679730714,4.0,-0.09903310870202175,-0.004562795426325428,0.011806375442739103,0.023856729612896865
24300,2025,2,6.63,"Grand Junction, CO",,,426214.9337280542,1634.7372680125775,875.6666666666666,4.1000000000000005,1130.0,67258.0,5732.060483870968,,False,False,False,False,False,5.611413421236933,0.7330402031283008,0.041400006377632304,0.01506862335573822,-0.019182911385971793,0.008403361344537785,89.27444794952682,0.0,-0.002863676506408952,0.06995232784811489,4.066666666666666,0.05836951278340585,0.24739314525733946,0.01790763430725728,0.022479048800411405
24300,2025,3,6.94,"Grand Junction, CO",,,427799.17313673923,1677.6231365199756,1009.3333333333334,3.9333333333333336,1120.0,67047.0,6427.73875,,False,False,False,False,False,5.636022975751547,0.7018300529092478,0.03899594999647449,0.011848311866877292,-0.016753537696893767,-0.01716068642745716,89.75903614457832,0.0,0.0,0.08122419921971757,4.3999999999999995,0.10984503190519579,0.24344959483489204,0.013195098963242113,0.025581006520648764
24300,2025,4,6.54,"Grand Junction, CO",,,431027.6359996079,1663.5582237019335,973.0,3.7,1204.0,67223.0,6777.5671875,,False,False,False,False,False,5.70961568491326,0.7454802459002821,0.046070039659757756,0.01305756017644688,-0.01306078419007263,-0.12258953168044073,82.5214899713467,0.0,0.0,0.06517830742454822,4.266666666666667,0.045174537987679786,0.3229933232101214,0.024193548387096753,0.008725215873875536
24500,2019,3,4.61,"Great Falls, MT",81366.0,49913.0,195435.33518353605,830.1575253242876,577.0,3.1666666666666665,822.0,35853.0,2957.8528125,3.915519707962576,False,False,False,False,False,3.8912963317298566,0.3465180297889128,0.047505682437431584,0.018870889429587923,0.00013349177864595762,0.04625550660792954,9.69976905311778,0.0,0.0,0.026358372143871822,3.3000000000000003,0.1359447004608294,0.15500598332389726,0.02346805736636237,-0.0024854781054512998
24500,2019,4,4.71,"Great Falls, MT",81366.0,50447.0,196845.25467489575,827.7451823981447,518.3333333333334,3.1333333333333333,865.0,35890.0,3082.755625,3.9020210255296797,False,False,False,False,False,3.899768730856912,0.35501665990397413,0.04867680543519026,0.011296957357838977,0.0010317170475853481,0.008676789587852562,3.10421286031044,0.0,0.0,0.008207338535610065,3.3000000000000003,0.016227180527383478,0.03674172122599795,0.08064516129032251,0.0028716216216215784
24500,2020,1,4.88,"Great Falls, MT",84411.0,50981.0,198931.74757639845,822.2001416802732,396.6666666666667,3.966666666666667,830.0,35209.0,3055.869193548387,3.902076216166777,False,False,False,False,False,3.8959804476463327,0.3210790278869693,0.05058302153440586,0.00803764213794178,0.0021000202687830815,-0.05800000000000005,4.666666666666663,-0.004615574577569781,-0.004615574577569781,0.021139665576422217,4.133333333333333,-0.19028609447771117,-0.004562795426325428,0.040103492884864256,0.0009130075037804275
24500,2020,2,4.64,"Great Falls, MT",84411.0,51515.0,201743.40008475815,849.0824451789708,426.3333333333333,9.4,860.0,33825.0,2931.687619047619,3.9162069316656924,False,False,False,False,False,3.908685797319544,0.2962109078559698,0.051363123793177756,0.012227508866935244,0.0028978881293956595,-0.006451612903225823,3.3557046979865834,0.0,0.004615574577569781,0.02317942473726764,3.1666666666666665,0.13311421528348388,0.0662922038202094,0.03506493506493502,-0.0015731949657761257
24500,2020,3,4.78,"Great Falls, MT",84411.0,52049.0,204406.99566447086,873.5755780558032,476.0,5.7,861.0,34294.0,3319.8340625,3.9272031290605174,False,False,False,False,False,3.915519707962576,0.271470259553551,0.04285110362509004,0.01062193208722606,0.0028445887051894835,-0.029473684210526208,5.251141552511429,0.0,0.0,0.026804885208297824,3.1666666666666665,0.25525743292240755,0.03798825437241593,0.04713375796178343,0.0037515048013663232
24500,2020,4,4.91,"Great Falls, MT",84411.0,53131.0,211237.57955173694,865.2268686979772,306.0,4.133333333333333,968.0,34683.0,3554.5015625,3.9757877614149355,False,False,False,False,False,3.9020210255296797,0.2521726176003325,0.03864100966750139,0.007214250637100239,0.002444214021524492,0.012903225806451424,9.027777777777768,0.0,0.0,0.040034153877449574,3.1333333333333333,-0.10167533217793179,0.14221561000009686,-0.006888633754305373,0.007523440570434081
24500,2021,1,5.05,"Great Falls, MT",84565.0,54213.0,218657.48956515535,891.3381383748789,174.33333333333334,4.433333333333333,844.0,34416.0,3865.7068852459015,4.033303627638303,False,False,False,False,False,3.902076216166777,0.23370138495477466,0.04128080940337253,0.010599660657040877,0.0019059700456492388,0.03609341825902335,7.252747252747249,0.04136532128363202,0.04136532128363202,0.020627027047622093,3.966666666666667,-0.23472668810289388,0.12306660146925985,0.03233830845771135,0.0036486987258059767
24500,2021,2,5.42,"Great Falls, MT",84565.0,55295.0,229678.40219086697,936.7121044045856,192.0,3.4,891.0,35458.0,4183.62634920635,4.153692055174373,False,False,False,False,False,3.9162069316656924,0.2137718081294353,0.04324176888499753,0.014133754629988893,0.0012832089889509932,0.0043290043290042934,2.428256070640167,0.0,-0.04136532128363202,0.038205901075965665,9.4,0.07478991596638651,0.017124992393438676,0.0790464240903388,-0.06496199032480998
24500,2021,3,5.8,"Great Falls, MT",84565.0,56377.0,240280.14644049443,1001.7939729191445,251.0,2.8666666666666667,905.0,35093.0,4421.670625,4.262024343978829,False,False,False,False,False,3.9272031290605174,0.17848707950603382,0.04590603061882037,0.013202888315521966,0.0008688638181483878,0.03687635574837311,5.286343612334798,0.0,0.0,0.05230098072598355,5.7,0.11649726348709932,0.12237973724394036,0.04744525547445266,-0.04348311159456675
24500,2021,4,6.0,"Great Falls, MT",84565.0,57620.5,248222.08275567833,1011.121969914219,204.33333333333334,2.466666666666667,1042.0,35537.0,4602.1089062500005,4.307877973215754,False,False,False,False,False,3.9757877614149355,0.19862361319607613,0.07311491913082269,0.03341658569493533,0.0015014471086524069,0.0424628450106157,6.507592190889366,0.0,0.0,0.045281672544732254,4.133333333333333,-0.3571428571428571,0.15302735438200687,0.11907514450867063,-0.03363053775424907
24500,2022,1,6.76,"Great Falls, MT",84908.0,58864.0,260650.2809202019,1034.660133633717,127.66666666666667,3.0666666666666664,926.0,35484.0,4463.855483870967,4.4280083059289534,False,False,False,False,False,4.033303627638303,0.22652268357473648,0.09915834063228823,0.035125899611063716,0.0028427491908161132,0.0348360655737705,1.0000000000000009,-0.03559908707100767,-0.03559908707100767,0.08408901092295262,4.433333333333333,-0.4302832244008714,0.2650105879555513,0.01686746987951815,-0.022522650458689508
24500,2022,2,7.15,"Great Falls, MT",84908.0,60107.5,276225.1901663289,1102.656000202296,176.66666666666666,2.6666666666666665,956.0,36521.0,4105.667096774193,4.595519530280396,False,False,False,False,False,4.153692055174373,0.33425600471029204,0.13846798504621471,0.05040263037698334,0.005556534119892379,0.1681034482758621,16.559139784946233,0.0,0.03559908707100767,0.10320512421752404,3.4,0.10133843212237093,0.4270368786990453,0.03604651162790695,0.048277900960827846
24500,2022,3,7.65,"Great Falls, MT",84908.0,61351.0,282199.87938593794,1149.7602349131485,238.66666666666666,2.4,1038.0,36692.0,3980.35109375,4.59976005910153,False,False,False,False,False,4.262024343978829,0.43260295987290487,0.17549864504103607,0.046159082214518365,0.009425337500030075,0.21338912133891208,22.10526315789474,0.0,0.0,0.14677424379090276,2.8666666666666667,0.30729166666666674,0.3318950711862574,0.05110336817653893,0.023298536187088104
24500,2022,4,8.81,"Great Falls, MT",84908.0,62564.0,280962.2510271247,1203.0888586850724,188.0,2.4,1058.0,36225.0,3851.9734920634924,4.490797439855583,False,False,False,False,False,4.307877973215754,0.47878654522973596,0.17508486549801172,0.0330528195226929,0.012436403463350938,0.22199592668024426,29.032258064516125,0.0,0.0,0.16862063176076547,2.466666666666667,-0.18592297476759623,0.294726932969241,0.07644628099173545,0.02462301415679158
24500,2023,1,8.95,"Great Falls, MT",84625.0,63777.0,281893.175187848,1189.8739884382696,148.0,2.9333333333333336,1007.0,35731.0,4000.064516129032,4.419981736172099,False,False,False,False,False,4.4280083059289534,0.6039983991704023,0.1920482643359609,0.05006886585814563,0.015302581581852224,0.3386138613861387,43.5244161358811,0.002231644786343745,0.002231644786343745,0.16079419143911866,3.0666666666666664,-0.3752039151712887,0.15473201056913988,0.09715639810426535,0.03103207810320785
24500,2023,2,9.28,"Great Falls, MT",84625.0,64990.0,288568.465526517,1178.3921659405635,209.33333333333334,2.5,983.0,36679.0,4206.072903225806,4.440197961632821,False,False,False,False,False,4.595519530280396,0.7836170501642927,0.2026607096333799,0.05975404741994228,0.017623122434733,0.3191881918819188,54.761904761904766,0.0,-0.002231644786343745,0.17715570773283784,2.6666666666666665,0.38381201044386404,-0.01863437265303247,0.07295173961840629,0.02997913023859211
24500,2023,3,9.06,"Great Falls, MT",84625.0,66203.0,296827.2069564504,1190.574258687713,268.6666666666667,2.5,1003.0,36624.0,4458.13746031746,4.483591483111799,False,False,False,False,False,4.59976005910153,0.7791909493100833,0.17446190859478672,0.021629776835383252,0.017414158933452696,0.31896551724137945,65.94360086767897,0.0,0.0,0.14770128987983688,2.4,0.350943396226415,-0.0998083232963558,0.14696132596685074,0.04556464252130055
24500,2023,4,9.9,"Great Falls, MT",84625.0,66574.75,300698.61310416943,1187.6901206748155,273.0,2.9,1078.0,37016.0,4464.907619047619,4.516706605795282,False,False,False,False,False,4.490797439855583,0.658654302057665,0.13189869292842915,-0.004385644535023547,0.014456425489102533,0.4683333333333335,87.04883227176221,0.0,0.0,0.18985532357400903,2.4,-0.2122905027932961,-0.16299818832356816,0.015355086372360827,0.019360103554042274
24500,2024,1,10.02,"Great Falls, MT",84523.0,66946.5,304626.49431435764,1190.4468342409061,238.33333333333334,3.5666666666666664,1039.0,36336.0,4992.540983606557,4.550297540787907,False,False,False,False,False,4.419981736172099,0.5911024043399973,0.08149960242762821,0.0033133424768632125,0.009028104752919017,0.32396449704142016,83.40163934426228,-0.007389070825886579,-0.007389070825886579,0.15001433780911522,2.9333333333333336,-0.21276595744680848,-0.10389918970668477,0.08747300215982712,0.0069608837786043765
24500,2024,2,9.57,"Great Falls, MT",84523.0,67318.25,309782.94233418506,1231.12370615247,276.6666666666667,2.8666666666666667,1024.0,37576.0,5246.626507936508,4.601767608845819,False,False,False,False,False,4.440197961632821,0.5943619754978959,0.044685552945969986,0.023680212669997314,0.001991743257694841,0.29790209790209765,100.0,0.0,0.007389070825886579,0.068685216172925,2.5,0.4144144144144144,0.024455418348580116,0.028242677824267703,0.004326278031817399
24500,2024,3,9.47,"Great Falls, MT",84523.0,67690.0,312424.78826729563,1279.4666155965594,347.0,2.9333333333333336,1036.0,36652.0,5543.46921875,4.615523537705653,False,False,False,False,False,4.483591483111799,0.5922951513819426,0.05183321694658871,0.028619694861199196,-0.004658701669611299,0.1843137254901961,89.5397489539749,0.0,0.0,0.03549785645321735,2.5,0.2834394904458599,0.12003623683289799,-0.033718689788053924,-0.0018532650168974207
24500,2024,4,10.24,"Great Falls, MT",84523.0,67690.0,318874.04972792673,1271.9966280179508,333.3333333333333,2.6333333333333333,1163.0,36489.0,5907.04296875,4.710799966434137,False,False,False,False,False,4.516706605795282,0.6169378749383698,0.0702456006274641,0.013042625665668828,-0.00940565918960932,0.12372304199772977,101.6293279022403,0.0,0.0,-0.012799335559542269,2.9,0.016129032258064502,0.15912210409728944,0.018903591682419618,0.02183574879227046
24500,2025,1,10.8,"Great Falls, MT",,,326976.49100535404,1277.165756891092,243.66666666666666,3.3666666666666667,1086.0,36235.0,5894.8178333333335,,False,False,False,False,False,4.550297540787907,0.6543170931415747,0.08064515613533607,0.01306251854519691,-0.012548776754669005,0.11955307262569836,98.41584158415841,0.002127701690365469,0.002127701690365469,0.0004814340074685841,3.5666666666666664,-0.12698412698412698,0.24811511501268746,0.03177755710029784,0.016932075788530954
24500,2025,2,10.02,"Great Falls, MT",,,331056.56804301665,1296.803639091174,287.3333333333333,3.0,1099.0,36610.0,5732.060483870968,,False,False,False,False,False,4.601767608845819,0.6930818115262749,0.07351626855332394,0.016927116045613033,-0.014049817456187396,0.03125,76.56826568265684,0.0,-0.002127701690365469,0.044748719260041536,2.8666666666666667,0.16083916083916083,0.24739314525733946,0.04170905391658186,0.024455410452847604
24500,2025,3,10.56,"Great Falls, MT",,,333944.38643421716,1321.313252994925,396.6666666666667,3.266666666666667,1087.0,35827.0,6427.73875,,False,False,False,False,False,4.615523537705653,0.7000038297430771,0.052547680756008575,0.008528054879989533,-0.014219922678167362,0.04525386313465796,63.27586206896554,0.0,0.0,0.0746634292318955,2.9333333333333336,0.2542168674698795,0.24344959483489204,0.032901296111665035,0.000764525993883769
24500,2025,4,10.11,"Great Falls, MT",,,337071.8647748856,1318.8107451730095,394.6666666666667,3.5999999999999996,1221.0,36301.0,6777.5671875,,False,False,False,False,False,4.710799966434137,0.8087789409044572,0.060444032102871414,0.020642604885478644,-0.01324533328711855,0.03434343434343434,70.66666666666667,0.0,0.0,0.07098358896446366,2.6333333333333333,-0.039385206532180694,0.3229933232101214,0.07884972170686466,-0.014237086665225829
25220,2023,4,9.82,"Hammond, LA",137999.0,57132.0,228544.32259842008,1257.5055742708753,364.0,4.166666666666667,898.0,47496.0,4464.907619047619,4.000285699755305,False,False,False,False,False,4.333520848550925,0.02478593065510637,0.04000748732769388,-0.030146507987639515,0.0040235629576075,0.5720000000000001,92.17603911980441,0.0,0.0,0.06066148248634917,3.6,0.006597549481621057,-0.16299818832356816,-0.07181136120042875,0.02666346384818641
25220,2024,1,10.83,"Hammond, LA",139823.0,57008.0,226101.44338311118,1270.5420482390682,354.6666666666667,4.566666666666666,879.0,47395.0,4992.540983606557,3.96613533860355,False,False,False,False,False,4.212543092020077,-0.04494535342964401,-0.013918740188881618,-0.019279985273726874,-0.0006158439262632602,0.47407407407407387,94.14634146341466,4.7704431138662073e-05,4.7704431138662073e-05,0.004458992858492161,3.9333333333333336,-0.0252808988764045,-0.10389918970668477,0.07222914072229147,0.040245143590424304
25220,2024,2,8.82,"Hammond, LA",139823.0,56884.0,226796.40632590908,1277.5756999181988,387.3333333333333,4.666666666666667,882.0,46737.0,5246.626507936508,3.986998212606516,False,False,False,False,False,4.178207814181636,-0.027430982542530735,-0.04606590056487059,0.0005840363764355594,-0.006410431118255401,0.2365747460087082,117.90281329923272,0.0,-4.7704431138662073e-05,0.007754646101656215,4.133333333333334,0.06724303554274735,0.024455418348580116,0.02280912364945986,0.028262658157479192
25220,2024,3,9.38,"Hammond, LA",139823.0,56760.0,224789.48776600606,1294.5744361384288,430.6666666666667,5.266666666666667,898.0,46775.0,5543.46921875,3.9603503834743843,False,False,False,False,False,4.077959736983893,-0.09073860252642252,-0.06301544872083509,-0.015472869823375812,-0.012059025388027342,0.3943028485757123,135.44303797468356,0.0,0.0,0.011882549514971696,4.333333333333333,0.027002700270027047,0.12003623683289799,0.009216589861751112,0.014061527232133164
25220,2024,4,9.41,"Hammond, LA",139823.0,56760.0,223689.80307580635,1289.7822842615712,446.3333333333333,4.733333333333333,939.0,47542.0,5907.04296875,3.9409760936540934,False,False,False,False,False,4.000285699755305,-0.08108170753869626,-0.05434484128670569,-0.021171740061766586,-0.015651722482600307,0.24936386768447827,142.46913580246914,0.0,0.0,0.016307608963424203,4.166666666666667,-0.042944785276073594,0.15912210409728944,0.036951501154734334,0.01025226528268175
25220,2025,1,9.47,"Hammond, LA",,,227762.70478865775,1320.3733088375081,429.3333333333333,4.833333333333333,918.0,47149.0,5894.8178333333335,,False,False,False,False,False,3.96613533860355,-0.15387601729938805,-0.046060888789811516,-0.01068886414475212,-0.0179437690271874,0.3605527638190955,164.14634146341464,0.0039659475978155445,0.0039659475978155445,0.02722268980830922,4.566666666666666,-0.02564102564102555,0.24811511501268746,0.020905923344947785,0.008039645234702242
25220,2025,2,9.0,"Hammond, LA",,,225868.5801132456,1330.9248919971214,430.3333333333333,5.066666666666666,908.0,46847.0,5732.060483870968,,False,False,False,False,False,3.986998212606516,-0.19255950276584244,-0.043687308906785294,0.0030736776041730973,-0.018787059111841652,0.03521126760563398,101.83066361556064,0.0,-0.0039659475978155445,0.019669176423050327,4.666666666666667,0.09210526315789469,0.24739314525733946,0.035211267605633756,0.010704554301284475
25220,2025,3,8.5,"Hammond, LA",,,223100.3258165747,1345.2748136036598,490.3333333333333,5.266666666666667,951.0,46949.0,6427.73875,,False,False,False,False,False,3.9603503834743843,-0.18540563998777992,-0.03725325284484848,-0.008848987479188941,-0.017544928257063972,0.008602150537634357,103.91304347826092,0.0,0.0,0.018983746353945286,5.266666666666667,0.1118760757314976,0.24344959483489204,0.02511415525114158,-0.009759505461935825
25220,2025,4,8.82,"Hammond, LA",,,223246.6396327171,1342.9498654489605,514.3333333333334,4.9,989.0,47556.0,6777.5671875,,False,False,False,False,False,3.9409760936540934,-0.19111946689316195,-0.021241041857529286,-0.004892064576188848,-0.014933873386063426,-0.0417515274949084,88.20000000000002,0.0,0.0,0.025667250031404798,4.733333333333333,0.03637770897832815,0.3229933232101214,0.04565701559020052,0.0009685026107462136
25260,2024,2,7.23,"Hanford-Corcoran, CA",154913.0,70433.75,350260.2127238565,1880.4775324484901,217.33333333333334,8.433333333333332,1076.0,51336.0,5246.626507936508,4.972903085862339,False,False,False,False,False,4.811030891793877,0.5976819661457737,-0.0020668075191692115,0.005463752586272852,-0.005530308050614249,0.1912751677852349,84.4155844155844,0.0,-0.002965009522822415,0.0968744067091345,8.166666666666666,-0.16262975778546707,0.024455418348580116,0.05882352941176472,0.03572740257090379
25260,2024,3,7.34,"Hanford-Corcoran, CA",154913.0,70995.0,351455.859953858,1889.967210416262,225.33333333333334,8.0,1069.0,51825.0,5543.46921875,4.950431156473808,False,False,False,False,False,4.8983118754860495,0.7062758233380908,-0.0002981276839373326,0.018919930758067194,-0.012652682146904713,0.19648562300319505,92.54498714652956,0.0,0.0,0.05658977667529874,7.766666666666666,0.1673553719008265,0.12003623683289799,-0.00981354268891066,0.02885772333668668
25260,2024,4,8.18,"Hanford-Corcoran, CA",154913.0,70995.0,353992.1351367861,1884.2530521952533,233.0,8.299999999999999,1150.0,50421.0,5907.04296875,4.986155857972901,False,False,False,False,False,4.922429375053297,0.7800149260273166,0.02516634919480576,0.013127466083298955,-0.01676920816437762,0.02034883720930236,75.06234413965088,0.0,0.0,0.03574890840668021,8.133333333333333,0.03362831858407067,0.15912210409728944,0.03766478342749524,0.018051121418388494
25260,2025,1,9.11,"Hanford-Corcoran, CA",,,357653.0527376323,1888.6387550256488,256.0,10.299999999999999,1080.0,49318.0,5894.8178333333335,,False,False,False,False,False,4.941110154130431,0.816564169519177,0.0503115919345436,0.011923293880288899,-0.017897347227539908,0.10662824207492783,85.95641646489105,0.007341619157170687,0.007341619157170687,0.020815007821578746,10.033333333333333,-0.03082191780821919,0.24811511501268746,0.04321608040201008,0.0378797402053217
25260,2025,2,8.1,"Hanford-Corcoran, CA",,,357799.22938658367,1948.4455999401769,295.6666666666667,9.1,1090.0,53474.0,5732.060483870968,,False,False,False,False,False,4.972903085862339,0.8434979887838869,0.05977026228370552,0.014518541904771975,-0.016672893562756613,0.018309859154929775,64.31818181818181,0.0,-0.007341619157170687,0.04554270616087486,8.433333333333332,0.1519434628975267,0.24739314525733946,0.04873294346978563,0.011327594019030274
25260,2025,3,8.01,"Hanford-Corcoran, CA",,,357766.74972901633,1955.7337212502289,304.3333333333333,8.666666666666666,1085.0,53265.0,6427.73875,,False,False,False,False,False,4.950431156473808,0.8506261357268237,0.0436422517880648,0.003413597053183226,-0.01397797479672113,-0.020026702269692942,56.50319829424306,0.0,0.0,0.044486557740137433,8.0,0.036809815950920255,0.24344959483489204,0.05946481665014858,-0.006422546012269992
25260,2025,4,8.03,"Hanford-Corcoran, CA",,,361567.01353299763,1982.4420598390045,279.3333333333333,8.95,1153.0,52711.0,6777.5671875,,False,False,False,False,False,4.986155857972901,0.9251073503065239,0.03755323331092986,0.007216482841575278,-0.011171085904823118,0.16524216524216517,66.5987780040733,0.0,0.0,0.03453482579006972,8.299999999999999,0.03402366863905315,0.3229933232101214,0.04355716878402904,-0.005542187684903999
25500,2019,2,3.64,"Harrisonburg, VA",134964.0,55909.0,230147.00790847457,1085.740757505597,428.6666666666667,2.566666666666667,799.0,65178.0,2882.3277777777776,4.116457241382864,False,False,False,False,False,4.151678776420751,0.053559960702057374,0.031800956447741724,0.011226073098538292,-0.0011963809738509156,0.013966480446927276,5.8309037900874605,0.0,0.0032351397232175394,0.05199905241547431,2.8666666666666667,0.2376395534290272,0.1272577123238514,0.03351206434316345,0.008055634223858466
25500,2019,3,3.66,"Harrisonburg, VA",134964.0,56500.0,232185.6052763716,1093.7996312718897,424.0,2.6,833.0,65902.0,2957.8528125,4.109479739404807,False,False,False,False,False,4.150935695994157,0.011649878589010676,0.034077596789894526,0.00853973633707339,-0.0006990991365536069,-0.018766756032171594,3.3898305084745894,0.0,0.0,0.006974943727611205,2.8666666666666667,0.03414948453608235,0.15500598332389726,0.036745406824147064,0.002529916652439068
25500,2019,4,3.72,"Harrisonburg, VA",134964.0,57190.25,235494.5475392387,1092.1552473636577,396.6666666666667,2.066666666666667,839.0,66300.0,3082.755625,4.117739431795432,False,False,False,False,False,4.130744158690421,0.019223383454340492,0.032895682050157804,0.005999512294718512,-0.00011844267597914098,-0.005494505494505475,1.400560224089653,0.0,0.0,0.06360232915556252,2.533333333333333,-0.09844236760124614,0.03674172122599795,0.04859335038363177,0.0008001354075304334
25500,2020,1,3.75,"Harrisonburg, VA",135484.0,57880.5,239347.45509549032,1114.1552614140169,324.3333333333333,2.5,856.0,64865.0,3055.869193548387,4.135200198607309,False,False,False,False,False,4.114213953702132,0.04796755923390439,0.03290991560791334,0.006754092121065813,0.0005313022245903668,-0.018421052631578894,4.7752808988763995,-0.0036864068149200513,-0.0036864068149200513,0.04553744111103697,2.8000000000000003,-0.1748445058742225,-0.004562795426325428,0.022020725388601115,0.018523694180485606
25500,2020,2,3.65,"Harrisonburg, VA",135484.0,58570.75,243143.04318359715,1123.1333245310882,347.6666666666667,9.566666666666666,872.0,59000.0,2931.687619047619,4.151270782491212,False,False,False,False,False,4.116457241382864,0.047313646383297936,0.03291879060689218,0.011234761784967295,0.0009921251311804835,0.0027548209366392573,3.116147308781869,0.0,0.0036864068149200513,0.03241153702989075,2.566666666666667,0.07705192629815749,0.0662922038202094,0.03631647211413758,0.017293585141251677
25500,2020,3,3.72,"Harrisonburg, VA",135484.0,59261.0,248231.99351160985,1157.9883317510369,355.3333333333333,5.8,874.0,61567.0,3319.8340625,4.188791844747977,False,False,False,False,False,4.109479739404807,0.026720548991427506,0.03324454804955668,0.008857805219469883,0.0009398026797446127,0.0,4.571428571428582,0.0,0.0,0.04767835340601989,2.6,-0.010886469673406007,0.03798825437241593,0.05443037974683551,0.0202811493683428
25500,2020,4,3.82,"Harrisonburg, VA",135484.0,59863.0,257443.95673247267,1185.254849778331,282.0,3.5,995.0,62075.0,3554.5015625,4.30055220641252,False,False,False,False,False,4.117739431795432,0.012589810674497492,0.041719795537284776,0.014251280818758927,0.0012112523924399635,0.027624309392265234,8.771929824561408,0.0,0.0,0.009521706879275005,2.066666666666667,-0.06446540880503138,0.14221561000009686,0.023170731707317094,0.019357020956012327
25500,2021,1,3.91,"Harrisonburg, VA",136032.0,60465.0,266279.86113750533,1221.84176251849,228.33333333333334,3.766666666666667,859.0,62639.0,3865.7068852459015,4.403867710865878,False,False,False,False,False,4.135200198607309,-0.013953486895229794,0.05166027982245147,0.016360920439610682,0.001532017476158106,0.00536193029490617,1.6260162601626105,0.002257320135610863,0.002257320135610863,0.04065382758574354,2.5,-0.18235294117647072,0.12306660146925985,0.08491761723700897,-0.011159046907632919
25500,2021,2,4.11,"Harrisonburg, VA",136032.0,61067.0,275971.0338152338,1205.1828724159616,240.0,3.533333333333333,892.0,63112.0,4183.62634920635,4.519151650076699,False,False,False,False,False,4.151270782491212,-0.043474943925547294,0.05646840857601276,0.015858067455083447,0.0020800510855969183,0.0027472527472527375,1.9553072625698276,0.0,-0.002257320135610863,0.034439682554975315,9.566666666666666,0.07194244604316569,0.017124992393438676,0.09136420525657063,-0.09478658443032928
25500,2021,3,4.41,"Harrisonburg, VA",136032.0,61669.0,282712.3375859551,1269.6865384475725,276.0,3.1999999999999997,937.0,64121.0,4421.670625,4.5843509313586255,False,False,False,False,False,4.188791844747977,-0.07867289113315312,0.06911017681797338,0.020929861950317097,0.003000643480390589,0.016393442622950838,-0.2680965147452974,0.0,0.0,0.05868414894646423,5.8,0.022051773729625967,0.12237973724394036,0.049219687875150075,-0.0657794907590058
25500,2021,4,4.52,"Harrisonburg, VA",136032.0,62957.5,285482.75268797827,1254.9908054410528,244.0,2.2,982.0,64644.0,4602.1089062500005,4.534531274081377,False,False,False,False,False,4.30055220641252,0.030751271348611553,0.09320559402580941,0.03711029787315456,0.004555120175817499,0.026881720430107503,4.9450549450549275,0.0,0.0,0.08524392721584717,3.5,-0.20637898686679168,0.15302735438200687,0.18593563766388566,-0.06372549019607843
25500,2022,1,4.91,"Harrisonburg, VA",136597.0,64246.0,294716.41569521674,1300.1929531169662,184.33333333333334,2.3000000000000003,935.0,64367.0,4463.855483870967,4.587311516595847,False,False,False,False,False,4.403867710865878,0.11672761940315812,0.11252430501619504,0.034321661759629585,0.006489868715824588,0.04266666666666663,2.894736842105261,0.00019187876628312672,0.00019187876628312672,0.09665304723132051,3.766666666666667,-0.19030732860520094,0.2650105879555513,0.003504672897196359,-0.03431742850535724
25500,2022,2,5.39,"Harrisonburg, VA",136597.0,65534.5,304591.35015991185,1363.177789380188,239.66666666666666,2.533333333333333,913.0,64568.0,4105.667096774193,4.647801542087173,False,False,False,False,False,4.519151650076699,0.23676727976855094,0.13501513430860634,0.03639468879219532,0.008774857570788035,0.12602739726027412,13.223140495867792,0.0,-0.00019187876628312672,0.07305414779597008,3.533333333333333,0.051094890510948954,0.4270368786990453,0.022935779816513735,0.06969491525423721
25500,2022,3,6.0,"Harrisonburg, VA",136597.0,66823.0,307418.5973095801,1404.9972423153033,247.0,2.966666666666667,1010.0,65067.0,3980.35109375,4.600490808697306,False,False,False,False,False,4.5843509313586255,0.30712759766757625,0.138903706917749,0.02442757733492673,0.01059111309507605,0.185483870967742,20.491803278688515,0.0,0.0,0.09645883609866135,3.1999999999999997,0.1499999999999999,0.3318950711862574,0.07208237986270016,0.041483262137183896
25500,2022,4,6.41,"Harrisonburg, VA",136597.0,68153.5,306633.427832807,1423.5933369567877,212.66666666666666,2.4333333333333336,982.0,65749.0,3851.9734920634924,4.499158925554917,False,False,False,False,False,4.534531274081377,0.2876210965404056,0.10891223204995493,0.009799413515799715,0.01046707723678357,0.18324607329842935,24.861878453038667,0.0,0.0,0.058836254224788886,2.2,-0.1159420289855072,0.294726932969241,-0.013065326633165841,0.0413854208618607
25500,2023,1,7.0,"Harrisonburg, VA",138008.0,69484.0,313951.68458698154,1475.883063455073,166.0,2.533333333333333,1016.0,66042.0,4000.064516129032,4.518330616933129,False,False,False,False,False,4.587311516595847,0.38037289657952833,0.10679198357786035,0.032344031015178354,0.009730556074498745,0.25575447570332477,31.63538873994638,0.0001086764333919632,0.0001086764333919632,0.06412548089449555,2.3000000000000003,-0.24453551912568305,0.15473201056913988,0.08847497089639123,0.027586647296412803
25500,2023,2,6.62,"Harrisonburg, VA",138008.0,70814.5,321716.04841055925,1517.797145243748,163.66666666666666,2.566666666666667,948.0,65452.0,4206.072903225806,4.543081549831733,False,False,False,False,False,4.647801542087173,0.4582937341393043,0.1037076824658334,0.03350656406905861,0.008359153537439563,0.3114355231143551,48.07692307692306,0.0,-0.0001086764333919632,0.13109621832535923,2.533333333333333,0.30018083182640143,-0.01863437265303247,0.023542600896860888,0.023070097604259043
25500,2023,3,7.06,"Harrisonburg, VA",138008.0,72145.0,326513.15117290197,1519.2802186202007,204.66666666666666,2.766666666666667,1007.0,66705.0,4458.13746031746,4.525790438324235,False,False,False,False,False,4.600490808697306,0.4425682666244075,0.08739010095770361,0.00928209927230017,0.005879931652294113,0.3605442176870748,63.934426229508205,0.0,0.0,0.10657016497408356,2.966666666666667,0.030598052851182223,-0.0998083232963558,0.07790821771611522,0.014753356934545714
25500,2023,4,6.41,"Harrisonburg, VA",138008.0,72875.0,327516.01277529035,1500.013005191803,242.66666666666666,2.4,1006.0,67123.0,4464.907619047619,4.494216298803298,False,False,False,False,False,4.499158925554917,0.34867024338335906,0.07408740088738597,-0.0025540727973017985,0.0028956657487943893,0.41814159292035424,72.31182795698925,0.0,0.0,0.13434563088809348,2.4333333333333336,-0.1390013495276654,-0.16299818832356816,0.0,0.017093620444279534
25500,2024,1,6.81,"Harrisonburg, VA",138838.0,73605.0,329331.82990171126,1557.6282733862145,201.66666666666666,2.6333333333333333,1051.0,66794.0,4992.540983606557,4.474313292598482,False,False,False,False,False,4.518330616933129,0.3766246474973727,0.06526704271423123,0.023866467546926673,-0.00020235139560651397,0.4256619144602851,86.66666666666667,0.006176221362953926,0.006176221362953926,0.13512618255384545,2.533333333333333,-0.2194357366771159,-0.10389918970668477,0.08663101604278078,0.02602265135861548
25500,2024,2,6.45,"Harrisonburg, VA",138838.0,74335.0,333847.22530494415,1605.0225165605955,222.33333333333334,2.8666666666666667,993.0,65542.0,5246.626507936508,4.4911175799414025,False,False,False,False,False,4.543081549831733,0.39140277341098173,0.05622187971410497,0.024731078712930232,-0.0035248603057020022,0.228200371057514,81.36986301369863,0.0,-0.006176221362953926,0.11342567130136616,2.566666666666667,-0.014056224899598457,0.024455418348580116,0.0383351588170866,0.0136909924420765
25500,2024,3,6.74,"Harrisonburg, VA",138838.0,75065.0,335044.3869082944,1611.459487235783,235.66666666666666,3.1999999999999997,1049.0,66675.0,5543.46921875,4.463390220586084,False,False,False,False,False,4.525790438324235,0.3748547423300783,0.06211255282026129,0.01491098372631039,-0.006044455058325387,0.17666666666666653,89.78494623655912,0.0,0.0,0.08134035631028702,2.766666666666667,0.2505091649694502,0.12003623683289799,-0.002970297029702973,0.025174051362441885
25500,2024,4,6.72,"Harrisonburg, VA",138838.0,75065.0,337635.54030081636,1620.0053652330164,221.66666666666666,2.733333333333333,1062.0,66509.0,5907.04296875,4.497909016196847,False,False,False,False,False,4.494216298803298,0.36347214011287754,0.06810276717080455,0.0030714279004870892,-0.007189476281042235,0.0,67.80104712041886,0.0,0.0,0.05368082741829738,2.4,0.18566775244299683,0.15912210409728944,0.024439918533604832,0.02089765623811779
25500,2025,1,7.33,"Harrisonburg, VA",,,339974.325894386,1673.759613130456,197.66666666666666,3.233333333333333,1103.0,66236.0,5894.8178333333335,,False,False,False,False,False,4.474313292598482,0.36009933889635004,0.0489888924627464,0.005544208696955266,-0.008015979060415086,-0.027142857142857246,74.16879795396419,-0.004315511741369127,-0.004315511741369127,0.05538732163493654,2.6333333333333333,-0.1689560439560439,0.24811511501268746,0.034448818897637734,0.01138669331637443
25500,2025,2,6.88,"Harrisonburg, VA",,,341393.7920548614,1691.6051197841452,263.3333333333333,3.1,1028.0,66248.0,5732.060483870968,,False,False,False,False,False,4.4911175799414025,0.3746603385585381,0.03770771447156296,0.013710777377882177,-0.007809759294315117,-0.025679758308157052,56.934306569343065,0.0,0.004315511741369127,0.057468398586847824,2.8666666666666667,0.10247933884297522,0.24739314525733946,0.04746835443037978,0.0013750534743017795
25500,2025,3,6.94,"Harrisonburg, VA",,,344587.8354544851,1700.3010913899582,307.3333333333333,3.233333333333333,1100.0,66773.0,6427.73875,,False,False,False,False,False,4.463390220586084,0.353910481181277,0.026128306638634635,0.0035859564273950095,-0.0071916766001356765,-0.04532577903682711,52.83446712018141,0.0,0.0,0.06067298677744826,3.1999999999999997,0.05997001499250376,0.24344959483489204,0.04170804369414105,-0.0004497413986958021
25500,2025,4,6.89,"Harrisonburg, VA",,,349654.40737532015,1712.0289781202985,284.6666666666667,3.3,1120.0,66726.0,6777.5671875,,False,False,False,False,False,4.497909016196847,0.3801695844014157,0.030897809972024293,0.0077337615365906665,-0.006964761164892621,0.04836193447737913,48.67256637168143,0.0,0.0,0.07999421313408561,2.733333333333333,-0.05940594059405946,0.3229933232101214,0.055666003976143186,-0.009147386141858949
25940,2019,2,4.84,"Hilton Head Island-Bluffton-Port Royal, SC",222195.0,63741.0,311818.89128478925,1277.6640541912254,3682.3333333333335,2.466666666666667,761.0,81055.0,2882.3277777777776,4.8919673567215645,False,False,False,False,False,5.082364841640904,0.6182596934686417,0.029736307059556655,0.009872319281579722,-0.004670077404727176,-0.015968063872255467,9.07079646017699,0.0,0.0037790244615145685,0.052470563989436725,2.566666666666667,0.09548400162008908,0.1272577123238514,-0.024193548387096753,0.03842483946669417
25940,2019,3,4.71,"Hilton Head Island-Bluffton-Port Royal, SC",222195.0,64959.0,313524.0538513043,1285.0496915487927,3444.0,2.1333333333333333,744.0,78947.0,2957.8528125,4.826491384585728,False,False,False,False,False,5.059701256883483,0.5192753479928127,0.03453037148387317,0.008727544192848047,-0.004519704381082072,-0.03550295857988173,10.88435374149659,0.0,0.0,0.05442933242629033,2.9333333333333336,-0.022183196228856672,0.15500598332389726,0.0,0.053327668439230314
25940,2019,4,4.82,"Hilton Head Island-Bluffton-Port Royal, SC",222195.0,65650.0,315958.3210182789,1271.0266519921731,3160.0,2.1,841.0,78284.0,3082.755625,4.812769550925802,False,False,False,False,False,4.980675260587989,0.378115658092641,0.03198085612835788,0.004335298958504152,-0.0035846351131982217,0.05894308943089421,9.915611814345993,0.0,0.0,0.0341929995722281,2.6999999999999997,-0.01843274411570095,0.03674172122599795,0.010309278350515427,0.045786898613753735
25940,2020,1,4.81,"Hilton Head Island-Bluffton-Port Royal, SC",216977.0,66341.0,319114.80051920825,1281.906037664132,3021.6666666666665,2.8333333333333335,804.0,77590.0,3055.869193548387,4.810219932156709,False,False,False,False,False,4.928145932802022,0.2993112028857192,0.03242454168152742,0.009111706954282983,-0.0022026771189412888,-0.01609657947686116,6.5359477124183,0.005164737396507135,0.005164737396507135,0.03279526825822976,3.0666666666666664,-0.003466872110939878,-0.004562795426325428,0.025572005383580176,0.02936389348417734
25940,2020,2,4.61,"Hilton Head Island-Bluffton-Port Royal, SC",216977.0,67032.0,320848.5202479225,1293.1478171819608,3112.3333333333335,8.433333333333334,832.0,75267.0,2931.687619047619,4.786497795797866,False,False,False,False,False,4.8919673567215645,0.17656690524154417,0.03459626505738722,0.011996603656731608,-0.0008308486050199124,-0.018255578093306246,-7.456978967495232,0.0,-0.005164737396507135,0.046293436478850536,2.466666666666667,0.06754928488596823,0.0662922038202094,0.04820936639118467,0.006469317306975864
25940,2020,3,4.71,"Hilton Head Island-Bluffton-Port Royal, SC",216977.0,67723.0,324265.7043784905,1327.8499315505376,2830.6666666666665,5.0,816.0,74398.0,3319.8340625,4.788117838525914,False,False,False,False,False,4.826491384585728,0.05019764740541177,0.03125358036106962,0.0054684389373884645,0.00019680730549019067,-0.036809815950920144,5.369127516778538,0.0,0.0,0.046670791395332145,2.1333333333333333,-0.06472345433149274,0.03798825437241593,0.04788732394366191,0.02722008977945478
25940,2020,4,4.89,"Hilton Head Island-Bluffton-Port Royal, SC",216977.0,68384.5,335265.46208418504,1356.8470773274073,2257.6666666666665,4.033333333333333,947.0,75438.0,3554.5015625,4.902652824604772,False,False,True,False,False,4.812769550925802,0.0018408455947911406,0.034774395248381884,0.007764211827042455,0.0008011092112772675,-0.07485604606525909,3.433476394849788,0.0,0.0,0.04300752082801229,2.1,-0.0824622531939605,0.14221561000009686,0.07270408163265296,0.01734915333532605
25940,2021,1,5.04,"Hilton Head Island-Bluffton-Port Royal, SC",222380.0,69046.0,346841.35771047184,1380.268945636669,1757.3333333333333,3.966666666666667,822.0,75284.0,3865.7068852459015,5.0233374519953635,True,False,True,True,True,4.810219932156709,-0.07125317826861544,0.03567520547395264,0.009990176839643095,0.0009693211580983421,-0.01635991820040905,-7.321772639691726,-0.04261947256067067,-0.04261947256067067,0.03193586397249493,2.8333333333333335,-0.043776371308016926,0.12306660146925985,0.055118110236220375,0.0056119341083764596
25940,2025,2,13.58,"Hilton Head Island-Bluffton-Port Royal, SC",,,527327.4771088668,1949.3361409546708,2650.3333333333335,3.7000000000000006,1067.0,85537.0,5732.060483870968,,False,False,False,False,False,6.344242892266055,1.4522755355444907,0.05748131315617466,0.010576955914189501,-0.02178921335794508,-0.14182111200644643,92.5858951175407,0.0,-4.6344558292110705e-05,0.022532641701867195,3.5666666666666664,0.1351976856316297,0.24739314525733946,0.05419222903885479,0.009566759081876652
25940,2025,3,14.02,"Hilton Head Island-Bluffton-Port Royal, SC",,,523340.7803116652,1960.717250912104,2713.6666666666665,4.566666666666666,1067.0,83095.0,6427.73875,,False,False,False,False,False,6.3292080781777225,1.502716693591995,0.04052814204055277,0.004530705520403355,-0.023624448515081133,0.05973622963537628,128.42809364548495,0.0,0.0,0.01705654871112383,4.466666666666667,0.021916411824668636,0.24344959483489204,0.05323590814196244,0.004581957324429453
25940,2025,4,13.03,"Hilton Head Island-Bluffton-Port Royal, SC",,,522621.6496091464,1945.0512266128337,2587.6666666666665,4.6,1159.0,83982.0,6777.5671875,,False,False,False,False,False,6.341636318795893,1.528866767870091,0.02620725700351434,0.0019636328059779995,-0.023786798546071408,-0.11381531853972793,94.96062992125987,0.0,0.0,0.02201130387649486,3.8333333333333335,0.04688279301745646,0.3229933232101214,0.08678881388621029,-0.006083380254106596
26140,2019,2,7.91,"Homosassa Springs, FL",149657.0,43533.75,167021.5599613905,1099.291278551529,1783.6666666666667,4.566666666666666,717.0,32253.0,2882.3277777777776,3.8365994191033512,False,False,False,False,False,3.8378446785577935,1.159431128654786,0.11785121010117705,0.03154712453654285,0.0017258175869465321,0.10946745562130178,28.424657534246588,0.0,0.0026939380800481416,0.07770863586780896,4.933333333333334,-0.015221579961464338,0.1272577123238514,0.032305433186490484,-0.0018514518468232266
26140,2019,3,7.94,"Homosassa Springs, FL",149657.0,44237.0,167823.00297566978,1134.7511569319522,1564.0,4.8999999999999995,721.0,32283.0,2957.8528125,3.793724777350855,False,False,False,False,False,3.9015605265106723,1.1764161424139261,0.11181183354118884,0.02184392013861225,0.0006866317357873873,0.04644808743169393,31.615120274914087,0.0,0.0,0.04181897732801243,5.133333333333334,-0.05165329681080022,0.15500598332389726,0.026239067055393583,0.02595232088799193
26140,2019,4,8.2,"Homosassa Springs, FL",149657.0,44600.0,171011.6859944912,1129.6419524734283,1481.0,4.3,753.0,32648.0,3082.755625,3.8343427353024935,False,False,False,False,False,3.907056241981442,1.149126316230939,0.10389948901412405,0.01840938102036538,0.00027426293224796334,0.0872576177285318,18.939393939393945,0.0,0.0,0.03555249856130249,4.8,0.028677532494326252,0.03674172122599795,0.004137931034482678,0.009434538348803034
26140,2020,1,8.15,"Homosassa Springs, FL",154569.0,44963.0,175022.8345658792,1147.052650746621,1477.3333333333333,5.066666666666666,741.0,32480.0,3055.869193548387,3.892596903362302,False,False,False,False,False,3.8853625365769013,1.07790490207955,0.08534534753486378,0.011048338272039437,-0.00019949483030309338,0.07358738501971085,32.62987012987013,-0.0022165343138715876,-0.0022165343138715876,0.024865289680267022,4.966666666666667,0.09586843160850367,-0.004562795426325428,0.01091405184174632,0.010622340588361423
26140,2020,2,8.38,"Homosassa Springs, FL",154569.0,45326.0,177447.9522047496,1148.9844630320338,1325.0,12.333333333333334,740.0,30787.0,2931.687619047619,3.9149263602512816,False,False,False,False,False,3.8365994191033512,0.9574979922279279,0.05600681053328738,0.0036628354014542897,-0.001516197003321226,0.05466666666666664,25.955414012738842,0.0,0.0022165343138715876,0.028218013037164313,4.566666666666666,-0.020680819912152204,0.0662922038202094,0.019914651493598834,-0.0029059881905586504
26140,2020,3,8.5,"Homosassa Springs, FL",154569.0,45689.0,180713.54908137335,1189.2057325605354,1056.3333333333333,9.233333333333333,759.0,31253.0,3319.8340625,3.9552966596198944,False,False,False,False,False,3.793724777350855,0.8486623204258801,0.03839145631528118,0.004798440479567567,-0.003621894080061416,0.036553524804177506,19.75867269984919,0.0,0.0,0.06322174031391392,4.8999999999999995,-0.12315455055129887,0.03798825437241593,0.024147727272727293,-0.007745504840940498
26140,2020,4,8.94,"Homosassa Springs, FL",154569.0,46432.75,190160.16011889235,1221.5077714853326,951.0,6.7,860.0,31999.0,3554.5015625,4.095388709884561,False,False,False,False,False,3.8343427353024935,0.8887340162221187,0.03899394299872383,0.019000273873562623,-0.005320886362458749,0.04458598726114649,20.411160058737153,0.0,0.0,0.05292460570714885,4.3,-0.05306905370843995,0.14221561000009686,0.03434065934065944,-0.012492060131272464
26140,2021,1,9.11,"Homosassa Springs, FL",158193.0,47176.5,200797.4653164659,1272.8105775027693,878.6666666666666,6.2,753.0,32256.0,3865.7068852459015,4.256302720983242,False,False,False,False,False,3.892596903362302,0.9159546662744331,0.05174394515892011,0.023455406266897905,-0.0063019394660808244,-0.00244798041615657,18.1159420289855,0.019448389817175116,0.019448389817175116,0.06791780055499785,5.066666666666666,-0.002475804636506873,0.12306660146925985,0.0,-0.016174956079239133
26140,2021,2,9.75,"Homosassa Springs, FL",158193.0,47920.25,213834.5421763016,1333.217263112844,781.0,5.733333333333333,809.0,32013.0,4183.62634920635,4.462300221228011,False,False,False,False,False,3.9149263602512816,0.8744809702598286,0.062425427266810996,0.013856007102647894,-0.0067203798271502175,0.05941845764854614,23.96449704142014,0.0,-0.019448389817175116,0.04520474732227697,12.333333333333334,-0.10311371841155226,0.017124992393438676,0.03207810320781035,-0.04545313614237434
26140,2021,3,10.58,"Homosassa Springs, FL",158193.0,48664.0,230436.83668131274,1411.3892471503505,837.6666666666666,5.7,816.0,32224.0,4421.670625,4.735262959915189,False,False,False,False,False,3.9552966596198944,0.8271263265201201,0.07681036495081894,0.018403125175858515,-0.006005047682233419,0.07052896725440805,16.120218579234958,0.0,0.0,0.04798812082801751,9.233333333333333,-0.2027672955974843,0.12237973724394036,0.05270457697642161,-0.03190533717436417
26140,2021,4,11.28,"Homosassa Springs, FL",158193.0,49640.25,242323.01929377564,1465.2235857649455,901.6666666666666,4.6000000000000005,1045.0,33231.0,4602.1089062500005,4.8815833782822535,False,False,True,False,False,4.095388709884561,0.8980007424623935,0.11197172879178541,0.05227395004712854,-0.0037759827153249163,0.09024390243902447,23.822714681440438,0.0,0.0,0.08132295264951672,6.7,-0.09971599873777215,0.15302735438200687,0.14209827357237725,-0.01987870619946097
26140,2022,1,11.99,"Homosassa Springs, FL",162586.0,50616.5,256550.22964978332,1510.6878200817664,839.6666666666666,4.533333333333334,821.0,33577.0,4463.855483870967,5.068509866343649,True,False,True,True,True,4.256302720983242,0.9902680599557354,0.14726438875542858,0.05593866344518683,2.998057073103985e-05,0.11779141104294477,19.710906701708275,-0.009375879275375087,-0.009375879275375087,0.10963570562719327,6.2,-0.0760602874167543,0.2650105879555513,0.0161943319838056,-0.006896551724137945
26140,2025,2,15.89,"Homosassa Springs, FL",,,281600.1344279814,1718.662471199229,1801.0,5.2,970.0,35147.0,5732.060483870968,,False,False,False,False,False,5.153671904827765,1.3170724857244136,0.013479672377830099,0.003106183945887908,-0.03296690133736229,0.09893992932862195,59.487179487179496,0.0,0.00613233985011874,0.03440683861941496,4.6000000000000005,0.11263931705003549,0.24739314525733946,0.045861297539149914,0.00479734837471657
26140,2025,3,16.93,"Homosassa Springs, FL",,,276004.442328338,1712.0402603385319,1763.6666666666667,6.2,930.0,35131.0,6427.73875,,False,False,False,False,False,5.12037993372544,1.326655156374585,0.0030421126535375986,-0.001200551796093463,-0.03249612689055182,-0.0033003300330033403,42.722117202268414,0.0,0.0,0.021610855056559464,5.3999999999999995,0.03239556692242118,0.24344959483489204,0.019473081328751363,0.012861642557162822
26140,2025,4,15.88,"Homosassa Springs, FL",,,274045.8181970164,1716.4328497101394,1714.3333333333333,6.95,1042.0,35410.0,6777.5671875,,False,False,False,False,False,5.093105331614061,1.2587625963115676,-0.0020166734854798474,-0.005326675454634611,-0.03035523479978469,0.08468834688346893,41.9326241134752,0.0,0.0,0.01053628399257378,5.066666666666666,-0.06729975227085061,0.3229933232101214,0.08200212992545253,0.0036920435031482235
26820,2019,2,3.11,"Idaho Falls, ID",151530.0,60036.75,237147.79892585284,900.5335450649836,565.6666666666666,2.1333333333333333,840.0,69986.0,2882.3277777777776,3.950043913533841,False,False,False,False,False,3.820729716575225,0.8196522145055862,0.09663131094691146,0.03482982521361988,0.0024659764339997822,0.09125475285171114,25.877192982456165,0.0,0.0008989821178926327,0.06751135383786822,2.2333333333333334,0.13772090188909214,0.1272577123238514,0.04534005037783384,0.029420226216253065
26820,2019,3,3.14,"Idaho Falls, ID",151530.0,61007.0,245290.96584616974,928.0164889477132,727.6666666666666,2.1333333333333333,888.0,69700.0,2957.8528125,4.020701982496594,False,False,False,False,False,3.891810370473193,0.8490786145343421,0.11084742882329346,0.0297029138524052,0.0012444708501639851,0.08955223880596996,23.206751054852305,0.0,0.0,0.061660294568118834,2.1,0.20728441349758975,0.15500598332389726,0.01835985312117505,0.037174949992306416
26820,2019,4,3.24,"Idaho Falls, ID",151530.0,61224.5,253154.15344181273,930.1739555542364,670.6666666666666,2.1,918.0,70570.0,3082.755625,4.134850483741194,False,False,False,False,False,3.9124833811739586,0.8344032244298534,0.11667507171388847,0.022386531716457325,0.0010149604924077837,0.11895910780669139,20.883534136546157,0.0,0.0,0.07585984440702909,2.1666666666666665,-0.11047027506654838,0.03674172122599795,0.01148105625717566,0.04100606471077173
26820,2020,1,3.34,"Idaho Falls, ID",158401.0,61442.0,262293.8426253346,944.9528714093535,508.3333333333333,2.966666666666667,891.0,69223.0,3055.869193548387,4.268966547725247,False,False,False,False,False,3.921002704712825,0.8004404488529206,0.11002758544861213,0.0189145712128993,0.0010069624130160028,0.11785714285714288,25.2,0.0007494374600363063,0.0007494374600363063,0.06303248325332955,3.1,-0.28329177057356614,-0.004562795426325428,-0.003416856492027387,0.03211481430261687
26820,2020,2,3.33,"Idaho Falls, ID",158401.0,61659.5,272187.7174653961,963.3423709503362,612.6666666666666,6.433333333333334,902.0,69886.0,2931.687619047619,4.414367898951436,False,False,False,False,False,3.950043913533841,0.8030704410724825,0.09836213678994077,0.023954641249959607,0.0009364404229242361,0.08362369337979092,29.045643153526957,0.0,-0.0007494374600363063,0.08068096571690075,2.1333333333333333,0.18093249826026425,0.0662922038202094,0.012048192771084265,0.029417821316153336
26820,2020,3,3.48,"Idaho Falls, ID",158401.0,61877.0,280104.96143117483,999.3184100090842,614.0,3.6999999999999997,922.0,71430.0,3319.8340625,4.526802550724418,False,False,False,False,False,4.020701982496594,0.8643632221295063,0.10330622045958471,0.03433794012510716,0.0013528820945167548,0.07534246575342474,26.61290322580645,0.0,0.0,0.08931684521530436,2.1333333333333333,0.28638774307601644,0.03798825437241593,0.06730769230769229,0.03403257870219267
26820,2020,4,3.63,"Idaho Falls, ID",158401.0,62734.5,296852.79449302965,1041.5654692327491,395.0,3.0,1028.0,72028.0,3554.5015625,4.731890658139136,False,False,True,False,False,4.134850483741194,0.9847240086239477,0.11374162396107712,0.03205657235894388,0.001971106726691451,0.07641196013289053,28.06324110671938,0.0,0.0,0.06484129975467279,2.1,-0.07833256985799364,0.14221561000009686,0.041997729852440324,0.04347183202720695
26820,2021,1,3.84,"Idaho Falls, ID",162945.0,63592.0,321618.54852769437,1072.5358653131527,283.6666666666667,3.9,902.0,72012.0,3865.7068852459015,5.05753158459703,True,False,True,True,True,4.268966547725247,1.0919015060467756,0.13253000341559895,0.0361032558986738,0.0032893359172475097,0.06709265175718859,23.24723247232472,0.02450015616489476,0.02450015616489476,0.0777076318736254,2.966666666666667,-0.24204771371769385,0.12306660146925985,0.01828571428571424,0.030579582843276
26820,2025,2,6.96,"Idaho Falls, ID",,,412264.62374058715,1402.3304264739347,617.3333333333334,2.9,1099.0,83308.0,5732.060483870968,,False,False,False,False,False,5.057065686231163,1.1070217726973222,0.019112528434719556,0.005976261369639468,-0.03961896029672585,-0.013372956909361133,55.140186915887824,0.0,0.00016083346704620638,0.02518434164478478,2.8333333333333335,0.15594855305466226,0.24739314525733946,0.056862745098039236,0.012667870790175284
26820,2025,3,7.03,"Idaho Falls, ID",,,408992.671555552,1400.6426949063414,733.6666666666666,2.8333333333333335,1131.0,82657.0,6427.73875,,False,False,False,False,False,5.024775262132082,1.004073279635488,0.014655409973734157,0.0029553122391774433,-0.030637298437129118,0.0902140672782874,51.70212765957447,0.0,0.0,0.022588158270072434,2.8666666666666667,0.28581363004172466,0.24344959483489204,0.04514889529298749,0.019105492829188497
26820,2025,4,7.23,"Idaho Falls, ID",,,412086.6721786048,1385.4986947243715,714.3333333333334,3.0,1187.0,81866.0,6777.5671875,,False,False,False,False,False,5.086437297835369,0.951586814094175,0.019560696950339462,0.012271600715754838,-0.02010957811877735,0.06896551724137923,46.406570841889106,0.0,0.0,0.03125095307814729,2.8666666666666667,-0.02758247701460248,0.3229933232101214,0.034946236559139754,0.007597635189569019
27060,2021,1,7.26,"Ithaca, NY",105974.0,62810.5,252755.04725511547,1307.1787523811531,146.66666666666666,4.8,1136.0,46728.0,3865.7068852459015,4.024089081524832,False,False,False,False,False,3.8369581954192364,0.029363470957961102,0.016177557935299625,0.012396849050577252,-0.0048960372385507605,-0.03191489361702138,-12.312633832976449,-0.021173984329444617,-0.021173984329444617,0.04054978106956875,3.6,-0.233970753655793,0.12306660146925985,0.04985337243401755,-0.028738733337330347
27060,2021,2,7.83,"Ithaca, NY",105974.0,63535.25,259282.00989902057,1349.9099035876316,170.33333333333334,3.9333333333333336,1228.0,45236.0,4183.62634920635,4.0809158679476445,False,False,False,False,False,3.8534174272067365,0.0074442764181621435,0.03192274889869884,0.008918765837812703,-0.0035458464412388663,0.005788712011577379,-14.30332922318125,0.0,0.021173984329444617,0.02135243687379229,9.566666666666668,0.08810572687224671,0.017124992393438676,0.08403361344537807,-0.12415349887133187
27060,2021,3,8.01,"Ithaca, NY",105974.0,64260.0,268802.3624360015,1402.8522412723598,183.0,4.0,1222.0,47276.0,4421.670625,4.183043299657664,False,False,False,False,False,3.873439347248988,-0.019105011633156366,0.04230205248368346,0.009807914911748261,-0.0014465341837270717,-0.09510489510489517,-16.731016731016734,0.0,0.0,0.03259081002663944,5.966666666666666,0.10256410256410242,0.12237973724394036,0.07787274453941118,-0.08669909493241901
27060,2021,4,8.96,"Ithaca, NY",105974.0,65693.75,274993.6483065505,1444.8938413136439,132.0,2.733333333333333,1267.0,46744.0,4602.1089062500005,4.1859940756396234,False,False,False,False,False,3.968506419286077,0.02617719622188952,0.0692409559069318,0.036644458209375674,0.0012750456493395106,-0.13925570228091233,-12.560975609756087,0.0,0.0,0.043084873529927625,3.933333333333333,-0.23867809057527534,0.15302735438200687,0.09180918091809187,-0.0763613687111504
27060,2022,1,11.55,"Ithaca, NY",105827.0,67127.5,282680.6039662199,1532.1341562396765,101.0,3.1,1258.0,47136.0,4463.855483870967,4.211099831905253,False,False,False,False,False,4.024089081524832,0.0919692773080154,0.08344187867266983,0.025842807496350595,0.004163180249457141,-0.11355311355311348,-14.487632508833926,0.08560539296435588,0.08560539296435588,-0.0056285191929511535,4.8,-0.2926045016077171,0.2650105879555513,0.05772811918063314,-0.03849873454186303
27060,2022,2,12.14,"Ithaca, NY",105827.0,68561.25,295988.90878909733,1627.7106188763553,178.0,2.8333333333333335,1270.0,46116.0,4105.667096774193,4.317145746162699,False,False,False,False,False,4.0809158679476445,0.19018388707302858,0.10159502624035488,0.025823273223569698,0.0071593291924396535,0.12661870503597128,-6.1151079136690605,0.0,-0.08560539296435588,0.05431138890789944,3.9333333333333336,0.1613636363636366,0.4270368786990453,0.05770887166235994,0.03174892801751672
27060,2022,3,12.13,"Ithaca, NY",105827.0,69995.0,306045.7822009278,1565.1234715696771,195.0,3.3000000000000003,1283.0,48613.0,3980.35109375,4.372394916793025,False,False,False,False,False,4.183043299657664,0.28825513277168024,0.13095127025162712,0.036718137678309004,0.01049519340354425,0.2380216383307574,10.482758620689658,0.0,0.0,0.03589204481082575,4.0,0.07436399217221124,0.3318950711862574,0.07665198237885473,0.031934167157793736
27060,2023,1,20.02,"Ithaca, NY",105505.0,71503.5,302564.78193406184,1666.7345745204573,94.66666666666667,3.2000000000000006,1330.0,47392.0,4000.064516129032,4.231468137001151,False,False,False,False,False,4.1859940756396234,0.259220100864193,0.11610137675201848,0.023032855122406604,0.012295464130628249,0.24965132496513265,23.58620689655173,0.0,0.0,0.04764576375307894,2.733333333333333,-0.2786885245901639,0.294726932969241,0.04451772464962911,0.018055101818577723
27060,2023,2,12.36,"Ithaca, NY",105505.0,72257.75,308703.0934814291,1666.9522695670514,145.33333333333334,2.766666666666667,1298.0,46209.0,4206.072903225806,4.27224890729962,False,False,False,False,False,4.211099831905253,0.2787730421613861,0.11839746440710797,0.02795321167236664,0.013332759377284552,0.590909090909091,36.52482269503545,-0.06348498993600438,-0.06348498993600438,0.17209230447537904,3.1,-0.23484848484848486,0.15473201056913988,0.10739436619718301,0.008731381612737454
27060,2023,3,12.72,"Ithaca, NY",105505.0,73012.0,317683.37720338773,1695.7839665731863,143.33333333333334,3.3333333333333335,1300.0,48393.0,4458.13746031746,4.351111833717577,False,False,False,False,False,4.317145746162699,0.3689845055126031,0.14157132962820107,0.04707894576476779,0.013924162484619848,0.5504469987228608,75.68740955137483,0.0,0.06348498993600438,0.20579204178769084,2.8333333333333335,0.7623762376237624,-0.01863437265303247,0.03420195439739415,0.019453532584666977
27060,2023,4,12.69,"Ithaca, NY",105505.0,73265.0,323158.00165544084,1680.943910883905,113.33333333333333,3.266666666666667,1319.0,47654.0,4464.907619047619,4.410810095617837,False,False,False,False,False,4.372394916793025,0.41119178917753185,0.13855317128692834,0.03397719682461586,0.013159235106890717,0.5143570536828965,69.65034965034967,0.0,0.0,0.11567236058313624,3.3000000000000003,0.09550561797752799,-0.0998083232963558,0.04991816693944351,0.028280734410694564
27060,2024,1,14.88,"Ithaca, NY",105602.0,73518.0,325644.8428917971,1725.9345587407133,89.66666666666667,3.4333333333333336,1341.0,48527.0,4992.540983606557,4.429457315103744,False,False,False,False,False,4.231468137001151,0.2869770368836999,0.10026098347106638,-0.011374116126784517,0.010323754206815812,1.2343749999999996,140.3361344537815,-0.0030384811368826536,-0.0030384811368826536,0.15353427834194666,3.2000000000000006,-0.5145299145299145,-0.13081924013213764,0.04972375690607733,0.013862741742255658
27060,2024,2,13.55,"Ithaca, NY",105602.0,73771.0,332180.1200552532,1728.1703878536712,139.0,3.266666666666667,1329.0,46864.0,5246.626507936508,4.502855052191962,False,False,False,False,False,4.27224890729962,0.34620816009709765,0.09205615507429332,0.02028759430667959,0.006973734371525416,0.07012987012987004,50.91575091575091,0.0013829120618275015,0.004421393198710155,0.08799367390794255,2.766666666666667,0.5352112676056338,-0.057748863415626794,0.031796502384737746,-0.019666496945010215
27060,2024,3,12.97,"Ithaca, NY",105602.0,74024.0,338289.21026491636,1764.7814514129732,157.33333333333334,3.5666666666666664,1316.0,48908.0,5543.46921875,4.569993654286669,False,False,False,False,False,4.351111833717577,0.4397765181790576,0.07329486940251706,0.029090358702540398,0.003087197563705869,0.047775947281713416,83.02158273381295,0.0,-0.0013829120618275015,0.04182152951967799,3.3333333333333335,-0.013761467889908285,0.08584971826386067,0.023622047244094446,0.04937548790007806
27060,2024,4,12.67,"Ithaca, NY",105602.0,74024.0,342261.5720956985,1791.0438646053226,135.0,3.1,1380.0,48385.0,5907.04296875,4.623656815299072,False,False,False,False,False,4.410810095617837,0.5192866926823103,0.05591392023588937,0.017232958489194594,-0.0012853662903924922,0.04616652926628184,96.13601236476043,0.0,0.0,0.07400083215036735,3.266666666666667,-0.2093023255813954,0.12173713169636624,0.028059236165237644,-0.019727233456071414
27060,2025,1,14.02,"Ithaca, NY",,,344895.24612990214,1796.6848943576533,109.0,3.4,1394.0,47777.0,5894.8178333333335,,False,False,False,False,False,4.429457315103744,0.5550604995654944,0.07628138612234481,0.007695434504536136,-0.003745258348166279,-0.2567432567432567,107.53138075313808,0.00396208947472354,0.00396208947472354,0.035518543339324804,3.4333333333333336,-0.20882352941176463,0.24811511501268746,0.008270676691729317,0.023949189736664378
27060,2025,2,14.44,"Ithaca, NY",,,344941.480211873,1811.6489364924464,163.0,3.1999999999999997,1385.0,46418.0,5732.060483870968,,False,False,False,False,False,4.502855052191962,0.6439001817257433,0.07605050635890831,0.02006872611714483,-0.005617767685219913,0.09627831715210378,86.6391184573003,0.0,-0.00396208947472354,0.036724577784413404,3.266666666666667,0.550185873605948,0.24739314525733946,0.023882896764252592,0.0141747278668658
27060,2025,3,12.32,"Ithaca, NY",,,346988.5479275882,1819.0557082114967,218.0,4.166666666666667,1355.0,48648.0,6427.73875,,False,False,False,False,False,4.569993654286669,0.7599951618865997,0.06486279906403891,0.01839089650713288,-0.007043742467155131,0.019654088050314433,65.64495530012773,0.0,0.0,0.0406876619898795,3.5666666666666664,0.1318944844124701,0.24344959483489204,0.012307692307692353,0.010642035005062667
27060,2025,4,12.09,"Ithaca, NY",,,349731.68663492217,1833.7388877735727,185.33333333333334,3.45,1415.0,48392.0,6777.5671875,,False,False,False,False,False,4.623656815299072,0.8382667984882226,0.05911526356270258,0.011742502303491609,-0.007099532857536256,-0.0015760441292356209,58.17727840199751,0.0,0.0,0.06549888607736043,3.1,-0.14194915254237295,0.3229933232101214,0.046247156937073486,0.015339740630377241
27260,2019,2,1.86,"Jacksonville, FL",1559514.0,61031.5,233435.7340814621,1200.5358418754656,10709.0,3.1666666666666665,959.0,681855.0,2882.3277777777776,3.824840190417442,False,False,False,False,False,3.755603364333751,0.9222090942199417,0.08662652168846652,0.02130652716156778,0.0019108295374555206,0.034482758620689724,16.129032258064523,0.0,0.0012957638369330837,0.05005665838846851,3.533333333333333,0.11595339457763831,0.1272577123238514,0.02300109529025196,0.024648281724459098
27260,2019,3,1.85,"Jacksonville, FL",1559514.0,61723.0,235617.81010127332,1211.5201184045848,9871.0,3.3666666666666667,955.0,690386.0,2957.8528125,3.8173421593453547,False,False,False,False,False,3.794622047401324,0.8538191605311107,0.08732103446519646,0.021250321786362214,0.0014122081239600274,0.04519774011299438,19.354838709677423,0.0,0.0,0.05022591293406875,3.6333333333333333,0.05243784091289361,0.15500598332389726,0.02422907488986792,0.037907201769340704
27260,2019,4,1.91,"Jacksonville, FL",1559514.0,62058.25,238102.50072240806,1215.7051674782533,9027.666666666666,2.9333333333333336,1036.0,706695.0,3082.755625,3.8367582186479328,False,False,False,False,False,3.8190435555859947,0.787308500432689,0.08231962971629003,0.018240193153292283,0.0011278034294066835,0.027472527472527597,15.432098765432102,0.0,0.0,0.053979167370212355,3.266666666666667,-0.055198728139904674,0.03674172122599795,0.042051282051281946,0.023951891866277997
27260,2020,1,1.9,"Jacksonville, FL",1613045.0,62393.5,242578.31635452958,1227.6799470948247,8517.0,3.4333333333333336,1080.0,692488.0,3055.869193548387,3.887878005794347,False,False,False,False,False,3.8307978217853487,0.7129915219533385,0.07765301739778607,0.01470639952909969,0.0006818424024867941,0.021390374331550666,15.060240963855431,-0.0008392207757930148,-0.0008392207757930148,0.04737267493146713,3.4333333333333336,-0.03146664871777605,-0.004562795426325428,0.017357762777242103,0.019389278659289078
27260,2020,2,1.86,"Jacksonville, FL",1613045.0,62728.75,245662.00635683653,1237.9631326974352,8725.333333333334,10.066666666666668,1024.0,650840.0,2931.687619047619,3.9162585952507665,False,False,False,False,False,3.824840190417442,0.6418630701472239,0.06560350973422402,0.00988704368478488,2.9520519958919062e-05,0.03333333333333344,12.048192771084354,0.0,0.0008392207757930148,0.04450359598414555,3.1666666666666665,0.11633482747836954,0.0662922038202094,0.02676659528907921,0.021057423483025417
27260,2020,3,1.89,"Jacksonville, FL",1613045.0,63064.0,248245.3711683855,1259.7708634834735,7958.333333333333,7.633333333333333,1020.0,670013.0,3319.8340625,3.936403830527488,False,False,False,False,False,3.8173421593453547,0.6010143082373873,0.05318390371944193,0.009347652056774347,-0.0010834481524950677,0.0,11.44578313253013,0.0,0.0,0.0406602751335865,3.3666666666666667,-0.07825193762256044,0.03798825437241593,0.026881720430107503,0.02162714884184136
27260,2020,4,1.94,"Jacksonville, FL",1613045.0,63964.0,256402.3206008063,1281.392451117259,6370.666666666667,5.166666666666667,1160.0,691033.0,3554.5015625,4.00854106373595,False,False,False,False,False,3.8367582186479328,0.5888051312131042,0.04522507141785015,0.01054542786925472,-0.002382276160672093,0.021390374331550666,11.695906432748536,0.0,0.0,0.040066554787565156,2.9333333333333336,-0.08543545064667546,0.14221561000009686,0.019685039370078705,0.021993182807485967
27260,2021,1,2.0,"Jacksonville, FL",1641662.0,64864.0,267446.91555570555,1311.2328068745155,5367.666666666667,4.766666666666667,1121.0,683807.0,3865.7068852459015,4.123194924082782,False,False,False,False,False,3.887878005794347,0.5950828783831779,0.0494395801450811,0.018797852263381598,-0.0033170002891767716,-0.005235602094240788,9.195402298850563,0.016806256615770288,0.016806256615770288,0.0405079521387115,3.4333333333333336,-0.05656685005353901,0.12306660146925985,0.023696682464454888,0.011244355917451765
27260,2021,2,2.16,"Jacksonville, FL",1641662.0,65764.0,281658.13925141754,1380.6893548700439,5536.0,4.3999999999999995,1087.0,684539.0,4183.62634920635,4.282862040803746,False,False,False,False,False,3.9162585952507665,0.5810130614502795,0.05237532429849745,0.012712141994588366,-0.0038843586171218325,0.0,6.896551724137945,0.0,-0.016806256615770288,0.03117548807497572,10.066666666666668,0.024460882157254282,0.017124992393438676,0.0677789363920751,-0.045486210411304406
27260,2021,3,2.32,"Jacksonville, FL",1641662.0,66664.0,298126.0438359073,1483.9631940782658,6126.0,4.233333333333333,1086.0,700241.0,4421.670625,4.472069540320223,False,False,False,False,False,3.936403830527488,0.5349295491927775,0.05359340646483646,0.010515931420817637,-0.0041041736351858605,0.021621621621621623,6.779661016949157,0.0,0.0,0.039826614800609894,7.633333333333333,-0.08790495110024454,0.12237973724394036,0.0680628272251309,-0.029509578699452144
27260,2021,4,2.5,"Jacksonville, FL",1641662.0,68296.5,312074.4050763045,1541.3098975227988,5986.0,3.4,1223.0,722453.0,4602.1089062500005,4.5694055343437,False,False,False,False,False,4.00854106373595,0.5576847334341162,0.07685689912065685,0.03285841501909781,-0.0031819996774548995,0.015706806282722585,6.593406593406592,0.0,0.0,0.054032248440023745,5.166666666666667,-0.19949738219895286,0.15302735438200687,0.11969111969111967,-0.022162318963626415
27260,2022,1,2.68,"Jacksonville, FL",1681346.0,69929.0,332989.6222615092,1568.4879933052391,4743.666666666667,3.233333333333333,1222.0,716218.0,4463.855483870967,4.761824454253731,False,False,True,False,False,4.123194924082782,0.6459023275012128,0.10251781599815524,0.04307525348842156,-0.0010604742308388778,0.05263157894736836,6.951871657753994,-0.016584456715858398,-0.016584456715858398,0.06805752588645753,4.766666666666667,-0.1574403516115529,0.2650105879555513,0.037962962962962976,-0.012535957301787137
27260,2022,2,3.14,"Jacksonville, FL",1681346.0,71561.5,359455.51146821893,1615.4741068460123,5307.333333333333,2.9333333333333336,1166.0,716565.0,4105.667096774193,5.023029303022141,True,False,True,True,True,4.282862040803746,0.7682425469703893,0.14652706549296357,0.05313661466681596,0.0026895644895796517,0.16129032258064524,19.999999999999996,0.0,0.016584456715858398,0.11529117338221395,4.3999999999999995,0.0313606160342792,0.4270368786990453,0.0615234375,0.05177770266117632
27260,2023,2,3.78,"Jacksonville, FL",1723198.0,76058.25,364113.9615845258,1660.220517886075,7224.666666666667,2.8666666666666667,1205.0,737797.0,4206.072903225806,4.7873039622200855,False,False,False,False,False,5.023029303022141,1.407008306575647,0.2762120506212562,0.07947962169801515,0.022632743755632016,0.4537037037037037,68.81720430107528,0.0,-0.006432083071357564,0.1700489332722257,2.9333333333333336,0.11882510013351122,-0.01863437265303247,0.07267709291628344,0.0467847704805715
27260,2023,3,3.86,"Jacksonville, FL",1723198.0,77013.0,364727.4979872752,1668.12740304369,7212.666666666667,3.3666666666666667,1196.0,745993.0,4458.13746031746,4.735921181972851,False,False,False,False,False,5.095848887643538,1.4509132842691823,0.2511002349310938,0.03764040773418076,0.024085098026257704,0.5431034482758621,93.51351351351352,0.0,0.0,0.11080748814841446,3.033333333333333,0.3171712096470294,-0.0998083232963558,0.09944751381215466,0.04523157027366298
27260,2023,4,3.92,"Jacksonville, FL",1723198.0,77670.5,365693.72078469413,1644.7083068170316,7335.666666666667,3.1666666666666665,1292.0,758575.0,4464.907619047619,4.7082704602737735,False,False,False,False,False,5.027648047259198,1.3400372850369373,0.19456710348629702,-0.0005140824652316578,0.02161730569465696,0.5840000000000001,107.3298429319372,0.0,0.0,0.06483419364485443,2.6999999999999997,0.09164600419607094,-0.16299818832356816,0.013082583810302584,0.02995073727979536
27260,2024,1,4.3,"Jacksonville, FL",1760548.0,78328.0,367377.11964807654,1646.2500303872405,7995.0,3.3000000000000003,1369.0,752585.0,4992.540983606557,4.6902400118485925,False,False,False,False,False,4.886544289412956,1.1693334446886272,0.10212617602752116,-0.015550791944843767,0.014741311780086199,0.5037313432835822,112.10526315789475,0.0007188979202039647,0.0007188979202039647,0.04445448448319245,2.8333333333333335,-0.035511487726041735,-0.10389918970668477,0.08183306055646478,0.031914863910150304
27260,2024,2,3.85,"Jacksonville, FL",1760548.0,78985.5,369092.30239463254,1669.1360891111228,9931.333333333334,3.3000000000000003,1266.0,747876.0,5246.626507936508,4.672912147098297,False,False,False,False,False,4.7873039622200855,1.0317005978863345,0.012959740406480735,-0.007854616691362781,0.004200844755019243,0.20382165605095537,103.2258064516129,0.0,-0.0007188979202039647,0.027698624725978283,2.8666666666666667,-0.01843213622571438,0.024455418348580116,0.0334476843910807,0.02963024987265639
27260,2024,3,4.03,"Jacksonville, FL",1760548.0,79643.0,366980.77176192915,1674.061854648733,10825.0,3.766666666666667,1246.0,756915.0,5543.46921875,4.607822052935338,False,False,False,False,False,4.735921181972851,0.9412991345715271,-0.022140442696518714,0.0016850120222784426,-0.0073586284874832255,0.07821229050279332,104.23280423280423,0.0,0.0,0.011969185700216878,3.3666666666666667,-0.0016609762849496557,0.12003623683289799,0.0016750418760469454,0.01923586650890674
27260,2024,4,4.07,"Jacksonville, FL",1760548.0,79643.0,364967.65336221084,1662.5527251047272,10525.333333333334,3.4333333333333336,1351.0,769266.0,5907.04296875,4.582545275318745,False,False,False,False,False,4.7082704602737735,0.8892269046877788,-0.019045641354411447,0.0026491635611545217,-0.017212032087987234,-0.010101010101010055,102.06185567010309,0.0,0.0,0.00211353977880413,3.1666666666666665,0.017053332100933627,0.15912210409728944,0.042776432606941084,0.01946536109158692
27260,2025,1,4.36,"Jacksonville, FL",,,363703.9145165176,1665.6888696220556,10635.333333333334,3.6333333333333333,1463.0,755678.0,5894.8178333333335,,False,False,False,False,False,4.6902400118485925,0.8594421900632438,0.001036905055480819,0.0046033026210299255,-0.024455977608538706,0.06699751861042169,114.99999999999999,-0.003217145316546821,-0.003217145316546821,0.0049051652344644925,3.3000000000000003,0.08988049257054564,0.24811511501268746,0.035552193645990826,0.018278228490709925
27260,2025,2,4.23,"Jacksonville, FL",,,359850.6490469507,1681.5017805706884,12458.333333333334,3.8000000000000003,1307.0,748036.0,5732.060483870968,,False,False,False,False,False,4.672912147098297,0.8480719566808554,0.013672479869880183,0.0046687250098726985,-0.028503862330921455,0.0185185185185186,78.24074074074075,0.0,0.003217145316546821,0.005370112662141935,3.3000000000000003,0.24219303731498854,0.24739314525733946,0.05062240663900419,0.013660939255648819
27260,2025,3,4.31,"Jacksonville, FL",,,354984.0918890178,1686.0364702454515,12452.0,4.366666666666667,1309.0,752760.0,6427.73875,,False,False,False,False,False,4.607822052935338,0.7904798935899837,0.006177965157791787,-0.0057208742068148855,-0.029437950204323254,0.04404145077720223,73.70689655172416,0.0,0.0,0.0035575529747997603,3.766666666666667,0.0899845606497951,0.24344959483489204,0.041806020066889715,0.014640888051228318
27260,2025,4,4.2,"Jacksonville, FL",,,352999.38759861415,1673.866514808881,11213.333333333334,4.9,1432.0,765900.0,6777.5671875,,False,False,False,False,False,4.582545275318745,0.7457870566708125,-0.0019854522547593234,-0.0054856236473999065,-0.028587960581667415,0.03826530612244916,62.80000000000001,0.0,0.0,0.010849594553474118,3.4333333333333336,-0.027682832948421776,0.3229933232101214,0.045665634674922684,0.01409353063309493
27740,2019,2,3.61,"Johnson City, TN",203649.0,43909.25,165545.6143752888,854.2659051573972,978.6666666666666,3.533333333333333,813.0,77612.0,2882.3277777777776,3.7701763153615424,False,False,False,False,False,3.7397927166815816,0.31342113777099945,0.04367749917177388,0.004080356499308824,0.000867407850849733,0.0197740112994349,8.083832335329344,0.0,-0.0026644967185811552,0.02805124836524442,3.566666666666667,0.0699669966996701,0.1272577123238514,0.03515625,0.009165417032938716
27740,2019,3,3.62,"Johnson City, TN",203649.0,44439.0,167711.84393100752,872.5028372159433,970.0,3.5666666666666664,784.0,78026.0,2957.8528125,3.7739788008507733,False,False,False,False,False,3.734031324683291,0.25043812594486115,0.04276942241629622,0.009739070290404772,0.0007720534490649727,0.00561797752808979,7.831325301204828,0.0,0.0,0.0353522102863022,3.8333333333333335,0.08081431215299184,0.15500598332389726,0.03924221921515558,-0.0055395268320831414
27740,2019,4,3.66,"Johnson City, TN",203649.0,44821.75,170421.46897108993,885.2408127155285,967.0,3.2999999999999994,870.0,78627.0,3082.755625,3.8022047102375502,False,False,False,False,False,3.70744695529306,0.21255543992090553,0.028873043767136952,0.005309120260815314,0.00022295386097854298,0.045454545454545414,6.666666666666665,0.0,0.0,0.032115505237958475,3.4,-0.046232876712328785,0.03674172122599795,0.01941747572815533,-0.007374105300695377
27740,2020,1,3.77,"Johnson City, TN",207484.0,45204.5,174686.86301201745,899.970751298219,831.6666666666666,3.8666666666666667,801.0,77847.0,3055.869193548387,3.86436887947035,False,False,False,False,False,3.733204520210718,0.24600891259999047,0.03901146715522241,0.0193963787300917,0.00046430260237734016,-0.013513513513513598,8.955223880597018,-0.0012166780597677729,-0.0012166780597677729,0.033477149724644883,3.8000000000000003,-0.1322561340514662,-0.004562795426325428,0.014416775884665833,-0.002459533590017604
27740,2020,2,3.69,"Johnson City, TN",207484.0,45587.25,178513.1774553409,886.769580108894,686.3333333333334,10.366666666666667,867.0,73093.0,2931.687619047619,3.9158575578772767,False,False,False,False,False,3.7701763153615424,0.26851797277768297,0.05779917735500795,0.022236432107267667,0.001105109006609113,0.0,6.4896755162241915,0.0,0.0012166780597677729,0.03854390335610702,3.533333333333333,0.012413793103448256,0.0662922038202094,0.02264150943396226,-0.005802856593864036
27740,2020,3,3.74,"Johnson City, TN",207484.0,45970.0,180697.9200060213,913.6790572724846,668.0,6.6000000000000005,839.0,75748.0,3319.8340625,3.9307792039595673,False,False,False,False,False,3.7739788008507733,0.24241167057052992,0.06130477435347892,0.013085393798520695,0.0014831852170200078,0.011173184357541999,7.100591715976345,0.0,0.0,0.059348548233762566,3.5666666666666664,-0.008855585831062607,0.03798825437241593,0.02083333333333326,0.006099054839916018
27740,2020,4,3.84,"Johnson City, TN",207484.0,46797.0,186309.512796014,931.3329501706849,620.0,4.766666666666667,968.0,78069.0,3554.5015625,3.981227702545334,False,False,False,False,False,3.8022047102375502,0.25454355137135565,0.0727562809062936,0.016156432226677397,0.0025898824054178637,-0.005434782608695676,9.253731343283578,0.0,0.0,0.07315483209992135,3.2999999999999994,-0.003092783505154628,0.14221561000009686,0.03571428571428581,0.008827416312757519
27740,2021,1,3.95,"Johnson City, TN",207185.0,47624.0,192875.9283341621,956.8309586560162,508.0,4.566666666666666,837.0,77533.0,3865.7068852459015,4.049973297794433,False,False,False,False,False,3.86436887947035,0.3103516098306516,0.07868321522911503,0.025028501788416646,0.0036025544395143984,0.03287671232876721,6.497175141242928,0.015139947096471706,0.015139947096471706,0.08160640774844374,3.8666666666666667,-0.1399517407790417,0.12306660146925985,0.03488372093023262,0.004918286732243926
27740,2021,2,4.24,"Johnson City, TN",207185.0,48451.0,201919.78424516218,977.3726283450533,526.0,4.166666666666667,916.0,78071.0,4183.62634920635,4.167504989477249,False,False,False,False,False,3.9158575578772767,0.3194164098090875,0.07833226587721542,0.021903847704107138,0.004147749755357539,0.02216066481994461,4.237288135593209,0.0,-0.015139947096471706,0.03804866231376525,10.366666666666667,-0.17474949899799586,0.017124992393438676,0.06642066420664205,-0.058225532134206004
27740,2021,3,4.52,"Johnson City, TN",207185.0,49278.0,214323.7502774344,1031.1596534230305,684.6666666666666,3.766666666666667,871.0,78963.0,4421.670625,4.349278588364673,False,False,False,False,False,3.9307792039595673,0.28943462516193375,0.07743088246263596,0.012238550575500051,0.00451850857089721,0.03314917127071837,5.0561797752809,0.0,0.0,0.04719322195894504,6.6000000000000005,-0.02671199611461883,0.12237973724394036,0.07015306122448983,-0.02919539640632607
27740,2021,4,4.66,"Johnson City, TN",207185.0,50512.75,222380.50747028776,1105.4614040675426,665.0,3.0,1017.0,79968.0,4602.1089062500005,4.402462892443745,False,False,False,False,False,3.981227702545334,0.342220949885665,0.09322794786858268,0.031055104507045295,0.005215524231431748,0.04918032786885229,9.090909090909083,0.0,0.0,0.05206734347659148,4.766666666666667,-0.07185628742514971,0.15302735438200687,0.11264367816091947,-0.00709679880956926
27740,2022,1,4.94,"Johnson City, TN",210476.0,51747.5,232691.8692540015,1128.4181125096986,453.6666666666667,3.1666666666666665,905.0,80150.0,4463.855483870967,4.496678472467298,False,False,False,False,False,4.049973297794433,0.40810509407015205,0.10412383054181551,0.035244660562971486,0.006047723282498707,0.04774535809018565,6.756756756756754,-0.02027249570325884,-0.02027249570325884,0.0631800614361917,4.566666666666666,-0.1806451612903226,0.2650105879555513,0.04494382022471921,-0.0040335529949773186
27740,2022,2,5.79,"Johnson City, TN",210476.0,52982.25,242370.29090528472,1172.0105947296488,498.6666666666667,3.3666666666666667,957.0,80167.0,4105.667096774193,4.574556401536075,False,False,False,False,False,4.167504989477249,0.5406872521704762,0.1311197701115201,0.046889500359689196,0.007635644073584833,0.14905149051490518,17.451523545706383,0.0,0.02027249570325884,0.10217203010621234,4.166666666666667,0.03543307086614167,0.4270368786990453,0.056516724336793445,0.0681050168962829
27740,2022,3,6.32,"Johnson City, TN",210476.0,54217.0,247018.6457885561,1213.9186139223148,615.6666666666666,3.5,974.0,81301.0,3980.35109375,4.556110551829797,False,False,False,False,False,4.349278588364673,0.7270131803149757,0.18608864047960583,0.0614301668290802,0.010684991558196279,0.20855614973262004,26.25698324022345,0.0,0.0,0.12857971868289186,3.766666666666667,0.3016476552598224,0.3318950711862574,0.038140643623361115,0.042443364841315834
27740,2022,4,6.44,"Johnson City, TN",210476.0,54686.75,246260.1651614661,1243.3767060781133,554.3333333333334,3.3000000000000003,998.0,81524.0,3851.9734920634924,4.5031047769608925,False,False,False,False,False,4.402462892443745,0.7141314344786189,0.19360790618226287,0.03759152768848151,0.01238965570072219,0.21354166666666674,26.630434782608692,0.0,0.0,0.1869669207612008,3.0,-0.028724440116845162,0.294726932969241,0.05061983471074383,0.024324635899012348
27740,2023,1,7.12,"Johnson City, TN",213552.0,55156.5,246871.39720821232,1248.2394129996085,474.0,3.466666666666667,1005.0,81900.0,4000.064516129032,4.475835073077739,False,False,False,False,False,4.496678472467298,0.7844087989194151,0.2064329191502703,0.04636810078820175,0.013896434954656988,0.25063291139240507,35.342465753424676,0.017325429536803605,0.017325429536803605,0.17932859749301722,3.1666666666666665,-0.31779448621553885,0.15473201056913988,0.08124253285543603,0.03375336953297303
27740,2023,2,6.67,"Johnson City, TN",213552.0,55626.25,254858.3460781252,1283.0736825897004,516.3333333333334,3.233333333333333,980.0,81900.0,4206.072903225806,4.581620117806345,False,False,False,False,False,4.574556401536075,0.8628625770450804,0.2003295853912428,0.04159329538376988,0.014851678045157564,0.36556603773584895,60.387811634349035,0.0,-0.017325429536803605,0.19914407334505402,3.3666666666666667,0.09919177075679642,-0.01863437265303247,0.044759825327510994,0.026847356893084484
27740,2023,3,7.0,"Johnson City, TN",213552.0,56096.0,263834.78205328574,1303.4824682671053,486.3333333333333,3.4333333333333336,999.0,83011.0,4458.13746031746,4.703272640710313,False,False,False,False,False,4.556110551829797,0.8077416255598133,0.15254910138890043,0.019178732120628927,0.01313183939048992,0.3982300884955754,74.58563535911603,0.0,0.0,0.17723633764432,3.5,0.23462566844919763,-0.0998083232963558,0.11825487944890933,0.029608804123450128
27740,2023,4,6.92,"Johnson City, TN",213552.0,56512.5,270737.4363665685,1313.3489958465416,549.3333333333334,3.1333333333333333,1049.0,83284.0,4464.907619047619,4.790753131901234,False,False,False,False,False,4.5031047769608925,0.7280821452189792,0.10738197319011378,-0.003070539977533704,0.009557254305504422,0.3819742489270386,75.95628415300546,0.0,0.0,0.12475813402721414,3.3000000000000003,-0.09962100703844057,-0.16299818832356816,-0.01868239921337267,0.019457783113245197
27740,2024,1,7.1,"Johnson City, TN",214948.0,56929.0,272726.25840123644,1331.291873154475,540.3333333333334,3.1666666666666665,1048.0,81267.0,4992.540983606557,4.7906384865575795,False,False,False,False,False,4.475835073077739,0.7086823622630436,0.060936929165895215,0.0024820581369522365,0.004223589770737929,0.4412955465587043,88.85941644562334,-0.001269861698553365,-0.001269861698553365,0.1061851978106032,3.466666666666667,-0.14491882140709567,-0.10389918970668477,0.11049723756906071,0.02183406113537112
27740,2024,2,7.35,"Johnson City, TN",214948.0,57345.5,277789.55077345157,1361.8317465537768,569.0,3.233333333333333,1011.0,81187.0,5246.626507936508,4.844138611982659,False,False,False,False,False,4.581620117806345,0.8418274011247635,0.0515246944095169,0.032352670095582736,-0.0013639361338482077,0.15198618307426592,80.75880758807588,0.0,0.001269861698553365,0.09476287019885765,3.233333333333333,0.08931082981715899,0.024455418348580116,0.024033437826541215,0.021617373732333744
27740,2024,3,7.22,"Johnson City, TN",214948.0,57762.0,280817.0753426587,1377.9725286717382,669.0,3.733333333333333,1049.0,81570.0,5543.46921875,4.861623131862793,False,False,False,False,False,4.703272640710313,0.9692413160270226,0.06807638431927909,0.03522127532134611,-0.006168365019017387,0.10759493670886067,87.16577540106951,0.0,0.0,0.07378077353587909,3.4333333333333336,-0.058102001291155725,0.12003623683289799,0.02566735112936347,0.02103295162421137
27740,2024,4,7.67,"Johnson City, TN",214948.0,57762.0,280047.1884057072,1388.0798263589804,682.3333333333334,3.6,1094.0,80817.0,5907.04296875,4.848294525911624,False,False,False,False,False,4.790753131901234,1.0833061766081746,0.09939598306146391,0.026162791196683965,-0.008984729454088475,0.07453416149068315,80.20833333333334,0.0,0.0,0.05627601790058967,3.1333333333333333,0.12954078135709413,0.15912210409728944,0.05110220440881763,0.021588734605760163
27740,2025,1,7.73,"Johnson City, TN",,,281882.6986992073,1412.3503307302874,583.6666666666666,3.533333333333333,1102.0,81127.0,5894.8178333333335,,False,False,False,False,False,4.7906384865575795,1.0574339663468617,0.10473008005547935,0.007345943957211665,-0.011143802031465758,-0.002808988764045006,79.74683544303795,-0.008077443339556734,-0.008077443339556734,0.06653568160877543,3.1666666666666665,-0.01638349514563109,0.24811511501268746,0.042786069651741254,-0.007728937728937679
27740,2025,2,7.68,"Johnson City, TN",,,281867.3609070753,1432.9871635898235,686.6666666666666,3.533333333333333,1068.0,80353.0,5732.060483870968,,False,False,False,False,False,4.844138611982659,1.0739622966211169,0.08997627524545315,0.01856547441341716,-0.012647479984827141,0.10194902548725637,73.34905660377358,0.0,0.008077443339556734,0.06138233916941904,3.233333333333333,0.0530536705737199,0.24739314525733946,0.031632653061224536,-0.008705738705738653
27740,2025,3,7.53,"Johnson City, TN",,,281516.23418978305,1446.8673067597217,806.3333333333334,3.6999999999999997,1101.0,81036.0,6427.73875,,False,False,False,False,False,4.861623131862793,1.08764433101202,0.06436715112847802,0.010898626535006617,-0.012349822486333546,0.03142857142857136,59.7345132743363,0.0,0.0,0.057146959946199116,3.733333333333333,0.17574692442882256,0.24344959483489204,0.05005005005005003,-0.01735914517353121
27740,2025,4,7.61,"Johnson City, TN",,,280592.84332875645,1457.3578395732138,803.0,3.45,1132.0,81576.0,6777.5671875,,False,False,False,False,False,4.848294525911624,1.0460898156740734,0.034386644728856997,-0.002741595880564107,-0.012012277356927501,0.10838150289017334,64.59227467811158,0.0,0.0,0.056900969010350355,3.6,0.01993024414549094,0.3229933232101214,0.04289799809342232,-0.029621535949281963
28420,2019,2,2.19,"Kennewick-Richland, WA",299612.0,66581.5,299252.6160000281,1180.4556386758547,878.6666666666666,5.466666666666666,1001.0,135930.0,2882.3277777777776,4.49453100335721,False,False,False,False,False,4.203548611201084,0.9076018603791032,0.10938152776132681,0.01867848176282272,0.00523421738333859,0.06770833333333326,23.493975903614462,0.0,0.004669201973528603,0.034012066780501726,5.233333333333333,0.13879142300194935,0.1272577123238514,0.020452099031216253,0.023226835846977822
28420,2019,3,2.21,"Kennewick-Richland, WA",299612.0,67310.0,306908.9691181654,1206.7873461861454,1046.6666666666667,5.0,1028.0,130356.0,2957.8528125,4.559634068016125,False,False,False,False,False,4.287803571247371,1.0217672205595179,0.11388428865982192,0.029625154728634362,0.003939005384645343,0.08854166666666674,22.22222222222221,0.0,0.0,0.04617710785653162,4.833333333333333,0.19068812050667572,0.15500598332389726,0.05031446540880502,0.0037683947751285807
28420,2019,4,2.24,"Kennewick-Richland, WA",299612.0,68118.75,314399.95247730124,1207.3183540697773,1045.3333333333333,5.2,1065.0,123704.0,3082.755625,4.615468611466024,False,False,False,False,False,4.374439927241224,1.140376658570124,0.11219549826640174,0.03174669291575016,0.00297882857167081,0.08673469387755106,23.83720930232558,0.0,0.0,0.03283833214641119,5.766666666666667,-0.07734330074755591,0.03674172122599795,0.04457953394123604,0.02117891121181459
28420,2020,1,2.29,"Kennewick-Richland, WA",304578.0,68927.5,321318.4927559979,1208.3376268328468,826.0,6.366666666666667,1066.0,123518.0,3055.869193548387,4.661687900417075,False,False,False,False,False,4.421660525571374,1.1851290108988595,0.10607216747535309,0.02210167977819988,0.002002081253581859,0.08910891089108919,25.714285714285733,-0.003261075559581883,-0.003261075559581883,0.03790874712264891,8.033333333333333,-0.20629479588656907,-0.004562795426325428,0.03420523138832987,-0.007113022621066167
28420,2020,2,2.3,"Kennewick-Richland, WA",304578.0,69736.25,325541.0295004144,1211.2539100280117,800.3333333333334,11.799999999999999,1056.0,124237.0,2931.687619047619,4.668175152813843,False,False,False,False,False,4.49453100335721,1.2312351101610535,0.11589498677016996,0.0277251741397897,0.0016201454221342298,0.06829268292682933,24.431818181818187,0.0,0.003261075559581883,0.039708433184047154,5.466666666666666,0.0349430702787592,0.0662922038202094,0.05590717299578052,0.009341214209338311
28420,2020,3,2.35,"Kennewick-Richland, WA",304578.0,70545.0,328983.89822540974,1245.030359831261,897.0,8.433333333333334,1100.0,123640.0,3319.8340625,4.663461595086962,False,False,False,False,False,4.559634068016125,1.2852154137025642,0.11151622636180636,0.0255849162506121,0.0010848673967383305,0.05741626794258381,24.858757062146886,0.0,0.0,0.03940945494321535,5.0,0.19119878603945395,0.03798825437241593,0.02594810379241519,0.03246552666386804
28420,2020,4,2.41,"Kennewick-Richland, WA",304578.0,71785.0,338762.3379044636,1274.4667626739883,786.3333333333334,6.633333333333333,1188.0,117627.0,3554.5015625,4.719124300403477,False,False,False,False,False,4.615468611466024,1.3326058601205175,0.10360996395869693,0.02440783461187057,0.00023859050345021249,0.05164319248826299,23.076923076923084,0.0,0.0,0.04741741045605097,5.2,-0.001273885350318582,0.14221561000009686,0.032977691561590694,0.029939720917840695
28420,2021,1,2.48,"Kennewick-Richland, WA",308734.0,73025.0,350124.60085201426,1291.1080112201398,556.3333333333334,7.7,1094.0,119763.0,3865.7068852459015,4.7945854276208735,False,False,False,False,False,4.661687900417075,1.3305862635875778,0.10350615588924938,0.02200553856380183,-0.0004317031667497961,0.040909090909090784,19.895287958115194,0.001934874882351778,0.001934874882351778,0.04527395862779371,6.366666666666667,-0.2098214285714285,0.12306660146925985,0.03696498054474717,0.028930817610062887
28420,2021,2,2.66,"Kennewick-Richland, WA",308734.0,74265.0,364549.74254971516,1362.4408967530032,467.0,5.166666666666667,1112.0,132867.0,4183.62634920635,4.908769171880632,False,False,True,False,False,4.668175152813843,1.2807112111243413,0.08784689621688657,0.01314128143761395,-0.0016158978399951648,0.05022831050228316,19.79166666666665,0.0,-0.001934874882351778,0.0260901556510027,11.799999999999999,-0.031073446327683607,0.017124992393438676,0.05494505494505497,-0.08602221731773707
28420,2021,3,2.85,"Kennewick-Richland, WA",308734.0,75505.0,382090.4672423084,1415.6099684924654,573.6666666666666,5.133333333333334,1143.0,128863.0,4421.670625,5.060465760443791,True,False,True,True,True,4.663461595086962,1.2155563147358008,0.07192663404615307,0.010575836570520414,-0.003101488640088139,0.06334841628959276,22.39583333333335,0.0,0.0,0.031689935899623434,8.433333333333334,0.12078300708038303,0.12237973724394036,0.07003891050583655,-0.051520451686151714
28420,2024,2,4.3,"Kennewick-Richland, WA",319428.0,88227.75,441625.8919932945,1635.8393205513385,699.6666666666666,4.366666666666667,1243.0,142643.0,5246.626507936508,5.005521414671626,True,False,False,True,False,5.0496255781739,0.8460769669728156,-0.008504835453142734,0.00828334943716813,-0.0035862980065587504,0.1960227272727273,83.04347826086958,0.0,-0.0035775561916020493,0.0582537004200836,3.6,0.0948905109489051,0.024455418348580116,0.046288209606986985,0.05619125764583033
28420,2024,4,4.18,"Kennewick-Richland, WA",319428.0,89010.0,442137.7988473945,1660.656943671445,837.3333333333334,4.666666666666667,1339.0,134082.0,5907.04296875,4.967282314879165,False,False,False,False,False,5.009787084206836,0.6353471569656124,0.009163687421646971,-0.0002494447564913571,-0.014339586638754833,-0.019323671497584516,68.46473029045642,0.0,0.0,0.0624416992120278,5.2,0.02827521206409056,0.15912210409728944,0.030253475061324586,0.025267098182952585
28420,2025,1,4.58,"Kennewick-Richland, WA",,,444708.1612871831,1667.613539148146,720.3333333333334,5.7,1340.0,133591.0,5894.8178333333335,,False,False,False,False,False,4.989690673965661,0.5680301483942864,0.02561693403053633,0.004978678935674941,-0.01738576578974772,-0.004385964912280604,83.06451612903226,0.0021746830546944818,0.0021746830546944818,0.033868137392712105,6.033333333333334,-0.15902841429880854,0.24811511501268746,0.06552006552006562,0.003074789041729309
28420,2025,2,4.39,"Kennewick-Richland, WA",,,443552.2269764848,1687.9443355574765,835.3333333333334,4.333333333333333,1317.0,145965.0,5732.060483870968,,False,False,False,False,False,5.005521414671626,0.5109904113144159,0.029546642323905026,0.012146643137650903,-0.018461310377972155,0.0213776722090262,61.65413533834585,0.0,-0.0021746830546944818,0.01900463803858843,4.366666666666667,0.1438692098092642,0.24739314525733946,0.037562604340567685,0.007415620828713276
28420,2025,3,4.39,"Kennewick-Richland, WA",,,440922.2184660132,1713.5448309889236,1083.6666666666667,4.333333333333333,1332.0,140951.0,6427.73875,,False,False,False,False,False,4.958308308675188,0.3986742406590631,0.0162714903112402,-0.0006495756777783468,-0.017525253728972782,-0.004830917874396046,44.56140350877193,0.0,0.0,0.024990891271161386,4.366666666666667,0.23868508813720823,0.24344959483489204,0.04159869494290369,0.023524729548825896
28420,2025,4,4.27,"Kennewick-Richland, WA",,,441544.50685066247,1708.6060636263635,1038.6666666666667,5.5,1394.0,132953.0,6777.5671875,,False,False,False,False,False,4.967282314879165,0.351813703413141,0.018364858476217716,0.001809892738673824,-0.015481773420214931,0.029556650246305383,40.74074074074072,0.0,0.0,0.02302603834337935,4.666666666666667,-0.03384615384615375,0.3229933232101214,0.0626984126984127,0.019867650414543192
28940,2019,2,1.35,"Knoxville, TN",869046.0,54005.25,193170.91947484412,1047.9378800804282,4390.333333333333,3.1666666666666665,939.0,385512.0,2882.3277777777776,3.576891496194243,False,False,False,False,False,3.5655642320610776,0.29249333353450835,0.06859289401358715,0.017080867280798717,0.002714347785260097,0.023255813953488413,11.86440677966103,0.0,0.0014100028738306403,0.043172863974833664,3.1666666666666665,0.07389405466328558,0.1272577123238514,0.043624161073825496,0.011536480868978849
28940,2019,3,1.34,"Knoxville, TN",869046.0,54636.0,196919.725708376,1053.0164317796941,4470.0,3.1999999999999997,953.0,388357.0,2957.8528125,3.604211979434366,False,False,False,False,False,3.576858878900813,0.24990799023304477,0.06807186335662507,0.0143254183801802,0.0024209644783787987,0.023255813953488413,10.924369747899165,0.0,0.0,0.048048219822810934,3.4,0.06920301738274826,0.15500598332389726,0.03914988814317666,0.011466359279257432
28940,2019,4,1.36,"Knoxville, TN",869046.0,55191.25,200945.1986038084,1058.271154572855,4271.666666666667,2.9333333333333336,1030.0,392017.0,3082.755625,3.6408887025354275,False,False,False,False,False,3.5795234416468906,0.2401914435284187,0.06484752431189822,0.012857467178463589,0.0022845428651021584,0.022727272727272707,9.756097560975618,0.0,0.0,0.04728563310658851,3.0666666666666664,-0.0744171779141104,0.03674172122599795,0.015166835187057526,0.01594567127021773
28940,2020,1,1.37,"Knoxville, TN",906083.0,55746.5,206360.70936960672,1077.8118385044784,3637.0,3.4,1001.0,387549.0,3055.869193548387,3.7017697858987866,False,False,False,False,False,3.573512680953204,0.21730123443927685,0.05563567783736034,0.01025947468392241,0.002034675090777747,0.022222222222222143,11.290322580645151,0.00018059312218721146,0.00018059312218721146,0.06064999577607977,3.3666666666666667,-0.16683237224100222,-0.004562795426325428,-0.015259409969481164,0.0172750787403666
28940,2020,2,1.36,"Knoxville, TN",906083.0,56301.75,210041.18027577896,1085.508839198708,3515.6666666666665,10.5,991.0,367601.0,2931.687619047619,3.7306332445399826,False,False,False,False,False,3.576891496194243,0.1834775158842108,0.05116568473277172,0.012774131008993272,0.0014714752161997388,0.022727272727272707,10.655737704918034,0.0,-0.00018059312218721146,0.07075790177706098,3.1666666666666665,0.047812251392203686,0.0662922038202094,0.006430868167202508,0.01167257993407933
28940,2020,3,1.38,"Knoxville, TN",906083.0,56857.0,214026.61704602468,1111.129010458884,3212.3333333333335,6.433333333333334,1019.0,376134.0,3319.8340625,3.7642966925097117,False,False,False,False,False,3.604211979434366,0.18006429277904257,0.0564314976850846,0.019406680072359794,0.0008383440085157618,0.015151515151515138,10.743801652892571,0.0,0.0,0.05419921592694932,3.1999999999999997,0.018145926657049616,0.03798825437241593,0.02583423035522059,0.012781127430526507
28940,2020,4,1.44,"Knoxville, TN",906083.0,57858.25,223536.60444240062,1148.8586757911619,2800.3333333333335,4.6000000000000005,1147.0,383846.0,3554.5015625,3.8635217007496876,False,False,False,False,False,3.6408887025354275,0.2302017056416359,0.06434253500395881,0.020442202430211776,0.0005733325662743078,0.007407407407407307,9.677419354838722,0.0,0.0,0.056870658198720836,2.9333333333333336,-0.0443698732289336,0.14221561000009686,0.02589641434262946,0.01331730707094203
28940,2021,1,1.48,"Knoxville, TN",916613.0,58859.5,234191.19801861234,1164.6045316455338,2329.3333333333335,4.433333333333334,1046.0,381270.0,3865.7068852459015,3.97881731952552,False,False,False,False,False,3.7017697858987866,0.2913852478596701,0.0819267655524083,0.026950187431329153,0.0009776057082395058,-0.007246376811594013,4.580152671755733,0.03354729168359083,0.03354729168359083,0.05819446648589688,3.4,-0.14857588763168172,0.12306660146925985,0.03409090909090917,0.01172143194651487
28940,2021,2,1.61,"Knoxville, TN",916613.0,59860.75,247221.06601420662,1226.06752433712,2382.6666666666665,3.966666666666667,1066.0,387487.0,4183.62634920635,4.129935993354688,False,False,False,False,False,3.7306332445399826,0.29529004089912503,0.08733333592239689,0.017835134010807607,0.0014560632672712473,0.007407407407407307,5.4263565891472965,0.0,-0.03354729168359083,0.035852276964543295,10.5,-0.033360828521675434,0.017124992393438676,0.055378061767838105,-0.04646029176783084
28940,2021,3,1.71,"Knoxville, TN",916613.0,60862.0,261317.0605656769,1334.6184346659154,2859.6666666666665,3.533333333333333,1090.0,390877.0,4421.670625,4.293599628104185,False,False,False,False,False,3.7642966925097117,0.2997280452070208,0.08687241095888365,0.018974549490785364,0.002012510504056001,0.02985074626865658,6.976744186046502,0.0,0.0,0.05518677289866636,6.433333333333334,-0.08628045889826486,0.12237973724394036,0.0692549842602308,-0.03147361834600637
28940,2021,4,1.82,"Knoxville, TN",916613.0,62325.25,269556.1965880005,1369.8592783667762,2629.0,2.766666666666667,1230.0,397873.0,4602.1089062500005,4.324991822543841,False,False,False,False,False,3.8635217007496876,0.38919170839168293,0.11242570609081493,0.04443366683841421,0.0033678791188707035,0.0588235294117645,9.090909090909083,0.0,0.0,0.08559953734623926,4.6000000000000005,-0.1282556812285981,0.15302735438200687,0.11359223300970878,-0.020843483828507425
28940,2022,1,1.97,"Knoxville, TN",933626.0,63788.5,285188.9299529156,1400.6396677824223,1845.6666666666667,3.033333333333333,1121.0,399629.0,4463.855483870967,4.470851798567384,False,False,False,False,False,3.97881731952552,0.49232782592833413,0.13486331159658516,0.04766375333824624,0.005388167673959969,0.08029197080291972,9.62962962962961,-0.030996545308237256,-0.030996545308237256,0.08052675804849674,4.433333333333334,-0.16819426258778714,0.2650105879555513,0.044955044955044876,-0.016201822221190043
28940,2022,2,2.31,"Knoxville, TN",933626.0,65251.75,305442.7239926216,1484.83850168537,2237.3333333333335,3.233333333333333,1133.0,402846.0,4105.667096774193,4.680989000181935,False,False,False,False,False,4.129935993354688,0.6426504032917295,0.17701236343088245,0.05563773577245512,0.0087931509109935,0.18382352941176472,21.969696969696972,0.0,0.030996545308237256,0.12948644917729846,3.966666666666667,0.022896393817973593,0.4270368786990453,0.07568113017154388,0.05409669723422961
28940,2022,3,2.39,"Knoxville, TN",933626.0,66715.0,316267.6707815429,1552.3067944438915,2905.3333333333335,3.266666666666667,1174.0,408740.0,3980.35109375,4.74057814256978,False,False,False,False,False,4.293599628104185,0.8119680305877632,0.22095589872115196,0.057017772711408954,0.013106408801236355,0.23913043478260887,29.54545454545454,0.0,0.0,0.2011372415834347,3.533333333333333,0.20019585898153336,0.3318950711862574,0.06967615309126596,0.03919613754672535
28940,2022,4,2.65,"Knoxville, TN",933626.0,67469.75,315693.8731665488,1549.0749815838544,2700.0,3.0,1240.0,412193.0,3851.9734920634924,4.6790431736674405,False,False,False,False,False,4.324991822543841,0.8343829025593403,0.20587049830336812,0.03152926948010304,0.015623778989010243,0.26388888888888906,34.81481481481481,0.0,0.0,0.19236535113722497,2.766666666666667,-0.08066208182771883,0.294726932969241,0.07236268526591116,0.036543301219760016
28940,2023,1,2.93,"Knoxville, TN",947279.0,68224.5,316400.78974822565,1560.3032081751398,2131.6666666666665,3.1,1224.0,411020.0,4000.064516129032,4.6376417525702,False,False,False,False,False,4.470851798567384,0.9716039161193595,0.21776109591552717,0.057994338704847825,0.017193584916580698,0.33108108108108114,42.75362318840581,0.006939271111707113,0.006939271111707113,0.2026740663660147,3.033333333333333,-0.29795866615950295,0.15473201056913988,0.07170172084130022,0.048152228079838544
28940,2023,2,2.83,"Knoxville, TN",947279.0,68979.25,325523.57337208645,1605.6489720542595,2205.3333333333335,2.9333333333333336,1183.0,414964.0,4206.072903225806,4.719152112730806,False,False,False,False,False,4.680989000181935,1.1859206459123963,0.2355044370493462,0.07101886473310826,0.0181089013544869,0.4347826086956521,71.1111111111111,0.0,-0.006939271111707113,0.21105768826896854,3.233333333333333,0.21220877731623622,-0.01863437265303247,0.06285178236397759,0.039637458805069636
28940,2023,3,2.85,"Knoxville, TN",947279.0,69734.0,337597.04101705,1650.1529971386801,2247.0,3.1999999999999997,1177.0,418124.0,4458.13746031746,4.841211475278199,False,False,False,False,False,4.74057814256978,1.2375495411107789,0.21028328612343028,0.03544018547052641,0.01700444647617577,0.3976608187134505,78.35820895522387,0.0,0.0,0.16310906107966971,3.266666666666667,0.298569725864124,-0.0998083232963558,0.07706422018348613,0.04569979814621994
28940,2023,4,2.89,"Knoxville, TN",947279.0,70406.0,346183.0580841557,1655.079751205947,2413.6666666666665,2.8333333333333335,1290.0,421502.0,4464.907619047619,4.9169539255767365,False,False,False,False,False,4.6790431736674405,1.1607143888422766,0.17116162478381747,-0.0018142784356560693,0.013679018288539227,0.456043956043956,94.85294117647057,0.0,0.0,0.13082782008875338,3.0,-0.07067462138595693,-0.16299818832356816,0.008130081300812941,0.03599138418540582
28940,2024,1,3.11,"Knoxville, TN",957608.0,71078.0,349727.58343408396,1647.8024619596927,2319.3333333333335,2.9333333333333336,1254.0,417209.0,4992.540983606557,4.920335173106784,False,False,False,False,False,4.6376417525702,1.0925271683065834,0.10944274660472653,0.002239247073711592,0.008032083658945087,0.4873096446700509,113.86861313868613,-0.003937094276040165,-0.003937094276040165,0.11399330182152179,3.1,-0.21049382716049392,-0.10389918970668477,0.0918822479928636,0.028503937401940238
28940,2024,2,2.93,"Knoxville, TN",957608.0,71750.0,355859.39748723106,1675.1373665592216,2876.6666666666665,3.0,1221.0,419904.0,5246.626507936508,4.9597128569648925,False,False,False,False,False,4.719152112730806,1.1535878806697286,0.0657434202948961,0.02883299890344837,0.000757739460459618,0.22510822510822504,108.08823529411762,0.0,0.003937094276040165,0.08136270054404116,2.9333333333333336,0.034558248631743727,0.024455418348580116,0.04413062665489842,0.030080973870908467
28940,2024,3,2.97,"Knoxville, TN",957608.0,72422.0,358433.90343451314,1694.1093983512783,3601.3333333333335,3.3666666666666667,1222.0,424918.0,5543.46921875,4.949240609683703,False,False,False,False,False,4.841211475278199,1.2643525963773863,0.06744088064012099,0.0370893804092125,-0.006321290505414643,0.19246861924686187,106.52173913043481,0.0,0.0,0.06303277357607762,3.1999999999999997,0.018893591293833056,0.12003623683289799,0.0025553662691653045,0.02295835983754957
28940,2024,4,3.01,"Knoxville, TN",957608.0,72422.0,359479.8977718397,1701.5876191422296,3743.6666666666665,3.1333333333333333,1350.0,424804.0,5907.04296875,4.963683656511001,False,False,False,False,False,4.9169539255767365,1.3374304839298459,0.09657832320845183,0.025432737921041504,-0.010982251360784475,0.09056603773584904,100.69444444444446,0.0,0.0,0.06843101262516549,2.8333333333333335,0.07417297136923295,0.15912210409728944,0.040322580645161255,0.022584080758285552
28940,2025,1,3.2,"Knoxville, TN",,,361823.231986776,1700.5635203931522,3568.6666666666665,3.1333333333333333,1293.0,420385.0,5894.8178333333335,,False,False,False,False,False,4.920335173106784,1.3468224921535796,0.10533094342899063,0.010238875840846484,-0.014175860958232386,0.06143344709897591,110.13513513513513,-0.0037197661967587337,-0.0037197661967587337,0.05607836561900559,2.9333333333333336,-0.0390829995856925,0.24811511501268746,0.02450980392156854,0.015057661427667846
28940,2025,2,3.08,"Knoxville, TN",,,361393.1794004473,1727.3516829338143,4256.333333333333,3.1,1274.0,421948.0,5732.060483870968,,False,False,False,False,False,4.9597128569648925,1.3828213607706497,0.09319086725700676,0.017533115326326065,-0.01571401051271096,0.035335689045936425,81.98757763975155,0.0,0.0037197661967587337,0.04327745087150592,3.0,0.24029893647599865,0.24739314525733946,0.03212172442941674,0.0119046471501143
28940,2025,3,3.14,"Knoxville, TN",,,361095.89281750255,1735.7930875790817,4777.666666666667,3.3333333333333335,1276.0,424431.0,6427.73875,,False,False,False,False,False,4.949240609683703,1.3450286302493373,0.06172110500343764,0.00723461559666827,-0.015878937807287462,0.04210526315789487,73.6842105263158,0.0,0.0,0.026637773157287548,3.3666666666666667,0.25191193511008114,0.24344959483489204,0.03823279524214107,0.016248768307965955
28940,2025,4,3.07,"Knoxville, TN",,,363037.9811872577,1719.5894449894756,4762.0,3.0999999999999996,1392.0,429297.0,6777.5671875,,False,False,False,False,False,4.963683656511001,1.3227949539755732,0.03840985102295669,0.002918234930635366,-0.016512621786413093,0.04152249134948094,65.38461538461537,0.0,0.0,0.02810007668959469,3.1333333333333333,0.039522399111440176,0.3229933232101214,0.04651162790697683,0.007833889281664064
29420,2019,2,2.65,"Lake Havasu City-Kingman, AZ",212181.0,45006.75,223655.91147785625,1006.9987001438035,1628.6666666666667,6.066666666666666,757.0,51062.0,2882.3277777777776,4.969385958280841,False,False,False,False,False,4.703709961020055,1.1344101238460147,0.09259107790051879,0.02456576538784061,-0.00021401895485774933,0.054621848739495826,16.203703703703674,0.0,-0.003175870717296858,0.069151384631988,5.766666666666667,-0.15048471290082022,0.1272577123238514,0.03916083916083912,0.02605829853434871
29420,2019,3,2.64,"Lake Havasu City-Kingman, AZ",212181.0,45587.0,227708.31696724924,1022.4399978277787,1507.3333333333333,6.233333333333333,748.0,51195.0,2957.8528125,4.995027463251568,False,False,True,False,False,4.797534562159809,1.1198707490145292,0.10059794998560956,0.030059209970675127,0.0015301925230384416,0.09663865546218497,20.276497695852534,0.0,0.0,0.07253832317161457,6.033333333333334,-0.1799508426966292,0.15500598332389726,0.018232819074333717,0.027701223960444166
29420,2019,4,2.69,"Lake Havasu City-Kingman, AZ",212181.0,46111.75,232788.2439331365,1033.2885459773206,1442.0,5.866666666666667,789.0,51386.0,3082.755625,5.0483498009322245,True,False,True,True,True,4.87649209996728,1.113853306598414,0.11085176195986124,0.030089885094541025,0.003765364756046653,0.06477732793522262,17.93721973094169,0.0,0.0,0.05526219733159077,5.933333333333334,-0.0475272960822094,0.03674172122599795,0.02016129032258074,0.02553628204612224
29420,2025,2,6.02,"Lake Havasu City-Kingman, AZ",,,346097.0187447796,1526.295294751788,1670.0,4.8999999999999995,1025.0,55418.0,5732.060483870968,,False,False,False,False,False,6.1036341190694285,1.1342481607885873,0.016189459355923086,0.008763914234840575,-0.0321973851649997,0.10720887245841038,75.14619883040936,0.0,0.000951137280555514,0.03730064374069286,4.266666666666667,0.031341107871720064,0.24739314525733946,0.03676470588235303,0.015762914028810027
29420,2025,3,5.91,"Lake Havasu City-Kingman, AZ",,,344585.74893434945,1532.4682307384235,1673.3333333333333,5.433333333333334,1017.0,55824.0,6427.73875,,False,False,False,False,False,6.050059088790244,1.0550316255386756,0.007192868029618715,-0.0006130612196126872,-0.02657007624047641,0.052727272727272734,56.91056910569105,0.0,0.0,0.032750119757174234,4.933333333333334,-0.028975265017667895,0.24344959483489204,0.03389830508474567,0.013385628440862218
29420,2025,4,5.63,"Lake Havasu City-Kingman, AZ",,,346500.2948789517,1534.250649770539,1669.3333333333333,5.1,1055.0,55665.0,6777.5671875,,False,False,False,False,False,6.0444769054689145,0.99612710453669,0.009181234154329365,-0.0009226659177050678,-0.0201820544555631,0.02684563758389258,58.54922279792747,0.0,0.0,0.035549882873617156,4.7,0.04415332362930613,0.3229933232101214,0.036772216547497516,0.01911330049261073
29460,2019,2,2.83,"Lakeland-Winter Haven, FL",724777.0,50063.0,193724.93790526598,1250.4992860153418,3831.0,3.6,841.0,221412.0,2882.3277777777776,3.8696230330836343,False,False,False,False,False,3.730747941288612,1.1988979628371825,0.0982442291457688,0.022596058328263835,0.0010798779372290517,0.10000000000000009,18.534482758620708,0.0,-0.0016199521991562271,0.05921981002219501,4.033333333333333,0.021389305347326415,0.1272577123238514,0.03756476683937815,0.01889290527829779
29460,2019,3,2.79,"Lakeland-Winter Haven, FL",724777.0,50584.0,195959.5049831478,1267.4083138963808,3557.6666666666665,3.966666666666667,823.0,228556.0,2957.8528125,3.873942451825633,False,False,False,False,False,3.767653895742223,1.1121684625893176,0.09813816975379641,0.023140460932121965,0.0008913252994919317,0.057034220532319324,21.92982456140351,0.0,0.0,0.0649498985999657,4.2,0.004207848126039693,0.15500598332389726,0.03221649484536093,0.04989963261750563
29460,2019,4,2.84,"Lakeland-Winter Haven, FL",724777.0,50821.75,199270.64096458114,1274.6423532880651,3710.0,3.3666666666666667,867.0,235724.0,3082.755625,3.920971650220253,False,False,False,False,False,3.8143641088943077,1.0528894270720879,0.09645224250239037,0.02327313953009158,0.0006938264035984643,0.03731343283582067,17.29957805907172,0.0,0.0,0.06402075177676925,3.733333333333333,0.023192360163710735,0.03674172122599795,0.032886723507917104,0.032950219321078
29460,2020,1,2.92,"Lakeland-Winter Haven, FL",730179.0,51059.5,203689.9253980471,1289.0961401058755,3459.3333333333335,3.8000000000000003,879.0,235163.0,3055.869193548387,3.9892659622214692,False,False,False,False,False,3.8658020600311187,1.0143723670833444,0.09657864139066175,0.02425674955623225,0.00052633363204615,0.05128205128205132,16.666666666666675,-0.005245648925985336,-0.005245648925985336,0.06689287485239648,3.8333333333333335,0.060380952380952424,-0.004562795426325428,0.01820388349514568,0.038395822796921664
29460,2020,2,2.87,"Lakeland-Winter Haven, FL",730179.0,51297.25,206717.6603420671,1321.2146183592035,3301.6666666666665,15.033333333333333,869.0,220568.0,2931.687619047619,4.029800044682066,False,False,False,False,False,3.8696230330836343,0.9464155150036433,0.08469602967628864,0.01151512765615692,4.73860082947754e-06,0.029090909090909056,15.51020408163264,0.0,0.005245648925985336,0.054081037122384545,3.6,0.0322435782288486,0.0662922038202094,0.04993757802746557,0.03492568009722352
29460,2020,3,2.95,"Lakeland-Winter Haven, FL",730179.0,51535.0,210479.46273013498,1330.2246974153904,2997.6666666666665,10.933333333333332,871.0,230164.0,3319.8340625,4.084204186089744,False,False,False,False,False,3.873942451825633,0.8851401259859526,0.07239207114193569,0.011534741484725997,-0.001029521412207592,0.003597122302158251,12.955465587044523,0.0,0.0,0.05323808320619694,3.966666666666667,-0.07134777690768301,0.03798825437241593,0.027465667915106184,0.03062715318987763
29460,2020,4,3.07,"Lakeland-Winter Haven, FL",730179.0,52426.0,218300.0010065362,1366.967057820384,2701.3333333333335,7.0,976.0,238450.0,3554.5015625,4.163964464321829,False,False,False,False,False,3.920971650220253,0.875180240306729,0.06570990955971534,0.0168970419766985,-0.00195914032573383,0.021582733812949728,15.44715447154472,0.0,0.0,0.05280556204344289,3.3666666666666667,0.04281832661857021,0.14221561000009686,0.022405660377358583,0.03302540010868227
29460,2021,1,3.14,"Lakeland-Winter Haven, FL",755712.0,53317.0,227391.87763361342,1382.7146437422507,2380.0,6.066666666666666,885.0,242340.0,3865.7068852459015,4.264903832428933,False,False,False,False,False,3.9892659622214692,0.8819593968111619,0.06354629981625148,0.02217729823156178,-0.002819271389886309,0.017421602787456303,12.741312741312738,-0.018275624557257286,-0.018275624557257286,0.04842464773093624,3.8000000000000003,-0.06756513926325247,0.12306660146925985,0.04767580452920139,0.03185113030047737
29460,2021,2,3.35,"Lakeland-Winter Haven, FL",755712.0,54208.0,238278.82670836998,1448.4954898873987,2139.0,5.766666666666667,902.0,236322.0,4183.62634920635,4.395639512772468,False,False,False,False,False,4.029800044682066,0.8749853038918922,0.06706788799258634,0.014864431503439635,-0.003313531538810972,0.014134275618374659,14.800000000000013,0.0,0.018275624557257286,0.05654967830424984,15.033333333333333,-0.04557718250144549,0.017124992393438676,0.03329369797859694,-0.0038118981807671037
29460,2021,3,3.62,"Lakeland-Winter Haven, FL",755712.0,55099.0,252205.05796371214,1555.1900399440856,2237.3333333333335,5.433333333333334,932.0,245235.0,4421.670625,4.577307355191785,False,False,False,False,False,4.084204186089744,0.8558671184220428,0.07409672599568906,0.018197779434243833,-0.003288020717286586,0.057347670250896154,12.167300380228152,0.0,0.0,0.049562862126013574,10.933333333333332,-0.09207470974255427,0.12237973724394036,0.05832320777642774,0.00703547489455536
29460,2021,4,3.8,"Lakeland-Winter Haven, FL",755712.0,56549.5,265380.5642794729,1627.7642565456356,2250.3333333333335,4.233333333333333,995.0,251201.0,4602.1089062500005,4.69288966798067,False,False,False,False,False,4.163964464321829,0.879902790218547,0.09549505110156886,0.03715582591745914,-0.002441196202542374,0.08098591549295775,14.552238805970141,0.0,0.0,0.0724318506239483,7.0,-0.09885466473924154,0.15302735438200687,0.12572087658592856,0.011564371892552217
29460,2022,1,4.07,"Lakeland-Winter Haven, FL",790530.0,58000.0,284615.794535197,1665.2373526058298,2056.0,3.9,967.0,252193.0,4463.855483870967,4.9071688712965,False,False,True,False,False,4.264903832428933,0.924963845003743,0.11636290891288992,0.04164854138871488,-0.0006946025319277386,0.07534246575342474,15.018315018315032,0.027514810926388966,0.027514810926388966,0.07262336820641324,6.066666666666666,-0.11895360315893388,0.2650105879555513,0.006825938566553003,0.03051925685588297
29460,2022,2,4.82,"Lakeland-Winter Haven, FL",790530.0,59450.5,308850.95636610355,1723.3584987657925,2429.6666666666665,3.5,979.0,246110.0,4105.667096774193,5.195094345146021,True,False,True,True,True,4.395639512772468,1.0107652485841347,0.1526776488959718,0.047877475607542186,0.002448994610630296,0.16724738675958184,21.818181818181827,0.0,-0.027514810926388966,0.09633625737979146,5.766666666666667,-0.10126050420168065,0.4270368786990453,0.03797468354430378,0.07142468535780355
29460,2023,4,6.31,"Lakeland-Winter Haven, FL",824172.0,64227.5,319134.52382320864,1779.220198836939,3675.3333333333335,3.8333333333333335,1062.0,264491.0,4464.907619047619,4.968814352469092,False,False,False,False,False,5.2475236289861185,1.5892213431001516,0.2177904841483469,-0.0012085961839392034,0.02209277070990931,0.5052631578947369,101.40845070422534,0.0,0.0,0.0796382273390972,3.3333333333333335,0.10131371518654753,-0.16299818832356816,0.0170854271356784,0.03330002667186838
29460,2024,1,7.41,"Lakeland-Winter Haven, FL",852878.0,64811.0,320502.3034089003,1793.8733994057102,4068.6666666666665,3.9,1076.0,261869.0,4992.540983606557,4.945183740551762,False,False,False,False,False,5.105504423044137,1.4086980462887109,0.11705861125250694,-0.01623069292102053,0.01527555870581203,0.4742014742014742,105.47945205479454,-0.0035168474909585967,-0.0035168474909585967,0.06022705542632356,3.3333333333333335,0.006298310907529414,-0.10389918970668477,0.07135470527404353,0.02602768514590026
29460,2024,2,6.35,"Lakeland-Winter Haven, FL",852878.0,65394.5,321462.7176907507,1810.7064830554216,4646.0,4.033333333333333,1050.0,253674.0,5246.626507936508,4.915745478453856,False,False,False,False,False,5.021129960502336,1.2903820192137236,0.023540801217640572,-0.005696079232119455,0.004647368075967599,0.27593360995850613,114.28571428571428,0.0,0.0035168474909585967,0.0347958982083294,3.4333333333333336,-0.01754385964912275,0.024455418348580116,0.023493360572012234,0.022871886554792553
29460,2024,3,6.74,"Lakeland-Winter Haven, FL",852878.0,65978.0,318932.3061679252,1805.5993878452857,5298.333333333333,4.7,1042.0,261114.0,5543.46921875,4.833918975536166,False,False,False,False,False,4.998876170935972,1.231222275193749,-0.01675226998529178,0.006411836374459634,-0.006906678202974838,0.15151515151515138,106.10169491525423,0.0,0.0,0.01774556478650169,4.033333333333333,-0.02094594594594601,0.12003623683289799,-0.003976143141153132,0.01735015154426156
29460,2024,4,7.01,"Lakeland-Winter Haven, FL",852878.0,65978.0,316491.76393284433,1792.7345517261592,4928.333333333333,4.233333333333333,1115.0,265740.0,5907.04296875,4.796928732802515,False,False,False,False,False,4.968814352469092,1.1544502435747845,-0.012511380607212463,0.0030993353027646275,-0.016689654546612132,0.10314685314685312,105.53745928338762,0.0,0.0,0.012418189161994109,3.8333333333333335,0.0870551118998324,0.15912210409728944,0.049407114624505866,0.01897397964294245
29460,2025,1,7.33,"Lakeland-Winter Haven, FL",,,314438.5919985404,1812.9916870089364,5169.666666666667,4.266666666666667,1111.0,265339.0,5894.8178333333335,,False,False,False,False,False,4.945183740551762,1.0793816805206435,0.008082781815039741,0.004285902914249906,-0.02397671899650988,0.2350000000000001,135.98726114649682,-0.007726151446119545,-0.007726151446119545,0.01605393811712741,3.9,0.10701977144930153,0.24811511501268746,0.03861003861003853,0.012026727779345103
29460,2025,2,7.16,"Lakeland-Winter Haven, FL",,,309986.11801781086,1827.1491954709293,5634.666666666667,4.466666666666667,1088.0,258356.0,5732.060483870968,,False,False,False,False,False,4.915745478453856,1.046122445370222,0.016895913185296596,0.0029965908876017355,-0.02851694317001396,0.03252032520325199,89.55223880597015,0.0,0.007726151446119545,0.01535456972303173,4.033333333333333,0.1418974274946747,0.24739314525733946,0.0479041916167664,0.007686532480068564
29460,2025,3,6.51,"Lakeland-Winter Haven, FL",,,304833.2546892312,1823.7496874041306,5539.0,5.2,1084.0,264529.0,6427.73875,,False,False,False,False,False,4.833918975536166,0.9599765237105333,0.00246372749333279,-0.007871555186874879,-0.03059168117518879,0.10855263157894735,86.1878453038674,0.0,0.0,0.006329829461955594,4.7,0.1404075190127707,0.24344959483489204,0.03992015968063867,0.006351506555772213
29460,2025,4,6.67,"Lakeland-Winter Haven, FL",,,302265.22444750386,1814.2196562282782,5247.666666666667,5.7,1160.0,269962.0,6777.5671875,,False,False,False,False,False,4.796928732802515,0.875957082582262,-0.008281021616540318,-0.007652226469010759,-0.030918409185620953,0.11093502377179076,84.47368421052633,0.0,0.0,0.007595660670924431,4.233333333333333,-0.06983328090594532,0.3229933232101214,0.04990583804143123,0.004722277884691817
29740,2019,2,2.15,"Las Cruces, NM",218195.0,40520.75,179408.96005955836,942.6532254620279,812.6666666666666,6.066666666666666,765.0,73204.0,2882.3277777777776,4.427582412950361,False,False,False,False,False,4.4037985532095805,-0.047521483083158955,0.029345604936289904,0.0036805316583123915,0.0022728059518417167,-0.045248868778280604,4.455445544554459,0.0,0.0019319429649278241,0.026785936650304043,5.7,-0.05736025753585006,0.1272577123238514,0.024861878453038777,0.016453738662802753
29740,2019,3,2.11,"Las Cruces, NM",218195.0,40973.0,180714.68535086032,963.173629523938,815.0,5.966666666666666,749.0,74366.0,2957.8528125,4.410579780608213,False,False,False,False,False,4.473792872733887,-0.025865342087147525,0.025343609612741735,0.01621842552666175,0.0022308786899951616,-0.07423580786026196,1.9230769230769162,0.0,0.0,0.03165534344432874,5.7,-0.08009934802856267,0.15500598332389726,0.022824536376604865,0.02926897516614191
29740,2019,4,2.11,"Las Cruces, NM",218195.0,41735.75,182317.19853707054,966.946866162746,742.3333333333334,5.3999999999999995,791.0,74268.0,3082.755625,4.368370007417395,False,False,False,False,False,4.555480281469946,0.09924015123092378,0.0543522070570952,0.030017538282734568,0.0036395315077658646,-0.0045045045045045695,1.3761467889908063,0.0,0.0,0.0341169532387422,5.5,-0.06884913938575765,0.03674172122599795,0.0311231393775373,0.029746489914190155
29740,2020,1,2.15,"Las Cruces, NM",220069.0,42498.5,186299.50099381307,980.1098009879506,641.6666666666666,7.033333333333334,761.0,73477.0,3055.869193548387,4.383672388291659,False,False,False,False,False,4.528883076219064,0.1242380444125688,0.056364609850458436,0.005510611604415905,0.0048846470838564485,-0.0044642857142858094,1.82648401826484,-0.0008865974688827549,-0.0008865974688827549,0.03128890213944646,6.333333333333333,-0.10076114534251535,-0.004562795426325428,0.013736263736263687,0.008233085320909606
29740,2020,2,2.11,"Las Cruces, NM",220069.0,43261.25,188640.4227620369,992.1695959776749,611.0,8.866666666666667,832.0,68477.0,2931.687619047619,4.360494039401009,False,False,False,False,False,4.427582412950361,0.0574596190507517,0.040562758819026934,-0.011333233566800271,0.005164955177554847,0.018957345971563955,-2.272727272727282,0.0,0.0008865974688827549,0.03406420890336026,6.066666666666666,-0.01733172108020964,0.0662922038202094,0.030997304582210283,0.0033718029551248474
29740,2020,3,2.12,"Las Cruces, NM",220069.0,44024.0,192607.29272289845,1011.5909486268997,556.3333333333334,8.5,790.0,70283.0,3319.8340625,4.375052078931911,False,False,False,False,False,4.410579780608213,0.021861967260739412,0.031408083295789035,0.007277926870923768,0.00453905477447187,-0.004716981132075526,2.9268292682926855,0.0,0.0,0.04566438512815463,5.966666666666666,0.0028712059064808226,0.03798825437241593,0.04463040446304034,0.010860847934535789
29740,2020,4,2.19,"Las Cruces, NM",220069.0,44805.75,199866.0225655092,1049.5273055796224,507.0,7.466666666666666,881.0,69582.0,3554.5015625,4.4607226207687445,False,False,False,False,False,4.368370007417395,0.036635777692223925,0.010229634505180663,0.008867642289827726,0.0028459945206084363,-0.045248868778280604,0.9569377990430672,0.0,0.0,0.048208960506006315,5.3999999999999995,-0.08916155419222904,0.14221561000009686,0.03805774278215224,0.009597346456050593
29740,2021,1,2.26,"Las Cruces, NM",221756.0,45587.5,207312.85051677396,1069.992438971493,454.0,8.0,798.0,69292.0,3865.7068852459015,4.547581036836281,False,False,False,False,False,4.383672388291659,0.10446720101335938,0.02663838625744752,0.021842714174509448,0.0016356250619199936,-0.0358744394618834,-6.926406926406936,0.004368248096888072,0.004368248096888072,0.053450178643744906,7.033333333333334,-0.13560844185002252,0.12306660146925985,0.031165311653116534,0.013517800736582153
29740,2021,2,2.4,"Las Cruces, NM",221756.0,46369.25,214965.82425967845,1089.8531431921192,417.3333333333333,7.7,858.0,71495.0,4183.62634920635,4.635956463813377,False,False,False,False,False,4.360494039401009,0.09337022440947518,0.0514548587730177,0.01256536789275442,0.0014149879346632098,-0.018604651162790753,-4.52488687782806,0.0,-0.004368248096888072,0.05252872337160608,8.866666666666667,-0.04779220779220772,0.017124992393438676,0.08758169934640514,-0.06457297415441776
29740,2021,3,2.56,"Las Cruces, NM",221756.0,47151.0,224156.74145367616,1138.0461240550922,511.6666666666667,7.033333333333334,821.0,73385.0,4421.670625,4.7540188215239585,False,False,False,False,False,4.375052078931911,0.051690718739223485,0.06580874901753808,0.021028737652192486,0.0019397871375333973,0.004739336492891155,-7.423580786026196,0.0,0.0,0.050268526482491804,8.5,-0.08947081287506808,0.12237973724394036,0.05473965287049398,-0.054904122851840875
29740,2021,4,2.69,"Las Cruces, NM",221756.0,48171.25,231489.63282575397,1164.7842473391845,516.6666666666666,5.566666666666666,895.0,73519.0,4602.1089062500005,4.8055558621740975,False,False,False,False,False,4.4607226207687445,0.12458040147361338,0.09625435323300269,0.0376866822641746,0.0033354256626220696,0.03791469194312791,-1.3513513513513598,0.0,0.0,0.0854032856475253,7.466666666666666,-0.08867585380467347,0.15302735438200687,0.11378002528445008,-0.06309581515592178
29740,2022,1,2.89,"Las Cruces, NM",223604.0,49191.5,243010.5405468604,1218.6015791308255,404.3333333333333,5.5,825.0,73350.0,4463.855483870967,4.9400921001974,False,False,True,False,False,4.547581036836281,0.23828064033003393,0.11279337524183042,0.0372590991489008,0.005415446286027425,0.051162790697674376,0.8928571428571175,-0.0009228702176111714,-0.0009228702176111714,0.0917067025479601,8.0,-0.10453648915187375,0.2650105879555513,0.04862023653088032,-0.056956598663527314
29740,2022,2,3.32,"Las Cruces, NM",223604.0,50211.75,256719.65528679764,1265.4951845994199,400.6666666666667,4.866666666666666,876.0,74338.0,4105.667096774193,5.112740649087069,True,False,True,True,True,4.635956463813377,0.32384224855302524,0.1395533423440749,0.03691509582656227,0.007917079743222376,0.13744075829383884,13.744075829383885,0.0,0.0009228702176111714,0.098454485614617,7.7,-0.08076358296622621,0.4270368786990453,0.03125,0.04407319245878183
29740,2025,2,5.04,"Las Cruces, NM",,,290457.0286347754,1417.5641150430658,815.6666666666666,4.8,984.0,81120.0,5732.060483870968,,False,False,False,False,False,5.089651175476339,0.662068762525978,0.03893568596642405,0.010626129181087407,-0.013529252088711257,0.164490861618799,85.83333333333334,0.0,0.000602087635119597,0.04943000191283864,5.0,0.11800923550538744,0.24739314525733946,0.022508038585209,0.013549787441722971
29740,2025,3,4.87,"Las Cruces, NM",,,289669.86790878634,1433.1950524431993,925.0,4.933333333333334,992.0,82663.0,6427.73875,,False,False,False,False,False,5.085417835273068,0.6748380546648551,0.01917944057929688,0.004402452990651007,-0.015470591741856861,0.05755395683453246,72.265625,0.0,0.0,0.02724698798726677,5.166666666666667,0.1335474988526848,0.24344959483489204,0.03820960698689957,0.020487568408832812
29740,2025,4,4.32,"Las Cruces, NM",,,288722.32441998966,1430.7627556709083,916.3333333333334,5.05,1055.0,82904.0,6777.5671875,,False,False,False,False,False,5.11492527379046,0.7465552663730648,0.017318615061921117,0.005802362652037152,-0.016725696309521202,-0.0897155361050328,54.64684014869889,0.0,0.0,0.01877661175702161,4.466666666666667,-0.05141700404858307,0.3229933232101214,0.04088050314465419,0.022523888973153383
29940,2019,2,2.36,"Lawrence, KS",122259.0,58534.25,212515.86794673407,872.9075076969161,449.3333333333333,2.6666666666666665,774.0,49635.0,2882.3277777777776,3.6306242575369816,False,False,False,False,False,3.6730461812951054,0.2626526741915627,0.06051991555599656,0.018895024598588606,0.0033580415590306217,0.008810572687224738,11.165048543689316,0.0,-0.001710976568393141,0.029834351594645092,2.9,0.13295346628679972,0.1272577123238514,0.038199181446111785,-0.004996709985194969
29940,2019,3,2.34,"Lawrence, KS",122259.0,59435.0,215567.86352948155,876.2981665683038,485.3333333333333,2.966666666666667,764.0,49816.0,2957.8528125,3.626951518961581,False,False,False,False,False,3.6964124179361817,0.27643970755490255,0.06189110676648246,0.01299302460267282,0.002646204247488105,0.026200873362445476,9.302325581395365,0.0,0.0,0.021319519242572582,3.0,0.11148365465213739,0.15500598332389726,0.019553072625698276,0.0025610518461756104
29940,2019,4,2.37,"Lawrence, KS",122259.0,59831.25,218039.94140140453,892.4631032731567,445.3333333333333,2.3666666666666667,836.0,49776.0,3082.755625,3.6442484721847617,False,False,False,False,False,3.644217593606378,0.22272114120631725,0.05138748492905676,0.0017850128905070317,0.0015106728903035306,0.0,13.207547169811317,0.0,0.0,0.03465541568115493,2.466666666666667,-0.04826546003016585,0.03674172122599795,0.019685039370078705,-0.00028125439459991686
29940,2020,1,2.46,"Lawrence, KS",118787.0,60227.5,221237.8878818079,909.5454864865742,376.3333333333333,2.9333333333333336,810.0,47892.0,3055.869193548387,3.673369937018935,False,False,False,False,False,3.6149990913304744,0.1848895438245024,0.04197062936147522,0.007732002995052056,0.000278072680305068,0.008130081300812941,13.242009132420085,0.0026116981162045416,0.0026116981162045416,0.03258665081930334,3.1,-0.18066561014263072,-0.004562795426325428,0.03908355795148255,0.006809496707049334
29940,2020,2,2.32,"Lawrence, KS",118787.0,60623.75,224445.04058539707,918.8122736424301,395.0,9.633333333333333,867.0,44436.0,2931.687619047619,3.702262571770916,False,False,False,False,False,3.6306242575369816,0.20731938431689168,0.04311985530612916,0.020018799649585306,-0.00029308478969694877,0.03056768558951961,12.380952380952381,0.0,-0.0026116981162045416,0.01721077773327795,2.6666666666666665,0.3036750483558992,0.0662922038202094,0.01708278580814726,0.025749653846948606
29940,2020,3,2.38,"Lawrence, KS",118787.0,61020.0,228632.687751362,920.5094520156521,335.0,6.2,827.0,45804.0,3319.8340625,3.7468483735064244,False,False,False,False,False,3.626951518961581,0.21830049206041213,0.04452878234203306,0.014361259760200307,-0.00035227107710386266,-0.004255319148936287,6.363636363636349,0.0,0.0,0.0284337265216954,2.966666666666667,0.0801186943620178,0.03798825437241593,0.046575342465753344,0.0020114248933944534
29940,2020,4,2.43,"Lawrence, KS",118787.0,61413.5,237334.34222733742,935.3114219197919,262.3333333333333,4.033333333333333,932.0,45379.0,3554.5015625,3.864530473386754,False,False,False,False,False,3.6442484721847617,0.23113413083698875,0.05462465628079194,0.011467747703427511,-0.0001256257307329267,-0.012499999999999956,6.756756756756754,0.0,0.0,0.022639352245227506,2.3666666666666667,-0.08241758241758246,0.14221561000009686,0.07593307593307586,0.00026123826939694617
29940,2021,1,2.5,"Lawrence, KS",119503.0,61807.0,245062.38438443802,937.5703388917485,184.66666666666666,3.8333333333333335,855.0,45602.0,3865.7068852459015,3.9649616448693195,False,False,False,False,False,3.673369937018935,0.23166193037146376,0.0618821409174648,0.014666792055846534,9.737085921536643e-05,-0.008064516129032251,3.3613445378151363,-0.0378943056553529,-0.0378943056553529,0.03480205174309248,2.9333333333333336,-0.15494011976047906,0.12306660146925985,0.05058365758754868,-0.03309038783791973
29940,2021,2,2.74,"Lawrence, KS",119503.0,62200.5,256981.96592495884,955.2361257620673,238.0,3.4,881.0,46733.0,4183.62634920635,4.131509649037529,False,False,False,False,False,3.702262571770916,0.25194892810550673,0.05613309139651146,0.014496399031356466,-8.263299104700153e-05,-0.016949152542372947,2.2026431718061623,0.0,0.0378943056553529,0.05258835047326982,9.633333333333333,0.049601417183348095,0.017124992393438676,0.12015503875968991,-0.10474463584164395
29940,2021,3,2.86,"Lawrence, KS",119503.0,62594.0,267045.04603833146,980.8031235317372,265.3333333333333,3.3333333333333335,848.0,46534.0,4421.670625,4.266304215073832,False,False,False,False,False,3.7468483735064244,0.3020064592726137,0.0606065487126457,0.01865778435131693,-1.7004448291503716e-05,0.017094017094017033,3.9301310043668103,0.0,0.0,0.05045233133430527,6.2,-0.15189873417721522,0.12237973724394036,0.08246073298429324,-0.08053637385578927
29940,2021,4,2.98,"Lawrence, KS",119503.0,63483.75,269181.98340455187,993.7774345979137,239.0,2.033333333333333,990.0,47631.0,4602.1089062500005,4.240171436069102,False,False,False,False,False,3.864530473386754,0.4182035434956166,0.088490212856976,0.038059538037003904,0.0013498049979003984,0.025316455696202445,1.2500000000000178,0.0,0.0,0.04801130544163312,4.033333333333333,-0.2169154228855722,0.15302735438200687,0.1148325358851674,-0.08833574413371903
29940,2022,1,3.26,"Lawrence, KS",120053.0,64373.5,278266.59621570166,1010.7149586924415,150.0,2.466666666666667,882.0,47056.0,4463.855483870967,4.322688625221584,False,False,False,False,False,3.9649616448693195,0.4805568028882119,0.10768723535888158,0.0325618369620444,0.0033565068534239365,0.016260162601626105,1.6260162601626105,0.03442632290437486,0.03442632290437486,0.030811930597808512,3.8333333333333335,-0.2960609911054638,0.2650105879555513,0.05555555555555558,-0.047815919151424024
29940,2022,2,3.56,"Lawrence, KS",120053.0,65263.25,289017.2600466721,1033.7532384724736,220.33333333333334,2.466666666666667,929.0,47305.0,4105.667096774193,4.428484025032037,False,False,False,False,False,4.131509649037529,0.613474241204857,0.14496611399699022,0.04863896827928582,0.006558265023444771,0.18103448275862077,19.650655021834073,0.0,-0.03442632290437486,0.03964232212010277,3.4,0.2888086642599279,0.4270368786990453,0.016147635524798254,0.05169232154109271
29940,2022,3,3.77,"Lawrence, KS",120053.0,66153.0,293477.8299414359,1054.9065764737877,276.3333333333333,2.966666666666667,940.0,49012.0,3980.35109375,4.436349522190012,False,False,False,False,False,4.266304215073832,0.7481187198621639,0.1680090395855507,0.039158701573289045,0.01011808357922957,0.2016806722689075,21.702127659574465,0.0,0.0,0.06550032852357934,3.3333333333333335,0.11484593837534995,0.3318950711862574,0.025392986698911768,0.015937472709806944
29940,2022,4,4.17,"Lawrence, KS",120053.0,66803.75,292492.30634226307,1073.0528177017209,228.0,2.4,965.0,49819.0,3851.9734920634924,4.378381548075716,False,False,False,False,False,4.240171436069102,0.7317060980204912,0.13418892891071055,0.008002160676344072,0.011157607844986704,0.22633744855967075,24.16666666666667,0.0,0.0,0.06250967464731305,2.033333333333333,-0.0992462311557788,0.294726932969241,0.0622317596566524,0.04962647920844443
29940,2023,1,4.28,"Lawrence, KS",121179.0,67454.5,293874.57033486984,1092.5636696654574,156.33333333333334,2.8333333333333335,982.0,50049.0,4000.064516129032,4.356634032345801,False,False,False,False,False,4.322688625221584,0.7928879486948293,0.13549289465483616,0.03374896304815689,0.011240214673133752,0.3039999999999998,31.4516129032258,-0.001425200693358608,-0.001425200693358608,0.0780150744606034,2.466666666666667,-0.37238493723849375,0.15473201056913988,0.03157894736842115,0.03188456646638316
29940,2023,2,4.45,"Lawrence, KS",121179.0,68105.25,299971.01475512463,1123.5341980835108,201.66666666666666,2.533333333333333,967.0,50033.0,4206.072903225806,4.404521160338221,False,False,False,False,False,4.428484025032037,0.8678218271084095,0.12465969744767169,0.03863440304073329,0.010304395757976498,0.2992700729927007,50.847457627118665,0.0,0.001425200693358608,0.08219654867823079,2.466666666666667,0.4688888888888889,-0.01863437265303247,0.05448354143019296,0.012239744933986607
29940,2023,3,4.65,"Lawrence, KS",121179.0,68756.0,307385.4555246914,1154.277008741586,231.33333333333334,2.9333333333333336,948.0,50542.0,4458.13746031746,4.470671003617014,False,False,False,False,False,4.436349522190012,0.8617755462003198,0.098982491138631,0.01543357616096519,0.007874825436470355,0.31818181818181834,61.111111111111114,0.0,0.0,0.07555385088417554,2.966666666666667,0.2541603630862328,-0.0998083232963558,0.10849056603773577,0.05325138608329394
29940,2023,4,4.88,"Lawrence, KS",121179.0,69003.5,310358.46219098516,1153.9614073154664,245.0,2.266666666666667,1011.0,50684.0,4464.907619047619,4.497720582158661,False,False,False,False,False,4.378381548075716,0.7858032402061861,0.0865968912290771,-0.003358085342833217,0.005046994082116579,0.3993288590604027,75.94936708860757,0.0,0.0,0.0797717681483503,2.4,-0.1749095295536791,-0.16299818832356816,-0.025252525252525304,0.04593646994604361
29940,2024,1,5.48,"Lawrence, KS",121989.0,69251.0,310730.38593198213,1170.9092825048901,199.33333333333334,3.033333333333333,1034.0,50890.0,4992.540983606557,4.487016590835975,False,False,False,False,False,4.356634032345801,0.7277906169584192,0.05609000265008257,0.004725813167165249,0.0011521244620678335,0.3128834355828223,73.98373983739839,0.00477679593841529,0.00477679593841529,0.08098100287236587,2.8333333333333335,-0.3143274853801169,-0.10389918970668477,0.11337868480725621,0.06360506630397822
29940,2024,2,4.26,"Lawrence, KS",121989.0,69498.5,314671.1842845081,1194.1756208832405,261.3333333333333,3.233333333333333,1042.0,50751.0,5246.626507936508,4.527740660366887,False,False,False,False,False,4.404521160338221,0.7314749790431154,0.03790000191228615,0.020745056005723406,-0.0036631765403354324,0.25,91.81034482758623,0.0,-0.00477679593841529,0.08684950747404874,2.533333333333333,0.2899786780383793,0.024455418348580116,0.04090419806243273,0.05766832258746435
29940,2024,3,4.43,"Lawrence, KS",121989.0,69746.0,318751.14099313517,1219.2846480131532,305.3333333333333,3.6999999999999997,1001.0,51373.0,5543.46921875,4.570170920097714,False,False,False,False,False,4.470671003617014,0.774258585680832,0.047389016015386254,0.024717190677970624,-0.007782672370667723,0.23342175066312998,95.37815126050421,0.0,0.0,0.0941983247464071,2.9333333333333336,0.14710743801652892,0.12003623683289799,0.008510638297872353,0.031216844854321302
29940,2024,4,4.51,"Lawrence, KS",121989.0,69746.0,325446.26418686943,1249.5732396961564,287.6666666666667,3.033333333333333,1081.0,51463.0,5907.04296875,4.666163854369705,False,False,False,False,False,4.497720582158661,0.8535029885522829,0.06108248135530725,0.009671917173891709,-0.01001562687928693,0.170263788968825,100.82304526748969,0.0,0.0,0.0754003794398832,2.266666666666667,0.05907780979827093,0.15912210409728944,0.04766839378238341,0.017362853529777844
29940,2025,1,5.37,"Lawrence, KS",,,330260.44239915925,1256.155709619515,209.33333333333334,3.5666666666666664,1077.0,50567.0,5894.8178333333335,,False,False,False,False,False,4.487016590835975,0.872017499505501,0.05735717649167493,0.0011983682944276541,-0.01132760795424125,0.28037383177570097,119.20000000000002,-0.0026948643651572013,-0.0026948643651572013,0.07170805236771427,3.033333333333333,-0.1863945578231292,0.24811511501268746,0.05295315682281054,0.01680353253811262
29940,2025,2,4.72,"Lawrence, KS",,,329943.05820606573,1270.594483375032,285.3333333333333,3.5,1067.0,49863.0,5732.060483870968,,False,False,False,False,False,4.527740660366887,0.8971164028299055,0.049005299866667684,0.01268237202070277,-0.010914362116067096,-0.04269662921348327,55.4744525547445,0.0,0.0026948643651572013,0.06287429694639268,3.233333333333333,0.31103678929765866,0.24739314525733946,0.07755946225439514,0.014350528651090322
29940,2025,3,5.0,"Lawrence, KS",,,332598.22813947406,1298.2533993866439,293.0,3.8333333333333335,1037.0,51139.0,6427.73875,,False,False,False,False,False,4.570170920097714,0.9432194011361328,0.03697535216506309,0.012965777968847014,-0.00924534622126959,-0.047311827956989405,54.89510489510489,0.0,0.0,0.056318924122416236,3.6999999999999997,0.16836734693877542,0.24344959483489204,0.05590717299578052,0.01644177120018986
29940,2025,4,4.71,"Lawrence, KS",,,336177.38731297664,1350.9612531542311,256.6666666666667,3.1,1095.0,50899.0,6777.5671875,,False,False,False,False,False,4.666163854369705,1.0219153821849432,0.04861411507639102,0.021004232872309903,-0.00774964386460963,-0.0758196721311476,51.34228187919463,0.0,0.0,0.08285531194939866,3.033333333333333,-0.05786026200873351,0.3229933232101214,0.06923837784371911,0.0153697419303922
30340,2024,4,9.1,"Lewiston-Auburn, ME",115272.0,67873.0,328909.0777513768,1465.0697899240388,205.33333333333334,3.233333333333333,1172.0,48526.0,5907.04296875,4.845948724107919,False,False,False,False,False,4.679870897961558,1.265226470937304,0.1044301176887914,0.02326983598147292,-0.014817661772896689,0.03823178016726403,66.47509578544062,0.0,0.0,0.07868393832789988,2.6666666666666665,0.21808510638297873,0.15912210409728944,0.036312849162011274,0.014897188417960505
30340,2025,1,10.52,"Lewiston-Auburn, ME",,,331922.50675752986,1493.7195083972517,141.0,3.8000000000000003,1150.0,47717.0,5894.8178333333335,,False,False,False,False,False,4.742269222425105,1.3154885005233887,0.11418644618974749,0.015493231741160018,-0.01400492503816496,-0.06606606606606613,75.04690431519701,-0.0020722438419045197,-0.0020722438419045197,0.06396263662072044,3.3000000000000003,-0.22561863173216878,0.24811511501268746,0.03892493049119561,0.02411172899775016
30340,2025,2,10.63,"Lewiston-Auburn, ME",,,333105.8914986384,1513.8896880413856,172.0,3.4,1113.0,49197.0,5732.060483870968,,False,False,False,False,False,4.8265329510171755,1.381755624196296,0.10122297192774599,0.01993337967298725,-0.011832250987672774,0.021505376344086002,61.01694915254237,0.0,0.0020722438419045197,0.05788042921197212,2.9,-0.09586466165413532,0.24739314525733946,0.0373921380632789,0.008722180135541935
30340,2025,3,10.2,"Lewiston-Auburn, ME",,,332343.15596264787,1531.6908803536078,241.33333333333334,3.3000000000000003,1149.0,48707.0,6427.73875,,False,False,False,False,False,4.835459834562486,1.3801008961964292,0.06405063295152225,0.0039758904551090435,-0.009468849889209714,-0.020452099031216364,45.83333333333333,0.0,0.0,0.07319738934370723,2.9333333333333336,0.4158004158004158,0.24344959483489204,0.045454545454545414,0.006639942440127555
30340,2025,4,10.05,"Lewiston-Auburn, ME",,,333242.27552697324,1536.0735252564893,254.0,3.5,1222.0,48269.0,6777.5671875,,False,False,False,False,False,4.845948724107919,1.3503831216400362,0.042109023733535755,0.0021691607218949915,-0.009357625385612318,0.04718066743383198,42.18749999999998,0.0,0.0,0.05088443883668958,3.233333333333333,-0.09544787077826722,0.3229933232101214,0.05300988319856237,0.0032251395493074764
31540,2019,2,0.9,"Madison, WI",664865.0,71623.5,292297.3087511987,1157.4227350519316,3124.6666666666665,2.6333333333333333,1062.0,399427.0,2882.3277777777776,4.0810252047330655,False,False,False,False,False,4.0598444326127625,0.569433068909992,0.061296630518076434,0.018735440409809456,0.0005379993154781626,0.045454545454545414,24.32432432432432,0.0,0.003445435647446926,0.024720728594282093,2.466666666666667,0.30748187662426485,0.1272577123238514,0.03699897225077087,0.015918092429479058
31540,2019,3,0.88,"Madison, WI",664865.0,72374.0,294836.88972728304,1160.8443471738185,3523.6666666666665,2.466666666666667,1023.0,393702.0,2957.8528125,4.0737956963451385,False,False,False,False,False,4.085090480504597,0.5437315898873538,0.06313236448151471,0.0163383480006003,-0.0004632913855830688,0.03370786516853941,19.480519480519476,0.0,0.0,0.02231886479064893,2.1666666666666665,0.13317292603828834,0.15500598332389726,0.013265306122449028,0.007628518843853183
31540,2019,4,0.9,"Madison, WI",664865.0,72732.25,297595.23416792316,1175.5173599941638,3138.6666666666665,2.0,1137.0,399170.0,3082.755625,4.091654447207713,False,False,False,False,False,4.066422331040473,0.4851471084172583,0.05649364455367878,0.0061992220447939506,-0.0012153275202353665,0.021739130434782483,16.049382716049365,0.0,0.0,0.024122376138294266,2.0,-0.12915435745937953,0.03674172122599795,0.05115830115830122,0.006916155197074225
31540,2020,1,0.9,"Madison, WI",681891.0,73090.5,302543.4291270215,1192.2939652878997,2471.0,2.6333333333333333,1146.0,389953.0,3055.869193548387,4.139298939356299,False,False,False,False,False,4.068042126466443,0.4538295508758612,0.053367924920440624,0.011105296383902452,-0.001523119465095983,-0.010309278350515427,18.518518518518512,0.00034491211836229496,0.00034491211836229496,0.0350637140196568,2.7000000000000006,-0.2271811724795929,-0.004562795426325428,0.041894353369763104,0.015942976444041523
31540,2020,2,0.88,"Madison, WI",681891.0,73448.75,307294.7983094338,1196.2031912588911,2845.0,9.0,1184.0,364768.0,2931.687619047619,4.183798884384469,False,False,False,False,False,4.0810252047330655,0.43308165558647715,0.04827983976016981,0.013814640607610729,-0.0016381232339484524,-0.021739130434782594,13.924050632911399,0.0,-0.00034491211836229496,0.030275710677361012,2.6333333333333333,0.2858710562414266,0.0662922038202094,0.05252725470763142,0.022462447395636076
31540,2020,3,0.9,"Madison, WI",681891.0,73807.0,310961.46721299586,1198.8171250285757,3023.3333333333335,5.266666666666667,1086.0,374320.0,3319.8340625,4.2131703932282285,False,False,False,False,False,4.0737956963451385,0.4066240932811014,0.04038941632358828,0.008688348814891222,-0.0018625933377494693,-0.0434782608695653,12.82051282051282,0.0,0.0,0.030650027250786804,2.466666666666667,0.1276936206528696,0.03798825437241593,0.030211480362537735,0.02146174402615264
31540,2020,4,0.93,"Madison, WI",681891.0,74735.0,321398.9260559582,1200.9678806068375,2560.0,3.5666666666666664,1276.0,377291.0,3554.5015625,4.300514164126021,False,False,False,False,False,4.091654447207713,0.41366011339523867,0.0436529358768698,0.009355492941170107,-0.0019363911182279543,-0.04255319148936165,11.111111111111116,0.0,0.0,0.03480012217923045,2.0,-0.10926118626430803,0.14221561000009686,0.0440771349862259,0.02534002902608501
31540,2021,1,0.94,"Madison, WI",681112.0,75663.0,330936.73752012494,1212.7901264359973,1729.3333333333333,3.9,1212.0,373923.0,3865.7068852459015,4.373825218668635,False,False,False,False,False,4.139298939356299,0.4319506196197085,0.0493526580146717,0.016627265463217134,-0.0019237284675630807,-0.06249999999999989,1.1235955056179803,0.01812556036939994,0.01812556036939994,0.0369010519698012,2.6333333333333333,-0.21272302463891246,0.12306660146925985,0.0017482517482516613,0.011813700051894083
31540,2021,2,1.02,"Madison, WI",681112.0,76591.0,343678.41703863745,1239.485976931186,2197.0,3.3000000000000003,1203.0,390094.0,4183.62634920635,4.487190623423606,False,False,False,False,False,4.183798884384469,0.4504755622239074,0.05130902375499069,0.015704750872039153,-0.0017413766295085531,-0.022222222222222254,0.0,0.0,-0.01812556036939994,0.03350587044172726,9.0,0.15135572642654793,0.017124992393438676,0.11487758945386073,-0.08677180060436573
31540,2021,3,1.09,"Madison, WI",681112.0,77519.0,353730.14719310356,1264.7405240679136,2621.6666666666665,2.6999999999999997,1177.0,384792.0,4421.670625,4.563141258183201,False,False,False,False,False,4.2131703932282285,0.44287498118946145,0.05468982358560237,0.011932089068002583,-0.001276171816146166,0.022727272727272707,1.1235955056179803,0.0,0.0,0.03271134321083213,5.266666666666667,0.06268306971294679,0.12237973724394036,0.061583577712609916,-0.04923012837120466
31540,2021,4,1.14,"Madison, WI",681112.0,78888.25,354301.6301838974,1278.7812015164607,2208.6666666666665,1.9000000000000001,1339.0,387993.0,4602.1089062500005,4.491183797129451,False,False,False,False,False,4.300514164126021,0.4820589485522917,0.07998680474366537,0.03356511961597186,7.989969387294912e-05,0.03333333333333344,1.0869565217391353,0.0,0.0,0.021650484696202232,3.5666666666666664,-0.15325248070562303,0.15302735438200687,0.12225153913808273,-0.054811233309116414
31540,2022,1,1.32,"Madison, WI",690029.0,80257.5,362719.076487327,1295.1389703568966,1303.0,2.6,1296.0,383825.0,4463.855483870967,4.519441503751388,False,False,False,False,False,4.373825218668635,0.49499578632338803,0.09384870289542002,0.029675928234141447,0.001724907273507476,0.04444444444444429,-3.0927835051546393,-0.02675061750099783,-0.02675061750099783,0.017190526619119906,3.9,-0.32447916666666665,0.2650105879555513,0.05759162303664911,-0.04110751808551283
31540,2022,2,1.53,"Madison, WI",690029.0,81626.75,379999.7879428659,1330.5990638692804,1703.0,2.3000000000000003,1280.0,396523.0,4105.667096774193,4.655334041142957,False,False,False,False,False,4.487190623423606,0.5742960982642726,0.118399722121449,0.03850185873587897,0.004199220564463963,0.15909090909090917,10.869565217391308,0.0,0.02675061750099783,0.03618347283185552,3.3000000000000003,0.2704317656129531,0.4270368786990453,0.01604729729729737,0.06943043249407843
31540,2022,3,1.7,"Madison, WI",690029.0,82996.0,386695.2672480422,1372.7880499757994,2020.0,2.233333333333333,1283.0,394719.0,3980.35109375,4.659203663405974,False,False,False,False,False,4.563141258183201,0.626721471606408,0.13753691209211105,0.02924748734901228,0.007093699757501689,0.21111111111111125,18.47826086956521,0.0,0.0,0.054990371477857014,2.6999999999999997,0.1932938856015778,0.3318950711862574,0.08379373848987104,0.02797606326138058
31540,2022,4,1.95,"Madison, WI",690029.0,83953.75,385005.03511212434,1376.5656706952723,1626.3333333333333,1.7333333333333334,1346.0,396580.0,3851.9734920634924,4.585918259900533,False,False,False,False,False,4.491183797129451,0.539347048985007,0.1023734103025924,0.0016155902891756835,0.007813665055547234,0.22580645161290303,21.276595744680836,0.0,0.0,0.06479217485009237,1.9000000000000001,-0.15753337571519388,0.294726932969241,0.04937304075235116,0.028365373146987283
31540,2023,1,2.21,"Madison, WI",698503.0,84911.5,389956.1484316189,1424.664380076908,1087.3333333333333,2.1666666666666665,1363.0,393161.0,4000.064516129032,4.592500997292698,False,False,False,False,False,4.519441503751388,0.5484519099279157,0.09603750615710749,0.023757853722153666,0.007827026044745725,0.4042553191489364,37.50000000000002,0.01423423763137166,0.01423423763137166,0.0679003251476793,2.6,-0.41005131300935704,0.15473201056913988,0.06930693069306937,0.026481387879322638
31540,2023,2,2.0,"Madison, WI",698503.0,85869.25,400411.8681947079,1473.158321236421,1403.6666666666667,2.266666666666667,1279.0,407792.0,4206.072903225806,4.663041405330871,False,False,False,False,False,4.655334041142957,0.6665431818047445,0.1056841777182218,0.047642135679463404,0.007681747585047025,0.5,70.0,0.0,-0.01423423763137166,0.07350876785526772,2.3000000000000003,0.30698388334612425,-0.01863437265303247,0.06400665004156281,0.016480643127041228
31540,2023,3,1.87,"Madison, WI",698503.0,86827.0,407204.9987093113,1501.8197554390779,1564.3333333333333,2.4,1286.0,405205.0,4458.13746031746,4.6898430063149865,False,False,False,False,False,4.659203663405974,0.6573090973229796,0.09319284860654742,0.01761969221462567,0.006295948842760626,0.5596330275229355,93.18181818181816,0.0,0.0,0.08543058742228138,2.233333333333333,0.1861421021726366,-0.0998083232963558,0.09005947323704344,0.025798353396120577
31540,2023,4,1.78,"Madison, WI",698503.0,87321.25,410870.2736246883,1501.2082387371886,1423.6666666666667,1.9666666666666668,1390.0,406587.0,4464.907619047619,4.705272469469784,False,False,False,False,False,4.585918259900533,0.5755012560542339,0.08665894343272029,-0.004370966699299372,0.004437933081993959,0.7105263157894739,116.66666666666666,0.0,0.0,0.07646692730769944,1.7333333333333334,-0.19488448844884487,-0.16299818832356816,0.005227781926810948,0.022131842584788952
31540,2024,1,2.19,"Madison, WI",707606.0,87815.5,414541.4235684043,1524.200385550853,1075.0,2.4333333333333336,1416.0,402667.0,4992.540983606557,4.720595151976636,False,False,False,False,False,4.592500997292698,0.5668332034612487,0.07509136880271994,0.012859866412013643,0.002093347572100433,0.6742424242424241,145.55555555555551,-0.0008111830302561795,-0.0008111830302561795,0.10000888914980188,2.1666666666666665,-0.3314203730272597,-0.10389918970668477,0.051697530864197594,0.024323584967107514
31540,2024,2,1.84,"Madison, WI",707606.0,88309.75,424933.9246251826,1550.9639277364092,1504.0,2.5,1345.0,413775.0,5246.626507936508,4.811857406743679,False,False,False,False,False,4.663041405330871,0.6031969727181083,0.05371603063870922,0.02681255265532112,-0.001164431597779338,0.30718954248366015,127.2727272727273,0.0,0.0008111830302561795,0.10713915351224523,2.266666666666667,0.29092581238504,0.024455418348580116,-0.0007812499999999556,0.02841953682384113
31540,2024,3,1.84,"Madison, WI",707606.0,88804.0,430174.50215690886,1553.632313861146,1843.3333333333333,2.466666666666667,1336.0,407910.0,5543.46921875,4.844089254503276,False,False,False,False,False,4.6898430063149865,0.6047525258103894,0.05303848585277171,0.0169653575585329,-0.00431142967889967,0.10000000000000009,107.7777777777778,0.0,0.0,0.09399244513058891,2.4,0.1144621230111611,0.12003623683289799,0.002338269680436378,0.026565734104514904
31540,2024,4,1.91,"Madison, WI",707606.0,88804.0,434098.49939683586,1572.790894161186,1719.6666666666667,2.1666666666666665,1436.0,410267.0,5907.04296875,4.8882764221976025,False,False,False,False,False,4.705272469469784,0.6388501384293113,0.06718155908021117,0.009001055799890967,-0.005753052808893017,-0.08717948717948709,91.39784946236557,0.0,0.0,0.09054603837313646,1.9666666666666668,-0.08992115917323662,0.15912210409728944,0.03268945022288272,0.02523324423823703
31540,2025,1,2.13,"Madison, WI",,,439290.07532538037,1586.7610821660292,1287.0,2.733333333333333,1463.0,404526.0,5894.8178333333335,,False,False,False,False,False,4.720595151976636,0.6525530255101932,0.06304625593330426,0.008935058531563067,-0.006634092607824327,-0.009049773755656076,132.97872340425533,0.0007515126332573452,0.0007515126332573452,0.06986628350220414,2.4333333333333336,-0.2449075158042613,0.24811511501268746,0.038884812912692635,0.02417839002342559
31540,2025,2,1.92,"Madison, WI",,,440932.67383639346,1607.2748859083476,1714.3333333333333,2.6333333333333333,1378.0,415817.0,5732.060483870968,,False,False,False,False,False,4.811857406743679,0.730832202010613,0.06124208191189373,0.0250698735178716,-0.006253166568898678,-0.07999999999999996,80.3921568627451,0.0,-0.0007515126332573452,0.05281550894997222,2.5,0.3990697674418604,0.24739314525733946,0.051602814698983535,0.014671695374112392
31540,2025,3,1.96,"Madison, WI",,,441513.1399089506,1610.0989751131121,2048.6666666666665,2.533333333333333,1385.0,409861.0,6427.73875,,False,False,False,False,False,4.844089254503276,0.7702935581581372,0.056407714837495515,0.012332688044026652,-0.004788601676059266,-0.016042780748663166,68.80733944954127,0.0,0.0,0.03449985141986622,2.466666666666667,0.22562056737588643,0.24344959483489204,0.038880248833592645,0.006675633321405305
31540,2025,4,1.86,"Madison, WI",,,446492.6959731288,1621.4306208529997,1937.6666666666667,2.4,1516.0,410638.0,6777.5671875,,False,False,False,False,False,4.8882764221976025,0.7966219749898897,0.05653420863774983,0.009121873147413417,-0.004350175583750316,0.07303370786516838,67.54385964912282,0.0,0.0,0.04768336169285381,2.1666666666666665,-0.06708860759493662,0.3229933232101214,0.03309352517985609,0.009050953424482255
31700,2019,2,1.74,"Manchester-Nashua, NH",417025.0,80758.75,301826.1903264444,1349.955086814997,1532.6666666666667,2.533333333333333,1173.0,208358.0,2882.3277777777776,3.737380659389161,False,False,False,False,False,3.7144378569298744,0.534975709318879,0.06552722747564954,0.01695960258924667,0.0015054261195515605,0.048484848484848575,14.569536423841068,0.0,0.0010975461983524504,0.055964359307021594,2.733333333333333,0.28561895228561895,0.1272577123238514,0.04162812210915812,0.012854188515029952
31700,2019,3,1.72,"Manchester-Nashua, NH",417025.0,81460.0,306247.1625057399,1388.1808255103995,1851.6666666666667,2.6,1146.0,205941.0,2957.8528125,3.7594790388625077,False,False,False,False,False,3.7414641221520264,0.5211849451800115,0.06560319625461819,0.016575169281979774,0.0008875830939230816,0.041916167664670656,13.725490196078427,0.0,0.0,0.06107506914510874,2.6,0.4422527900337401,0.15500598332389726,-0.015057573073516406,0.012289501438396577
31700,2019,4,1.74,"Manchester-Nashua, NH",417025.0,81619.75,310291.08762942714,1399.3866808934354,1576.3333333333333,2.3,1292.0,208707.0,3082.755625,3.801666724407109,False,False,False,False,False,3.7399293822303443,0.4770009383753333,0.05685613711467319,0.008501662322218717,0.0005207761135019531,0.0235294117647058,12.25806451612903,0.0,0.0,0.07144152480835486,2.3000000000000003,-0.031851718553176145,0.03674172122599795,0.00483481063658342,0.007797176315227361
31700,2020,1,1.77,"Manchester-Nashua, NH",422929.0,81779.5,315777.2119300491,1402.3629924509357,1030.6666666666667,3.1,1312.0,203735.0,3055.869193548387,3.8613248054836373,False,False,False,False,False,3.716075144327526,0.44422434787154774,0.045109486905916096,0.002402111205594748,2.0729326998631126e-05,0.005524861878453136,15.189873417721511,0.0023251543789117868,0.0023251543789117868,0.061164171729160444,3.1,-0.29684014869888475,-0.004562795426325428,0.021739130434782705,0.013489422391252726
31700,2020,2,1.77,"Manchester-Nashua, NH",422929.0,81939.25,322561.818034734,1419.046816801436,1158.3333333333333,12.766666666666666,1306.0,186436.0,2931.687619047619,3.9365971501415253,False,False,False,False,False,3.737380659389161,0.455080185159364,0.042625876079631864,0.01454288748855248,-0.0006264139515022674,0.005780346820809301,12.25806451612903,0.0,-0.0023251543789117868,0.04551540817184341,2.533333333333333,0.21543748347872071,0.0662922038202094,0.04174067495559508,0.008113953387103745
31700,2020,3,1.81,"Manchester-Nashua, NH",422929.0,82099.0,329504.60526181356,1442.7628283836202,1287.0,7.433333333333334,1246.0,193869.0,3319.8340625,4.013503273630782,False,False,False,False,False,3.7594790388625077,0.4678483441722303,0.04064871688069549,0.014647410731699395,-0.0014587845481571855,-0.011494252873563204,10.967741935483865,0.0,0.0,0.05665510495031678,2.6,0.20813397129186595,0.03798825437241593,0.030575539568345356,0.007327225681485805
31700,2020,4,1.87,"Manchester-Nashua, NH",422929.0,83306.75,344821.77931214194,1487.5034437565719,928.3333333333334,4.866666666666666,1533.0,196493.0,3554.5015625,4.139181750724184,False,False,False,False,False,3.801666724407109,0.49102909001692874,0.04550174707434396,0.013204775811143987,-0.0024494217234475165,0.0,11.538461538461542,0.0,0.0,0.0544953142320197,2.3,-0.14869486948694877,0.14221561000009686,0.03608660785886131,0.005438919345980731
31700,2021,1,1.93,"Manchester-Nashua, NH",424475.0,84514.5,361978.37483688147,1518.2337923173943,521.0,4.666666666666667,1311.0,194216.0,3865.7068852459015,4.283032791259269,False,False,False,False,False,3.8613248054836373,0.5294865511586724,0.061437127268831215,0.01768057324022765,-0.0025214164411516337,-0.027472527472527486,3.5087719298245723,0.00838119038190066,0.00838119038190066,0.06255929266513682,3.1,-0.3461619792768026,0.12306660146925985,0.03388494877856574,-0.004519691195152942
31700,2021,2,2.1,"Manchester-Nashua, NH",424475.0,85722.25,382895.0843356846,1576.8446629740931,697.0,3.8333333333333335,1341.0,198336.0,4183.62634920635,4.466694286905495,False,False,False,False,False,3.9365971501415253,0.5648577957361898,0.06870055804588282,0.021485420253149146,-0.001829482095948682,0.01724137931034475,7.272727272727275,0.0,-0.00838119038190066,0.05118076198331156,12.766666666666666,0.12386804657179806,0.017124992393438676,0.11338448422847391,-0.1052131427638967
31700,2021,3,2.21,"Manchester-Nashua, NH",424475.0,86930.0,395244.3769561118,1682.0125208303277,909.3333333333334,3.3333333333333335,1322.0,197319.0,4421.670625,4.546697077603955,False,False,False,False,False,4.013503273630782,0.5906735841845117,0.07594337386109751,0.021523896626636452,-0.000622708427421056,0.05232558139534893,8.383233532934131,0.0,0.0,0.039319087160818667,7.433333333333334,0.11107913669064762,0.12237973724394036,0.08726003490401402,-0.05861873060730982
31700,2021,4,2.3,"Manchester-Nashua, NH",424475.0,88975.5,392741.5546225168,1741.918865503806,760.3333333333334,2.4,1645.0,200556.0,4602.1089062500005,4.414041557760471,False,False,False,False,False,4.139181750724184,0.6630250046592181,0.11128483240212783,0.04648546273930787,0.0021093606159923017,0.07471264367816088,10.000000000000009,0.0,0.0,0.06296813030039594,4.866666666666666,-0.2786842786842787,0.15302735438200687,0.186532507739938,-0.058522234520164584
31700,2022,1,2.53,"Manchester-Nashua, NH",426307.0,91021.0,408168.60428965534,1777.4698851476285,408.3333333333333,2.8000000000000003,1424.0,199531.0,4463.855483870967,4.484334431501031,False,False,False,False,False,4.283032791259269,0.7831129037961588,0.14630936356821977,0.04975496489509412,0.005638430136475208,0.09039548022598876,6.6298342541436295,-0.010501964714942691,-0.010501964714942691,0.08262539762543875,4.666666666666667,-0.43877917414721723,0.2650105879555513,-0.0007621951219511924,-0.04672245809507447
31700,2022,2,2.86,"Manchester-Nashua, NH",426307.0,93066.5,435999.6104377988,1833.3895331800206,662.0,2.2666666666666666,1433.0,202905.0,4105.667096774193,4.684817957458363,False,False,False,False,False,4.466694286905495,0.9593861661722736,0.18704404218869386,0.05778441739296958,0.010037881658837797,0.18644067796610164,21.387283236994236,0.0,0.010501964714942691,0.11119988734997266,3.8333333333333335,0.33781190019193863,0.4270368786990453,0.02679938744257271,0.06382887425175388
31700,2022,3,3.03,"Manchester-Nashua, NH",426307.0,95112.0,444286.84568123316,1856.546607964562,825.6666666666666,2.566666666666667,1415.0,201751.0,3980.35109375,4.671196543877041,False,False,False,False,False,4.546697077603955,1.0240265700642595,0.19951093442856016,0.03225241881037211,0.014070514227840362,0.22099447513812143,27.011494252873568,0.0,0.0,0.16582745808245392,3.3333333333333335,0.30463892874222864,0.3318950711862574,0.0609951845906902,0.0177955217182737
31700,2022,4,3.42,"Manchester-Nashua, NH",426307.0,96443.0,443794.33943922044,1860.9291209706046,673.0,2.3333333333333335,1535.0,202986.0,3851.9734920634924,4.601623129094081,False,False,False,False,False,4.414041557760471,0.8778931567490407,0.13896968864891956,-0.006332341405765107,0.014440625997041483,0.22994652406417093,32.18390804597699,0.0,0.0,0.17103518167643927,2.4,-0.1638563049853372,0.294726932969241,0.0730593607305936,0.0206775813896678
31700,2023,1,3.78,"Manchester-Nashua, NH",427719.0,97774.0,447827.70172236674,1904.3557943671294,407.3333333333333,2.8000000000000003,1511.0,200679.0,4000.064516129032,4.580233003890265,False,False,False,False,False,4.484334431501031,0.9090345071805999,0.1276049417968368,0.039280410961265,0.013265472832133352,0.31088082901554404,39.01098901098901,0.000660459765580601,0.000660459765580601,0.17074846716100467,2.8000000000000003,-0.462954844366506,0.15473201056913988,0.08619374523264689,0.027366437368702812
31700,2023,2,3.39,"Manchester-Nashua, NH",427719.0,99105.0,456868.95595997776,1946.4624200080168,529.6666666666666,2.1666666666666665,1430.0,204737.0,4206.072903225806,4.609948599565892,False,False,False,False,False,4.684817957458363,1.0686342734347911,0.1386921072498215,0.0681850731674436,0.011826966413586387,0.36190476190476173,64.36781609195401,0.0,-0.000660459765580601,0.16269508102469477,2.2666666666666666,0.6212244897959185,-0.01863437265303247,0.06860551826994787,0.023036665053242977
31700,2023,3,3.43,"Manchester-Nashua, NH",427719.0,100436.0,469197.8341404417,1958.7074998940159,628.0,2.4,1405.0,203041.0,4458.13746031746,4.671610121275655,False,False,False,False,False,4.671196543877041,1.0267213520774137,0.12408138251785195,0.019007437266086002,0.009064846344765945,0.37104072398190047,76.16279069767442,0.0,0.0,0.1037650344291583,2.566666666666667,0.24723061430010063,-0.0998083232963558,0.0703479576399395,0.02246109092383408
31700,2023,4,3.38,"Manchester-Nashua, NH",427719.0,101213.25,480093.8338958158,1963.8524123356722,604.3333333333334,2.2333333333333334,1584.0,203992.0,4464.907619047619,4.743389169854893,False,False,False,False,False,4.601623129094081,0.9306001744733265,0.12999078965752164,-0.0011085321269360682,0.006167158233216421,0.4869565217391305,96.55172413793103,0.0,0.0,0.06832135401000894,2.3333333333333335,-0.18490109002825994,-0.16299818832356816,-0.06686930091185406,0.012116316639741553
31700,2024,1,3.96,"Manchester-Nashua, NH",430462.0,101990.5,486167.66170172795,1982.9890400424163,399.3333333333333,2.9,1560.0,200506.0,4992.540983606557,4.766793590596457,False,False,False,False,False,4.580233003890265,0.893705985070111,0.09716351776181065,0.009088359009362001,0.0021403857388317877,0.4940711462450593,113.55932203389831,-0.0010037526121484674,-0.0010037526121484674,0.07138568719489857,2.8000000000000003,-0.39474987617632495,-0.10389918970668477,0.06109550561797761,0.005753491938595978
31700,2024,2,3.47,"Manchester-Nashua, NH",430462.0,102767.75,498538.3508894772,2016.6343699212975,538.3333333333334,2.466666666666667,1475.0,203822.0,5246.626507936508,4.8511167257186925,False,False,False,False,False,4.609948599565892,0.8955107426360178,0.047865514148564214,0.02018913569401337,-0.0037021427717416535,0.18531468531468542,91.52542372881356,0.0,0.0010037526121484674,0.061674229497683974,2.1666666666666665,0.30032733224222574,0.024455418348580116,-0.002093510118632236,0.009028855868509877
31700,2024,3,3.51,"Manchester-Nashua, NH",430462.0,103545.0,504721.58863818535,2051.0083364539146,711.6666666666666,2.8333333333333335,1467.0,201649.0,5543.46921875,4.87441777621503,False,False,False,False,False,4.671610121275655,0.9301459991236283,0.05606960615953427,0.026985589674304533,-0.008754210773528039,0.13201320132013206,89.50276243093921,0.0,0.0,0.05502737797757673,2.4,0.18565135305223412,0.12003623683289799,-0.007067137809187329,0.006394020351819796
31700,2024,4,3.49,"Manchester-Nashua, NH",430462.0,103545.0,511057.3329435326,2046.4230921161936,635.3333333333334,2.9333333333333336,1626.0,203506.0,5907.04296875,4.9356060934234645,False,False,False,False,False,4.743389169854893,1.003459787624549,0.08179350485286396,0.023222613069677323,-0.011071490726142578,-0.011695906432748537,80.74866310160427,0.0,0.0,0.05530747528491897,2.2333333333333334,-0.03768577494692138,0.15912210409728944,0.0319218241042345,0.004956006818204184
31700,2025,1,3.82,"Manchester-Nashua, NH",,,515431.08028047875,2055.0684101654097,436.0,3.766666666666667,1648.0,199075.0,5894.8178333333335,,False,False,False,False,False,4.766793590596457,1.050718446268931,0.08561319416352298,0.012651334753926768,-0.011443602347725759,0.04761904761904767,105.18134715025909,0.0031009219139686017,0.0031009219139686017,0.04129125760421193,2.9,-0.3392167677881964,0.24811511501268746,0.032428855062872186,-0.0008620732612779625
31700,2025,2,3.79,"Manchester-Nashua, NH",,,516242.3828764791,2095.83662715527,652.6666666666666,3.2999999999999994,1517.0,201084.0,5732.060483870968,,False,False,False,False,False,4.8511167257186925,1.1137360663295315,0.09120644855797488,0.025445314779778183,-0.009324563762265127,0.02359882005899716,65.23809523809526,0.0,-0.0031009219139686017,0.0360510170615016,2.466666666666667,0.3480801335559267,0.24739314525733946,0.03146853146853146,-0.004469148224307329
31700,2025,3,3.64,"Manchester-Nashua, NH",,,519009.8196631106,2100.9961166513135,870.0,3.4,1554.0,198732.0,6427.73875,,False,False,False,False,False,4.87441777621503,1.1149387373525226,0.0757116762118526,0.01240273238292744,-0.006564608076901157,0.023323615160349753,58.823529411764696,0.0,0.0,0.04712333851016193,2.8333333333333335,0.32198142414860675,0.24344959483489204,0.044128113879003505,-0.006855758196620432
31700,2025,4,3.6,"Manchester-Nashua, NH",,,524672.2649096106,2113.165932838958,782.0,3.45,1717.0,201214.0,6777.5671875,,False,False,False,False,False,4.9356060934234645,1.1339393690163555,0.06449468179263507,0.012552948888994608,-0.00612222098354175,0.03254437869822491,51.73913043478262,0.0,0.0,0.04204525720052321,2.9333333333333336,-0.10725995316159243,0.3229933232101214,0.026515151515151603,-0.002382446370445934
33340,2019,2,0.57,"Milwaukee-Waukesha, WI",1575179.0,61729.5,249116.89869726004,1089.3886797602572,5528.0,3.466666666666667,1019.0,845602.0,2882.3277777777776,4.035621521270382,False,False,False,False,False,3.9817799071115045,0.5358015117350607,0.06082600757369416,0.02006596628045254,0.002231512417794415,0.03571428571428559,15.999999999999993,0.0,-0.0007046651652791169,0.029846875621887037,3.3000000000000003,0.2249240121580547,0.1272577123238514,0.024973985431841816,0.00934585022504364
33340,2019,3,0.57,"Milwaukee-Waukesha, WI",1575179.0,62389.0,251434.78172599722,1092.2047685286627,6161.333333333333,3.6,1007.0,834236.0,2957.8528125,4.030113990062306,False,False,False,False,False,4.006081144522616,0.5044435124804534,0.06375184622547603,0.015535963160058452,0.0012717381740482783,0.03508771929824572,13.461538461538458,0.0,0.0,0.02697644141013744,3.266666666666667,0.12623274161735698,0.15500598332389726,0.028421052631578902,0.007054025422452037
33340,2019,4,0.57,"Milwaukee-Waukesha, WI",1575179.0,62726.5,253647.95462059832,1089.9968907534476,5384.666666666667,2.8666666666666667,1124.0,839043.0,3082.755625,4.0437128585302595,False,False,False,False,False,3.9852949418853596,0.4401634318663197,0.05844796071657998,0.005791540051420796,0.0005892651930097488,0.034482758620689724,13.207547169811317,0.0,0.0,0.027454896708681176,2.733333333333333,-0.06191740579628269,0.03674172122599795,0.0324118207816968,0.0036363723215340205
33340,2020,1,0.58,"Milwaukee-Waukesha, WI",1574565.0,63064.0,258263.18381704416,1105.085705786507,3996.0,3.5,1117.0,819072.0,3055.869193548387,4.095255356733543,False,False,False,False,False,4.002560187926468,0.41181857744481,0.05785084413018393,0.015296509255878776,0.0003519543035590449,0.0,15.094339622641506,0.0010374060617491798,0.0010374060617491798,0.02631146134805573,3.533333333333333,-0.18849744052996076,-0.004562795426325428,0.010147601476014678,-0.001936354757640646
33340,2020,2,0.57,"Milwaukee-Waukesha, WI",1574565.0,63401.5,263112.69096721796,1122.9437497992424,4470.666666666667,12.1,1098.0,763407.0,2931.687619047619,4.149944259476794,False,False,False,False,False,4.035621521270382,0.38460224988200853,0.05689921761453598,0.019148330465716512,0.00020927774345437145,-0.017241379310344862,9.615384615384603,0.0,-0.0010374060617491798,0.030477393088183646,3.466666666666667,0.23072356215213352,0.0662922038202094,0.034517766497461855,0.0009836985407880583
33340,2020,3,0.58,"Milwaukee-Waukesha, WI",1574565.0,63739.0,265738.1015971494,1130.6790006273554,5110.0,7.966666666666666,1050.0,779720.0,3319.8340625,4.16916019387109,False,False,False,False,False,4.030113990062306,0.36166947157692775,0.050413838956981705,0.009304399022540766,-0.00017184669800441048,-0.03389830508474578,11.76470588235292,0.0,0.0,0.033557413313029194,3.6,0.11456825856246988,0.03798825437241593,0.030706243602866,-0.0016228015586554623
33340,2020,4,0.6,"Milwaukee-Waukesha, WI",1574565.0,64666.25,274107.230410425,1130.1240596226353,4142.666666666667,5.466666666666666,1253.0,787280.0,3554.5015625,4.238798916133609,False,False,False,False,False,4.0437128585302595,0.3963562881106921,0.053558041564916614,0.008802174780309091,-0.00033533730977612864,-0.050000000000000044,7.547169811320731,0.0,0.0,0.038398389715482706,2.8666666666666667,-0.1260549664574766,0.14221561000009686,0.03785780240073877,-0.0016360906120526097
33340,2021,1,0.6,"Milwaukee-Waukesha, WI",1563631.0,65593.5,283736.63315439736,1144.3196362184942,2998.0,5.466666666666666,1160.0,776187.0,3865.7068852459015,4.32568216598287,False,False,False,False,False,4.095255356733543,0.44225871270409867,0.05656619034811361,0.018195412627510565,-0.0003790427432005355,-0.049180327868852514,-1.6949152542372947,-0.0011420229926960568,-0.0011420229926960568,0.03522921915177024,3.5,-0.25789278197350507,0.12306660146925985,0.020091324200913308,-0.005575088871190181
33340,2021,2,0.66,"Milwaukee-Waukesha, WI",1563631.0,66520.75,293855.26918967714,1174.2350008896208,4224.333333333333,5.033333333333333,1117.0,800166.0,4183.62634920635,4.417497836234215,False,False,False,False,False,4.149944259476794,0.47271631324150043,0.05618162534596394,0.018777384675971565,-0.000426994124825668,0.0,1.7857142857142572,0.0,0.0011420229926960568,0.03080174290627813,12.1,0.11878545211878544,0.017124992393438676,0.07752698724239449,-0.0972029394443249
33340,2021,3,0.69,"Milwaukee-Waukesha, WI",1563631.0,67448.0,301627.3074825737,1197.193854319069,6354.666666666667,4.233333333333333,1132.0,795115.0,4421.670625,4.471997798045512,False,False,False,False,False,4.16916019387109,0.47192883057428014,0.056886798926408355,0.009978274405085807,-0.00027163460554326834,0.01754385964912286,1.7543859649122862,0.0,0.0,0.03522620776552943,7.966666666666666,0.14300626304801667,0.12237973724394036,0.04270109235352537,-0.06534841459730822
33340,2021,4,0.73,"Milwaukee-Waukesha, WI",1563631.0,68820.25,299678.73159923276,1216.7853683463238,5720.333333333333,2.8333333333333335,1311.0,801851.0,4602.1089062500005,4.354513847293969,False,False,False,False,False,4.238798916133609,0.5108846628484529,0.08066012525285005,0.0314938985526545,0.0006033153003479348,0.05263157894736836,3.4482758620689724,0.0,0.0,0.03681402140647427,5.466666666666666,-0.18930202217873449,0.15302735438200687,0.11476868327402134,-0.0616929048928363
33340,2022,1,0.82,"Milwaukee-Waukesha, WI",1564152.0,70192.5,304186.35177794466,1235.301167688349,3769.6666666666665,3.533333333333333,1267.0,796098.0,4463.855483870967,4.333601905872346,False,False,False,False,False,4.32568216598287,0.5536179118762972,0.09863368429392083,0.0351300574215212,0.0019263281451930975,0.034482758620689724,-1.6393442622950838,-0.006554343158484466,-0.006554343158484466,0.035503065713861304,5.466666666666666,-0.2763115545542324,0.2650105879555513,0.038495971351835356,-0.05235803445850917
33340,2022,2,0.98,"Milwaukee-Waukesha, WI",1564152.0,71564.75,316975.12696216925,1267.8741196249,4418.666666666667,3.1333333333333333,1160.0,813341.0,4105.667096774193,4.429207493384232,False,False,False,False,False,4.417497836234215,0.6163524174123598,0.116841867678247,0.03566207127640664,0.003935580876030478,0.1578947368421053,13.793103448275868,0.0,0.006554343158484466,0.04567570824411127,5.033333333333333,0.40905047809650874,0.4270368786990453,0.01730418943533696,0.048151248285645876
33340,2022,3,1.07,"Milwaukee-Waukesha, WI",1564152.0,72937.0,322009.13989413396,1295.8336959679866,5288.0,3.1333333333333333,1220.0,809777.0,3980.35109375,4.4148942223306955,False,False,False,False,False,4.471997798045512,0.6582630269189078,0.13505479895326133,0.02644852452136881,0.006386604328158821,0.18965517241379315,16.94915254237288,0.0,0.0,0.05882735387745597,4.233333333333333,0.5043004813382783,0.3318950711862574,0.078095238095238,0.019744267172831176
33340,2022,4,1.18,"Milwaukee-Waukesha, WI",1564152.0,73803.75,320730.61017686006,1297.5136984785893,4188.333333333333,2.3666666666666667,1276.0,810421.0,3851.9734920634924,4.345722408100674,False,False,False,False,False,4.354513847293969,0.514562103809737,0.09329013740542047,-0.006460210448463899,0.006491586891834481,0.21666666666666679,21.66666666666668,0.0,0.0,0.07668300483101476,2.8333333333333335,-0.0998216533780949,0.294726932969241,0.04628890662410212,0.018508027639467572
33340,2023,1,1.34,"Milwaukee-Waukesha, WI",1567889.0,74670.5,325371.2577193693,1320.5313482132085,2693.6666666666665,2.966666666666667,1327.0,804451.0,4000.064516129032,4.357427065834155,False,False,False,False,False,4.333601905872346,0.45993555084973936,0.07207288814348978,0.015041508466940634,0.005509728158719698,0.3666666666666667,34.42622950819671,0.0072773389449588555,0.0072773389449588555,0.07950709626071917,3.533333333333333,-0.34100576889458656,0.15473201056913988,0.09224137931034493,0.025652323473595917
33340,2023,2,1.2,"Milwaukee-Waukesha, WI",1567889.0,75537.25,335778.765244824,1349.6681984652178,3123.6666666666665,3.1,1197.0,826679.0,4206.072903225806,4.445207698782045,False,False,False,False,False,4.429207493384232,0.5348523880402971,0.07867770360642656,0.04204256735871037,0.004639190185612846,0.48484848484848486,71.9298245614035,0.0,-0.0072773389449588555,0.0797447858940814,3.1333333333333333,0.17216376337430384,-0.01863437265303247,0.038495971351835356,0.01646533344331047
33340,2023,3,1.15,"Milwaukee-Waukesha, WI",1567889.0,76404.0,343721.8553102792,1367.2766991716262,3786.0,3.3000000000000003,1198.0,816381.0,4458.13746031746,4.498741627536244,False,False,False,False,False,4.4148942223306955,0.5035803338389662,0.06757290174311481,0.015881413094490204,0.0028944574047143324,0.5507246376811596,87.71929824561407,0.0,0.0,0.08239253926426238,3.1333333333333333,0.1967410983705491,-0.0998083232963558,0.07773851590106018,0.018440099859768688
33340,2023,4,1.13,"Milwaukee-Waukesha, WI",1567889.0,76857.5,347582.230179338,1368.6250342590258,3691.0,2.6999999999999997,1319.0,819189.0,4464.907619047619,4.522424359097525,False,False,False,False,False,4.345722408100674,0.4298194820664136,0.07024815696891173,-0.003970476483040941,0.0012755439098810408,0.6164383561643836,107.01754385964915,0.0,0.0,0.06634557928813645,2.3666666666666667,-0.2079551185073122,-0.16299818832356816,-0.026697177726926036,0.010687771169456628
33340,2024,1,1.28,"Milwaukee-Waukesha, WI",1574452.0,77311.0,350526.52899953304,1385.4312095327778,2607.6666666666665,3.3666666666666667,1388.0,807462.0,4992.540983606557,4.53398001577438,False,False,False,False,False,4.357427065834155,0.41703000324034223,0.06964449857003974,0.014468988600589983,-0.0003465672738124659,0.6341463414634148,131.03448275862073,0.0020559551778958074,0.0020559551778958074,0.0689954666555952,2.966666666666667,-0.3568643056108237,-0.10389918970668477,0.04735595895816891,0.010492426811774536
33340,2024,2,1.14,"Milwaukee-Waukesha, WI",1574452.0,77764.5,359297.0328652673,1411.8145382801047,3146.0,3.3333333333333335,1235.0,826741.0,5246.626507936508,4.620322034672213,False,False,False,False,False,4.445207698782045,0.46342779167054005,0.05932212556507288,0.03198656082410056,-0.0024746297320739196,0.22448979591836737,110.52631578947367,0.0,-0.0020559551778958074,0.06451277581446058,3.1,0.1596337086994184,0.024455418348580116,0.031896551724137856,0.01639902574688845
33340,2024,3,1.15,"Milwaukee-Waukesha, WI",1574452.0,78218.0,363100.11035824585,1427.108027626454,3850.3333333333335,3.3333333333333335,1243.0,818688.0,5543.46921875,4.642155390808329,False,False,False,False,False,4.498741627536244,0.4926604830136281,0.0674288792649913,0.023655724803394618,-0.004280802166535858,0.0747663551401867,98.27586206896552,0.0,0.0,0.05513284877985192,3.3000000000000003,0.21203713584462713,0.12003623683289799,-0.0180327868852459,0.008155331653035391
33340,2024,4,1.15,"Milwaukee-Waukesha, WI",1574452.0,78218.0,365800.3563095667,1429.5154357111594,3789.6666666666665,2.966666666666667,1375.0,820575.0,5907.04296875,4.676677443933196,False,False,False,False,False,4.522424359097525,0.5371294172121654,0.08372016624066903,0.011231100988833065,-0.00445350173981238,-0.0423728813559322,88.33333333333333,0.0,0.0,0.05480584587570725,2.6999999999999997,-0.025092445853143186,0.15912210409728944,0.03369905956112862,0.010819068113980368
33340,2025,1,1.29,"Milwaukee-Waukesha, WI",,,369072.3050589622,1450.8630084963072,2811.3333333333335,3.733333333333333,1435.0,805197.0,5894.8178333333335,,False,False,False,False,False,4.53398001577438,0.5314198278479116,0.07731251818763907,0.008470797884793768,-0.0040770682467429036,-0.04477611940298509,113.33333333333333,0.0017967290615086284,0.0017967290615086284,0.04914677823240199,3.3666666666666667,-0.29350672807730516,0.24811511501268746,0.04596834966088914,0.003742925299365707
33340,2025,2,1.2,"Milwaukee-Waukesha, WI",,,371939.512118861,1471.3546826233032,3412.3333333333335,3.533333333333333,1274.0,826689.0,5732.060483870968,,False,False,False,False,False,4.620322034672213,0.584700513401831,0.07004096165311591,0.0250209417551559,-0.003003566242033395,-0.050000000000000044,72.7272727272727,0.0,-0.0017967290615086284,0.046045642836926026,3.3333333333333335,0.20644254122459427,0.24739314525733946,0.031746031746031855,7.499888106510255e-05
33340,2025,3,1.2,"Milwaukee-Waukesha, WI",,,374844.20680523285,1477.7884478075673,4133.666666666667,3.466666666666667,1288.0,815420.0,6427.73875,,False,False,False,False,False,4.642155390808329,0.6120414007460226,0.05637772154602683,0.010584772890135818,-0.0013004338965984749,0.0,66.66666666666667,0.0,0.0,0.04375948810586561,3.3333333333333335,0.22388217842763303,0.24344959483489204,0.037562604340567685,0.002825886442727077
33340,2025,4,1.18,"Milwaukee-Waukesha, WI",,,380769.3575182818,1492.1455642753979,3923.0,3.2,1442.0,818698.0,6777.5671875,,False,False,False,False,False,4.676677443933196,0.6329645854029362,0.05241385936452758,0.007436643157879175,-0.0010979621431354211,0.017699115044247815,57.53424657534245,0.0,0.0,0.044490199965617094,2.966666666666667,-0.015756211583412782,0.3229933232101214,0.04245640636846093,0.0016919172498655044
34100,2024,4,10.66,"Morristown, TN",126932.0,60553.0,289570.87773207965,1412.4982645251157,610.0,3.4333333333333336,1040.0,47907.0,5907.04296875,4.782106216571923,False,False,False,False,False,4.675763882705194,1.07290444272933,0.08312556702699325,0.02347943493115978,-0.007202506100982318,0.10973084886128359,77.48344370860929,0.0,0.0,0.09888178232110656,3.1999999999999997,-0.12037659717552118,0.15912210409728944,0.050473186119873725,0.008355091383811963
34100,2025,1,11.44,"Morristown, TN",,,294473.3904788527,1418.9995621616865,540.6666666666666,3.8666666666666667,1005.0,47154.0,5894.8178333333335,,False,False,False,False,False,4.656969408159134,0.9564210291742246,0.08662908271726577,0.006252133909676161,-0.01101959457607807,0.10098039215686283,82.60162601626016,0.001305127676924478,0.001305127676924478,0.09302665199916493,3.533333333333333,-0.07874617737003053,0.24811511501268746,0.04618689581095592,4.2178965349970454e-05
34100,2025,2,11.27,"Morristown, TN",,,292442.3957032687,1470.793913714886,598.6666666666666,3.5666666666666664,1074.0,47135.0,5732.060483870968,,False,False,False,False,False,4.711987774023925,0.887310322678633,0.08530818539413154,0.02214266194311998,-0.013570360453176805,0.09922178988326857,71.21212121212123,0.0,-0.001305127676924478,0.0755033258449791,3.3666666666666667,0.1394190871369294,0.24739314525733946,0.05204081632653068,0.009825258309210438
34100,2025,3,11.5,"Morristown, TN",,,292084.36220737593,1499.835421315697,691.6666666666666,3.8000000000000003,1017.0,47086.0,6427.73875,,False,False,False,False,False,4.747124676626743,0.8626928468806154,0.07124876061954821,0.0176369842860431,-0.013766450076619014,0.084942084942085,60.80114449213161,0.0,0.0,0.10408069468444858,3.6999999999999997,0.2316096139839765,0.24344959483489204,0.04477611940298498,0.00903583102579586
34100,2025,4,11.28,"Morristown, TN",,,294660.51971198764,1477.6512635696017,694.6666666666666,3.5999999999999996,1086.0,47418.0,6777.5671875,,False,False,False,False,False,4.782106216571923,0.8467287919865307,0.05438639115440114,0.007368995408403078,-0.01319462309192431,-0.005597014925373234,45.03401360544219,0.0,0.0,0.049684576667913705,3.4333333333333336,0.08219988172678905,0.3229933232101214,0.041041041041041115,-0.007622993267736966
34820,2019,2,3.51,"Myrtle Beach-Conway-North Myrtle Beach, SC",496901.0,51949.0,217598.60434886185,1161.8427125337284,8921.666666666666,3.1333333333333333,665.0,175565.0,2882.3277777777776,4.188696690000998,False,False,False,False,False,4.18492573551918,0.3415586931057608,0.05449028731059058,0.013616461500668642,0.0012928357668593015,0.0332326283987916,9.26517571884984,0.0,-0.0015296040299184188,0.05030310330282495,3.266666666666667,0.019883040935672502,0.1272577123238514,0.006259780907668322,0.02566387873994369
34820,2019,3,3.51,"Myrtle Beach-Conway-North Myrtle Beach, SC",496901.0,52660.0,220151.12257885037,1180.6262967986793,8807.0,2.533333333333333,678.0,168962.0,2957.8528125,4.1806137975474815,False,False,False,False,False,4.1907786821535895,0.3176493177617252,0.05520615865214262,0.01198238320977385,0.0015989056259134652,0.01734104046242768,11.041009463722396,0.0,0.0,0.04315301274668859,3.6,-0.057023093957608406,0.15500598332389726,0.010819165378670892,0.008123643981146733
34820,2019,4,3.51,"Myrtle Beach-Conway-North Myrtle Beach, SC",496901.0,52953.0,222621.5170808008,1178.6741621840777,8950.333333333334,3.033333333333333,738.0,162158.0,3082.755625,4.204134177115571,False,False,False,False,False,4.195362512182474,0.2599506083921921,0.05545445934297777,0.015381923594794955,0.001908494671655309,0.023391812865497075,6.060606060606055,0.0,0.0,0.043210347472289135,4.0,-0.04327769856579722,0.03674172122599795,0.029027576197387495,0.02828032260997171
34820,2020,1,3.65,"Myrtle Beach-Conway-North Myrtle Beach, SC",353779.0,53246.0,225030.51927203735,1199.5952332919862,8572.333333333334,4.433333333333334,706.0,162609.0,3055.869193548387,4.226242708786338,False,False,False,False,False,4.183837995778856,0.21143233100974168,0.05329508487203971,0.011286064436249132,0.0022622971151907926,0.005714285714285783,6.024096385542177,-0.004602067867052639,-0.004602067867052639,0.04286627661302478,4.866666666666667,-0.0008766546857192914,-0.004562795426325428,0.04097116843702575,0.020705790847049377
34820,2020,2,3.54,"Myrtle Beach-Conway-North Myrtle Beach, SC",353779.0,53539.0,226866.77939711313,1213.885511373608,8431.0,14.433333333333332,736.0,157332.0,2931.687619047619,4.237411595231759,False,False,False,False,False,4.188696690000998,0.16906192470191517,0.05478872552555192,0.015053835296209295,0.002527642758953902,0.02631578947368407,7.999999999999985,0.0,0.004602067867052639,0.03912231984598269,3.1333333333333333,0.17421251206457833,0.0662922038202094,0.034214618973561484,0.010335560427924495
34820,2020,3,3.58,"Myrtle Beach-Conway-North Myrtle Beach, SC",353779.0,53832.0,230421.69013385844,1223.5038574146204,7215.0,7.466666666666666,736.0,158288.0,3319.8340625,4.280385089423734,False,False,False,False,False,4.1806137975474815,0.11845797394826452,0.05452608145336191,0.011730397984980767,0.0023429208100229793,-0.0028409090909091717,7.668711656441718,0.0,0.0,0.04368028233104426,2.533333333333333,-0.012852606015318457,0.03798825437241593,0.03669724770642202,0.04491678983790881
34820,2020,4,3.7,"Myrtle Beach-Conway-North Myrtle Beach, SC",353779.0,54746.25,239149.48668184833,1229.433677380677,6019.0,6.066666666666666,825.0,155164.0,3554.5015625,4.368326354441598,False,False,False,False,False,4.204134177115571,0.11722231648215153,0.05020512092403506,0.011221357733779636,0.0018199841326332058,0.0028571428571428914,11.428571428571432,0.0,0.0,0.043139548968216035,3.033333333333333,0.01627493281859138,0.14221561000009686,0.04090267983074747,0.024054461979551522
34820,2021,1,3.77,"Myrtle Beach-Conway-North Myrtle Beach, SC",366164.0,55660.5,248472.87893075185,1273.4932929036645,5087.333333333333,6.3,744.0,158680.0,3865.7068852459015,4.464079175191596,False,False,False,False,False,4.226242708786338,0.13568608214470057,0.04972222744393617,0.010821066277983293,0.0010795739528066187,0.03693181818181812,7.669616519174038,-0.3211196340281264,-0.3211196340281264,0.05130866231386744,4.433333333333334,-0.04223306394547688,0.12306660146925985,0.029154518950437414,-0.0007128591181441157
34820,2021,2,4.05,"Myrtle Beach-Conway-North Myrtle Beach, SC",366164.0,56574.75,259789.98838611765,1333.2139609400713,3824.0,4.7,780.0,170649.0,4183.62634920635,4.591977664702322,False,False,False,False,False,4.237411595231759,0.12392285638062184,0.042592989398921866,0.008160049272498693,8.414614540728851e-05,0.008547008547008517,6.9486404833836835,0.0,0.3211196340281264,0.04479332553232229,14.433333333333332,-0.016487148578761213,0.017124992393438676,0.10676691729323307,-0.10385327371628739
34820,2021,3,4.36,"Myrtle Beach-Conway-North Myrtle Beach, SC",366164.0,57489.0,276151.8801044037,1431.9138692849103,3523.0,4.3999999999999995,813.0,167914.0,4421.670625,4.803560335097213,False,False,False,False,False,4.280385089423734,0.13550843473715357,0.0466523515060866,0.015669595813861736,-0.00045335622528601155,0.019943019943019946,3.4682080924855585,0.0,0.0,0.036317639825748094,7.466666666666666,-0.14422962875103784,0.12237973724394036,0.08554572271386429,-0.06317396811117293
34820,2021,4,4.59,"Myrtle Beach-Conway-North Myrtle Beach, SC",366164.0,58940.75,291189.0444904755,1492.4891090135097,3304.0,3.8333333333333335,902.0,165465.0,4602.1089062500005,4.940368836339468,False,False,True,False,False,4.368326354441598,0.21022299374950393,0.07424246235393617,0.03787749557309317,0.00019024714550814733,0.054131054131054235,8.187134502923987,0.0,0.0,0.043064925681022936,6.066666666666666,-0.16576576576576574,0.15302735438200687,0.11788617886178865,-0.04313077368985807
34820,2022,1,5.0,"Myrtle Beach-Conway-North Myrtle Beach, SC",383372.0,60392.5,308404.0820075808,1522.8039920886192,2727.6666666666665,4.733333333333333,821.0,168050.0,4463.855483870967,5.10666195318261,True,False,True,True,True,4.464079175191596,0.3040329725320312,0.10417413484423976,0.038985625176385375,0.002039172619539449,0.03287671232876721,7.714285714285718,0.3230369358276688,0.3230369358276688,0.06160249520905792,6.3,-0.1547876169906408,0.2650105879555513,0.053824362606232246,-0.024162254241770098
34820,2025,2,7.75,"Myrtle Beach-Conway-North Myrtle Beach, SC",,,343893.5322508821,1697.6531554497972,8703.333333333334,4.533333333333334,923.0,151383.0,5732.060483870968,,False,False,False,False,False,5.314372037640972,1.125675347639974,0.02288591841159593,0.004067110726880152,-0.02560558053512826,0.012622720897615736,78.27160493827161,0.0,0.0014359718205696481,0.014527276029543401,4.333333333333333,0.16120623562484027,0.24739314525733946,0.025551684088269466,-0.19303469217746483
34820,2025,3,8.25,"Myrtle Beach-Conway-North Myrtle Beach, SC",,,340807.7045093959,1689.7674664372769,8408.666666666666,5.233333333333333,965.0,147823.0,6427.73875,,False,False,False,False,False,5.249072283496941,1.06845848594946,0.006351456762837326,-0.003883399440616442,-0.02747536505014187,0.039548022598870025,68.80733944954127,0.0,0.0,0.02357293672748617,5.066666666666666,0.0244729081385624,0.24344959483489204,0.046380090497737614,-0.20958031775010322
34820,2025,4,7.69,"Myrtle Beach-Conway-North Myrtle Beach, SC",,,340416.0805695032,1697.6587480827322,7825.666666666667,5.95,1018.0,144195.0,6777.5671875,,False,False,False,False,False,5.221877083366509,1.0177429062509384,-0.003198077596781923,-0.0051809536355469366,-0.027499020380587567,-0.0040431266846361336,61.00217864923747,0.0,0.0,0.025671608972109627,4.833333333333333,-0.011643394199785106,0.3229933232101214,0.04135737009544016,-0.20868594655827277
34980,2019,2,1.12,"Nashville-Davidson--Murfreesboro--Franklin, TN",1934317.0,65439.75,298338.71193229704,1369.6907259805612,9466.666666666666,2.6,1056.0,1000497.0,2882.3277777777776,4.558983063540081,False,False,False,False,False,4.623832880117041,1.1709685281654352,0.09267058349809187,0.021638873397615832,-0.001446002654607892,0.058252427184465994,25.287356321839095,0.0,0.0019255007420613257,0.025757098644703325,2.6999999999999997,0.1847788991272976,0.1272577123238514,0.029322548028311468,0.03134359434309775
34980,2019,3,1.11,"Nashville-Davidson--Murfreesboro--Franklin, TN",1934317.0,66347.0,300758.0180188532,1384.7399028466123,10447.333333333334,2.6666666666666665,1080.0,1006459.0,2957.8528125,4.533106516027148,False,False,False,False,False,4.625539712151406,1.112409175992311,0.08679313125343757,0.013920573238097367,-0.0029240750475443113,0.06730769230769229,24.71910112359552,0.0,0.0,0.025403124143071443,2.9,0.16110448129706612,0.15500598332389726,0.04742684157416743,0.03468599443937426
34980,2019,4,1.13,"Nashville-Davidson--Murfreesboro--Franklin, TN",1934317.0,66861.75,304672.1090456234,1376.589998883932,9509.333333333334,2.533333333333333,1163.0,1019433.0,3082.755625,4.556747453448697,False,False,False,False,False,4.597469125663144,1.0343976534114199,0.07093942033427525,0.00830915064310056,-0.004111791543134775,0.05660377358490565,21.739130434782616,0.0,0.0,0.03443114881221043,2.566666666666667,-0.014105472072583058,0.03674172122599795,0.03905540417802,0.03552661772055865
34980,2020,1,1.15,"Nashville-Davidson--Murfreesboro--Franklin, TN",2021825.0,67376.5,310396.52090511145,1394.5315302508452,7892.666666666667,2.733333333333333,1167.0,995139.0,3055.869193548387,4.606895889592239,False,False,False,False,False,4.577505398459181,0.9650427967873991,0.05476105358783978,0.009855027712593944,-0.005394846229415927,0.036363636363636154,19.999999999999996,-0.0005811343415118575,-0.0005811343415118575,0.027957191591792663,2.733333333333333,-0.10885038464303676,-0.004562795426325428,0.02270663033605813,0.0341054175111557
34980,2020,2,1.14,"Nashville-Davidson--Murfreesboro--Franklin, TN",2021825.0,67891.25,314805.42614038667,1408.311143284616,8490.0,12.766666666666666,1121.0,914703.0,2931.687619047619,4.636907202922124,False,False,False,False,False,4.558983063540081,0.9002014807489584,0.04269893744886977,0.009955538389093688,-0.006683320044474216,0.02752293577981657,19.14893617021278,0.0,0.0005811343415118575,0.03867442555960432,2.6,0.14562323517547382,0.0662922038202094,0.037328094302554016,0.03580768394570932
34980,2020,3,1.16,"Nashville-Davidson--Murfreesboro--Franklin, TN",2021825.0,68406.0,318230.058501498,1416.5557368409338,8925.0,8.033333333333333,1123.0,946983.0,3319.8340625,4.652078158370582,False,False,False,False,False,4.533106516027148,0.8186500153823952,0.0367226799036644,0.008109259676314373,-0.007739549755866426,0.0,18.085106382978733,0.0,0.0,0.041209560688299396,2.6666666666666665,0.10359154929577485,0.03798825437241593,0.040462427745664664,0.03223811467591631
34980,2020,4,1.19,"Nashville-Davidson--Murfreesboro--Franklin, TN",2021825.0,69438.75,328323.4056591133,1410.8394738619584,7595.0,4.966666666666667,1291.0,984999.0,3554.5015625,4.7282447575613515,False,False,False,False,False,4.556747453448697,0.8023845957823754,0.04156019851089865,0.013014087047630518,-0.008124186847202378,0.008928571428571175,16.494845360824726,0.0,0.0,0.03667608981880344,2.533333333333333,-0.08978367685533784,0.14221561000009686,0.01660839160839167,0.03151304932059351
34980,2021,1,1.23,"Nashville-Davidson--Murfreesboro--Franklin, TN",2033685.0,70471.5,340415.5608284858,1425.423425300348,5401.333333333333,4.566666666666666,1234.0,969599.0,3865.7068852459015,4.830542287711853,False,False,False,False,False,4.606895889592239,0.781123009062227,0.050774414605517126,0.018788762376115153,-0.007622006775171868,0.00877192982456143,11.650485436893199,0.029704173107037324,0.029704173107037324,0.04593794117532579,2.733333333333333,-0.17000841278743695,0.12306660146925985,0.03641207815275305,0.013722562006706962
34980,2021,2,1.33,"Nashville-Davidson--Murfreesboro--Franklin, TN",2033685.0,71504.25,356615.2708013313,1490.0506109765076,4476.666666666667,4.3,1194.0,989265.0,4183.62634920635,4.987329715385188,False,False,True,False,False,4.636907202922124,0.7416653035417897,0.055194694987576565,0.014204106484244416,-0.0064711711687837495,0.01785714285714257,10.679611650485432,0.0,-0.029704173107037324,0.028196450900553893,12.766666666666666,0.07568206774220787,0.017124992393438676,0.061553030303030276,-0.08575138156336304
34980,2021,3,1.42,"Nashville-Davidson--Murfreesboro--Franklin, TN",2033685.0,72537.0,377420.60301667143,1591.1911473244127,5453.666666666667,3.6333333333333333,1224.0,1003895.0,4421.670625,5.20314602225997,True,False,True,True,True,4.652078158370582,0.6714850630354525,0.05809334892461471,0.010878568400482846,-0.0051147152028680025,0.04504504504504481,11.538461538461519,0.0,0.0,0.022976036098127706,8.033333333333333,0.051236749116607694,0.12237973724394036,0.03981481481481475,-0.05909430985266162
34980,2025,2,2.43,"Nashville-Davidson--Murfreesboro--Franklin, TN",,,460836.7010945386,1801.0085421241674,9350.0,2.8666666666666667,1420.0,1094231.0,5732.060483870968,,False,False,False,False,False,5.418022524713296,0.8590394611732144,0.021318796249129912,0.01009151439858802,-0.02660955792917479,0.013392857142856984,70.6766917293233,0.0,5.814588870123316e-05,0.0035652665329721778,2.6999999999999997,0.20705714755355853,0.24739314525733946,0.05331302361005341,0.012419158524046292
34980,2025,3,2.47,"Nashville-Davidson--Murfreesboro--Franklin, TN",,,458561.74309739564,1807.9286068952904,10777.666666666666,3.1,1468.0,1095134.0,6427.73875,,False,False,False,False,False,5.372326748565505,0.8392202325383566,0.01587124905338566,0.00019286099771620435,-0.026919958607818904,0.017621145374449254,62.676056338028175,0.0,0.0,0.006770058505826793,3.1,0.18284157966409453,0.24344959483489204,0.049848942598187396,0.00537310164550675
34980,2025,4,2.4,"Nashville-Davidson--Murfreesboro--Franklin, TN",,,458623.3265744576,1787.8706450373031,10208.666666666666,2.95,1605.0,1105795.0,6777.5671875,,False,False,False,False,False,5.377430255767879,0.8206828023191823,0.01436426658140677,0.0009499621749062825,-0.025272306963768407,0.0486725663716816,55.92105263157896,0.0,0.0,0.00912672322021435,2.8666666666666667,-0.01565737969145753,0.3229933232101214,0.06832298136645965,-0.0030086640883261184
35380,2019,2,1.58,"New Orleans-Metairie, LA",1270530.0,52675.25,241153.03006992917,1227.985405323019,4215.666666666667,4.166666666666667,995.0,550391.0,2882.3277777777776,4.578108885480926,False,False,False,False,False,4.539084810394427,0.21276286814583312,0.021844144087720396,-0.002942866180539294,-0.004548465230287282,-0.01273885350318471,6.896551724137945,0.0,0.002292172623074795,0.02349456127068339,4.833333333333333,0.0697057404727448,0.1272577123238514,0.036363636363636376,0.0009566807593102133
35380,2019,3,1.54,"New Orleans-Metairie, LA",1270530.0,53084.0,244014.09272993353,1229.2147241007654,4327.666666666667,4.7,987.0,547042.0,2957.8528125,4.59675406393515,False,False,False,False,False,4.486467989737567,0.11652069943374155,0.01609001380916153,-0.005332863292811685,-0.003750557760743041,-0.0062893081761006275,8.965517241379327,0.0,0.0,0.01891794196220009,5.066666666666666,0.008793686583991045,0.15500598332389726,0.026795284030010746,0.006321757040602005
35380,2019,4,1.57,"New Orleans-Metairie, LA",1270530.0,53410.0,245752.3777641131,1234.345989159465,3759.0,4.2,1071.0,556462.0,3082.755625,4.60124279655707,False,False,False,False,False,4.475865646115226,0.08970497628012719,0.00947345582561332,0.005562803190691135,-0.002781915199237411,-0.024844720496894457,3.9735099337748325,0.0,0.0,0.017143619606490246,4.2,-0.08798986738191028,0.03674172122599795,0.024557956777996104,0.0063552705829499345
35380,2020,1,1.59,"New Orleans-Metairie, LA",1005431.0,53736.0,251052.95656412528,1243.0240491180427,3186.0,4.766666666666667,1052.0,542564.0,3055.869193548387,4.671969565358889,False,False,False,False,False,4.501638894336654,0.15968536256624066,0.010905073853405556,0.013685797810326195,-0.0019974666922047504,-0.006134969325153228,5.882352941176472,0.0004644951966491506,0.0004644951966491506,0.02585598370344311,4.2,-0.0557960950902705,-0.004562795426325428,0.019607843137254832,0.00520776725498906
35380,2020,2,1.55,"New Orleans-Metairie, LA",1005431.0,54062.0,255319.75417217208,1255.429254470846,3105.0,16.5,1107.0,474322.0,2931.687619047619,4.722721212166995,False,False,False,False,False,4.578108885480926,0.20881530310448326,0.039175696201958266,0.024940489457092152,-0.0002162115272853088,0.019354838709677358,4.635761589403975,0.0,-0.0004644951966491506,0.027204502028010502,4.166666666666667,0.09422045336563434,0.0662922038202094,0.026831785345717174,0.011625427797362864
35380,2020,3,1.58,"New Orleans-Metairie, LA",1005431.0,54388.0,255342.22213380062,1267.5409078212424,2893.3333333333335,12.433333333333332,1071.0,484225.0,3319.8340625,4.694826471534173,False,False,False,False,False,4.59675406393515,0.18471793156620198,0.05714217093126961,0.011864095836468191,0.0022629738206908184,-0.025316455696202556,2.6666666666666616,0.0,0.0,0.029370999371694406,4.7,0.026567565430536844,0.03798825437241593,0.030271398747390377,0.0077834703039882935
35380,2020,4,1.62,"New Orleans-Metairie, LA",1005431.0,55205.0,261897.147636844,1278.4455624889433,2480.3333333333335,8.866666666666667,1190.0,504448.0,3554.5015625,4.7440838264078256,False,False,False,False,False,4.60124279655707,0.13977411786891292,0.05878314036210308,0.00712370754792202,0.004319918494860945,0.0,3.289473684210531,0.0,0.0,0.03534343798756345,4.2,-0.1314026034044521,0.14221561000009686,0.02684563758389258,0.009808422722150434
35380,2021,1,1.64,"New Orleans-Metairie, LA",993781.0,56022.0,266821.9604296587,1291.7598391822503,2590.3333333333335,8.1,1094.0,502334.0,3865.7068852459015,4.762806762158772,False,False,False,False,False,4.671969565358889,0.12894005770272354,0.06701682373996731,0.021568779306379682,0.005998084550107301,-0.01851851851851849,1.273885350318471,-0.2089648604035952,-0.2089648604035952,0.030340900297659568,4.766666666666667,-0.15243415802075022,0.12306660146925985,0.011538461538461497,-0.005692084959774246
35380,2021,2,1.75,"New Orleans-Metairie, LA",993781.0,56839.0,273416.1379444794,1319.6719012962078,3206.6666666666665,8.166666666666666,1096.0,511222.0,4183.62634920635,4.810361511365073,False,False,False,False,False,4.722721212166995,0.10972114878026584,0.05874578518932516,0.016995607884653374,0.006409388799255282,-0.01898734177215189,-1.273885350318471,0.0,0.2089648604035952,0.022348676970316284,16.5,-0.025423728813559365,0.017124992393438676,0.11256281407035185,-0.1382090186794479
35380,2021,3,1.88,"New Orleans-Metairie, LA",993781.0,57656.0,281417.6249902108,1362.6287128217145,3649.0,6.833333333333333,1115.0,483527.0,4421.670625,4.880977261520237,False,False,False,False,False,4.694826471534173,0.025904674311520992,0.0464240785322374,8.799930777536602e-05,0.005477389365516033,0.025974025974025983,-0.6289308176100628,0.0,0.0,0.031179405004698957,12.433333333333332,-0.06816961889425655,0.12237973724394036,0.0851063829787233,-0.11483030553412721
35380,2021,4,1.97,"New Orleans-Metairie, LA",993781.0,58929.0,286246.07387658604,1422.6246583450932,3198.3333333333335,4.633333333333333,1263.0,522416.0,4602.1089062500005,4.857473805368937,False,False,False,False,False,4.7440838264078256,0.04117125627110596,0.06569527432295108,0.025671138318865916,0.005200223857715441,0.031847133757961776,0.6211180124223503,0.0,0.0,0.035727076295284155,8.866666666666667,-0.14274193548387093,0.15302735438200687,0.11111111111111116,-0.09347268995906277
35380,2022,1,2.12,"New Orleans-Metairie, LA",975662.0,60202.0,290862.05036379816,1460.370113555631,2778.3333333333335,4.366666666666666,1169.0,518009.0,4463.855483870967,4.831435008202355,False,False,False,False,False,4.762806762158772,0.06533496416817464,0.06281146448679897,0.018804377356731017,0.005175210268128662,0.03144654088050314,0.6134969325153339,0.19706522409219007,0.19706522409219007,0.039207439388471155,8.1,0.04434887783900021,0.2650105879555513,0.03992395437262353,-0.07414793462153768
35380,2022,2,2.32,"New Orleans-Metairie, LA",975662.0,61475.0,296008.4099144297,1488.4234268061318,3421.6666666666665,4.0,1158.0,524144.0,4105.667096774193,4.8151022352896256,False,False,False,False,False,4.810361511365073,0.10754730388410838,0.07087733509293703,0.024713773574717157,0.0052990225635050564,0.12903225806451601,12.903225806451601,0.0,-0.19706522409219007,0.0511718574316955,8.166666666666666,0.23793591558357985,0.4270368786990453,-0.009936766034327027,0.07779525301377554
35380,2022,3,2.64,"New Orleans-Metairie, LA",975662.0,62748.0,298125.29258078226,1496.6298906013071,4214.0,4.033333333333333,1201.0,528669.0,3980.35109375,4.751152109721143,False,False,False,False,False,4.880977261520237,0.15352909511069068,0.10211943265202161,0.029264867486922697,0.006020013171882264,0.1898734177215189,18.98734177215189,0.0,0.0,0.07501754335007393,6.833333333333333,0.1379417879417879,0.3318950711862574,0.041083099906629394,-0.0014414786514533873
35380,2022,4,2.9,"New Orleans-Metairie, LA",975662.0,62628.75,291621.4240012108,1487.2588793442312,4479.0,3.3333333333333335,1234.0,536422.0,3851.9734920634924,4.65635070157413,False,False,False,False,False,4.857473805368937,0.1464122130382437,0.09297133038464844,0.017157592338230998,0.005486796729864535,0.21604938271604923,25.47770700636942,0.0,0.0,0.11277687536061731,4.633333333333333,-0.12350415638987844,0.294726932969241,0.061344537815126055,0.03561913219994928
35380,2023,1,3.13,"New Orleans-Metairie, LA",967205.0,62509.5,284762.13284906937,1490.1826420736463,4193.0,3.6333333333333333,1271.0,532665.0,4000.064516129032,4.555501689328332,False,False,False,False,False,4.831435008202355,0.19059828445301275,0.0900978686140681,0.016125903229688543,0.004324234853465144,0.29268292682926833,30.864197530864203,-0.006645316596631146,-0.006645316596631146,0.13052757119320235,4.366666666666666,-0.1313183949973945,0.15473201056913988,0.06855575868372954,0.03120433814951795
35380,2023,2,2.94,"New Orleans-Metairie, LA",967205.0,62390.25,282529.678114172,1513.3834458485182,4750.0,3.766666666666667,1183.0,534124.0,4206.072903225806,4.528426767230008,False,False,False,False,False,4.8151022352896256,0.2452284880879061,0.08262962142541097,0.017693472022887402,0.003605665221592437,0.3257142857142856,46.83544303797467,0.0,0.006645316596631146,0.1278738490560971,4.0,0.23155368926214748,-0.01863437265303247,0.0565693430656935,0.02527668997030652
35380,2023,3,2.93,"New Orleans-Metairie, LA",967205.0,62271.0,275105.45293287135,1524.0815821720655,5204.666666666667,4.066666666666666,1210.0,530884.0,4458.13746031746,4.417874338502214,False,False,False,False,False,4.751152109721143,0.22172001952237874,0.05936965600911681,0.007151427444120673,0.0025052658745270966,0.4042553191489364,71.42857142857144,0.0,0.0,0.0983401982643568,4.033333333333333,0.23156356551388213,-0.0998083232963558,0.07713004484304942,0.09335983305999451
35380,2023,4,2.9,"New Orleans-Metairie, LA",967205.0,62367.0,266797.0312773632,1524.7654861473666,5128.333333333333,3.9666666666666663,1299.0,540781.0,4464.907619047619,4.2778557775324,False,False,False,False,False,4.65635070157413,0.10127268864511141,0.018778773283515182,-0.021815889967836788,-9.730856881963352e-05,0.47208121827411165,84.71337579617833,0.0,0.0,0.04543308076378039,3.3333333333333335,0.06288561936402459,-0.16299818832356816,-0.022961203483768844,0.02681005175951734
35380,2024,1,3.2,"New Orleans-Metairie, LA",966230.0,62463.0,262502.54340163193,1529.7673139772626,5043.333333333333,4.233333333333333,1357.0,439535.0,4992.540983606557,4.202528591352191,False,False,False,False,False,4.555501689328332,-0.025992722346439123,-0.02097185764557208,-0.023521218221995044,-0.003574744278427026,0.4764150943396226,96.85534591194967,0.009564426385399338,0.009564426385399338,0.02041436498959115,3.6333333333333333,-0.06385353873632504,-0.10389918970668477,0.08725406330196739,0.028292944717176693
35380,2024,2,2.72,"New Orleans-Metairie, LA",966230.0,62559.0,262954.391499387,1546.745935683747,5704.0,4.166666666666667,1277.0,440217.0,5246.626507936508,4.2033023465750246,False,False,False,False,False,4.528426767230008,-0.010658043164418984,-0.04553496234838106,-0.007839717706007665,-0.007757565617818218,0.267241379310345,89.6774193548387,0.0,-0.009564426385399338,0.01676943441823253,3.766666666666667,0.1328404483663248,0.024455418348580116,0.021588946459412783,0.019040569003937913
35380,2024,3,2.9,"New Orleans-Metairie, LA",966230.0,62655.0,260338.54482798217,1560.976672696919,6130.333333333333,4.766666666666667,1281.0,440704.0,5543.46921875,4.155112039390027,False,False,False,False,False,4.417874338502214,-0.06859365123535266,-0.07721531926605418,-0.02627768251058027,-0.012989703801828756,0.10984848484848486,85.44303797468356,0.0,0.0,0.018342338171349004,4.066666666666666,0.09571929824561409,0.12003623683289799,0.007493755203996644,0.004189767132175337
35380,2024,4,3.13,"New Orleans-Metairie, LA",966230.0,62655.0,258436.0800555627,1569.437111617293,6013.333333333333,4.266666666666667,1358.0,449472.0,5907.04296875,4.12474790608192,False,False,False,False,False,4.2778557775324,-0.198009868582826,-0.0851254080829964,-0.030200861403992252,-0.01678550155265924,0.0,79.01234567901231,0.0,0.0,0.02521861346672405,3.9666666666666663,-0.014666325092865473,0.15912210409728944,0.05267423014586714,0.00812606492649448
35380,2025,1,3.28,"New Orleans-Metairie, LA",,,258296.98411370002,1578.7394696379852,5768.0,4.233333333333333,1377.0,442624.0,5894.8178333333335,,False,False,False,False,False,4.202528591352191,-0.29911030298446306,-0.07816906421063907,-0.01609646050096669,-0.01939013979461612,0.022364217252396346,95.12195121951221,0.007659901525793211,0.007659901525793211,0.026563637762236025,4.233333333333333,-0.016574585635359074,0.24811511501268746,0.06766325727773403,-0.1748378436728525
35380,2025,2,3.04,"New Orleans-Metairie, LA",,,257207.63228949788,1590.175075529404,6413.333333333333,4.433333333333334,1311.0,440882.0,5732.060483870968,,False,False,False,False,False,4.2033023465750246,-0.37480653890590165,-0.06928577112835044,0.0017213094086623304,-0.02030060461286726,-0.07482993197278909,55.42857142857145,0.0,-0.007659901525793211,0.022044968132001186,4.166666666666667,0.13099801718440185,0.24739314525733946,0.07945900253592564,-0.17581497929319778
35380,2025,3,3.09,"New Orleans-Metairie, LA",,,258078.23560741686,1580.9861842299042,6507.333333333333,4.6000000000000005,1340.0,438931.0,6427.73875,,False,False,False,False,False,4.155112039390027,-0.44164202454512314,-0.053677264290695303,-0.009947910192672715,-0.018210485319492934,-0.010238907849829393,54.255319148936174,0.0,0.0,0.02420808108728134,4.766666666666667,0.07474287050023376,0.24344959483489204,0.05867768595041323,-0.1698676170312159
35380,2025,4,3.01,"New Orleans-Metairie, LA",,,259616.61973771456,1571.278008134157,6161.0,4.15,1390.0,441396.0,6777.5671875,,False,False,False,False,False,4.12474790608192,-0.47649489047515026,-0.031338246837943284,-0.007307656934460227,-0.014587508486293947,0.07931034482758625,58.88324873096447,0.0,0.0,0.02929737449842107,4.266666666666667,-0.01908542221738896,0.3229933232101214,0.04541955350269444,-0.16884653861729615
35840,2019,2,2.27,"North Port-Bradenton-Sarasota, FL",836995.0,59984.0,278955.17509247194,1444.3781655653656,10028.333333333334,3.1666666666666665,870.0,293140.0,2882.3277777777776,4.650493049687783,False,False,False,False,False,4.774380632060962,0.9972566884891854,0.035125859212521204,0.007482039553959874,-0.00772490021500337,0.05069124423963123,23.913043478260843,0.0,0.0020801879072724905,0.01997792739954951,3.5,-0.022109013418572965,0.1272577123238514,0.04151404151404159,0.025863207766102958
35840,2019,3,2.3,"North Port-Bradenton-Sarasota, FL",836995.0,60810.0,279339.93281781604,1464.5195727552393,8149.0,3.4333333333333336,873.0,297903.0,2957.8528125,4.59365125502082,False,False,False,False,False,4.775496419591202,0.8481271536187371,0.04102160541326483,0.013598589022100427,-0.007961446691853169,0.017777777777777892,20.52631578947368,0.0,0.0,0.03803989764474247,3.6666666666666665,-0.14072661650039153,0.15500598332389726,0.02311435523114347,0.05003820535740022
35840,2019,4,2.29,"North Port-Bradenton-Sarasota, FL",836995.0,61217.0,282315.50642764574,1499.2636130871108,7887.333333333333,2.966666666666667,936.0,311536.0,3082.755625,4.6117174384181805,False,False,False,False,False,4.765192998966273,0.745143386741959,0.04398495506311284,0.01217516786281525,-0.006948802089211665,0.026431718061673992,13.658536585365866,0.0,0.0,0.029171598719885283,3.3333333333333335,-0.006974163892851437,0.03674172122599795,0.038159371492704874,0.024828928581050125
35840,2020,1,2.33,"North Port-Bradenton-Sarasota, FL",837900.0,61624.0,287050.2871991484,1510.6031219638292,8450.0,3.4333333333333336,915.0,308449.0,3055.869193548387,4.658092418524412,False,False,False,False,False,4.728239738566364,0.630515959620384,0.04012275575689772,0.00629568302233352,-0.0056605414601872,0.03083700440528636,14.705882352941169,0.0005476505961923284,0.0005476505961923284,0.029697218226724997,3.366666666666667,0.18790901835594553,-0.004562795426325428,-0.0045300113250282825,0.02623424290742804
35840,2020,2,2.3,"North Port-Bradenton-Sarasota, FL",837900.0,62031.0,289256.96022677387,1480.190105778662,8019.333333333333,12.133333333333333,914.0,277632.0,2931.687619047619,4.66310329072196,False,False,False,False,False,4.650493049687783,0.48526259014881923,0.02960047969910362,-0.002710030646198236,-0.004508718739058699,-0.004385964912280604,11.822660098522174,0.0,-0.0005476505961923284,0.036836383144921214,3.1666666666666665,0.010615069367462926,0.0662922038202094,0.01992966002344665,0.020210000243619852
35840,2020,3,2.34,"North Port-Bradenton-Sarasota, FL",837900.0,62438.0,291841.9151235709,1508.9701306895988,6882.0,8.133333333333333,938.0,283902.0,3319.8340625,4.6741073564747575,False,False,False,False,False,4.59365125502082,0.37341686369521376,0.017188263487885935,0.0013792815466375785,-0.0038704483258401806,0.004366812227074135,12.745098039215685,0.0,0.0,0.03589615044304906,3.4333333333333336,-0.1874023599800566,0.03798825437241593,0.038049940546967864,0.022558533077496
35840,2020,4,2.39,"North Port-Bradenton-Sarasota, FL",837900.0,63705.5,302530.2381506714,1582.2019654767857,5934.666666666667,5.3999999999999995,1067.0,296548.0,3554.5015625,4.7488872726950015,False,False,False,False,False,4.6117174384181805,0.33169749392275527,0.01565771230402513,0.010652159824819485,-0.0036238990174701628,-0.01716738197424894,10.6280193236715,0.0,0.0,0.038241850524273646,2.966666666666667,-0.03211027937988309,0.14221561000009686,0.011891891891891992,0.023695062843998915
35840,2021,1,2.49,"North Port-Bradenton-Sarasota, FL",862535.0,64973.0,316028.30402806465,1610.0603807913992,5072.666666666667,4.7,950.0,301752.0,3865.7068852459015,4.863994336540789,False,False,True,False,False,4.658092418524412,0.30684146350945163,0.02623072695798223,0.016771238786758236,-0.0029110519224207886,-0.004273504273504147,6.8807339449541205,-0.018753870586585064,-0.018753870586585064,0.03659742740828875,3.4333333333333336,0.07133801031189257,0.12306660146925985,0.04095563139931735,0.004723142420659299
35840,2021,2,2.71,"North Port-Bradenton-Sarasota, FL",862535.0,66240.5,335303.5216499684,1688.3598887295793,4076.6666666666665,4.3,1004.0,294517.0,4183.62634920635,5.061911091401309,True,False,True,True,True,4.66310329072196,0.25123311316849595,0.0369298943132601,0.007687409231172504,-0.001807292386746317,0.013215859030836885,5.990783410138234,0.0,0.018753870586585064,0.02479401936907477,12.133333333333333,-0.05096646942800798,0.017124992393438676,0.05057471264367819,-0.052903049737326846
35840,2025,2,5.64,"North Port-Bradenton-Sarasota, FL",,,431879.3049691439,2174.4471755222485,12427.333333333334,3.8000000000000003,1233.0,332746.0,5732.060483870968,,False,False,False,False,False,5.84343151885967,1.192938469171887,-0.009906703288631635,-0.006918192904282305,-0.03738253996543097,0.011131725417439897,101.1070110701107,0.0,0.004231828536044535,-0.01173530405555201,3.233333333333333,0.15341570586247055,0.24739314525733946,0.06660746003552398,0.028975538992546568
35840,2025,3,5.75,"North Port-Bradenton-Sarasota, FL",,,418693.1564841531,2151.5276350559475,10850.666666666666,4.533333333333333,1228.0,336224.0,6427.73875,,False,False,False,False,False,5.683372275488183,1.0897210204673629,-0.03164853026100756,-0.019567517088639796,-0.0408545089216064,0.037634408602150504,95.60810810810811,0.0,0.0,-0.004617177286840302,3.9333333333333336,0.0002930450638187754,0.24344959483489204,0.03549245785270627,0.020490294716694057
35840,2025,4,6.02,"North Port-Bradenton-Sarasota, FL",,,410434.3188370873,2144.5024108566095,9635.666666666666,5.05,1345.0,347736.0,6777.5671875,,False,False,False,False,False,5.584413432253793,0.9726959938356128,-0.04867411516259157,-0.017411993872227804,-0.04156793690560032,0.05190311418685112,89.99999999999999,0.0,0.0,0.0021353190583706105,3.733333333333333,-0.17798899775397947,0.3229933232101214,0.04203718674211809,0.0038390845487963343
35980,2019,2,2.38,"Norwich-New London-Willimantic, CT",265206.0,72959.5,242325.83794036813,1192.1776665841314,1607.0,3.3333333333333335,1055.0,125321.0,2882.3277777777776,3.3213747070685535,False,False,False,False,False,3.3820812867024106,0.19419181378318218,0.04177673193413001,0.00516414602066928,0.0034906636372500567,-0.016597510373444035,1.7167381974249052,0.0,0.000574407468636795,0.016982706226186695,3.8000000000000003,0.20608952510793,0.1272577123238514,0.011976047904191711,0.0015304874681476566
35980,2019,3,2.34,"Norwich-New London-Willimantic, CT",265206.0,73490.0,243317.39856367788,1191.476539649799,1730.0,3.533333333333333,1049.0,122910.0,2957.8528125,3.310891258180404,False,False,False,False,False,3.3675068251247366,0.12496759326334095,0.03358068985437157,0.0025635700285189245,0.003011288231453846,-0.016528925619834767,1.7094017094017033,0.0,0.0,0.009288022673470175,3.6666666666666665,0.10342878673700073,0.15500598332389726,0.03621730382293764,0.0021434936538138327
35980,2019,4,2.36,"Norwich-New London-Willimantic, CT",265206.0,74075.25,245421.83716593913,1193.4973739045538,1562.3333333333333,3.2000000000000006,1101.0,122362.0,3082.755625,3.3131422056076643,False,False,False,False,False,3.346684192285341,0.0891716577112951,0.02048145960684722,0.0012039430043246924,0.002303519610037566,-0.016129032258064502,3.8297872340425476,0.0,0.0,0.023198006939811,3.1666666666666665,-0.08570940754652545,0.03674172122599795,0.014285714285714235,-0.0013105633010114248
35980,2020,1,2.43,"Norwich-New London-Willimantic, CT",278379.0,74660.5,248229.43923184447,1223.585084460003,1230.0,4.533333333333334,1226.0,118255.0,3055.869193548387,3.324776009159388,False,False,False,False,False,3.3325875188291083,0.07363537216546012,0.012117537786990651,0.0031352467344847312,0.001284579040210739,-0.07692307692307698,0.8403361344537785,0.00018848689087802573,0.00018848689087802573,0.029653093311338585,4.133333333333333,-0.2005602240896358,-0.004562795426325428,0.020565552699228773,-0.009793671278976679
35980,2020,2,2.35,"Norwich-New London-Willimantic, CT",278379.0,75245.75,251660.06210504836,1233.319803069555,1158.3333333333333,14.533333333333333,1227.0,101995.0,2931.687619047619,3.344508654708716,False,False,False,False,False,3.3213747070685535,0.054792469426399926,0.010880064366509234,0.00393517421899392,-9.425598549521946e-05,0.00421940928270037,0.42194092827003704,0.0,-0.00018848689087802573,0.039110753267266984,3.3333333333333335,0.12613875262789076,0.0662922038202094,0.04043392504930976,-0.01283959953052749
35980,2020,3,2.39,"Norwich-New London-Willimantic, CT",278379.0,75831.0,254405.8561164644,1282.66347671254,1139.0,11.833333333333334,1155.0,109133.0,3319.8340625,3.3549057261075865,False,False,False,False,False,3.310891258180404,0.033076486417060735,0.01242102028617853,0.004091848528153141,-0.0015711761182847308,-0.01680672268907568,0.8620689655172376,0.0,0.0,0.03858737323478234,3.533333333333333,0.07654013690105788,0.03798825437241593,0.01844660194174752,-0.015380918048546022
35980,2020,4,2.47,"Norwich-New London-Willimantic, CT",278379.0,76633.25,266678.42172112793,1302.140020792937,1025.3333333333333,8.1,1271.0,109910.0,3554.5015625,3.4799309923711697,False,False,False,False,False,3.3131422056076643,0.04284877121602282,0.019949432210515594,0.008648944196690822,-0.0025148796032358886,-0.032786885245901676,0.0,0.0,0.0,0.042655054603780496,3.2000000000000006,-0.09691714836223508,0.14221561000009686,0.033802816901408406,-0.014885960180660351
35980,2021,1,2.56,"Norwich-New London-Willimantic, CT",278855.0,77435.5,282086.41711082193,1320.0535937400243,712.6666666666666,8.700000000000001,1321.0,107253.0,3865.7068852459015,3.64285653364183,False,False,False,False,False,3.324776009159388,0.041910514801069,0.028393288308075304,0.011439903222658199,-0.002792709092402577,0.012500000000000178,-3.9525691699604626,0.05372287142294674,0.05372287142294674,0.0560269785857741,4.533333333333334,-0.21271602304245785,0.12306660146925985,0.029387069689336798,-0.02451599066214627
35980,2021,2,2.74,"Norwich-New London-Willimantic, CT",278855.0,78237.75,296226.40961530904,1376.1850386264296,747.3333333333334,7.833333333333333,1189.0,113692.0,4183.62634920635,3.786233750527195,False,False,False,False,False,3.344508654708716,0.03464205659205977,0.038519310379841576,0.013820370717591235,-0.0021745487448955768,-0.012605042016806678,-2.4896265560165998,0.0,-0.05372287142294674,0.034510071475592596,14.533333333333333,-0.0582655826558266,0.017124992393438676,0.16303317535545014,-0.18613001811348462
35980,2021,3,2.91,"Norwich-New London-Willimantic, CT",278855.0,79040.0,305964.05981083174,1441.560846447827,925.6666666666666,6.8999999999999995,1212.0,113082.0,4421.670625,3.8710027810074865,False,False,False,False,False,3.3549057261075865,0.018701147493451753,0.04557198793938522,0.01091072611382371,-0.0009355512037107676,0.021367521367521514,-1.2396694214875992,0.0,0.0,0.07653271720275989,11.833333333333334,-0.01669064748201432,0.12237973724394036,0.10104861773117246,-0.11209014726222444
35980,2021,4,2.97,"Norwich-New London-Willimantic, CT",278855.0,80468.75,306375.1826885556,1462.439976827103,809.0,5.266666666666667,1330.0,113845.0,4602.1089062500005,3.8073809110810797,False,False,False,False,False,3.4799309923711697,0.14257044399960117,0.08661244166637228,0.04824010654473798,0.001993629967441283,0.04661016949152552,-0.40322580645160144,0.0,0.0,0.09102881100857085,8.1,-0.09979514193737204,0.15302735438200687,0.15440508628519534,-0.1017636194243311
35980,2022,1,3.18,"Norwich-New London-Willimantic, CT",279398.0,81897.5,315288.55817998556,1472.8861822177594,496.3333333333333,5.333333333333333,1423.0,113269.0,4463.855483870967,3.849794660154285,False,False,False,False,False,3.64285653364183,0.31439523724913254,0.13639388617139514,0.0577774357979608,0.006593654223632789,0.05349794238683114,-1.538461538461544,-0.04796092283270581,-0.04796092283270581,0.07884086730478179,8.700000000000001,-0.3049414824447334,0.2650105879555513,0.07748776508972277,-0.09303623525432325
35980,2022,2,3.58,"Norwich-New London-Willimantic, CT",279398.0,83326.25,330980.2184630316,1532.7662408779745,603.3333333333334,4.233333333333333,1230.0,117225.0,4105.667096774193,3.9721002500776357,False,False,False,False,False,3.786233750527195,0.47961205532539974,0.17708947195466296,0.050126456457249446,0.011900248648890681,0.16595744680851077,15.61181434599157,0.0,0.04796092283270581,0.11583794827692184,7.833333333333333,0.04864359214218905,0.4270368786990453,-0.030969845150774278,0.1146820922594245
35980,2022,3,3.9,"Norwich-New London-Willimantic, CT",279398.0,84755.0,337705.1677373722,1584.213046046124,760.6666666666666,3.9333333333333336,1270.0,117276.0,3980.35109375,3.9844866702539345,False,False,False,False,False,3.8710027810074865,0.5724532624577514,0.202661229900166,0.032872322924105246,0.01687158192143043,0.21757322175732208,22.26890756302522,0.0,0.0,0.12388079384823558,6.8999999999999995,0.2386262265834076,0.3318950711862574,0.049350649350649256,0.0361852052083238
35980,2022,4,4.15,"Norwich-New London-Willimantic, CT",279398.0,84612.5,336939.39371642587,1593.7114384336899,640.3333333333334,3.1999999999999997,1314.0,116702.0,3851.9734920634924,3.9821467716522485,False,False,False,False,False,3.8073809110810797,0.49401487148429934,0.148856291826039,0.0013436966354090085,0.017995693543184144,0.20242914979757076,21.721311475409856,0.0,0.0,0.12310500673848535,5.266666666666667,-0.12603528988116675,0.294726932969241,0.046420141620771016,0.035802019834410004
35980,2023,1,4.64,"Norwich-New London-Willimantic, CT",280622.0,84470.0,338923.64771350264,1615.177245705115,439.3333333333333,3.766666666666667,1467.0,116117.0,4000.064516129032,4.012355246993047,False,False,False,False,False,3.849794660154285,0.5238458671635704,0.11770201986052964,0.02909300751193933,0.016643659571521353,0.2421875,32.500000000000014,0.00023734947564535425,0.00023734947564535425,0.11577756327659716,5.333333333333333,-0.3864853728883395,0.15473201056913988,0.07721423164269492,0.056091671095447104
35980,2023,2,4.45,"Norwich-New London-Willimantic, CT",280622.0,84327.5,347463.61527422495,1671.6196914955565,499.0,2.966666666666667,1292.0,120151.0,4206.072903225806,4.120406928632118,False,False,False,False,False,3.9721002500776357,0.634916309585837,0.11732177726103199,0.049769203086933,0.014482399071159923,0.3065693430656933,50.42016806722691,0.0,-0.00023734947564535425,0.11377917784066938,4.233333333333333,0.21558092679650787,-0.01863437265303247,0.034482758620689724,0.03107518558913558
35980,2023,3,4.46,"Norwich-New London-Willimantic, CT",280622.0,84185.0,360921.718482726,1708.1669722913202,544.3333333333334,3.1666666666666665,1255.0,119398.0,4458.13746031746,4.287244978116363,False,False,False,False,False,3.9844866702539345,0.6345289738235649,0.10374129545203781,0.020318281574558172,0.01112450815565066,0.3402061855670102,66.66666666666667,0.0,0.0,0.0989567661675943,3.9333333333333336,0.26077348066298334,-0.0998083232963558,0.04785478547854782,0.037088130736987246
35980,2023,4,4.22,"Norwich-New London-Willimantic, CT",280622.0,84785.25,369695.5306189805,1730.3195100434148,505.0,2.8666666666666667,1373.0,119715.0,4464.907619047619,4.360375544319095,False,False,False,False,False,3.9821467716522485,0.6088797965100259,0.09976072722228335,-0.002267581589221912,0.007317115681251064,0.3973063973063973,75.84745762711866,0.0,0.0,0.08976194831010598,3.1999999999999997,-0.15819456617002625,-0.16299818832356816,-0.012030075187969946,0.025095524616803644
35980,2024,1,4.85,"Norwich-New London-Willimantic, CT",282602.0,85385.5,375109.97386399214,1756.6926954037474,424.6666666666667,3.5666666666666664,1418.0,125513.0,4992.540983606557,4.393134359627713,False,False,False,False,False,4.012355246993047,0.6242630334036985,0.074963359501377,0.005889053147483114,0.0023816689911688475,0.4591194968553458,90.94650205761315,0.0024335988232788708,0.0024335988232788708,0.09660696475073483,3.766666666666667,-0.3138990109318064,-0.10389918970668477,0.03092059030217853,0.02514368450326221
35980,2024,2,4.45,"Norwich-New London-Willimantic, CT",282602.0,85985.75,384218.9190879084,1814.4459625222955,489.0,2.9,1317.0,129207.0,5246.626507936508,4.468402253721209,False,False,False,False,False,4.120406928632118,0.7383256419297073,0.049801758206992286,0.025197319863443868,-0.003386922697836004,0.24301675977653625,89.36170212765957,0.0,-0.0024335988232788708,0.09059010233553044,2.966666666666667,0.1358118361153262,0.024455418348580116,0.05040650406504055,0.024960545958626623
35980,2024,3,4.55,"Norwich-New London-Willimantic, CT",282602.0,86586.0,390909.91426198423,1843.61937600974,597.0,3.266666666666667,1287.0,128601.0,5543.46921875,4.514701155636988,False,False,False,False,False,4.287244978116363,0.9197381529916266,0.06874798778148672,0.03873241000465533,-0.008185135233207276,0.14358974358974352,86.61087866108785,0.0,0.0,0.07824321770014464,3.1666666666666665,0.09084836339345359,0.12003623683289799,-0.011811023622047223,0.01809406869265673
35980,2024,4,4.72,"Norwich-New London-Willimantic, CT",282602.0,86586.0,396360.118235831,1860.7095267288857,566.6666666666666,3.0,1403.0,127984.0,5907.04296875,4.577646712353394,False,False,False,False,False,4.360375544319095,1.0136913520337538,0.09721670280597339,0.024309460159778196,-0.010184991950270917,0.016867469879517927,70.85020242914976,0.0,0.0,0.08571694242464889,2.8666666666666667,-0.07225964482547464,0.15912210409728944,0.044901065449010735,0.025817895151754033
35980,2025,1,4.92,"Norwich-New London-Willimantic, CT",,,400134.65845861245,1867.4045542340984,416.3333333333333,3.966666666666667,1481.0,126647.0,5894.8178333333335,,False,False,False,False,False,4.393134359627713,1.060546840798605,0.10676837215288781,0.014645682180539854,-0.009628839509634718,0.04525862068965525,89.45312499999997,0.0026749073229845877,0.0026749073229845877,0.08761604961618508,3.5666666666666664,-0.15907590759075907,0.24811511501268746,-0.03340149965916839,0.08091838404368001
35980,2025,2,5.15,"Norwich-New London-Willimantic, CT",,,403959.1553417708,1893.0055751968805,511.0,3.4333333333333336,1375.0,130096.0,5732.060483870968,,False,False,False,False,False,4.468402253721209,1.1470275466526552,0.10578173425345683,0.024283399159146235,-0.00705366390002735,0.0,62.40875912408759,0.0,-0.0026749073229845877,0.08544184526742193,2.9,0.15149136577708,0.24739314525733946,0.01934984520123839,0.07537182378839957
35980,2025,3,4.99,"Norwich-New London-Willimantic, CT",,,409928.81395403104,1906.711935234707,668.3333333333334,3.966666666666667,1358.0,129102.0,6427.73875,,False,False,False,False,False,4.514701155636988,1.2038098974565843,0.08308781168760127,0.01741453853953745,-0.0036903233237432693,0.020179372197309364,56.35738831615118,0.0,0.0,0.07929693403258176,3.266666666666667,0.22085889570552153,0.24344959483489204,0.025498007968127512,0.07707834302082106
35980,2025,4,4.82,"Norwich-New London-Willimantic, CT",,,415544.68464088434,1908.0569358715231,645.6666666666666,4.15,1511.0,128897.0,6777.5671875,,False,False,False,False,False,4.577646712353394,1.2645045067457295,0.07212580463768647,0.013942352892574839,-0.002358099656856337,0.11848341232227488,58.922558922558906,0.0,0.0,0.07535603449457695,3.0,-0.05080960357342268,0.3229933232101214,0.021849963583393972,0.06907238023639484
36100,2019,2,3.51,"Ocala, FL",365579.0,44868.5,168639.87342845838,1040.9543773673279,3026.6666666666665,3.733333333333333,760.0,104503.0,2882.3277777777776,3.75853602033628,False,False,False,False,False,3.676934868753031,1.0202449791173116,0.0989256816821551,0.018243480559485103,0.0011283836735421016,0.034482758620689724,13.013698630136993,0.0,0.0006966833357533453,0.08064252543950756,4.266666666666667,-0.020440251572326984,0.1272577123238514,0.03207810320781035,0.019911989008582154
36100,2019,3,3.52,"Ocala, FL",365579.0,45371.0,170291.24899010806,1046.302485805619,2721.3333333333335,3.9666666666666663,734.0,105077.0,2957.8528125,3.7533060543101993,False,False,False,False,False,3.7023231404190273,0.9621293208482755,0.0908497134872095,0.015080677757107308,0.0005538991140587129,0.049535603715170407,14.141414141414144,0.0,0.0,0.04645067448614815,4.333333333333333,-0.05331346021554684,0.15500598332389726,0.02302158273381294,0.04061298040522132
36100,2019,4,3.54,"Ocala, FL",365579.0,45675.0,173210.9242561264,1049.6154856571093,2567.0,3.4333333333333336,809.0,108180.0,3082.755625,3.792247931168613,False,False,False,False,False,3.7184592683655673,0.9326091209612697,0.07914791384683784,0.015997642199873097,-0.00020812791199491606,0.027272727272727337,13.377926421404673,0.0,0.0,0.029684221427300317,3.9,0.0013322029792901535,0.03674172122599795,0.018543046357615944,0.032543661452828276
36100,2020,1,3.62,"Ocala, FL",377464.0,45979.0,176676.4327047961,1062.969236560269,2501.3333333333335,4.033333333333333,755.0,108017.0,3055.869193548387,3.8425462212052484,False,False,False,False,False,3.749477055854943,0.941188569005444,0.07102488934753648,0.019893124926103622,-0.0005999071674150138,0.05059523809523814,16.5016501650165,0.0019531587407923823,0.0019531587407923823,0.04310072529339393,4.1000000000000005,0.03580067731011116,-0.004562795426325428,0.020746887966804906,0.024607416172804708
36100,2020,2,3.58,"Ocala, FL",377464.0,46283.0,178352.57447112424,1083.4961781593677,2243.0,10.533333333333333,800.0,102984.0,2931.687619047619,3.853522340192387,False,False,False,False,False,3.75853602033628,0.901719671433518,0.0663191717922953,0.013769666486968202,-0.0010684563106832326,0.06363636363636371,16.999999999999993,0.0,-0.0019531587407923823,0.04917318297060835,3.733333333333333,0.060252218589444295,0.0662922038202094,0.027027027027026973,0.020118701313914134
36100,2020,3,3.67,"Ocala, FL",377464.0,46587.0,181429.12418590198,1125.8870186188215,1973.6666666666667,8.266666666666667,785.0,104440.0,3319.8340625,3.894415270051774,False,False,False,False,False,3.7533060543101993,0.8257109617442056,0.06076387193907351,0.009792319740741684,-0.002192087235582761,0.03834808259587019,14.657980456026065,0.0,0.0,0.05304434404978231,3.9666666666666663,-0.10088105726872232,0.03798825437241593,0.03234880450070321,0.019373302289483973
36100,2020,4,3.73,"Ocala, FL",377464.0,47642.25,189029.903057875,1162.0986027040192,1815.3333333333333,5.966666666666666,884.0,107969.0,3554.5015625,3.967694704970378,False,False,False,False,False,3.792247931168613,0.8124899590556165,0.06196197885473209,0.017145186751128527,-0.003077032937412857,0.04424778761061954,16.831683168316847,0.0,0.0,0.05603939034034022,3.4333333333333336,-0.05671239588437049,0.14221561000009686,0.052015604681404426,0.015974980982165432
36100,2021,1,3.84,"Ocala, FL",385024.0,48697.5,197330.9841787673,1193.9208522047609,1772.3333333333333,5.566666666666666,787.0,107855.0,3865.7068852459015,4.052178945095073,False,False,False,False,False,3.8425462212052484,0.834985563495056,0.06208101689089229,0.020007447356757302,-0.0038418220447164375,0.025495750708215414,11.042944785276077,0.014360004271835258,0.014360004271835258,0.05336716384598694,4.033333333333333,-0.025581093364498098,0.12306660146925985,0.023035230352303593,0.022539664508311574
36100,2021,2,4.11,"Ocala, FL",385024.0,49752.75,207346.24791955086,1227.565938787907,1657.6666666666667,5.166666666666667,865.0,107405.0,4183.62634920635,4.167533411108951,False,False,False,False,False,3.853522340192387,0.8029784157612698,0.05759433309101869,0.009487070463601421,-0.004320545294518702,0.019943019943019946,12.225705329153612,0.0,-0.014360004271835258,0.04086807425665673,10.533333333333333,-0.10327825159914716,0.017124992393438676,0.05263157894736836,-0.014535467881304887
36100,2021,3,4.39,"Ocala, FL",385024.0,50808.0,221727.48531275507,1322.3691584258843,1662.3333333333333,5.066666666666666,849.0,108719.0,4421.670625,4.364027029459043,False,False,False,False,False,3.894415270051774,0.7475987370357964,0.0654048593914589,0.01724981948761184,-0.004081337652230896,0.04261363636363624,13.622291021671828,0.0,0.0,0.07606264334918889,8.266666666666667,-0.12007727745578833,0.12237973724394036,0.06948228882833796,-0.006062221037905546
36100,2021,4,4.75,"Ocala, FL",385024.0,51922.25,234407.8533030343,1411.832948530172,1702.0,4.066666666666667,979.0,112588.0,4602.1089062500005,4.514593518251507,False,False,False,False,False,3.967694704970378,0.7564011526642878,0.09132783552587664,0.041893929136674,-0.0026257683987549207,0.053672316384180796,13.030303030303036,0.0,0.0,0.10716602278070453,5.966666666666666,-0.0802229353149807,0.15302735438200687,0.09270704573547595,-0.0019504529487890387
36100,2022,1,5.11,"Ocala, FL",396661.0,53036.5,251505.33220055318,1452.3960799976048,1503.6666666666667,3.9,846.0,112160.0,4463.855483870967,4.742117828298496,False,False,True,False,False,4.052178945095073,0.7839059149738916,0.11690609300722254,0.043914116161561934,9.516469463270323e-05,0.06077348066298338,14.28571428571428,-0.012481673002840088,-0.012481673002840088,0.12319417264439991,5.566666666666666,-0.023687109805361706,0.2650105879555513,0.042384105960264984,-0.0014997639260486695
36100,2022,2,5.73,"Ocala, FL",396661.0,54150.75,273912.43053485925,1506.2185191012593,1602.6666666666667,3.4333333333333336,920.0,112202.0,4105.667096774193,5.058331242593302,True,False,True,True,True,4.167533411108951,0.8737593656883185,0.16256380674292292,0.05075362990999155,0.004394538884589179,0.14804469273743015,24.54545454545456,0.0,0.012481673002840088,0.1329674839031585,5.166666666666667,-0.06469813804777125,0.4270368786990453,0.08125000000000004,0.04292899867940658
36100,2023,3,6.79,"Ocala, FL",412338.0,58535.0,287954.7687465183,1541.679468748225,2276.6666666666665,4.033333333333334,942.0,117104.0,4458.13746031746,4.919360532100765,False,False,False,False,False,5.223874608392926,1.7169065472979819,0.30203718238005695,0.05397710381053411,0.027277336958858752,0.43735763097949887,79.26136363636363,0.0,0.0,0.1508204594213951,3.6,0.2154742096505824,-0.0998083232963558,0.10836277974087172,0.0470386960880802
36100,2023,4,6.86,"Ocala, FL",412338.0,59153.75,288891.7905748964,1524.1606761743933,2506.0,3.766666666666667,1006.0,119922.0,4464.907619047619,4.883744320096298,False,False,False,False,False,5.184807822206527,1.6128283732084014,0.24047458560610258,0.007203231613060579,0.02551327060079955,0.4252631578947368,91.24293785310734,0.0,0.0,0.07285653745876974,3.233333333333333,0.119952087611225,-0.16299818832356816,-0.011235955056179803,0.040395068746225116
36100,2024,1,7.57,"Ocala, FL",428905.0,59772.5,288688.00952906435,1515.277735778831,2810.0,4.0,1003.0,119316.0,4992.540983606557,4.829779740333169,False,False,False,False,False,5.068719273162057,1.4281012856464814,0.14673563426853953,-0.008139770926192114,0.01890093087299961,0.2700587084148727,79.28176795580112,0.009298323418538867,0.009298323418538867,0.05407133186950497,3.4,0.03896103896103886,-0.10389918970668477,0.12765957446808507,0.043348787446505055
36100,2024,2,6.81,"Ocala, FL",428905.0,60391.25,288551.1984013179,1550.9885381988668,3124.6666666666665,3.966666666666667,1002.0,118628.0,5246.626507936508,4.778029903360468,False,False,False,False,False,4.973348651890876,1.296413783137845,0.047959927393585566,-0.0047185438432760796,0.007693594992129228,0.13089005235602102,81.00558659217879,0.0,-0.009298323418538867,0.030079282633476367,3.4333333333333336,0.023970588235294077,0.024455418348580116,0.03152173913043477,0.03532913851802988
36100,2024,3,6.76,"Ocala, FL",428905.0,61010.0,287716.5022102892,1567.3111827244693,3342.0,4.666666666666667,977.0,119400.0,5543.46921875,4.715890873795922,False,False,False,False,False,4.919360532100765,1.217037391681738,-0.002572456172255544,0.003154573399631211,-0.005034896713649065,0.0760697305863709,85.01362397820165,0.0,0.0,0.013056815950581946,4.033333333333334,-0.019100962228924434,0.12003623683289799,0.0010626992561104665,0.02873507682306542
36100,2024,4,7.29,"Ocala, FL",428905.0,61010.0,286778.6365356481,1571.4971891631467,3020.3333333333335,4.2,1057.0,121351.0,5907.04296875,4.700518546724276,False,False,False,False,False,4.883744320096298,1.1652850517307307,-0.006483298931028392,0.0032540590748226794,-0.016260122508489044,0.013293943870014813,83.91420911528151,0.0,0.0,0.006249754894532611,3.766666666666667,0.10073206442166915,0.15912210409728944,0.03925619834710736,0.023784319082092553
36100,2025,1,7.41,"Ocala, FL",,,285508.7067507961,1578.973348456664,3293.0,4.366666666666667,1032.0,121645.0,5894.8178333333335,,False,False,False,False,False,4.829779740333169,1.0803026844782262,0.0009634990607918503,-0.0007053888427445143,-0.025352290981366345,0.16640986132511548,97.13541666666667,0.0006557899732360095,0.0006557899732360095,-0.010223422474917032,4.0,0.1213088587390263,0.24811511501268746,0.05136268343815509,0.01960315154415415
36100,2025,2,7.2,"Ocala, FL",,,281904.2618380132,1591.3308262059627,3615.0,4.466666666666667,1034.0,120811.0,5732.060483870968,,False,False,False,False,False,4.778029903360468,1.0194938830241882,0.0052323689455353595,-0.000473906512326816,-0.031394134156379476,0.05092592592592582,65.6934306569343,0.0,-0.0006557899732360095,-0.00034543666510034043,3.966666666666667,0.11198102016607359,0.24739314525733946,0.05584826132771337,0.021193808859735208
36100,2025,3,7.42,"Ocala, FL",,,278725.9497335285,1599.02604593631,3642.3333333333335,5.233333333333333,1024.0,121606.0,6427.73875,,False,False,False,False,False,4.715890873795922,0.9625848194857225,-0.0008274443144883348,-0.002892714345506864,-0.03386189688062312,-0.004418262150220897,53.98633257403189,0.0,0.0,0.016625838571396434,4.666666666666667,0.06955408576914879,0.24344959483489204,0.03715498938428885,0.019606503620713145
36100,2025,4,7.33,"Ocala, FL",,,276535.43179368903,1601.6398034011036,3651.3333333333335,5.9,1105.0,123558.0,6777.5671875,,False,False,False,False,False,4.700518546724276,0.9082706155556632,-0.007314690511084132,-0.003259686766091785,-0.03420463484854261,0.06268221574344013,53.473684210526315,0.0,0.0,0.031057429658641222,4.2,-0.09624975064831431,0.3229933232101214,0.050695825049701826,0.011916078784543371
36260,2019,2,0.97,"Ogden, UT",683864.0,74268.0,313866.63745418243,1122.1922350701382,2247.3333333333335,2.5,848.0,267029.0,2882.3277777777776,4.226135582676017,False,False,False,False,False,4.01749429080645,0.938253878302111,0.096348743053146,0.029146244453593484,0.0011653306091458015,0.0674157303370786,25.0,0.0,0.003236178162285608,0.0747475188161697,2.9,0.19605425400739818,0.1272577123238514,0.03899371069182389,0.02597356675886342
36260,2019,3,0.97,"Ogden, UT",683864.0,75062.0,318446.9968650278,1137.7518243782558,2617.3333333333335,2.3666666666666667,846.0,268460.0,2957.8528125,4.242452863832936,False,False,False,False,False,4.085438354154579,0.9335021559963717,0.10265584587885734,0.028819483898093967,-0.00012696214757702194,0.07777777777777772,22.784810126582265,0.0,0.0,0.06253870382254867,2.8666666666666667,0.22096219931271466,0.15500598332389726,0.03535353535353525,0.024158656199220863
36260,2019,4,0.99,"Ogden, UT",683864.0,75966.5,324650.2055002255,1141.2444737929657,2462.6666666666665,2.033333333333333,916.0,269528.0,3082.755625,4.273596986832689,False,False,False,False,False,4.121181248369257,0.9302600806371006,0.10486757798936308,0.019890751192390477,-0.0006488653687312473,0.07692307692307687,20.987654320987637,0.0,0.0,0.07559881510846189,2.533333333333333,0.024204897269912706,0.03674172122599795,0.04009433962264142,0.02888361750602808
36260,2020,1,1.0,"Ogden, UT",639155.0,76871.0,332705.0272172962,1158.451637767309,1767.3333333333333,2.6666666666666665,888.0,266192.0,3055.869193548387,4.328095474461061,False,False,False,False,False,4.1627597502594265,0.9625740978491573,0.1026770210065926,0.021123795808814183,-0.0006470343546244152,0.04210526315789487,20.731707317073166,0.0006600277575314895,0.0006600277575314895,0.06825534156812418,3.1666666666666665,-0.19909315746084089,-0.004562795426325428,0.024096385542168752,0.022377693322199743
36260,2020,2,1.01,"Ogden, UT",639155.0,77775.5,340757.61283075606,1171.9398309776998,1935.0,7.333333333333333,925.0,261577.0,2931.687619047619,4.381297617254226,False,False,False,False,False,4.226135582676017,1.003739717631328,0.09951549679773497,0.02619554292965587,-0.0004536239302924333,0.021052631578947434,19.753086419753085,0.0,-0.0006600277575314895,0.062458181231900944,2.5,0.15663063990392878,0.0662922038202094,0.026634382566586012,0.02255503773852241
36260,2020,3,1.03,"Ogden, UT",639155.0,78680.0,347728.9799883363,1200.732685202632,1741.0,4.433333333333333,906.0,267299.0,3319.8340625,4.419534570263552,False,False,False,False,False,4.242452863832936,0.999823542915975,0.08431178328442335,0.014593329982432568,-0.0008225292480699581,0.0,21.249999999999993,0.0,0.0,0.06616773241091312,2.3666666666666667,0.16463957282705421,0.03798825437241593,0.03170731707317076,0.026360560472540318
36260,2020,4,1.08,"Ogden, UT",639155.0,79757.5,365862.48030662263,1219.5736479362577,1268.0,3.1999999999999997,1025.0,271753.0,3554.5015625,4.587185911125883,False,False,False,False,False,4.273596986832689,1.0166995458680113,0.08387462353148734,0.01947956393454975,-0.001131581279917181,0.010204081632652962,20.731707317073166,0.0,0.0,0.05910717682470801,2.033333333333333,-0.05909322465613864,0.14221561000009686,0.038548752834467015,0.023731388635673145
36260,2021,1,1.13,"Ogden, UT",646810.0,80835.0,388693.889868207,1251.5742266093503,1081.3333333333333,3.266666666666667,916.0,269721.0,3865.7068852459015,4.808485060533271,False,False,True,False,False,4.328095474461061,1.0475610738118397,0.08778817274110251,0.024810770424924744,-0.0011576383710578532,0.010101010101010166,9.890109890109876,-0.08052414087931048,-0.08052414087931048,0.06244920753167538,2.6666666666666665,-0.2823497563616676,0.12306660146925985,0.04470588235294115,0.015934080613090096
36260,2021,2,1.28,"Ogden, UT",646810.0,81912.5,417046.06486818055,1313.736087631234,1291.6666666666667,2.8000000000000003,965.0,274802.0,4183.62634920635,5.091360474508537,True,False,True,True,True,4.381297617254226,1.0376735770722325,0.08567643759365517,0.024203378232095618,-0.001214973339854979,0.04123711340206193,13.483146067415719,0.0,0.08052414087931048,0.04433072547900174,7.333333333333333,0.09486986043002643,0.017124992393438676,0.09080188679245293,-0.020417258050623666
36260,2023,4,2.4,"Ogden, UT",660120.0,99071.5,492216.075309994,1562.157550357675,1939.0,2.533333333333333,1126.0,293938.0,4464.907619047619,4.968291338174894,False,False,False,False,False,5.3222723412123925,1.4153973369743635,0.07151094192667973,-0.03516351502106052,0.008115854712412607,0.6164383561643836,138.38383838383837,0.0,0.0,0.06698345447153886,2.1666666666666665,0.05855221012171685,-0.16299818832356816,0.005565862708719838,0.027320452454402844
36260,2024,1,2.6,"Ogden, UT",667681.0,99782.0,493375.3927630787,1564.332420540717,1616.6666666666667,3.033333333333333,1135.0,267593.0,4992.540983606557,4.944533009591697,False,False,False,False,False,5.111744076718382,1.161776671658811,4.808334257777602e-05,-0.02057874256782022,-0.0020379660827547414,0.4999999999999998,140.0,0.0010024325862205696,0.0010024325862205696,0.03777585149972018,2.533333333333333,-0.224400871459695,-0.10389918970668477,0.09365558912386707,0.03075527346856166
36260,2024,2,2.4,"Ogden, UT",667681.0,100492.5,496550.03997913416,1584.6759563352578,1745.6666666666667,3.1,1097.0,271161.0,5246.626507936508,4.941165161371586,False,False,False,False,False,5.000569484855357,0.9830751940489071,-0.05935196408556698,-0.0027941855956319372,-0.013958824989213555,0.2268041237113403,135.64356435643563,0.0,-0.0010024325862205696,0.034355759831216526,2.5,-0.12702871410736571,0.024455418348580116,0.020568070519098924,0.040964170948882384
36260,2024,3,2.38,"Ogden, UT",667681.0,101203.0,496393.78688520676,1594.875700197346,2147.3333333333335,3.266666666666667,1127.0,271473.0,5543.46921875,4.904931542397032,False,False,False,False,False,4.955207056855841,0.8697687027012613,-0.04845816542779824,0.009763902270835123,-0.024161233497690515,0.055299539170506895,122.33009708737863,0.0,0.0,0.022465089839028618,2.6666666666666665,0.05076868072935281,0.12003623683289799,0.011288805268109048,0.03660268320769777
36260,2024,4,2.33,"Ogden, UT",667681.0,101203.0,502096.3298714473,1582.1328284825474,2209.3333333333335,2.966666666666667,1163.0,271735.0,5907.04296875,4.961279111009034,False,False,False,False,False,4.968291338174894,0.8471100898056374,-0.00403237752416985,0.009882976353254636,-0.03008255755423623,0.016949152542372836,122.22222222222219,0.0,0.0,0.024348032004234854,2.533333333333333,-0.010377679482817204,0.15912210409728944,0.03874538745387457,0.03235028641470605
36260,2025,1,2.53,"Ogden, UT",,,508100.629683376,1589.1618537549832,1990.6666666666667,3.3333333333333335,1165.0,268099.0,5894.8178333333335,,False,False,False,False,False,4.944533009591697,0.7817732593322706,0.019289115204655927,0.002355301891256989,-0.03231188675124481,0.08333333333333348,130.0884955752213,0.0007160744745240422,0.0007160744745240422,0.019621247507526363,3.033333333333333,-0.16623689186866075,0.24811511501268746,0.045119705340699756,-0.06165995153886883
36260,2025,2,2.47,"Ogden, UT",,,507032.5943363116,1611.3161101082917,2365.6666666666665,3.3333333333333335,1129.0,271977.0,5732.060483870968,,False,False,False,False,False,4.941165161371586,0.7150295786955692,0.02872221986116097,0.006434547127039059,-0.03060943127209532,0.008403361344537785,87.5,0.0,-0.0007160744745240422,0.007225128758989063,3.1,0.07979381443298972,0.24739314525733946,0.052783109404990425,-0.07811952852222925
36260,2025,3,2.42,"Ogden, UT",,,507251.8790047004,1619.921544767153,2697.3333333333335,3.5,1155.0,272170.0,6427.73875,,False,False,False,False,False,4.904931542397032,0.6624786785640957,0.01845441481605614,-0.000314677437009081,-0.025513772150014196,0.0393013100436681,72.46376811594205,0.0,0.0,0.012095692543561576,3.266666666666667,0.23009356501814016,0.24344959483489204,0.04837209302325585,-0.07491071915380842
36260,2025,4,2.36,"Ogden, UT",,,515580.7727116517,1604.1748155228318,2506.0,3.5,1216.0,269959.0,6777.5671875,,False,False,False,False,False,4.961279111009034,0.6876821241763453,0.020073002604050982,0.011487941906007881,-0.019298264885292734,-0.029166666666666563,59.58904109589043,0.0,0.0,0.01278698049393201,2.966666666666667,0.02887302080099352,0.3229933232101214,0.03285968028419184,-0.075536337595003
36500,2019,2,2.35,"Olympia-Lacey-Tumwater, WA",290536.0,71400.25,337591.01972441113,1406.0307531481455,869.3333333333334,5.2,1034.0,118837.0,2882.3277777777776,4.728148987215187,False,False,False,False,False,4.583816217537124,0.9990697270366806,0.08510933345973837,0.022852511881714,0.0023473931103209626,0.07834101382488479,25.806451612903203,0.0,0.0033003345573565657,0.07424850698757957,4.8999999999999995,0.22121993127147754,0.1272577123238514,0.05781584582441113,0.03225834813342954
36500,2019,3,2.33,"Olympia-Lacey-Tumwater, WA",290536.0,72003.0,342374.17389088945,1427.1015643193396,1045.0,5.033333333333333,1051.0,119489.0,2957.8528125,4.75499873464841,False,False,False,False,False,4.651480149563915,0.9931382120908601,0.09711935973458385,0.027604323622000493,0.0014787412198741029,0.06306306306306286,22.27979274611398,0.0,0.0,0.06443187959199181,4.7,0.2849103060147733,0.15500598332389726,0.05402542372881358,0.02907826086956522
36500,2019,4,2.36,"Olympia-Lacey-Tumwater, WA",290536.0,72969.0,350888.907571268,1431.4412645673926,805.0,4.533333333333334,1079.0,119168.0,3082.755625,4.808739431419753,False,False,False,False,False,4.696571326293998,1.0068046825155093,0.09581324571851457,0.0184390993822392,0.000910967170791441,0.049107142857142794,15.763546798029582,0.0,0.0,0.05946510200171495,5.0,-0.12099644128113896,0.03674172122599795,0.053608247422680444,0.02466350132857076
36500,2020,1,2.43,"Olympia-Lacey-Tumwater, WA",296018.0,73935.0,361580.163981375,1451.1297799702709,530.6666666666666,5.333333333333333,1071.0,118616.0,3055.869193548387,4.890514154072834,False,False,False,False,False,4.709066587470874,0.9852075621852991,0.08253314595044858,0.011270176881645888,0.00022700397050886135,0.02145922746781115,17.821782178217816,-0.004986751172658455,-0.004986751172658455,0.06274985576598313,6.066666666666666,-0.3080037371535347,-0.004562795426325428,0.05397148676171071,0.018672772833318918
36500,2020,2,2.42,"Olympia-Lacey-Tumwater, WA",296018.0,74901.0,371590.1288195673,1482.0851827515814,630.0,13.299999999999999,1119.0,110153.0,2931.687619047619,4.961083681386995,False,False,True,False,False,4.728148987215187,0.9632588868948782,0.071682943109042,0.01260048655364443,-0.0006514364090445153,0.00427350427350448,17.500000000000004,0.0,0.004986751172658455,0.05516123564339437,5.2,0.17371737173717383,0.0662922038202094,0.046558704453441235,0.012179852990026108
36500,2020,3,2.51,"Olympia-Lacey-Tumwater, WA",296018.0,75867.0,382186.5031987258,1530.8973251449588,710.3333333333334,8.333333333333334,1114.0,113608.0,3319.8340625,5.03758555364949,True,False,True,True,True,4.75499873464841,0.9597695363581642,0.05767078298760686,0.014168487569316879,-0.0017617115153346259,-0.012711864406779627,14.215686274509798,0.0,0.0,0.06406738450871918,5.033333333333333,0.20207055214723924,0.03798825437241593,0.05628140703517581,0.009675184208747467
36500,2025,2,5.31,"Olympia-Lacey-Tumwater, WA",,,532743.68527722,2010.714522248379,739.3333333333334,3.8666666666666667,1437.0,130360.0,5732.060483870968,,False,False,False,False,False,5.500240526407041,0.7720915391918544,0.04667585544378938,0.015867566785864318,-0.02258373433961991,-0.04214559386973171,68.91891891891892,0.0,-0.008401611229702066,0.03189992756821525,4.0,0.385252069224981,0.24739314525733946,0.05982905982905984,0.013991376679473921
36500,2025,3,5.31,"Olympia-Lacey-Tumwater, WA",,,530905.7630748005,2054.706597045102,1041.6666666666667,4.3,1476.0,129385.0,6427.73875,,False,False,False,False,False,5.493260419619889,0.7382616849714791,0.037253228590181875,0.005441664108436939,-0.01671117121913407,0.06109979633401208,64.35331230283911,0.0,0.0,0.027841007283053276,4.3,0.2998370450841934,0.24344959483489204,0.043051359516616206,0.017077178255215486
36500,2025,4,5.19,"Olympia-Lacey-Tumwater, WA",,,535269.9663659501,2046.5221915135874,950.0,4.85,1496.0,129582.0,6777.5671875,,False,False,False,False,False,5.529083733613761,0.7203443021940075,0.03482822129797403,0.006521320901867966,-0.011429097333444053,-0.03860294117647056,58.006042296072515,0.0,0.0,0.024160280678682255,4.266666666666667,-0.10990388633514414,0.3229933232101214,0.056928838951310956,0.015136714934318896
36740,2019,2,1.23,"Orlando-Kissimmee-Sanford, FL",2608147.0,57549.75,256142.63900405806,1388.5220861407688,13699.333333333334,2.966666666666667,922.0,1251517.0,2882.3277777777776,4.450803678626893,False,False,False,False,False,4.395028877645046,1.3454641707952835,0.08950970908783384,0.021652141022324267,0.0011428435371294448,0.053097345132743445,17.821782178217816,0.0,0.002664344041100941,0.061926868109321465,3.3333333333333335,0.04538536045385366,0.1272577123238514,0.023014959723820505,0.032982749870151595
36740,2019,3,1.23,"Orlando-Kissimmee-Sanford, FL",2608147.0,58368.0,258364.66837967906,1403.6156288218015,13220.666666666666,3.1999999999999997,916.0,1269702.0,2957.8528125,4.426478008149655,False,False,False,False,False,4.4213227932204795,1.209020446867104,0.08555452753104675,0.019087715745019995,0.0005206853102785689,0.025423728813559254,18.627450980392158,0.0,0.0,0.0618098670438636,3.4333333333333336,0.036955658504301825,0.15500598332389726,0.04312354312354305,0.05044717601111892
36740,2019,4,1.23,"Orlando-Kissimmee-Sanford, FL",2608147.0,59083.25,261268.3562649075,1405.94378201827,12919.666666666666,2.766666666666667,997.0,1297685.0,3082.755625,4.4220376547483,False,False,False,False,False,4.435208199194328,1.0771285219259692,0.08150799284099208,0.018038816929971002,7.005035742609663e-06,0.03333333333333344,16.981132075471695,0.0,0.0,0.06152729295238868,3.1333333333333333,0.002093385412677895,0.03674172122599795,0.0387931034482758,0.02553855056770793
36740,2020,1,1.23,"Orlando-Kissimmee-Sanford, FL",2680593.0,59798.5,266264.99595170474,1413.6798947228888,11475.666666666666,3.233333333333333,987.0,1279827.0,3055.869193548387,4.45270359543642,False,False,False,False,False,4.453264065808616,0.9741300519671174,0.07982386222098148,0.018764884011734484,-0.00045229213122575284,0.016129032258064502,16.66666666666665,-0.009726898348863422,-0.009726898348863422,0.051228818716461566,3.1999999999999997,-0.004891345884390996,-0.004562795426325428,0.023554603854389677,0.028714240911776212
36740,2020,2,1.2,"Orlando-Kissimmee-Sanford, FL",2680593.0,60513.75,269869.7826965558,1417.9994481758695,11642.666666666666,18.566666666666666,1005.0,1052292.0,2931.687619047619,4.45964400977556,False,False,False,False,False,4.450803678626893,0.8796257240855296,0.07159094635611263,0.013862744608264865,-0.0010146824640123499,0.03361344537815136,16.037735849056588,0.0,0.009726898348863422,0.051951265703546134,2.966666666666667,0.05214920252937705,0.0662922038202094,0.03712035995500562,0.02654882500102529
36740,2020,3,1.23,"Orlando-Kissimmee-Sanford, FL",2680593.0,61229.0,272738.9998620513,1428.3421549679585,11885.0,12.533333333333333,997.0,1115410.0,3319.8340625,4.454408856294424,False,False,False,False,False,4.426478008149655,0.791439077918282,0.060641736303111315,0.0086749686981471,-0.0017625618636966925,0.016528925619834656,13.888888888888884,0.0,0.0,0.04460979991553882,3.1999999999999997,-0.03494087303518423,0.03798825437241593,0.02346368715083802,0.023117404894227533
36740,2020,4,1.25,"Orlando-Kissimmee-Sanford, FL",2680593.0,62193.25,280718.8398007167,1432.727726009403,11040.666666666666,7.366666666666666,1141.0,1171452.0,3554.5015625,4.513654452866135,False,False,False,False,False,4.4220376547483,0.7301570598705434,0.05355706757855394,0.011238718914001522,-0.0026705664896896973,-0.008064516129032251,12.844036697247695,0.0,0.0,0.04185826020938177,2.766666666666667,-0.022767384398164503,0.14221561000009686,0.034232365145228316,0.025569594042981647
36740,2021,1,1.29,"Orlando-Kissimmee-Sanford, FL",2699313.0,63157.5,290292.6878917755,1457.9457656006743,9726.666666666666,6.033333333333334,1043.0,1176253.0,3865.7068852459015,4.596329618679896,False,False,False,False,False,4.45270359543642,0.697166744449524,0.05392901641974168,0.019124549785627387,-0.003479098292413344,-0.023809523809523836,8.849557522123908,0.014840460752324702,0.014840460752324702,0.038008546178658564,3.233333333333333,-0.1117675894630924,0.12306660146925985,0.03242677824267792,0.008198232263553429
36740,2021,2,1.4,"Orlando-Kissimmee-Sanford, FL",2699313.0,64121.75,302574.96463437873,1526.6756400096058,8958.0,5.533333333333334,1063.0,1187726.0,4183.62634920635,4.7187571242890085,False,False,False,False,False,4.45964400977556,0.646890838819342,0.053591794579270546,0.013538342627300803,-0.003976524237629312,-0.024390243902439046,6.194690265486735,0.0,-0.014840460752324702,0.0212293072824139,18.566666666666666,0.014552531443343897,0.017124992393438676,0.09002169197396959,-0.15918681088630837
36740,2021,3,1.5,"Orlando-Kissimmee-Sanford, FL",2699313.0,65086.0,317642.57161896495,1645.4183303755283,9230.666666666666,4.866666666666667,1069.0,1242604.0,4421.670625,4.880351713409412,False,False,False,False,False,4.454408856294424,0.5752369107869701,0.05563582502406428,0.010631857842053005,-0.004084292462282342,0.0,4.237288135593231,0.0,0.0,0.017616308652043555,12.533333333333333,0.020814246449839757,0.12237973724394036,0.08842794759825323,-0.12151827751708666
36740,2021,4,1.59,"Orlando-Kissimmee-Sanford, FL",2699313.0,66702.25,331406.75598340185,1734.4146192113647,8446.666666666666,3.8000000000000003,1230.0,1291232.0,4602.1089062500005,4.968449429867836,False,False,True,False,False,4.513654452866135,0.5690015422800223,0.07444638077826715,0.02925815502257323,-0.0032643440965025457,0.016260162601626105,4.166666666666674,0.0,0.0,0.019050508515130016,7.366666666666666,-0.07104192960314126,0.15302735438200687,0.1444332998996991,-0.09727553296832436
36740,2022,1,1.76,"Orlando-Kissimmee-Sanford, FL",2783767.0,68318.5,353154.7177108822,1777.869591382212,6858.666666666667,3.4333333333333336,1121.0,1298370.0,4463.855483870967,5.16923992345971,True,False,True,True,True,4.596329618679896,0.5973526614067222,0.09023976979846404,0.03410475797725332,-0.0016233518336321786,0.04878048780487809,4.0322580645161255,-0.020793279201762216,-0.020793279201762216,0.031312513563378275,6.033333333333334,-0.11901455226133684,0.2650105879555513,0.05673758865248235,-0.08092812544195427
36740,2025,2,3.1,"Orlando-Kissimmee-Sanford, FL",,,401007.71055645373,1946.330070850053,16899.333333333332,3.5666666666666664,1237.0,1385461.0,5732.060483870968,,False,False,False,False,False,5.289211417975425,0.8384077393485319,0.03636783610060301,0.006019539096088211,-0.02150573310889392,0.08921933085501865,109.28571428571429,0.0,0.002496704107982639,0.0025655690107138085,3.1666666666666665,0.15564019923820704,0.24739314525733946,0.04407951598962834,0.012769208462167558
36740,2025,3,3.07,"Orlando-Kissimmee-Sanford, FL",,,393958.88227866957,1944.6411169897729,17250.333333333332,4.133333333333333,1260.0,1400897.0,6427.73875,,False,False,False,False,False,5.225891361155075,0.7994133530054199,0.020761286070656748,-0.0026947939271441124,-0.023989442384766697,0.050909090909091015,92.66666666666667,0.0,0.0,0.008288470692025207,3.6333333333333333,0.18672988185183304,0.24344959483489204,0.04170286707211113,0.014051632591669083
36740,2025,4,3.19,"Orlando-Kissimmee-Sanford, FL",,,390790.7920739157,1925.5003664973485,16279.333333333334,4.65,1370.0,1427065.0,6777.5671875,,False,False,False,False,False,5.2054839721865065,0.7834463174382069,0.007226387836983372,-0.0039050541923353332,-0.025263704330779024,0.14539007092198597,103.14465408805029,0.0,0.0,0.009183786604837652,3.3333333333333335,-0.07392056743649456,0.3229933232101214,0.06370967741935485,0.009858800950466096
37340,2019,2,2.06,"Palm Bay-Melbourne-Titusville, FL",601942.0,56171.0,226129.4022132214,1281.4696264393212,4823.666666666667,3.1999999999999997,995.0,221519.0,2882.3277777777776,4.025732178761663,False,False,False,False,False,4.038759826693978,1.3874286546106096,0.10348427164231677,0.020364725945543727,-0.0005338862433348921,0.06315789473684208,26.249999999999996,0.0,0.006238447327362451,0.07056043320683703,3.6,0.0636342752124972,0.1272577123238514,0.013948497854077146,0.03809643796851292
37340,2019,3,2.08,"Palm Bay-Melbourne-Titusville, FL",601942.0,56775.0,227340.78288066576,1294.5032757399515,4340.0,3.3666666666666667,958.0,221845.0,2957.8528125,4.004241001861132,False,False,False,False,False,4.049349887405383,1.294056898752662,0.08741071841675851,0.015810507628722936,-0.00210957817036477,0.025380710659898442,23.926380368098176,0.0,0.0,0.0701777404660735,3.6333333333333333,0.015910727141828618,0.15500598332389726,0.039911308203991025,0.06977067063344489
37340,2019,4,2.09,"Palm Bay-Melbourne-Titusville, FL",601942.0,57421.0,230319.80631620306,1304.1572410215992,4287.333333333333,3.033333333333333,1053.0,226114.0,3082.755625,4.011072714097683,False,False,False,False,False,4.060661557400779,1.2266478558221352,0.07574503681935751,0.013935807801853883,-0.003080824927457071,0.04040404040404044,20.467836257309948,0.0,0.0,0.06545710720786735,3.3333333333333335,-0.0021968676918717733,0.03674172122599795,0.02672147995888996,0.04142932102996588
37340,2020,1,2.14,"Palm Bay-Melbourne-Titusville, FL",608792.0,58067.0,235283.82395208417,1314.4537957199884,4359.333333333333,3.4666666666666663,1034.0,223325.0,3055.869193548387,4.051936968537795,False,False,False,False,False,4.057978994721889,1.147726344530438,0.06178875066074485,0.010321329129662882,-0.0042643578288587974,0.02450980392156854,21.511627906976738,-0.0013256383754376433,-0.0013256383754376433,0.05625831360953204,3.5,0.04126420454545454,-0.004562795426325428,0.03727369542066028,0.031168709865732724
37340,2020,2,2.1,"Palm Bay-Melbourne-Titusville, FL",608792.0,58713.0,238669.10718520533,1322.9719240232043,4404.0,11.166666666666666,1064.0,212564.0,2931.687619047619,4.065012981540805,False,False,False,False,False,4.025732178761663,1.0469678184040183,0.04354930416589875,0.0028368628818875585,-0.005850498030523275,0.01980198019801982,19.075144508670515,0.0,0.0013256383754376433,0.04961636860134422,3.1999999999999997,-0.012959552554395959,0.0662922038202094,0.05291005291005302,0.034009699719464326
37340,2020,3,2.12,"Palm Bay-Melbourne-Titusville, FL",608792.0,59359.0,242211.5982196103,1354.504004445747,4045.3333333333335,7.866666666666667,1017.0,214748.0,3319.8340625,4.080452807823756,False,False,False,False,False,4.004241001861132,0.972037989948721,0.03281036680099181,0.005357024144529987,-0.007474645510345041,0.02970297029702973,17.514124293785315,0.0,0.0,0.04251102732153966,3.3666666666666667,-0.10026950452629402,0.03798825437241593,0.021321961620469176,0.028269353777126804
37340,2020,4,2.16,"Palm Bay-Melbourne-Titusville, FL",608792.0,60427.25,251844.34780882226,1384.2017412881062,3132.3333333333335,5.333333333333333,1159.0,219545.0,3554.5015625,4.167728099637535,False,False,False,False,False,4.011072714097683,0.9453599470129408,0.03196284992915066,0.013103779259443504,-0.008766863447856241,0.014563106796116498,16.75977653631284,0.0,0.0,0.03682557873432679,3.033333333333333,-0.012135176651305701,0.14221561000009686,0.054054054054053946,0.02636798983227795
37340,2021,1,2.23,"Palm Bay-Melbourne-Titusville, FL",618000.0,61495.5,264115.89490716014,1411.748199351291,2783.6666666666665,4.8999999999999995,1046.0,223183.0,3865.7068852459015,4.294881656497795,False,False,False,False,False,4.051936968537795,0.9078706086098327,0.04343481913280711,0.02155271713395801,-0.009190101079167744,0.02392344497607679,13.227513227513231,5.764638131067201e-05,5.764638131067201e-05,0.04239076266919395,3.4666666666666663,0.016793655730057644,0.12306660146925985,0.06160164271047219,0.011440269204117781
37340,2021,2,2.43,"Palm Bay-Melbourne-Titusville, FL",618000.0,62563.75,277839.3398178256,1482.7089703345757,2479.3333333333335,4.366666666666666,1104.0,224508.0,4183.62634920635,4.44089971937145,False,False,False,False,False,4.065012981540805,0.8450191195787911,0.05545366878102853,0.014388083193558554,-0.008411135536353627,0.01941747572815533,10.526315789473696,0.0,-5.764638131067201e-05,0.03238648558468049,11.166666666666666,0.010246215017586824,0.017124992393438676,0.06934673366834176,-0.04042542626140422
37340,2021,3,2.63,"Palm Bay-Melbourne-Titusville, FL",618000.0,63632.0,293932.5185502973,1591.1122791188725,2675.3333333333335,4.166666666666667,1084.0,226575.0,4421.670625,4.619256326224185,False,False,False,False,False,4.080452807823756,0.7676333028836475,0.06541200021621485,0.014842687753702677,-0.006686453311222556,0.019230769230769162,7.614213197969555,0.0,0.0,0.04635038769716382,7.866666666666667,-0.08144111413866184,0.12237973724394036,0.061586638830897655,-0.031990804390452765
37340,2021,4,2.81,"Palm Bay-Melbourne-Titusville, FL",618000.0,65551.0,306209.7689161071,1665.453783453541,2652.6666666666665,3.4,1230.0,229870.0,4602.1089062500005,4.671321092219906,False,False,False,False,False,4.167728099637535,0.7643869264306171,0.09345501733823292,0.03976997658253367,-0.0036643060578951106,0.03349282296650724,9.090909090909104,0.0,0.0,0.06137641823297679,5.333333333333333,-0.2256921555702044,0.15302735438200687,0.10066476733143404,-0.029051717275356714
37340,2022,1,3.05,"Palm Bay-Melbourne-Titusville, FL",631956.0,67470.0,325061.16253969027,1703.0289072930252,2236.3333333333335,3.266666666666667,1122.0,229376.0,4463.855483870967,4.817862198602198,False,False,True,False,False,4.294881656497795,0.8146971608438003,0.1225416625366802,0.04872671237256965,0.0005553578760124856,0.04205607476635498,9.313725490196067,0.003745200557050854,0.003745200557050854,0.07401888445839955,4.8999999999999995,-0.1113121208896457,0.2650105879555513,0.011605415860735047,-0.0006358446210679158
37340,2022,2,3.68,"Palm Bay-Melbourne-Titusville, FL",631956.0,69389.0,351121.16893952125,1776.1451653551833,2423.3333333333335,2.9,1184.0,229485.0,4105.667096774193,5.060184884340764,True,False,True,True,True,4.44089971937145,0.8954403094622196,0.16411940822414217,0.05195993567706103,0.005857847697464642,0.15714285714285725,20.297029702970292,0.0,-0.003745200557050854,0.12074107047230864,4.366666666666666,-0.10932822416477062,0.4270368786990453,0.03759398496240607,0.056190135676784436
37340,2023,2,4.65,"Palm Bay-Melbourne-Titusville, FL",646705.0,74689.75,360211.9075390313,1856.9115008121055,3084.3333333333335,2.8000000000000003,1221.0,238584.0,4206.072903225806,4.822775649122287,False,False,False,False,False,5.060184884340764,1.2195955211448948,0.2637561303224565,0.08016954777440999,0.023259324705913065,0.51440329218107,78.64077669902913,0.0,-0.00745748977730476,0.19790545608852228,2.9,0.08361901922790271,-0.01863437265303247,0.07246376811594213,0.02216847506547648
37340,2023,3,4.52,"Palm Bay-Melbourne-Titusville, FL",646705.0,75817.0,363779.3699805865,1867.7056171096156,3117.3333333333335,3.3000000000000003,1217.0,239329.0,4458.13746031746,4.798124035250492,False,False,False,False,False,5.140561420819974,1.2127335649644695,0.24709969350704886,0.04397907680402291,0.023533538366010028,0.5779467680608368,99.51923076923077,0.0,0.0,0.1541158155522997,3.0,0.23356258596973856,-0.0998083232963558,0.11623616236162371,0.027258082312699994
37340,2023,4,4.67,"Palm Bay-Melbourne-Titusville, FL",646705.0,76481.75,366697.65675603104,1843.0949763611563,3493.6666666666665,3.1666666666666665,1268.0,242458.0,4464.907619047619,4.794577226018378,False,False,False,False,False,5.056084521108138,1.084716303918054,0.1960387403836794,-0.0008849975369132901,0.02030681895931289,0.5444839857651245,107.65550239234449,0.0,0.0,0.10107015482899095,2.766666666666667,0.042930419268510045,-0.16299818832356816,0.0008130081300812275,0.03544612172097272
37340,2024,1,5.33,"Palm Bay-Melbourne-Titusville, FL",658447.0,77146.5,367733.3674245363,1851.0584087493346,3883.3333333333335,3.266666666666667,1358.0,242460.0,4992.540983606557,4.766688928526068,False,False,False,False,False,4.908414452253519,0.8975021513607349,0.1107916901632684,-0.014098749014835321,0.013175436148119097,0.5180327868852459,116.35514018691589,0.0007561258873436394,0.0007561258873436394,0.07751566832183276,2.8666666666666667,0.014861541751309826,-0.10389918970668477,0.14795008912655971,0.034393310546875
37340,2024,2,4.53,"Palm Bay-Melbourne-Titusville, FL",658447.0,77811.25,367210.46226230735,1865.7029297070746,4366.0,3.3000000000000003,1271.0,241706.0,5246.626507936508,4.719246410542272,False,False,False,False,False,4.822775649122287,0.7840158224283087,0.025890602457739886,-0.002390999198134236,0.0028539111642160086,0.26358695652173925,121.42857142857144,0.0,-0.0007561258873436394,0.04547282341123893,2.8000000000000003,-0.025179098187947724,0.024455418348580116,0.03125,0.03964965030394141
37340,2024,3,4.76,"Palm Bay-Melbourne-Titusville, FL",658447.0,78476.0,363460.4375950694,1878.9809022177767,4574.0,3.8000000000000003,1278.0,242620.0,5543.46921875,4.6314852642217925,False,False,False,False,False,4.798124035250492,0.7487741478451087,-0.007594281603095165,0.009903788206025999,-0.008096107817467443,0.08915662650602396,113.20754716981129,0.0,0.0,0.01708723828012504,3.3000000000000003,0.01069923268129247,0.12003623683289799,0.005785123966942196,0.02826196235461942
37340,2024,4,4.91,"Palm Bay-Melbourne-Titusville, FL",658447.0,78476.0,360951.6732081529,1885.5762588670223,4425.333333333333,3.533333333333333,1328.0,244097.0,5907.04296875,4.599516708396871,False,False,False,False,False,4.794577226018378,0.7339156686175983,0.0012530363132232658,0.008022133788400998,-0.016920629305079725,0.07603686635944706,116.20370370370368,0.0,0.0,0.00507886102075461,3.1666666666666665,0.12072284003421707,0.15912210409728944,0.03005686433793664,0.0186540513742659
37340,2025,1,4.98,"Palm Bay-Melbourne-Titusville, FL",,,358733.48864724644,1881.7037121726016,4786.333333333333,3.733333333333333,1402.0,244076.0,5894.8178333333335,,False,False,False,False,False,4.766688928526068,0.7087099338041787,0.018439728281736567,0.002824426743458508,-0.023117234844148366,0.1511879049676026,139.01345291479822,-0.005181994497023945,-0.005181994497023945,0.008729005713732585,3.266666666666667,0.11153515885888754,0.24811511501268746,0.05434782608695654,0.02189534908224977
37340,2025,2,4.69,"Palm Bay-Melbourne-Titusville, FL",,,353615.6584748829,1890.3931111066013,5288.666666666667,3.8333333333333335,1298.0,243232.0,5732.060483870968,,False,False,False,False,False,4.719246410542272,0.6935142317806093,0.019428993258691074,-0.001421968220863934,-0.026657908644778565,-0.02580645161290329,86.41975308641976,0.0,0.005181994497023945,0.004734436127475261,3.3000000000000003,0.1242918454935622,0.24739314525733946,0.040950040950040956,0.013085538007578057
37340,2025,3,5.17,"Palm Bay-Melbourne-Titusville, FL",,,347845.32803239184,1892.1933882856301,5124.666666666667,4.433333333333334,1332.0,242544.0,6427.73875,,False,False,False,False,False,4.6314852642217925,0.6272442623606604,-0.0008767192750214203,-0.01021219451138411,-0.027721536991735247,0.053097345132743445,80.98859315589353,0.0,0.0,0.006036971246898171,3.8000000000000003,0.04764086120018329,0.24344959483489204,0.05012325390304029,0.013750945351378219
37340,2025,4,4.77,"Palm Bay-Melbourne-Titusville, FL",,,345403.89737313724,1893.836925156843,4796.0,5.0,1416.0,245099.0,6777.5671875,,False,False,False,False,False,4.599516708396871,0.5884439942991886,-0.015669539856648318,-0.006902441441815288,-0.027748682703411076,0.051391862955032064,74.73309608540926,0.0,0.0,0.02304888410565642,3.533333333333333,-0.03250255064859353,0.3229933232101214,0.04731861198738163,0.006759933679235219
37460,2019,2,4.74,"Panama City-Panama City Beach, FL",174705.0,53554.75,217981.350865445,1373.8709190767725,2333.3333333333335,3.6666666666666665,835.0,79371.0,2882.3277777777776,4.0702524214088385,False,False,False,False,False,4.099196338670875,0.7305203212961122,0.08336023924356795,0.026481105470023802,0.0009381078439922726,-0.011111111111111072,15.885416666666675,0.0,-0.0021402803123962144,0.051541071797355675,3.5,0.01927710843373487,0.1272577123238514,0.018567639257294433,0.02235190353643368
37460,2019,3,4.68,"Panama City-Panama City Beach, FL",174705.0,54316.0,221314.91793689676,1400.1775585017533,2384.6666666666665,3.5666666666666664,810.0,78557.0,2957.8528125,4.074580564417423,False,False,False,False,False,4.19979113079823,0.771524752579102,0.08586815033874196,0.03162270996282923,0.0018726050942598329,0.03512880562060894,11.05527638190955,0.0,0.0,0.059383149106516875,3.4333333333333336,-0.04439190964013651,0.15500598332389726,0.03443526170798905,0.024378532116869245
37460,2019,4,4.79,"Panama City-Panama City Beach, FL",174705.0,54857.75,226624.5525844495,1368.2495862774447,2499.6666666666665,3.0666666666666664,875.0,78182.0,3082.755625,4.131131017667504,False,False,False,False,False,4.258138994368055,0.8102076439373476,0.0974229371588835,0.02894689197213207,0.0037139321412114246,0.24318181818181794,36.408977556109726,0.0,0.0,0.0833946650222841,5.5,-0.1041781198460694,0.03674172122599795,0.07341772151898729,-0.05090783159352896
37460,2020,1,4.79,"Panama City-Panama City Beach, FL",199857.0,55399.5,236695.07371082893,1307.666477459078,2569.3333333333335,3.5,821.0,78750.0,3055.869193548387,4.272512815293079,False,False,False,False,False,4.197608705164325,0.6836953801968622,0.08982001687650865,0.00020717806409265016,0.004922553477173389,0.0638766519823788,14.454976303317535,-0.07007755899307311,-0.07007755899307311,0.26100469319609676,4.8999999999999995,-0.005062902730899044,-0.004562795426325428,0.09308510638297873,-0.05232558139534882
37460,2020,2,4.73,"Panama City-Panama City Beach, FL",199857.0,55941.25,243380.63570958597,1311.9759131668488,2766.3333333333335,10.1,875.0,75791.0,2931.687619047619,4.350647075451227,False,False,False,False,False,4.0702524214088385,0.4593898041778224,0.04433721298984117,-0.016358297450167703,0.003973905522367499,0.06516853932584277,17.617866004962778,0.0,0.07007755899307311,0.298088175233749,3.6666666666666665,0.07941403238242106,0.0662922038202094,0.08723958333333326,-0.06199699823912452
37460,2020,3,4.81,"Panama City-Panama City Beach, FL",199857.0,56483.0,246735.59305726955,1343.2859067796248,2688.6666666666665,6.666666666666667,864.0,76726.0,3319.8340625,4.368316007599978,False,False,False,False,False,4.074580564417423,0.4269278551062823,0.027806142355846886,0.01529290032480568,0.0023450359760377117,0.05882352941176472,17.29323308270676,0.0,0.0,0.29281963696636093,3.5666666666666664,0.021999999999999797,0.03798825437241593,0.07856191744340868,-0.055793939831007555
37460,2020,4,4.98,"Panama City-Panama City Beach, FL",199857.0,57480.5,255070.48103967542,1367.401988958695,2333.3333333333335,5.0,963.0,77231.0,3554.5015625,4.437513261709196,False,False,False,False,False,4.131131017667504,0.48463273114590466,0.022856053721053593,0.023991309293785124,0.0002950783143566649,-0.1243144424131627,14.319809069212397,0.0,0.0,0.23303781527433864,3.0666666666666664,0.0482247693597988,0.14221561000009686,0.03183962264150941,0.018843828190158396
37460,2021,1,5.07,"Panama City-Panama City Beach, FL",204404.0,58478.0,265983.97583334293,1391.2600577540827,2088.3333333333335,4.8999999999999995,859.0,79391.0,3865.7068852459015,4.548445156013252,False,False,False,False,False,4.272512815293079,0.5773390008973331,0.06808745044338371,0.04443702596004795,-0.0006864564301331428,-0.008281573498964856,15.42168674698794,0.20590461522103398,0.20590461522103398,-0.0006948326481274192,3.5,0.02787038271769582,0.12306660146925985,-0.0012165450121655041,0.010729778987088379
37460,2021,2,5.37,"Panama City-Panama City Beach, FL",204404.0,59475.5,278096.63623994583,1460.7063284580918,1540.3333333333333,4.266666666666667,923.0,80895.0,4183.62634920635,4.675818383030758,False,False,False,False,False,4.350647075451227,0.5993260418416972,0.11652044885169732,0.02824546321958854,0.00017331073253837385,-0.002109704641350185,5.111111111111111,0.0,-0.20590461522103398,-0.04505154381717058,10.1,0.07667358588479511,0.017124992393438676,0.0479041916167664,-0.04510463519421448
37460,2021,3,5.66,"Panama City-Panama City Beach, FL",204404.0,60473.0,292323.6463721244,1537.851165706251,1612.0,4.033333333333333,921.0,80290.0,4421.670625,4.833953109191282,False,False,False,False,False,4.368316007599978,0.5567230321728225,0.11486200459212137,0.013784816273086253,0.0010754844145156816,0.02777777777777768,12.646370023419195,0.0,0.0,-0.040631740865069155,6.666666666666667,-0.028075671767682997,0.12237973724394036,0.06666666666666665,-0.023307916544674567
37460,2021,4,6.12,"Panama City-Panama City Beach, FL",204404.0,61854.5,306152.51086577255,1593.2344541598643,1686.3333333333333,3.4,1017.0,80752.0,4602.1089062500005,4.9495592214919295,False,False,True,False,False,4.437513261709196,0.584832084141897,0.12552006448915454,0.033780647044592715,0.0024540526818668845,0.039665970772442716,13.181818181818183,0.0,0.0,-0.0006194756623721931,5.0,-0.13215968261839806,0.15302735438200687,0.10057142857142853,-0.012163925200173953
37460,2022,1,6.35,"Panama City-Panama City Beach, FL",211158.0,63236.0,326135.4742931318,1631.0422870943028,1484.0,3.4,918.0,80870.0,4463.855483870967,5.157433650027386,True,False,True,True,True,4.548445156013252,0.6684232058110386,0.12374107184966743,0.04278619285612262,0.003926337907885494,0.05845511482254695,11.674008810572701,-0.12121713672481116,-0.12121713672481116,0.06392576527421223,4.8999999999999995,-0.10499999999999998,0.2650105879555513,0.04628501827040199,0.008139682539682447
37460,2025,1,10.29,"Panama City-Panama City Beach, FL",,,355015.54665163805,1660.5254690607178,3269.6666666666665,3.6666666666666665,1038.0,90342.0,5894.8178333333335,,False,False,False,False,False,5.294881649455258,1.0972729442909328,0.012042147092367506,0.004260759615565712,-0.019919111556170706,0.14015572858731917,102.1696252465483,0.005622121761503118,0.005622121761503118,-0.003255715051242558,3.3666666666666667,0.0531612597679374,0.24811511501268746,0.0245649948822928,0.049186359805818425
37460,2025,2,9.65,"Panama City-Panama City Beach, FL",,,351897.1679477727,1692.3700903525385,3684.6666666666665,3.5666666666666664,1032.0,90822.0,5732.060483870968,,False,False,False,False,False,5.203933618658157,1.1336811972493184,0.00045542672553500196,-0.004199047791937027,-0.024930412509855282,-0.04658721560130008,63.87337057728119,0.0,-0.005622121761503118,0.002072818342652827,3.1333333333333333,0.11253513209668342,0.24739314525733946,0.02254098360655732,0.047491833877741474
37460,2025,3,10.82,"Panama City-Panama City Beach, FL",,,345748.6864997365,1713.516298041621,3663.0,4.2,1050.0,89586.0,6427.73875,,False,False,False,False,False,5.029202064524036,0.9546215001066125,-0.023455603794827473,-0.020982135403240454,-0.027952336479432613,0.06209150326797386,72.26148409893993,0.0,0.0,0.018546748237360244,3.6,0.04345189975747776,0.24344959483489204,0.038894575230296935,0.03447069524453661
37460,2025,4,10.27,"Panama City-Panama City Beach, FL",,,342048.54296812665,1690.2456787230815,3260.6666666666665,5.050000000000001,1110.0,87859.0,6777.5671875,,False,False,False,False,False,4.967158203668669,0.8360271860011652,-0.033017633311169914,-0.012336720628710496,-0.029181329077381066,-0.042487046632124326,50.98039215686274,0.0,0.0,0.003119028393856027,3.4333333333333336,-0.041932984698818565,0.3229933232101214,0.023369036027263812,0.05441727772145333
38060,2019,2,0.68,"Phoenix-Mesa-Chandler, AZ",4948203.0,63161.25,287286.98182837985,1211.0630418511398,27507.666666666668,4.166666666666667,1049.0,2082038.0,2882.3277777777776,4.548468908205266,False,False,False,False,False,4.465334091050018,1.0877319659487115,0.07568500003477951,0.02028895547377574,-0.0012837036392772199,0.046875,17.543859649122815,0.0,-0.0007329599511438634,0.06676468254962153,4.033333333333333,0.030769041193794422,0.1272577123238514,0.031632653061224536,0.03087691819456806
38060,2019,3,0.67,"Phoenix-Mesa-Chandler, AZ",4948203.0,63883.0,290301.194727029,1234.8070024063309,23465.333333333332,4.233333333333333,1053.0,2136474.0,2957.8528125,4.544263649594242,False,False,False,False,False,4.5060953010651925,0.9321470869457515,0.08016495220952158,0.021949650238984875,-0.0019520434730876616,0.078125,16.94915254237288,0.0,0.0,0.0721490343639195,4.3,-0.08106395696353852,0.15500598332389726,0.02650356778797147,0.03376053266307033
38060,2019,4,0.68,"Phoenix-Mesa-Chandler, AZ",4948203.0,64679.25,295723.34961188125,1249.3858925162003,21119.333333333332,3.8000000000000003,1100.0,2201348.0,3082.755625,4.572151804665039,False,False,False,False,False,4.529137449338007,0.8166869440528055,0.08020653575166614,0.017006801497592816,-0.0016240362077758748,0.07692307692307687,14.754098360655732,0.0,0.0,0.07833964269042615,4.066666666666666,-0.002445719340696595,0.03674172122599795,0.0403146509341199,0.03411512510371573
38060,2020,1,0.69,"Phoenix-Mesa-Chandler, AZ",4875628.0,65475.5,304254.9750343114,1273.6432159244107,19923.666666666668,4.233333333333333,1149.0,2163051.0,3055.869193548387,4.646852258238752,False,False,False,False,False,4.543339037701196,0.735670124287878,0.07618149393309026,0.01486664112897862,-0.0005322208626407104,0.04477611940298498,14.754098360655732,0.0014050517530730389,0.0014050517530730389,0.07997441199336852,4.333333333333333,0.011593484696339473,-0.004562795426325428,0.027906976744185963,0.031061433643679193
38060,2020,2,0.7,"Phoenix-Mesa-Chandler, AZ",4875628.0,66271.75,313336.7716291316,1283.1739969470711,20745.333333333332,10.9,1131.0,1987089.0,2931.687619047619,4.728059416404903,False,False,False,False,False,4.548468908205266,0.6739548707152618,0.06817821825647186,0.0127013377471199,0.0003012344928757936,0.014925373134328401,13.333333333333353,0.0,-0.0014050517530730389,0.07956467340758766,4.166666666666667,0.0638520046409694,0.0662922038202094,0.03758654797230454,0.033791248486208625
38060,2020,3,0.72,"Phoenix-Mesa-Chandler, AZ",4875628.0,67068.0,320233.725930326,1316.3640350919077,19045.0,7.933333333333334,1131.0,2051880.0,3319.8340625,4.774761822781744,False,False,False,False,False,4.544263649594242,0.6534149662632336,0.05620226594063271,0.010491992639088066,0.00034074723975997784,-0.02898550724637672,13.559322033898313,0.0,0.0,0.08013018928079774,4.233333333333333,-0.14695297068696012,0.03798825437241593,0.045680238331678336,0.033550527521127194
38060,2020,4,0.75,"Phoenix-Mesa-Chandler, AZ",4875628.0,68353.75,335733.0346304672,1357.545274598285,19000.333333333332,6.066666666666666,1264.0,2133880.0,3554.5015625,4.9116988406702955,False,False,True,False,False,4.572151804665039,0.6727414137217282,0.057937547528648325,0.01867768711717055,7.84683372900267e-06,-0.02857142857142847,13.333333333333353,0.0,0.0,0.07974033774250944,3.8000000000000003,-0.09997727143587709,0.14221561000009686,0.03969754253308122,0.035929445580654695
38060,2021,1,0.78,"Phoenix-Mesa-Chandler, AZ",4949233.0,69639.5,354070.2032535523,1397.476859776907,15805.666666666666,5.766666666666667,1207.0,2125043.0,3865.7068852459015,5.084330060577004,True,False,True,True,True,4.646852258238752,0.7179073984772653,0.07251438360520224,0.028850022947553455,-0.00028594155491084357,-0.014285714285714346,7.8125,-0.03508140417783501,-0.03508140417783501,0.08339607869037047,4.233333333333333,-0.05661479213359,0.12306660146925985,0.03981900452488696,0.02401817530228656
38060,2025,2,1.83,"Phoenix-Mesa-Chandler, AZ",,,456402.5467004977,1728.4363578374941,26043.0,3.6999999999999997,1422.0,2314679.0,5732.060483870968,,False,False,False,False,False,5.367941127708086,0.8194722195028197,0.04204650942549759,0.008152642847709446,-0.035709882607928144,-0.005780346820809301,97.70114942528735,0.0,-0.0023163134945978214,0.0003738872336771504,3.0666666666666664,0.10787897643307143,0.24739314525733946,0.04725609756097571,0.01715602993987142
38060,2025,3,1.87,"Phoenix-Mesa-Chandler, AZ",,,451033.6811762811,1718.0668694047517,24154.666666666668,4.266666666666667,1409.0,2363170.0,6427.73875,,False,False,False,False,False,5.298042670755794,0.7537790211615514,0.023938544241200566,-0.0028638910280003316,-0.031074665553578143,0.0,86.31578947368422,0.0,0.0,0.0006551514620742882,3.6999999999999997,-0.0063008986239820874,0.24344959483489204,0.04559505409582698,0.013066258213659587
38060,2025,4,1.8,"Phoenix-Mesa-Chandler, AZ",,,449531.43705169694,1706.6312057069965,23340.333333333332,3.65,1502.0,2401828.0,6777.5671875,,False,False,False,False,False,5.271033366307285,0.6988815616422457,0.005276968678469052,-0.00509797789995059,-0.024876186787750748,-0.033519553072625774,69.6078431372549,0.0,0.0,0.0013855324666094404,3.4333333333333336,0.07536605613155078,0.3229933232101214,0.06929248723559445,0.01639433285463676
38860,2019,2,1.94,"Portland-South Portland, ME",538500.0,69598.5,319886.7384522781,1530.8346073308737,2997.0,2.2666666666666666,951.0,288274.0,2882.3277777777776,4.5961728837874105,False,False,False,False,False,4.566160077372781,0.5028648296254055,0.06570486601565184,0.019405850818885906,0.0029966570510982383,0.032258064516129004,16.36363636363636,0.0,-0.0006187849382306432,0.03827148062345698,2.6,0.21780303030303028,0.1272577123238514,0.030371203599550034,0.015939731785071798
38860,2019,3,1.91,"Portland-South Portland, ME",538500.0,70266.0,322212.7674011118,1535.5037069007622,3773.6666666666665,2.033333333333333,962.0,283273.0,2957.8528125,4.585614200340304,False,False,False,False,False,4.599023648141192,0.4665599978720456,0.06764377665623567,0.020803688168738343,0.0015979138224728269,0.021390374331550666,13.017751479289942,0.0,0.0,0.03339856448327705,2.466666666666667,0.2744945567651633,0.15500598332389726,0.03695408734602457,0.011375672891365207
38860,2019,4,1.93,"Portland-South Portland, ME",538500.0,70837.5,326379.50349775114,1504.4209427538037,3606.6666666666665,2.2666666666666666,1050.0,278164.0,3082.755625,4.607439611755795,False,False,False,False,False,4.604152069705434,0.44575013065772406,0.06510061286979152,0.011000967148483864,0.0005648893858884108,0.02127659574468077,10.344827586206895,0.0,0.0,0.039193051925895395,2.533333333333333,-0.032772596530985854,0.03674172122599795,0.024539877300613577,0.005937578174433744
38860,2020,1,1.96,"Portland-South Portland, ME",552599.0,71409.0,333058.1241784482,1542.432587315727,2468.3333333333335,3.266666666666667,1071.0,269143.0,3055.869193548387,4.664091699623972,False,False,False,False,False,4.594414614898064,0.43626085816460947,0.06010156607733497,0.0076426762176275975,-0.00026531671636864066,0.0,13.142857142857146,-0.00016046375286560277,-0.00016046375286560277,0.046541963919802365,2.9333333333333336,-0.21140848878075158,-0.004562795426325428,0.026946107784431073,0.015488657852168464
38860,2020,2,1.95,"Portland-South Portland, ME",552599.0,71980.5,340984.64890751167,1599.974834321313,2508.0,8.533333333333333,1079.0,252903.0,2931.687619047619,4.737180887983714,False,False,False,False,False,4.5961728837874105,0.4124641790249042,0.05039301817712327,0.010069999567337673,-0.0014143149276709202,0.01041666666666674,13.450292397660824,0.0,0.00016046375286560277,0.05884406801111086,2.2666666666666666,0.02742543709290368,0.0662922038202094,0.03820960698689957,0.01070752401654862
38860,2020,3,2.01,"Portland-South Portland, ME",552599.0,72552.0,348478.5504656073,1637.7459915920901,2911.3333333333335,4.366666666666666,1056.0,265450.0,3319.8340625,4.803155674076625,False,False,False,False,False,4.585614200340304,0.3563147753071778,0.03646849347284942,0.007271414126411857,-0.0028829995149799023,0.0,10.404624277456653,0.0,0.0,0.04859797477156236,2.033333333333333,0.25914803692581456,0.03798825437241593,0.0388768898488121,0.016000028693169632
38860,2020,4,2.08,"Portland-South Portland, ME",552599.0,73853.75,366251.66604862775,1650.866114410087,2279.0,3.266666666666667,1216.0,264057.0,3554.5015625,4.9591478570638285,False,False,True,False,False,4.607439611755795,0.3818386273896479,0.0384477898952853,0.012931629402047617,-0.0039723808175865525,0.005208333333333259,10.919540229885062,0.0,0.0,0.03880306915899734,2.2666666666666666,-0.04425404116244147,0.14221561000009686,0.0479041916167664,0.017268744377235468
38860,2021,1,2.15,"Portland-South Portland, ME",558373.0,75155.5,387363.5844811167,1681.6728639623198,1393.3333333333333,5.133333333333333,1132.0,260684.0,3865.7068852459015,5.1541614982418675,True,False,True,True,True,4.664091699623972,0.4442958363653071,0.05165978737505794,0.020462745390330772,-0.003935476298534887,-0.010101010101010055,4.255319148936176,0.020076223518924463,0.020076223518924463,0.061657768641343536,3.266666666666667,-0.31561922365988904,0.12306660146925985,0.04081632653061229,0.006394124883615682
38860,2025,2,4.33,"Portland-South Portland, ME",,,539788.2974957718,2275.0976293415088,1655.3333333333333,2.6333333333333333,1313.0,301136.0,5732.060483870968,,False,False,False,False,False,5.847373192802755,1.2512003090153447,0.07084780391355383,0.015877443012556114,-0.014603111849687133,-0.03791469194312802,72.7659574468085,0.0,0.0009387339222830526,0.04199634275986952,2.3000000000000003,0.1568276684555754,0.24739314525733946,0.037953795379537913,0.019037011301628715
38860,2025,3,4.35,"Portland-South Portland, ME",,,538583.0399469547,2312.9968387752224,2251.6666666666665,2.566666666666667,1317.0,295478.0,6427.73875,,False,False,False,False,False,5.8169072125890064,1.2312930122487025,0.04490440328391254,0.004524451729682077,-0.011983545008761975,-0.007444168734491385,58.73015873015872,0.0,0.0,0.037529254330234574,2.3666666666666667,0.4750000000000001,0.24344959483489204,0.024752475247524774,0.018526419485866752
38860,2025,4,4.16,"Portland-South Portland, ME",,,540146.8362560747,2269.5988199924655,2028.0,2.85,1444.0,289833.0,6777.5671875,,False,False,False,False,False,5.8500882714974916,1.2426486597416968,0.03135930728628633,0.00570424414483961,-0.010835985008179987,0.04155844155844157,53.0534351145038,0.0,0.0,0.04174960495099289,2.733333333333333,-0.014328149571902982,0.3229933232101214,0.047763457164518686,0.01481389972292324
38940,2019,2,3.2,"Port St. Lucie, FL",489297.0,54529.5,241901.71875063574,1430.8158013235145,5191.666666666667,3.6999999999999997,844.0,145136.0,2882.3277777777776,4.436162421269877,False,False,False,False,False,4.422045139327779,1.5707205319742634,0.08653742944048015,0.02007345282240025,-0.006523226370134182,0.06484641638225264,30.543933054393314,0.0,0.001783946114311652,0.05697817196855004,4.166666666666667,-0.004882745340760719,0.1272577123238514,0.02918781725888331,0.028253150557350226
38940,2019,3,3.27,"Port St. Lucie, FL",489297.0,55153.0,243221.78197529537,1447.2017978568,4668.666666666667,4.033333333333333,796.0,148288.0,2957.8528125,4.409946548243892,False,False,False,False,False,4.4370393938252,1.4605870875278968,0.08559541411880156,0.01599938361807829,-0.00799376827481449,0.06375838926174504,25.79365079365079,0.0,0.0,0.05318770212093238,4.366666666666666,-0.09944713199723554,0.15500598332389726,0.0305039787798409,0.059360763982830855
38940,2019,4,3.3,"Port St. Lucie, FL",489297.0,55874.5,245432.77320203232,1474.9512001257629,4371.333333333333,3.3666666666666667,869.0,154151.0,3082.755625,4.392572160861079,False,False,False,False,False,4.442969949408852,1.3547234624653268,0.07671545912763578,0.0131927589649099,-0.008320799235841928,0.02912621359223322,22.307692307692317,0.0,0.0,0.049251106121217525,3.8333333333333335,-0.008287928785204457,0.03674172122599795,0.019607843137254832,0.02600026020802937
38940,2020,1,3.33,"Port St. Lucie, FL",490130.0,56596.0,249786.65731781966,1474.818298165381,4663.333333333333,3.9000000000000004,837.0,152910.0,3055.869193548387,4.413503733794255,False,False,False,False,False,4.450680962662613,1.2529251939007633,0.06419831894382044,0.013457641094609007,-0.008052371284359434,0.03809523809523818,22.47191011235956,-0.0006625392925971862,-0.0006625392925971862,0.05130281789834812,3.9333333333333336,0.11885785034434737,-0.004562795426325428,0.010165184243964509,0.02974603044352353
38940,2020,2,3.31,"Port St. Lucie, FL",490130.0,57317.5,251910.58130600167,1482.15721899655,4552.0,11.966666666666667,883.0,139758.0,2931.687619047619,4.395002945104055,False,False,False,False,False,4.436162421269877,1.1633058302114292,0.05188074781663721,0.008266605276764594,-0.0073706827454930205,0.025641025641025772,20.30075187969924,0.0,0.0006625392925971862,0.042958830893586875,3.6999999999999997,0.07718376097932089,0.0662922038202094,0.040690505548705236,0.027009814674601396
38940,2020,3,3.38,"Port St. Lucie, FL",490130.0,58039.0,254187.89706791472,1517.7956825724186,4031.0,8.700000000000001,850.0,144657.0,3319.8340625,4.37960504260781,False,False,False,False,False,4.409946548243892,1.0727362564615577,0.040966069688790796,0.005457022924340693,-0.006899418426080089,0.03154574132492116,19.780219780219777,0.0,0.0,0.03729660317533279,4.033333333333333,-0.1007383627608347,0.03798825437241593,0.024453024453024552,0.023558239861950048
38940,2020,4,3.49,"Port St. Lucie, FL",490130.0,59218.5,263354.93998509157,1588.8821300070479,3537.6666666666665,5.7,964.0,150009.0,3554.5015625,4.447173433725805,False,False,False,False,False,4.392572160861079,0.9962509316001467,0.03675129173219016,0.009090432644562663,-0.006709430081209708,0.037735849056603765,18.705035971223015,0.0,0.0,0.04898421688036425,3.3666666666666667,-0.06368699128944755,0.14221561000009686,0.044471153846153744,0.02881188515290245
38940,2021,1,3.61,"Port St. Lucie, FL",504225.0,60398.0,276111.78581180534,1650.4208167546333,3297.3333333333335,5.166666666666667,870.0,151437.0,3865.7068852459015,4.57153855776359,False,False,False,False,False,4.413503733794255,0.9324103189314248,0.041131689009988204,0.017739619933330397,-0.006400699868240074,0.01834862385321112,16.433566433566437,-0.015193978093662741,-0.015193978093662741,0.03330351855430802,3.9000000000000004,0.06679884093335375,0.12306660146925985,0.05283018867924527,0.015419555343055169
38940,2021,2,3.92,"Port St. Lucie, FL",504225.0,61577.5,292734.1905734186,1698.1849670806057,2539.0,4.866666666666666,944.0,147530.0,4183.62634920635,4.753914832096441,False,False,True,False,False,4.395002945104055,0.8361681314213341,0.04137573973041331,0.008502952123177643,-0.0059690524407839075,0.034375000000000044,12.969283276450504,0.0,0.015193978093662741,0.03588261859111719,11.966666666666667,-0.02387419585418149,0.017124992393438676,0.04620853080568721,-0.03705490023150704
38940,2021,3,4.26,"Port St. Lucie, FL",504225.0,62757.0,315960.22661451,1834.7507288273675,2273.6666666666665,4.766666666666667,931.0,151676.0,4421.670625,5.034661099391462,True,False,True,True,True,4.37960504260781,0.6910429437609591,0.045086895604330435,0.009040175089535918,-0.005490038953583892,0.03363914373088672,13.422818791946312,0.0,0.0,0.04877957228920171,8.700000000000001,-0.11445518453427062,0.12237973724394036,0.0678391959798994,-0.024486135088476524
38940,2025,2,7.29,"Port St. Lucie, FL",,,396286.44637542655,2263.756844686452,6001.666666666667,4.1000000000000005,1095.0,164946.0,5732.060483870968,,False,False,False,False,False,5.567906164153208,1.131743742883331,0.028214295224127994,0.0007568526741550397,-0.03251859451693798,0.004687499999999956,64.03061224489794,0.0,0.0053455411793175145,0.01446396362010316,3.633333333333333,0.1283018867924528,0.24739314525733946,0.041420118343195256,0.01002881413015011
38940,2025,3,6.89,"Port St. Lucie, FL",,,389329.00608428963,2287.6385339007998,5490.0,4.8,1103.0,169062.0,6427.73875,,False,False,False,False,False,5.501301563213423,1.0913550149695315,0.014485144348414636,-0.00526068697897264,-0.03384322215414475,0.018808777429467183,52.58215962441315,0.0,0.0,0.009641574903545225,4.2,-0.017837235228539527,0.24344959483489204,0.048466864490603445,0.018689433795108013
38940,2025,4,6.77,"Port St. Lucie, FL",,,386393.38960860856,2302.8686990409374,5120.0,5.25,1181.0,173013.0,6777.5671875,,False,False,False,False,False,5.462253487940186,1.069681327079107,-0.0033635741924658014,-0.007097970330211867,-0.03303071490004429,0.048484848484848575,53.09734513274338,0.0,0.0,0.014877157138415198,3.8000000000000003,0.010854143019296325,0.3229933232101214,0.04957904583723116,0.013898722578879363
39300,2019,2,0.9,"Providence-Warwick, RI-MA",1624578.0,66925.5,316307.63237560104,1330.820625402507,6658.666666666667,3.4,1020.0,717478.0,2882.3277777777776,4.72626476269286,False,False,False,False,False,4.785769635166893,0.6388012152225588,0.06274781584777211,0.016809306692497694,0.002396573964058999,0.0219780219780219,16.250000000000007,0.0,-0.0024675347071443365,0.05599772459928776,3.9333333333333336,0.2137764196587726,0.1272577123238514,0.019730010384215957,0.009166461932073267
39300,2019,3,0.89,"Providence-Warwick, RI-MA",1624578.0,67818.0,318732.18056557706,1336.2325702330456,7377.333333333333,3.6,975.0,711052.0,2957.8528125,4.699816871119423,False,False,False,False,False,4.810080307689671,0.5872848335567458,0.06278180235930364,0.015799369442772493,0.0010973811016648822,0.022222222222222143,10.843373493975905,0.0,0.0,0.06352827785408466,3.966666666666667,0.2349732508129656,0.15500598332389726,0.0,0.006778372421805345
39300,2019,4,0.9,"Providence-Warwick, RI-MA",1624578.0,68532.5,321594.82130660495,1334.0493304628988,6856.0,3.1,1078.0,710666.0,3082.755625,4.692588498983766,False,False,False,False,False,4.782125251993766,0.5234812067145223,0.057078045700097446,0.007998984112719487,3.828268234674002e-05,0.01098901098901095,9.523809523809534,0.0,0.0,0.07054522203218694,3.533333333333333,-0.032489594835640845,0.03674172122599795,0.0322265625,0.007502183927997175
39300,2020,1,0.91,"Providence-Warwick, RI-MA",1673306.0,69247.0,328058.1777476157,1360.324508166811,5268.333333333333,4.5,1081.0,689033.0,3055.869193548387,4.737507440721124,False,False,False,False,False,4.736863038760802,0.44407566659563,0.04541172713256736,0.00410659990975093,-0.0010008790020617207,-0.030612244897959218,11.764705882352944,-0.002210678602765581,-0.002210678602765581,0.04791027026098549,4.533333333333333,-0.2221149203283438,-0.004562795426325428,0.02420135527589551,0.005422442725813603
39300,2020,2,0.9,"Providence-Warwick, RI-MA",1673306.0,69961.5,333694.44638096885,1387.8116501871937,5049.0,16.599999999999998,1147.0,618476.0,2931.687619047619,4.769686847494248,False,False,False,False,False,4.72626476269286,0.3742325529379906,0.039694316997895385,0.011248324656206288,-0.0020625169881770293,-0.032258064516129115,7.14285714285714,0.0,0.002210678602765581,0.052512554993245475,3.4,0.12725015518311622,0.0662922038202094,0.0386965376782078,0.0038504265970455975
39300,2020,3,0.92,"Providence-Warwick, RI-MA",1673306.0,70676.0,337496.48722393747,1409.429819791182,5298.333333333333,11.133333333333333,1067.0,652919.0,3319.8340625,4.775262992019037,False,False,False,False,False,4.699816871119423,0.3237221072794476,0.031368762788599236,0.007665158667739647,-0.0031419473635448713,-0.03260869565217395,8.536585365853666,0.0,0.0,0.05197727413162956,3.6,0.10792951541850204,0.03798825437241593,0.03283898305084754,0.005529299631474194
39300,2020,4,0.95,"Providence-Warwick, RI-MA",1673306.0,71612.5,352582.70331754565,1439.0570305893204,4691.0,7.033333333333334,1230.0,653548.0,3554.5015625,4.923479885739859,False,False,True,False,False,4.692588498983766,0.3163828214398885,0.03237388962992127,0.008981335790908318,-0.00400869510511215,-0.021739130434782594,7.14285714285714,0.0,0.0,0.05117104490326163,3.1,-0.0706669076450388,0.14221561000009686,0.019867549668874274,0.0035741772402155814
39300,2021,1,0.98,"Providence-Warwick, RI-MA",1676975.0,72549.0,371115.8988381087,1471.9996726393522,3240.6666666666665,7.366666666666667,1124.0,647021.0,3865.7068852459015,5.115382690844928,True,False,True,True,True,4.737507440721124,0.3447123229787543,0.04881529460885137,0.020097825004615544,-0.003922903849717223,-0.042105263157894646,-2.1505376344086002,0.028638833862160817,0.028638833862160817,0.048931337741569214,4.5,-0.23157331777518475,0.12306660146925985,0.021739130434782705,2.4672866812958105e-05
39300,2025,2,2.08,"Providence-Warwick, RI-MA",,,511545.587988123,2087.2598195790247,2848.3333333333335,4.3,1258.0,724986.0,5732.060483870968,,False,False,False,False,False,5.639543270305016,0.9132785076121559,0.08472997367643242,0.021998674101085802,-0.009897270230060276,0.010101010101010166,85.18518518518516,0.0,-0.002724315921216025,0.066021404478249,4.066666666666666,0.178714859437751,0.24739314525733946,0.03212172442941674,0.009340116518057995
39300,2025,3,2.1,"Providence-Warwick, RI-MA",,,513388.7324861532,2095.515517908314,3450.6666666666665,4.533333333333333,1285.0,715886.0,6427.73875,,False,False,False,False,False,5.72521028126355,1.0253934101441269,0.07537588365026715,0.019271483931772027,-0.006358412854124027,0.00512820512820511,71.9298245614035,0.0,0.0,0.055932771590080366,4.533333333333333,0.2782509937535491,0.24344959483489204,0.030176026823135027,0.00791009074456106
39300,2025,4,2.0,"Providence-Warwick, RI-MA",,,518892.022935092,2108.207859929367,3283.3333333333335,4.75,1385.0,712611.0,6777.5671875,,False,False,False,False,False,5.815218267924415,1.1226297689406488,0.07094877014085044,0.015721341616993012,-0.0044167516552163074,0.03664921465968596,66.38655462184875,0.0,0.0,0.05775886588605883,4.2,-0.009218125277654421,0.3229933232101214,0.03882725832012679,0.009969345707905308
39340,2019,2,1.06,"Provo-Orem-Lehi, UT",648252.0,73335.0,350488.8266646418,1293.450210192933,2256.0,2.466666666666667,890.0,253349.0,2882.3277777777776,4.779284470779871,False,False,False,False,False,4.638849037249603,1.057915937252473,0.08959872879563302,0.02511863338322362,-0.001204903267975121,0.06060606060606055,25.0,0.0,0.003369602333846755,0.053997630004846586,2.766666666666667,0.3115942028985508,0.1272577123238514,0.05412054120541199,0.04761843735315474
39340,2019,3,1.05,"Provo-Orem-Lehi, UT",648252.0,74387.0,354184.12365909363,1303.3106087885078,2569.3333333333335,2.3333333333333335,926.0,258533.0,2957.8528125,4.761371256524576,False,False,False,False,False,4.69904046337181,0.9944534348775171,0.09737117660291639,0.025531803364677197,-0.0013295534563476596,0.07000000000000006,22.988505747126453,0.0,0.0,0.03800926667477156,2.733333333333333,0.2857142857142858,0.15500598332389726,0.03789731051344747,0.05707809689120702
39340,2019,4,1.07,"Provo-Orem-Lehi, UT",648252.0,75006.25,359361.8711328984,1289.0188631937458,2203.3333333333335,1.9666666666666668,990.0,260591.0,3082.755625,4.791092357408861,False,False,False,False,False,4.730496728469166,0.9362934717998352,0.09970281455268992,0.021784775765271824,-0.0006680991833420594,0.07000000000000006,20.2247191011236,0.0,0.0,0.041962894485525926,2.3,-0.027010435850214787,0.03674172122599795,0.05624296962879649,0.04873374853385748
39340,2020,1,1.08,"Provo-Orem-Lehi, UT",675432.0,75625.5,367081.02915776806,1305.0365526014632,1596.6666666666667,2.533333333333333,990.0,254360.0,3055.869193548387,4.853931929808967,False,False,False,False,False,4.760469228942961,0.9211664412540359,0.09696515321925991,0.021198441781604238,0.0003760387628739287,0.03809523809523818,22.47191011235956,-0.0006011408798047846,-0.0006011408798047846,0.04363515860075862,2.6666666666666665,-0.12981072555205053,-0.004562795426325428,0.10918918918918918,0.03656083807361532
39340,2020,2,1.09,"Provo-Orem-Lehi, UT",675432.0,76244.75,373807.96694447263,1318.2287488541426,1880.6666666666667,6.1000000000000005,980.0,252193.0,2931.687619047619,4.902737131992335,False,False,False,False,False,4.779284470779871,0.9080302921714845,0.08995094011824234,0.018563821202296715,0.0011658321507525314,0.00952380952380949,19.10112359550562,0.0,0.0006011408798047846,0.04119325284295883,2.466666666666667,0.22675367047308326,0.0662922038202094,0.03850641773628949,0.033078205980337394
39340,2020,3,1.12,"Provo-Orem-Lehi, UT",675432.0,76864.0,380176.74453099555,1345.0794151983812,1723.0,4.0,976.0,262106.0,3319.8340625,4.946096280846632,False,False,True,False,False,4.761371256524576,0.8669684395539989,0.07402089276504853,0.0105432661851661,0.0010496862632016146,-0.01869158878504673,19.318181818181813,0.0,0.0,0.04286908998398409,2.3333333333333335,0.13888888888888906,0.03798825437241593,0.0906949352179034,0.030393731541965785
39340,2020,4,1.16,"Provo-Orem-Lehi, UT",675432.0,78333.5,399109.28993220517,1367.6335522819102,1246.6666666666667,2.9,1150.0,270636.0,3554.5015625,5.0950013714720415,True,False,True,True,True,4.791092357408861,0.8864243936086087,0.0664885767320913,0.01461880171339458,0.0002875915659030093,0.0,17.582417582417587,0.0,0.0,0.035447303610687264,1.9666666666666668,-0.14244940321743638,0.14221561000009686,0.054313099041533475,0.0262235559126065
39340,2025,2,2.65,"Provo-Orem-Lehi, UT",,,535351.9220167514,1768.7289817451037,2645.0,3.6,1208.0,306254.0,5732.060483870968,,False,False,False,False,False,5.296506385566707,0.5172219147868367,0.02052590845868818,0.002718717072752952,-0.032316225999679524,-0.04850746268656725,84.78260869565217,0.0,-0.0006813858921013161,0.018804077713485245,3.5,0.19038336582196225,0.24739314525733946,0.034852546916890104,0.015090028240830167
39340,2025,3,2.63,"Provo-Orem-Lehi, UT",,,536837.1701213013,1786.7532234393705,2980.0,3.766666666666667,1198.0,306915.0,6427.73875,,False,False,False,False,False,5.224588051493334,0.46321679496875756,0.010557779036341808,-0.0037873621927630996,-0.026767196295461832,0.031372549019607954,76.51006711409396,0.0,0.0,0.019476153888290382,3.6666666666666665,0.2620087336244541,0.24344959483489204,0.041964285714285676,0.013162795223411905
39340,2025,4,2.48,"Provo-Orem-Lehi, UT",,,545155.2136373766,1773.5311054187944,2716.0,3.7,1283.0,309714.0,6777.5671875,,False,False,False,False,False,5.273410021870341,0.4823176644614806,0.010833349625627431,0.00934465452506883,-0.02033771534630724,-0.04150943396226414,59.74842767295596,0.0,0.0,0.012793941455577329,3.1999999999999997,-0.013408304498269907,0.3229933232101214,0.03731343283582089,0.012261220504692805
39380,2019,2,2.64,"Pueblo, CO",168424.0,46245.75,191431.5496488663,921.76125192682,719.3333333333334,3.766666666666667,839.0,62618.0,2882.3277777777776,4.139440914005423,False,False,False,False,False,3.9517538739763607,1.0628166448973997,0.11370316832658056,0.02772598704931517,0.0027059408319416627,0.05327868852459017,18.981481481481467,0.0,0.002308230061556893,0.03396239232149201,4.433333333333334,0.050000000000000044,0.1272577123238514,0.05680317040951133,0.006353861192570864
39380,2019,3,2.66,"Pueblo, CO",168424.0,46783.0,195681.19523386788,959.0071437438927,745.0,4.0,883.0,62923.0,2957.8528125,4.1827414922913855,False,False,False,False,False,4.01491420496728,1.1125262751771565,0.12195162446359231,0.028938532324500388,0.002219656809127097,0.048387096774193505,17.117117117117118,0.0,0.0,0.06241457202977885,4.833333333333333,0.1229024943310657,0.15500598332389726,0.03201970443349755,0.004702990577632127
39380,2019,4,2.69,"Pueblo, CO",168424.0,47582.0,200274.39493644165,952.0422928085276,722.6666666666666,3.766666666666667,907.0,63077.0,3082.755625,4.209036924392452,False,False,False,False,False,4.054243101610584,1.1476623321938755,0.114458704851361,0.02195039725860437,0.002063527121498324,0.07377049180327866,12.44635193133048,0.0,0.0,0.05898067961340603,4.466666666666667,-0.012520193861066287,0.03674172122599795,0.04431137724550904,0.006942856209363857
39380,2020,1,2.74,"Pueblo, CO",168352.0,48381.0,205018.98516468902,970.0738141739325,636.0,5.0,878.0,63301.0,3055.869193548387,4.237592963450301,False,False,False,False,False,4.089199929525992,1.1668063896771734,0.10296061621175179,0.020618459385673082,0.0017965466312691702,0.046875,14.042553191489372,-0.0008648916267959272,-0.0008648916267959272,0.06746076031100556,4.666666666666667,-0.12678936605316982,-0.004562795426325428,0.034482758620689724,0.004552376897505983
39380,2020,2,2.78,"Pueblo, CO",168352.0,49180.0,210511.9175839926,996.7792267079066,701.3333333333334,10.933333333333332,900.0,59968.0,2931.687619047619,4.280437527124697,False,False,False,False,False,4.139440914005423,1.165589398143677,0.09915987980622365,0.024184504682245755,0.0014239444373777565,0.027237354085603238,18.918918918918905,0.0,0.0008648916267959272,0.062260397267026146,3.766666666666667,0.010772833723653452,0.0662922038202094,0.04875000000000007,0.013728347094058568
39380,2020,3,2.83,"Pueblo, CO",168352.0,49979.0,217806.40095744084,1018.2508120353408,765.0,7.233333333333333,935.0,61137.0,3319.8340625,4.357958361660715,False,False,False,False,False,4.1827414922913855,1.1754545762962336,0.09196071460897004,0.022199295741984537,0.0007287615044763282,0.023076923076922995,15.15151515151516,0.0,0.0,0.061722758795689,4.0,0.035681186283595956,0.03798825437241593,0.05369928400954649,0.02627544363256784
39380,2020,4,2.92,"Pueblo, CO",168352.0,50841.75,229923.88687143754,1043.0962942504327,693.6666666666666,8.333333333333334,997.0,60036.0,3554.5015625,4.522344074927349,False,False,False,False,False,4.209036924392452,1.183103883489887,0.09358748916928117,0.02347287227617456,0.00024065300894740425,0.026717557251908275,16.45021645021645,0.0,0.0,0.057017694573956224,3.766666666666667,-0.02997762863534681,0.14221561000009686,0.04013761467889898,0.02332938561624953
39380,2021,1,3.05,"Pueblo, CO",169354.0,51704.5,242128.70609423413,1074.955734232982,534.6666666666666,9.1,902.0,60395.0,3865.7068852459015,4.682932938027331,False,False,False,False,False,4.237592963450301,1.1622592363402142,0.09687910982544401,0.023690448445759182,-2.212725241745816e-05,0.02238805970149249,14.644351464435147,-0.006412369058403922,-0.006412369058403922,0.06413878015842145,5.0,-0.11992619926199255,0.12306660146925985,0.0452380952380953,0.03188523922080044
39380,2021,2,3.33,"Pueblo, CO",169354.0,52567.25,257416.51111886968,1103.9751769135935,538.6666666666666,8.866666666666667,929.0,61855.0,4183.62634920635,4.896898945995266,False,False,True,False,False,4.280437527124697,1.1305751138611355,0.0996720131562665,0.026792311038371208,-0.00046838733331372234,0.05303030303030298,13.934426229508201,0.0,0.006412369058403922,0.08138547224053005,10.933333333333332,0.1027253668763104,0.017124992393438676,0.07270560190703224,-0.042320099651857346
39380,2021,3,3.57,"Pueblo, CO",169354.0,53430.0,273108.0795424318,1148.7081533185383,640.6666666666666,8.299999999999999,973.0,62525.0,4421.670625,5.111511876145084,True,False,True,True,True,4.357958361660715,1.124284741389293,0.11306761335513138,0.03465116586825934,-0.0004725319006164237,0.06390977443609014,14.11290322580645,0.0,0.0,0.061776044816689524,7.233333333333333,0.0907794676806084,0.12237973724394036,0.058890147225368006,-0.028383897779826084
39380,2023,2,5.55,"Pueblo, CO",169723.0,61546.5,298955.00633799384,1273.4084567171365,835.0,4.366666666666667,1021.0,63502.0,4206.072903225806,4.857384357160746,False,False,False,False,False,5.279249117307355,1.5813876131978262,0.18815477941664516,0.0472197746815628,0.014237678605595548,0.34534534534534544,69.6969696969697,0.0,0.005178287603922804,0.11985303309167361,4.2,0.024390243902439046,-0.01863437265303247,0.046286329386437064,0.028259639479427667
39380,2023,3,5.48,"Pueblo, CO",169723.0,62250.0,300036.87316653185,1291.6873902595298,855.0,4.733333333333333,1036.0,63233.0,4458.13746031746,4.819869448458343,False,False,False,False,False,5.197392540722396,1.4290921719994478,0.13109880735835855,0.010009999925738589,0.01006126093870605,0.39495798319327746,87.21804511278195,0.0,0.0,0.0923709955524481,4.233333333333333,0.3359788359788358,-0.0998083232963558,0.08530318602261056,0.01872850859656139
39380,2023,4,5.38,"Pueblo, CO",169723.0,62690.0,296768.23882374394,1299.4765386690576,854.0,4.833333333333333,1058.0,62981.0,4464.907619047619,4.733900762860806,False,False,False,False,False,5.059291555175536,1.2331153198579736,0.08405732215195827,-0.015049448422567169,0.003875806721169219,0.4621621621621621,101.11524163568775,0.0,0.0,0.05916877277407573,4.1000000000000005,0.10693069306930703,-0.16299818832356816,-0.008563273073263544,0.007300433562866582
39380,2024,1,5.84,"Pueblo, CO",169866.0,63130.0,294135.06601697934,1304.5808012575587,795.3333333333334,5.5,1041.0,61964.0,4992.540983606557,4.659196356993178,False,False,False,False,False,4.914148565240673,1.019339021138273,0.02373444746240083,-0.017326190647784956,-0.004413494416019247,0.5405405405405403,128.83211678832112,0.0006307264234541865,0.0006307264234541865,0.06619958039327956,4.666666666666667,-0.07620751341681575,-0.10389918970668477,0.10280373831775691,0.0018288574453748652
39380,2024,2,5.75,"Pueblo, CO",169866.0,63570.0,295004.72727785737,1323.1481227160718,886.3333333333334,5.366666666666667,1088.0,62851.0,5246.626507936508,4.640628083653569,False,False,False,False,False,4.857384357160746,0.9056304831843853,-0.022545812698399614,-0.00012219348013431386,-0.013844354272585437,0.2388392857142856,99.64028776978418,0.0,-0.0006307264234541865,0.03002411075394229,4.366666666666667,-0.029821843532145564,0.024455418348580116,0.05041152263374493,-0.0015879754099649146
39380,2024,3,5.72,"Pueblo, CO",169866.0,64010.0,295639.22480708855,1337.1003877211115,1029.0,6.0,1062.0,62407.0,5543.46921875,4.618641224919365,False,False,False,False,False,4.819869448458343,0.8049552434910634,-0.02873097670336322,0.0036188282704818775,-0.02204954402341743,0.10040160642570273,93.63957597173145,0.0,0.0,0.0293843374818763,4.733333333333333,0.0239520958083832,0.12003623683289799,-0.018939393939393923,-0.007268902285857859
39380,2024,4,5.25,"Pueblo, CO",169866.0,64010.0,296327.1817885104,1320.0895519433022,1114.6666666666667,5.766666666666667,1131.0,62064.0,5907.04296875,4.629388873434001,False,False,False,False,False,4.733900762860806,0.6796576612502214,-0.024633357140512735,-0.01089410880833197,-0.027515682979750124,-0.005545286506469571,84.24657534246576,0.0,0.0,0.03506706498641998,4.833333333333333,-0.0011695906432748204,0.15912210409728944,0.015355086372360827,-0.003370573155679346
39380,2025,1,5.88,"Pueblo, CO",,,295956.09088606463,1319.1571074436824,1036.0,5.8,1095.0,61408.0,5894.8178333333335,,False,False,False,False,False,4.659196356993178,0.5699964274671858,-0.016242851283348902,-0.008872825532817541,-0.02995330472571995,-0.06858054226475274,91.4754098360656,-0.000561704733402113,-0.000561704733402113,0.019752854695101796,5.5,-0.06869633099141292,0.24811511501268746,-0.019774011299435013,-0.0077504483730463924
39380,2025,2,5.87,"Pueblo, CO",,,294725.39654333197,1357.288834669754,1125.3333333333333,5.266666666666667,1103.0,62050.0,5732.060483870968,,False,False,False,False,False,4.640628083653569,0.501187169648146,-0.013213624045052219,0.0029566731796195622,-0.028994790008072716,0.03603603603603611,72.67267267267268,0.0,0.000561704733402113,0.03906026046596622,5.366666666666667,0.11441743503772006,0.24739314525733946,0.06562193927522042,-0.010251645617460836
39380,2025,3,5.64,"Pueblo, CO",,,293722.0757923844,1378.2712279197556,1219.6666666666667,5.5,1096.0,62077.0,6427.73875,,False,False,False,False,False,4.618641224919365,0.43589973262797965,-0.014657026361564629,0.002150804616203983,-0.02502804105419035,0.04379562043795615,60.22408963585435,0.0,0.0,0.035157885572032255,6.0,0.1609627679578789,0.24344959483489204,0.025096525096525157,-0.013062799487609356
39380,2025,4,5.46,"Pueblo, CO",,,292319.686798974,1375.968564453114,1161.3333333333333,5.4,1179.0,60528.0,6777.5671875,,False,False,False,False,False,4.629388873434001,0.4203519490415495,-0.00148620026516888,0.0023270152391678955,-0.020185362230447954,-0.024163568773234223,41.89189189189189,0.0,0.0,0.015862551312666895,5.766666666666667,0.08325234855847108,0.3229933232101214,0.06899810964083186,-0.014559946650577138
39460,2019,2,4.38,"Punta Gorda, FL",188910.0,50930.5,223337.20602536984,1254.9353911273786,2856.3333333333335,3.8666666666666667,768.0,47170.0,2882.3277777777776,4.385136726035869,False,False,False,False,False,4.377690141390912,1.333516456700012,0.06824862901066586,0.009198622935008727,-0.00585470077865413,0.03685503685503666,24.48377581120942,0.0,0.003346536589518667,0.03241132902969257,4.2,-0.04851752021563338,0.1272577123238514,0.036363636363636376,0.016920473773265554
39460,2019,3,4.49,"Punta Gorda, FL",188910.0,51499.0,224748.95113217577,1264.7863046184173,2293.0,4.166666666666667,756.0,47881.0,2957.8528125,4.36414204415961,False,False,False,False,False,4.373571049915912,1.2110980623751866,0.06492034096669563,0.013022212032543834,-0.0063226272460639756,0.035885167464114964,21.62921348314606,0.0,0.0,0.041121670353170936,4.5,-0.18767705382436262,0.15500598332389726,0.028169014084507005,0.05333693718044019
39460,2019,4,4.44,"Punta Gorda, FL",188910.0,51805.25,228087.4118336829,1304.2838618175845,2223.0,3.5666666666666664,814.0,50302.0,3082.755625,4.402785660404745,False,False,False,False,False,4.384397530982001,1.1254211441135715,0.05747085328071,0.014053031208930422,-0.0059699354966086336,0.030373831775700966,18.867924528301884,0.0,0.0,0.03692877621535784,4.1000000000000005,0.009299622202848079,0.03674172122599795,0.02614379084967311,0.017833416376017208
39460,2020,1,4.44,"Punta Gorda, FL",188017.0,52111.5,231682.36613751002,1306.9303450311756,2428.0,4.066666666666666,784.0,49964.0,3055.869193548387,4.445897088694626,False,False,False,False,False,4.4015573453809544,1.0637058134158317,0.05264768428204358,0.015375674051966381,-0.005480860835390162,0.03488372093023262,18.666666666666675,0.003640926143045009,0.003640926143045009,0.03269842792528643,4.166666666666667,0.23265188597754105,-0.004562795426325428,0.037991858887381325,0.017238552043619126
39460,2020,2,4.48,"Punta Gorda, FL",188017.0,52417.75,232652.20039742126,1299.0815342371764,2310.6666666666665,13.066666666666668,812.0,45371.0,2931.687619047619,4.438424014716794,False,False,False,False,False,4.385136726035869,0.967702227530475,0.05089212067085702,0.007515521926628299,-0.0046066284823062876,0.03791469194312791,13.76623376623376,0.0,-0.003640926143045009,0.03518012190727493,3.8666666666666667,0.0008175659892548648,0.0662922038202094,0.036437246963562764,0.019296842924130697
39460,2020,3,4.58,"Punta Gorda, FL",188017.0,52724.0,235703.82022559212,1358.527235687183,1992.6666666666667,9.066666666666666,824.0,46832.0,3319.8340625,4.47052234704484,False,False,False,False,False,4.36414204415961,0.8585580611783987,0.04394053883444671,0.006321137135769428,-0.003905586825813096,0.036951501154734334,15.128205128205142,0.0,0.0,0.03383998303868552,4.166666666666667,-0.1972225463881434,0.03798825437241593,0.03561643835616435,0.023864000855340572
39460,2020,4,4.68,"Punta Gorda, FL",188017.0,54014.75,245615.6579822613,1400.4245636468866,1768.0,5.966666666666666,914.0,49449.0,3554.5015625,4.547196052601582,False,False,False,False,False,4.402785660404745,0.8260009695379886,0.04476529705409438,0.014854177003672753,-0.0031774187289160716,0.006802721088435382,12.977099236641232,0.0,0.0,0.047458415779696006,3.5666666666666664,-0.03052769297863056,0.14221561000009686,0.03694267515923566,0.02600607828339485
39460,2021,1,4.91,"Punta Gorda, FL",194982.0,55305.5,256669.08557253913,1431.8820195800672,1625.6666666666667,5.233333333333333,841.0,49249.0,3865.7068852459015,4.640932376934286,False,False,False,False,False,4.445897088694626,0.7841306097372169,0.045162085594077084,0.01576130078782456,-0.0025896197026621407,-0.0022471910112359383,9.090909090909083,-0.02669640177021304,-0.02669640177021304,0.04160045613428753,4.066666666666666,0.09221772379667126,0.12306660146925985,0.024836601307189454,0.0067906583110000085
39460,2021,2,5.31,"Punta Gorda, FL",194982.0,56596.25,271788.2127590706,1452.1112695055965,1502.6666666666667,4.933333333333334,883.0,47392.0,4183.62634920635,4.8022300551550785,False,False,True,False,False,4.438424014716794,0.6996159720442758,0.04170820678661702,0.0041860512566398445,-0.0024115569323621957,0.022831050228310668,10.073710073710075,0.0,0.02669640177021304,0.03517802065502251,13.066666666666668,-0.04832509610104341,0.017124992393438676,0.05729166666666674,-0.03813864744541018
39460,2021,3,5.81,"Punta Gorda, FL",194982.0,57887.0,297042.4225967077,1537.855872648967,1519.3333333333333,5.0,890.0,48834.0,4421.670625,5.131418498051509,True,False,True,True,True,4.47052234704484,0.6028718861816014,0.04874269285009358,0.013116660074385722,-0.002226624594994858,0.020044543429843964,9.569377990430628,0.0,0.0,0.07411602317835597,9.066666666666666,-0.13762261973456424,0.12237973724394036,0.08994708994709,-0.02190848144357882
39460,2025,2,8.73,"Punta Gorda, FL",,,331335.86809791584,1900.3721546722354,4987.666666666667,4.433333333333334,1058.0,55736.0,5732.060483870968,,False,False,False,False,False,5.360444080231338,0.9753073541954693,-0.02817944473328582,-0.012054527511415891,-0.041192965397217216,-0.012263099219621099,66.85499058380415,0.0,-0.004767728662020687,-0.01998885350184043,3.6999999999999997,0.10566037735849054,0.24739314525733946,0.03685258964143423,0.049347268481298556
39460,2025,3,9.03,"Punta Gorda, FL",,,315937.4018508303,1876.8353191221092,4218.0,5.366666666666667,1013.0,55986.0,6427.73875,,False,False,False,False,False,5.142413592408414,0.7782715482488038,-0.05456872310593608,-0.027473277725934664,-0.044335032295171925,-0.027027027027026973,61.10154905335627,0.0,0.0,-0.036410414203377095,4.533333333333333,-0.022753128555176416,0.24344959483489204,0.018537590113285374,0.04733515706065461
39460,2025,4,8.77,"Punta Gorda, FL",,,305464.4584171168,1874.879128554092,3750.0,5.9,1101.0,58075.0,6777.5671875,,False,False,False,False,False,5.016462635837451,0.613676975432706,-0.07137030165320801,-0.02449257616246603,-0.044129267416194,0.1001053740779767,65.97774244833067,0.0,0.0,-0.014208298188108315,4.3999999999999995,-0.13404290703475796,0.3229933232101214,0.04766444232602485,0.01387457807781134
39660,2019,3,4.14,"Rapid City, SD",142107.0,57615.0,231403.9612106604,1003.3114672991957,807.0,2.5,815.0,68936.0,2957.8528125,4.016383948809518,False,False,False,False,False,3.932930105445743,0.33101481364763563,0.046876504624103754,0.008306981645432865,0.0008150919121275003,0.024875621890547484,9.574468085106403,0.0,0.0,0.030221477923481066,2.466666666666667,0.07881773399014769,0.15500598332389726,0.02614379084967311,0.006648485295201567
39660,2019,4,4.15,"Rapid City, SD",142107.0,57980.25,235987.77978930585,992.2482284456986,751.6666666666666,2.6666666666666665,869.0,66252.0,3082.755625,4.07014077706298,False,False,False,False,False,3.9349282026920864,0.32062586519292324,0.042484030069076084,0.009042548550606933,0.0007072982752578293,0.012345679012345734,8.753315649867366,0.0,0.0,0.023359035951451945,2.766666666666667,-0.11529680365296802,0.03674172122599795,0.030674846625766916,0.004056639877535462
39660,2020,1,4.27,"Rapid City, SD",147818.0,58345.5,241188.32735947613,1009.0453365360783,593.0,3.0,880.0,65056.0,3055.869193548387,4.133794848951095,False,False,False,False,False,3.9702790833494777,0.35508962426857504,0.04626981775081429,0.017517878627227645,0.001111758817217446,0.012165450121654375,6.39386189258313,0.0015831073294456655,0.0015831073294456655,0.02178303231214951,3.4333333333333336,-0.19225806451612903,-0.004562795426325428,0.03444034440344401,-0.001040647375860071
39660,2020,2,4.19,"Rapid City, SD",147818.0,58710.75,245510.75159154832,1020.830515931535,649.3333333333334,8.266666666666667,882.0,65394.0,2931.687619047619,4.181700141652906,False,False,False,False,False,3.999698111469354,0.3743196339171111,0.051665809687244435,0.015859045771691394,0.0015369125702316651,0.029629629629629672,10.026385224274414,0.0,-0.0015831073294456655,0.015237651479111936,2.8666666666666667,0.1347177848775294,0.0662922038202094,0.04041720990873543,-0.004702592780884585
39660,2020,3,4.24,"Rapid City, SD",147818.0,59076.0,249213.79479850354,1040.772450207325,597.0,4.233333333333333,890.0,66939.0,3319.8340625,4.218528586879673,False,False,False,False,False,4.016383948809518,0.3491838283114026,0.05606395746883375,0.012523799453557416,0.0016458057704720798,0.004854368932038833,7.532467532467524,0.0,0.0,0.01159998485745417,2.5,0.1360863444392304,0.03798825437241593,0.03821656050955413,0.009518788624315322
39660,2020,4,4.43,"Rapid City, SD",147818.0,60123.5,256627.47874570996,1033.7226778516454,386.3333333333333,3.1999999999999997,985.0,65438.0,3554.5015625,4.268338981358537,False,False,False,False,False,4.07014077706298,0.3923218152397592,0.0673318432080352,0.01980872995718741,0.0019772736750074023,0.012195121951219745,8.92388451443571,0.0,0.0,0.011427202815724291,2.6666666666666665,-0.06856670797191244,0.14221561000009686,0.03452380952380962,0.010093001982009353
39660,2021,1,4.57,"Rapid City, SD",150849.0,61171.0,266509.2755275211,1088.8831618897093,251.0,3.233333333333333,923.0,65306.0,3865.7068852459015,4.356791216875989,False,False,False,False,False,4.133794848951095,0.44577513437842464,0.07207258151281715,0.022037359624356156,0.0022303296219014644,0.026442307692307487,6.218905472636815,0.026253355470564843,0.026253355470564843,0.031049719447958868,3.0,-0.21108647450110862,0.12306660146925985,0.046373365041617154,0.01150569065240381
39660,2021,2,5.13,"Rapid City, SD",150849.0,62218.5,279988.89658585953,1115.4770548889592,322.6666666666667,2.9,906.0,71974.0,4183.62634920635,4.500090754130356,False,False,False,False,False,4.181700141652906,0.45077153447622864,0.07424902195978955,0.01792136576174297,0.002411293756347526,0.004796163069544557,4.2288557213930655,0.0,-0.026253355470564843,0.023710322581714793,8.266666666666667,0.09499718943226543,0.017124992393438676,0.10526315789473695,-0.0721491508108798
39660,2021,3,5.35,"Rapid City, SD",150849.0,63266.0,295686.82680528564,1167.6041103046646,442.6666666666667,2.3333333333333335,945.0,70375.0,4421.670625,4.6737082604445614,False,False,False,False,False,4.218528586879673,0.44038955331663443,0.07696425547197006,0.01508301849491267,0.002821154864559022,0.024154589371980784,5.472636815920406,0.0,0.0,0.03733734152263812,4.233333333333333,-0.0805954825462013,0.12237973724394036,0.09202453987730053,-0.028968898688638722
39660,2021,4,5.65,"Rapid City, SD",150849.0,64540.25,306728.3678688788,1200.0706250496646,386.6666666666667,2.033333333333333,1043.0,68603.0,4602.1089062500005,4.752512856223501,False,False,False,False,False,4.268338981358537,0.4553584349496478,0.0874608802830028,0.029748288826469516,0.0036076600812234363,0.06746987951807215,9.382716049382722,0.0,0.0,0.04179846153105671,3.1999999999999997,-0.3528754885538805,0.15302735438200687,0.1334867663981587,-0.012286421541991221
39660,2022,1,6.23,"Rapid City, SD",153972.0,65814.5,323623.4395881903,1273.4968695195023,234.33333333333334,2.1333333333333333,982.0,68250.0,4463.855483870967,4.9172057766630495,False,False,True,False,False,4.356791216875989,0.5035253257013106,0.10498413602871293,0.038506386105296775,0.004921973852434536,0.07025761124121788,11.19221411192215,-0.01968308206098235,-0.01968308206098235,0.07912213897911058,3.233333333333333,-0.3503019844693701,0.2650105879555513,0.04886363636363633,0.003842843089030934
39660,2022,2,6.88,"Rapid City, SD",153972.0,67088.75,343452.49649360916,1349.439345116288,286.3333333333333,1.9333333333333333,962.0,74384.0,4105.667096774193,5.119375401890916,True,False,True,True,True,4.500090754130356,0.6197437527963108,0.14043435886535782,0.05057843120715866,0.007222947373136793,0.22434367541766087,26.66666666666666,0.0,0.01968308206098235,0.09271523282300853,2.9,0.28552456839309426,0.4270368786990453,0.027210884353741527,0.10062085206593885
39660,2023,2,7.56,"Rapid City, SD",155882.0,71079.5,350297.8010027928,1353.0251947681766,309.0,1.8333333333333333,999.0,75707.0,4206.072903225806,4.928253589330155,False,False,False,False,False,5.119375401890916,1.1739374481452267,0.22666470235646763,0.061272004681278025,0.016889974786704537,0.34113060428849895,64.98800959232614,0.0,-0.00019787675678983874,0.20974191194871206,1.9333333333333333,0.22190611664295856,-0.01863437265303247,0.06181015452538641,0.03348431377997607
39660,2023,3,7.71,"Rapid City, SD",155882.0,71985.0,354759.29249415925,1370.4986191709625,377.0,1.6666666666666667,1030.0,73745.0,4458.13746031746,4.9282391122339275,False,False,False,False,False,5.129018901913963,1.1560550129171232,0.18583273722384308,0.020913001859833136,0.01608059571843814,0.2990654205607477,67.87439613526571,0.0,0.0,0.19279416493763124,1.8333333333333333,0.42956926658905714,-0.0998083232963558,0.08359788359788367,0.02655772646536403
39660,2023,4,7.91,"Rapid City, SD",155882.0,72802.5,355281.9857452568,1384.7108640558392,380.3333333333333,1.7666666666666666,1100.0,71654.0,4464.907619047619,4.880079471793644,False,False,False,False,False,5.042278082758539,1.0735797141504326,0.13869819672130013,-0.003890311441505201,0.013063052347974643,0.32920353982300865,80.96385542168673,0.0,0.0,0.135345475410384,1.9333333333333333,-0.09690553745928332,-0.16299818832356816,0.006711409395973256,0.019197411191930414
39660,2024,1,8.28,"Rapid City, SD",156227.0,73620.0,356656.50368605345,1377.4786300196513,340.6666666666667,1.8333333333333333,1112.0,70766.0,4992.540983606557,4.844559952269131,False,False,False,False,False,4.964605798304982,0.9972501646141292,0.0765173490942872,-0.002533253506754929,0.007370360610512872,0.3515248796147672,97.1896955503513,-0.00829796919694048,-0.00829796919694048,0.05215118839881416,1.8666666666666665,-0.2362488728584311,-0.10389918970668477,0.0835030549898168,0.019091575091574997
39660,2024,2,7.85,"Rapid City, SD",156227.0,74437.5,359741.6069522137,1404.7273459084756,400.3333333333333,1.8333333333333333,1043.0,76558.0,5246.626507936508,4.832800765101108,False,False,False,False,False,4.928253589330155,0.9739436770087595,0.019930862576539754,0.0054868805166881085,-0.0004308876341080657,0.09883720930232553,80.42959427207634,0.0,0.00829796919694048,0.0026572884990097023,1.8333333333333333,0.0944510035419126,0.024455418348580116,0.03846153846153855,0.01778608302860829
39660,2024,3,8.17,"Rapid City, SD",156227.0,75255.0,361077.04687552573,1428.809710433957,483.0,1.7,1076.0,74835.0,5543.46921875,4.798047264308361,False,False,False,False,False,4.9282391122339275,0.9953090067881845,0.01176200864341248,0.01273628175396646,-0.008043055594951215,0.10935251798561141,81.83962264150941,0.0,0.0,-0.015949284999349556,1.6666666666666667,0.2200647249190939,0.12003623683289799,0.005859375,0.02077681191517633
39660,2024,4,8.43,"Rapid City, SD",156227.0,75255.0,365864.29954219033,1415.6318451183968,482.3333333333333,1.8333333333333333,1150.0,72680.0,5907.04296875,4.861661013117937,False,False,False,False,False,4.880079471793644,0.945151269101558,0.01720997647111977,0.0014733743756865092,-0.014512607254027513,0.053262316910785756,78.55530474040633,0.0,0.0,0.01630546441540548,1.7666666666666666,0.008841732979663952,0.15912210409728944,0.04761904761904767,0.024799771167048013
39660,2025,1,8.64,"Rapid City, SD",,,368912.55032632477,1415.9427361811129,415.6666666666667,2.0666666666666664,1155.0,71675.0,5894.8178333333335,,False,False,False,False,False,4.844559952269131,0.8742808689196537,0.023738756796876093,0.0038688084280811275,-0.019443275291071233,-0.016627078384798155,81.18161925601748,-0.01019164027216779,-0.01019164027216779,0.02803721924231617,1.8333333333333333,-0.10429447852760731,0.24811511501268746,0.04511278195488733,0.017439937889091706
39660,2025,2,8.63,"Rapid City, SD",,,369437.8821431983,1432.9655896663296,515.6666666666666,2.0,1089.0,77801.0,5732.060483870968,,False,False,False,False,False,4.832800765101108,0.8331026536317534,0.02695936406790511,0.008650068719554094,-0.022070550547270976,0.03835978835978837,53.021442495126706,0.0,0.01019164027216779,0.038212260451777835,1.8333333333333333,0.1751467710371819,0.24739314525733946,0.04404404404404394,0.011240704294186887
39660,2025,3,8.94,"Rapid City, SD",,,369020.39824863913,1446.6159340914674,653.3333333333334,1.9333333333333333,1129.0,75411.0,6427.73875,,False,False,False,False,False,4.798047264308361,0.781663315498843,0.017808566301249273,0.003712219819737017,-0.022163329456682406,0.05966277561608302,52.710280373831786,0.0,0.0,0.04254735498987072,1.7,0.20649458784346386,0.24344959483489204,0.044660194174757306,0.01478066309580317
39660,2025,4,8.21,"Rapid City, SD",,,372949.717169202,1454.1678440847002,607.6666666666666,2.1500000000000004,1195.0,73237.0,6777.5671875,,False,False,False,False,False,4.861661013117937,0.7915202360549571,0.029785675101808406,0.013258258059020145,-0.020218234955476182,0.06573957016434884,49.203539823008846,0.0,0.0,0.022330279818842058,1.8333333333333333,-0.0013802622498274575,0.3229933232101214,0.045454545454545414,0.014318809836157076
41540,2019,2,4.77,"Salisbury, MD",415726.0,60035.25,285237.6317395007,1256.4331871259403,4452.0,4.2,782.0,172903.0,2882.3277777777776,4.7511692170766455,False,False,False,False,False,4.729642601369417,0.14133530534560013,0.03383046476799101,0.009821951382069205,0.0017906111851986879,0.06222222222222218,0.20964360587003572,0.0,-0.0007168095449889833,0.019499752508950197,4.8999999999999995,0.08688815969373809,0.1272577123238514,-0.015604681404421283,0.01732802351491025
41540,2019,3,4.66,"Salisbury, MD",415726.0,60446.0,287636.14507589483,1273.5862456035009,4345.333333333333,4.3999999999999995,781.0,165821.0,2957.8528125,4.758563760644126,False,False,False,False,False,4.705398431875879,0.13649855531686228,0.030336382550473884,0.005648248404899636,0.001872548995602001,0.015730337078651457,-4.439746300211434,0.0,0.0,0.026419575762769876,4.866666666666667,-0.03094534247436942,0.15500598332389726,0.02585034013605436,0.005351884888178393
41540,2019,4,4.59,"Salisbury, MD",415726.0,61034.25,289889.1098886505,1282.8415627078623,3912.3333333333335,4.0,869.0,155841.0,3082.755625,4.749613698679847,False,False,False,False,False,4.705908036941694,0.1034418534274284,0.02690901499285414,0.00709424655540869,0.0015618816270616782,-0.016597510373444035,-2.268041237113394,0.0,0.0,0.027721180248184707,4.666666666666667,-0.10826247809437273,0.03674172122599795,0.02583025830258312,0.018163324614937526
41540,2020,1,4.84,"Salisbury, MD",128130.0,61622.5,294394.09190248867,1312.6382958804097,3445.3333333333335,5.166666666666667,831.0,152455.0,3055.869193548387,4.777379884011338,False,False,False,False,False,4.7205987762561845,0.08326524276112046,0.03303934205691217,0.010080153362856503,0.0014776498296968678,0.0,3.594080338266381,-0.0004914720875375256,-0.0004914720875375256,0.03262676452542479,5.266666666666667,-0.08734260135381033,-0.004562795426325428,0.024421593830334265,0.011066544881723095
41540,2020,2,4.64,"Salisbury, MD",128130.0,62210.75,297576.48730880534,1309.1727880126527,3362.6666666666665,9.633333333333333,884.0,153335.0,2931.687619047619,4.78336119253996,False,False,False,False,False,4.7511692170766455,0.09780163408245457,0.036709400663054836,0.013409526019799944,0.0013096230354733359,-0.0020920502092051096,3.9215686274509665,0.0,0.0004914720875375256,0.02878432844579537,4.2,0.06515671106148813,0.0662922038202094,0.03302509907529716,0.0071941188806301515
41540,2020,3,4.74,"Salisbury, MD",128130.0,62799.0,300974.13381492643,1344.0073706949072,2972.6666666666665,7.0,846.0,157308.0,3319.8340625,4.792658064856549,False,False,False,False,False,4.758563760644126,0.08860316849485095,0.039555242377443234,0.008408825026932742,0.0009636334188201484,0.030973451327433787,4.250559284116351,0.0,0.0,0.04574305777831089,4.3999999999999995,-0.023959269242288195,0.03798825437241593,0.035809018567639184,0.018143750076750287
41540,2020,4,4.94,"Salisbury, MD",128130.0,63722.0,313772.0343218799,1349.470376651514,2420.6666666666665,6.333333333333333,963.0,150515.0,3554.5015625,4.924076995729574,False,False,True,False,False,4.749613698679847,0.025432810902371372,0.040317487775554994,0.007832690193234182,0.00043205127905334665,-0.03164556962025322,-1.0775862068965525,0.0,0.0,0.047030401868295435,4.0,-0.09964713102178568,0.14221561000009686,0.04196642685851315,0.01094360185269272
41540,2021,1,4.87,"Salisbury, MD",128673.0,64645.0,330924.1022104032,1394.648720297357,1880.0,6.933333333333334,852.0,149040.0,3865.7068852459015,5.119098185635442,True,False,True,True,True,4.777379884011338,0.030474381665567485,0.045941152008993846,0.015540363056648188,0.0003603918799689053,-0.01224489795918382,2.9787234042553123,-0.7057605168002694,-0.7057605168002694,0.05678207068763852,5.166666666666667,-0.11936610718241458,0.12306660146925985,0.042659974905897124,-0.0019835295041831236
41540,2025,2,9.32,"Salisbury, MD",,,432882.74947289034,1875.525589489236,2803.0,4.133333333333334,1156.0,53603.0,5732.060483870968,,False,False,False,False,False,5.944017916605517,1.1928486995288718,0.0274591481541826,0.006515191267963072,-0.02132444076760896,0.024009603841536498,65.63106796116503,0.0,0.00010663874885152858,0.019836686954907368,3.3000000000000003,0.17334542157751587,0.24739314525733946,0.11282051282051286,-0.699800030079041
41540,2025,3,9.25,"Salisbury, MD",,,430548.01962512644,1913.8149102492996,2985.0,4.666666666666667,1114.0,53665.0,6427.73875,,False,False,False,False,False,5.847554034740804,1.0889902740966777,0.010641619500374677,-0.0019960684203632617,-0.01943305809541236,-0.06472491909385114,53.99644760213145,0.0,0.0,0.042164987618389604,3.8333333333333335,0.08020398701900788,0.24344959483489204,0.10348360655737698,-0.6908981362933266
41540,2025,4,9.59,"Salisbury, MD",,,430147.06813401246,1910.2402636585539,2955.6666666666665,4.2,1171.0,55057.0,6777.5671875,,False,False,False,False,False,5.881375416183735,1.1317617175038874,0.008510545067170971,0.005783851032755916,-0.01654580155766529,0.12745098039215685,57.80445969125212,0.0,0.0,0.05475864213797732,3.8333333333333335,0.04077253218884125,0.3229933232101214,0.08007626310772165,-0.6738000278394751
41620,2019,2,0.79,"Salt Lake City-Murray, UT",1232696.0,73936.75,360286.9705346916,1212.3424270316452,4033.3333333333335,2.6,1046.0,737858.0,2882.3277777777776,4.872907864285239,False,False,False,False,False,4.759930836561864,1.0180160133025171,0.09223686628741268,0.019907241645035212,0.0009167732490865085,0.08219178082191791,25.396825396825395,0.0,0.004424857191201337,0.05898907825757527,2.9333333333333336,0.25578179989944694,0.1272577123238514,0.043659043659043606,0.02553095120419213
41620,2019,3,0.79,"Salt Lake City-Murray, UT",1232696.0,74842.0,362634.02041105257,1229.580151041366,4580.0,2.4333333333333336,1076.0,741965.0,2957.8528125,4.845327762633983,False,False,False,False,False,4.801270163460659,0.9145424338175498,0.09040563035981908,0.02080695022595136,-0.000247653350980668,0.09459459459459474,24.615384615384617,0.0,0.0,0.05604163865709011,2.8666666666666667,0.2617355620058053,0.15500598332389726,0.039433771486349745,0.026344872396901087
41620,2019,4,0.8,"Salt Lake City-Murray, UT",1232696.0,75407.0,368991.7605062218,1216.2585062372207,3993.6666666666665,2.1,1148.0,751395.0,3082.755625,4.8933356386837,False,False,False,False,False,4.835118573579593,0.8718594831904296,0.08867491206506628,0.01984993025007098,-0.00039955089417476834,0.08000000000000007,20.895522388059696,0.0,0.0,0.05969031744128195,2.5,0.01602411550055516,0.03674172122599795,0.036190476190476106,0.0230440174453439
41620,2020,1,0.81,"Salt Lake City-Murray, UT",1260379.0,75972.0,379728.44806327176,1225.3654380017697,2820.0,2.6999999999999997,1180.0,739880.0,3055.869193548387,4.998268415511922,False,False,True,False,False,4.8659222098156585,0.8748007123430597,0.0819706121996917,0.019001681484492883,-0.00025417414496709505,0.03797468354430378,20.58823529411764,-0.0005210707491773992,-0.0005210707491773992,0.0557641523726633,2.8333333333333335,-0.20799500312304797,-0.004562795426325428,0.04275092936802971,0.02636592371957258
41620,2020,2,0.82,"Salt Lake City-Murray, UT",1260379.0,76537.0,389153.9541201182,1241.5553123210202,3346.3333333333335,8.933333333333332,1138.0,707162.0,2931.687619047619,5.084520612515753,True,False,True,True,True,4.872907864285239,0.8563697721157579,0.07554345935496887,0.013848759413096046,-0.00016285555186489224,0.0,19.696969696969703,0.0,0.0005210707491773992,0.051916974238949365,2.6,0.19282334384858046,0.0662922038202094,0.041832669322709126,0.024782851444555165
41620,2025,2,2.01,"Salt Lake City-Murray, UT",,,559846.6701309347,1631.4791063499479,3788.6666666666665,3.533333333333333,1461.0,827507.0,5732.060483870968,,False,False,False,False,False,5.657836109350295,0.7849282450650561,0.02503389370617759,0.007259754686586906,-0.029451011353734853,-0.05472636815920395,84.4660194174757,0.0,-0.005886301444057329,0.008862694606312838,3.3000000000000003,0.1578947368421053,0.24739314525733946,0.06282335550628226,0.00403217865653116
41620,2025,3,2.03,"Salt Lake City-Murray, UT",,,560148.0994489236,1637.8047546370406,4394.333333333333,3.733333333333333,1479.0,829673.0,6427.73875,,False,False,False,False,False,5.61910153086864,0.7737737682346575,0.0176842306054672,0.000904261388107841,-0.02425572697563318,0.015544041450777257,76.57657657657654,0.0,0.0,0.015010820301202488,3.466666666666667,0.21072261072261056,0.24344959483489204,0.040441176470588314,0.00813052098018563
41620,2025,4,1.92,"Salt Lake City-Murray, UT",,,567529.550517717,1616.0249632103578,4196.0,3.55,1591.0,844071.0,6777.5671875,,False,False,False,False,False,5.672353381296258,0.7790177426125577,0.01937192394764975,0.009476933302428714,-0.018344605757470447,0.005102040816326481,66.94915254237289,0.0,0.0,0.009831988697073246,3.1333333333333333,0.002791682710820309,0.3229933232101214,0.0415814587593728,0.01275367704130348
42340,2019,2,2.68,"Savannah, GA",393353.0,58961.75,211106.14885537713,1171.781370796977,2835.0,3.266666666666667,888.0,178860.0,2882.3277777777776,3.580391505601125,False,False,False,False,False,3.5171115638551265,0.23359164018199108,0.05402855869024581,0.0139377836955763,-0.0006753603492167577,0.0039215686274509665,4.918032786885251,0.0,0.0005419723063311288,0.047625721161046686,3.5666666666666664,0.07246900204646689,0.1272577123238514,0.03905325443786989,0.028159018393393298
42340,2019,3,2.72,"Savannah, GA",393353.0,59459.0,213201.0864117,1185.919591649963,2838.3333333333335,3.3666666666666667,892.0,176603.0,2957.8528125,3.5856823426512388,False,False,False,False,False,3.530570860889936,0.19996519178830807,0.058487798685946446,0.014636112631406961,9.774009879562088e-05,0.049808429118774145,10.483870967741948,0.0,0.0,0.045524089472391616,3.5666666666666664,-0.03569424177797731,0.15500598332389726,0.08204518430439944,0.048510842506223506
42340,2019,4,2.73,"Savannah, GA",393353.0,59807.0,215743.90144662908,1177.6465897461005,2659.0,3.0,947.0,182591.0,3082.755625,3.6073352859469474,False,False,False,False,False,3.5526095348036053,0.19920509513092055,0.06070632547181387,0.014948591268729716,0.0014870078571139836,0.003731343283581934,7.171314741035872,0.0,0.0,0.043359695511169694,3.4,-0.07891979979047836,0.03674172122599795,0.027995520716685318,0.021047213080620297
42340,2020,1,2.72,"Savannah, GA",405312.0,60155.0,219170.68881228718,1203.6621380259003,2500.0,3.5,923.0,180578.0,3055.869193548387,3.643432612622179,False,False,False,False,False,3.567473933928452,0.18471627323384965,0.05751988268483066,0.012798090121174832,0.002813834721903035,0.018796992481203034,10.162601626016254,0.00209725574233377,0.00209725574233377,0.04450977269817069,3.6333333333333333,-0.02603311007203335,-0.004562795426325428,0.00990099009900991,0.02031524042938515
42340,2020,2,2.59,"Savannah, GA",405312.0,60503.0,221604.29383146807,1216.617001871221,2529.0,11.533333333333333,935.0,165009.0,2931.687619047619,3.6626992683250097,False,False,False,False,False,3.580391505601125,0.1543830072924406,0.05566243806160864,0.012156887359305424,0.0038070466053032707,0.046875,3.076923076923088,0.0,-0.00209725574233377,0.04361997916543614,3.266666666666667,0.10354223433242504,0.0662922038202094,0.011389521640091216,0.02032550471485539
42340,2020,3,2.66,"Savannah, GA",405312.0,60851.0,223769.10913025055,1226.9158953960368,2429.6666666666665,7.333333333333333,921.0,169799.0,3319.8340625,3.6773283780094093,False,False,False,False,False,3.5856823426512388,0.14207858910045434,0.05075939979855937,0.009923621683601613,0.0041247251701096894,-0.007299270072992692,12.396694214876035,0.0,0.0,0.041725764936989984,3.3666666666666667,0.0011757789535566943,0.03798825437241593,-0.01978021978021982,0.010360886081742793
42340,2020,4,2.71,"Savannah, GA",405312.0,61814.0,230988.96764305537,1234.9739014076551,2119.0,5.266666666666667,1024.0,177517.0,3554.5015625,3.7368390274542236,False,False,False,False,False,3.6073352859469474,0.1517295753068444,0.04763102993393975,0.01192683901253111,0.0036096235953259996,0.014869888475836479,5.813953488372081,0.0,0.0,0.044053238595301636,3.0,-0.06318261890780985,0.14221561000009686,0.031590413943355156,0.03429895318801823
42340,2021,1,2.79,"Savannah, GA",409485.0,62777.0,239383.97347190115,1254.78225798124,1737.3333333333333,4.766666666666667,938.0,176222.0,3865.7068852459015,3.8132432813275745,False,False,False,False,False,3.643432612622179,0.1571903797054901,0.05082264723900831,0.01588358856347938,0.002736423427564968,0.0036900369003691758,3.8167938931297662,0.02038867181176207,0.02038867181176207,0.052464475635868535,3.5,-0.059796916133884936,0.12306660146925985,0.005446623093681824,0.011092011623935472
42340,2021,2,2.99,"Savannah, GA",409485.0,63740.0,249338.5536731051,1334.8168095717635,1650.6666666666667,4.2,971.0,179788.0,4183.62634920635,3.9118066155178086,False,False,False,False,False,3.6626992683250097,0.14732030061125911,0.04972922405629654,0.011103697453199057,0.00158137531352653,-0.03358208955223896,1.5686274509803866,0.0,-0.02038867181176207,0.0382627955962036,11.533333333333333,0.011600000000000055,0.017124992393438676,0.052927927927928,-0.07744045622274409
42340,2021,3,3.15,"Savannah, GA",409485.0,64703.0,259644.57306522442,1450.4276231923056,1530.6666666666667,3.6,982.0,181053.0,4421.670625,4.012867611474343,False,False,False,False,False,3.6773283780094093,0.11710573570890981,0.04956833427266538,0.009768832820671092,0.0004968718065588356,-0.022058823529411797,1.9157088122605526,0.0,0.0,0.03456921028603288,7.333333333333333,-0.039277711875576715,0.12237973724394036,0.032511210762331766,-0.03852709183875702
42340,2021,4,3.42,"Savannah, GA",409485.0,66203.5,268192.3923573659,1494.5469147448446,1290.6666666666667,2.9333333333333336,1104.0,186665.0,4602.1089062500005,4.051030419197866,False,False,False,False,False,3.7368390274542236,0.13702866582741846,0.07066279090256278,0.03226476854140903,0.00040586188908342167,-0.0073260073260073,1.1194029850746245,0.0,0.0,0.04867955476686281,5.266666666666667,-0.1278639045136507,0.15302735438200687,0.08130939809926074,-0.02778888335131524
42340,2022,1,3.8,"Savannah, GA",418858.0,67704.0,282452.14773965324,1537.6355571001134,1010.0,3.1,1022.0,185708.0,4463.855483870967,4.171867950780651,False,False,False,False,False,3.8132432813275745,0.19692554719711497,0.0922262222615271,0.03634375232075371,0.0013817561376381472,0.025735294117646967,4.8872180451127845,-0.020106945006375554,-0.020106945006375554,0.04247048930124264,4.766666666666667,-0.18011640711027221,0.2650105879555513,0.01625135427952329,-0.024122539844277813
42340,2022,2,4.46,"Savannah, GA",418858.0,69204.5,299920.8409639821,1618.304296221817,1143.6666666666667,2.8333333333333335,1032.0,188388.0,4105.667096774193,4.33383437441181,False,False,False,False,False,3.9118066155178086,0.308177303241711,0.1251521771628179,0.04158415476536659,0.0037713921783590672,0.15444015444015458,16.796875,0.0,0.020106945006375554,0.09715449276045374,4.2,-0.04988488104374511,0.4270368786990453,0.03850267379679151,0.08956481161633612
42340,2022,3,4.91,"Savannah, GA",418858.0,70705.0,311638.4147209357,1685.7471015570798,1329.3333333333333,3.033333333333333,1093.0,188449.0,3980.35109375,4.4075866589482455,False,False,False,False,False,4.012867611474343,0.42148352112555143,0.1603235767189457,0.04133343696872083,0.007219099121584777,0.18421052631578938,14.963503649635035,0.0,0.0,0.1821736344235081,3.6,-0.0726978998384491,0.3318950711862574,0.0662323561346363,0.0662783644191074
42340,2022,4,5.5,"Savannah, GA",418858.0,71686.75,316209.3193306571,1676.4419964205572,1246.0,2.9,1131.0,190759.0,3851.9734920634924,4.410986958268538,False,False,False,False,False,4.051030419197866,0.49110164628230324,0.16106147879668686,0.03292123224926491,0.010083890732661643,0.26199261992619927,27.137546468401496,0.0,0.0,0.2101850193281991,2.9333333333333336,-0.15679442508710806,0.294726932969241,0.078125,0.051533092605215325
42340,2023,1,5.72,"Savannah, GA",426182.0,72668.5,318993.03410019615,1697.1569271717133,1074.0,3.0,1122.0,190895.0,4000.064516129032,4.389701646520792,False,False,False,False,False,4.171867950780651,0.6427208001650593,0.1799125214738213,0.05316987278030694,0.012827099849220857,0.36200716845878134,40.22140221402213,0.01259395519453732,0.01259395519453732,0.22542022515838145,3.1,-0.2174586776859505,0.15473201056913988,0.08955223880597019,0.053829828284777115
42340,2023,2,5.55,"Savannah, GA",426182.0,73650.25,326412.18323839287,1737.5753737482012,1198.0,2.8333333333333335,1079.0,192802.0,4206.072903225806,4.431922270982011,False,False,False,False,False,4.33383437441181,0.839474756241863,0.20286588875137546,0.06184655830774699,0.015512808904147999,0.49163879598662197,66.41791044776117,0.0,-0.01259395519453732,0.2123793202312172,2.8333333333333335,0.1323432343234323,-0.01863437265303247,0.06282183316168899,0.04783411573631158
42340,2023,3,5.6,"Savannah, GA",426182.0,74632.0,335413.36862669146,1749.3377628112278,1513.6666666666667,2.9666666666666663,1089.0,192247.0,4458.13746031746,4.494229936578029,False,False,False,False,False,4.4075866589482455,0.9236376180520436,0.2002500612352489,0.039068888041564165,0.016845649072793446,0.5587301587301587,80.51470588235294,0.0,0.0,0.1622414483853043,3.033333333333333,0.16234334013407148,-0.0998083232963558,0.11303462321792268,0.040849916875169257
42340,2023,4,5.74,"Savannah, GA",426182.0,75269.0,343135.1209348466,1745.7250942900746,1509.6666666666667,2.6333333333333333,1176.0,196041.0,4464.907619047619,4.55878410680156,False,False,False,False,False,4.410986958268538,0.9211865866272286,0.17903910901882947,0.014667333659152737,0.016175095515935222,0.6081871345029239,101.46520146520146,0.0,0.0,0.12170583598358742,2.9,-0.06268806419257766,-0.16299818832356816,0.024456521739130377,0.021932338681595276
42340,2024,1,6.39,"Savannah, GA",431589.0,75906.0,348447.858053817,1766.2831958383613,1491.0,2.8666666666666667,1166.0,195176.0,4992.540983606557,4.590517983477156,False,False,False,False,False,4.389701646520792,0.8831783773043584,0.12937018412840673,0.008803392561078205,0.012820334591949246,0.5052631578947369,110.29411764705878,-0.005404087815827685,-0.005404087815827685,0.10374458975990875,3.0,-0.1380417335473515,-0.10389918970668477,0.09784735812133083,0.027930945355073566
42340,2024,2,6.24,"Savannah, GA",431589.0,76543.0,354516.8364251877,1790.1722044616884,1778.6666666666667,2.9333333333333336,1135.0,197687.0,5246.626507936508,4.631603627048688,False,False,False,False,False,4.431922270982011,0.9148107071268847,0.08832778072128744,0.023258028687442645,0.007288035162255717,0.24439461883408065,114.28571428571428,0.0,0.005404087815827685,0.07370126731100024,2.8333333333333335,0.11545623836126628,0.024455418348580116,0.04554263565891481,0.023430367114678274
42340,2024,3,6.09,"Savannah, GA",431589.0,77180.0,358705.4981110499,1811.2944276270537,1950.3333333333333,3.1999999999999997,1145.0,195865.0,5543.46921875,4.647648330021377,False,False,False,False,False,4.494229936578029,0.963659075688093,0.07629019011358285,0.027576131806712034,0.0010155183297582055,0.140529531568228,110.52631578947367,0.0,0.0,0.03772253927971225,2.9666666666666663,0.2634947134112411,0.12003623683289799,-0.0036596523330283404,0.020153993918779145
42340,2024,4,6.28,"Savannah, GA",431589.0,77180.0,360373.62781934167,1798.564176556226,1997.0,2.6999999999999997,1221.0,199099.0,5907.04296875,4.669261827148765,False,False,False,False,False,4.55878410680156,1.0061745719979545,0.08515182810293287,0.023021599704778906,-0.004144193459418743,0.043636363636363695,111.80811808118082,0.0,0.0,0.04132746496296713,2.6333333333333333,-0.0026425897379431795,0.15912210409728944,0.039787798408488007,0.02768938818089839
42340,2025,1,6.77,"Savannah, GA",,,359751.65833674074,1801.33265689497,2058.0,2.9333333333333336,1206.0,197937.0,5894.8178333333335,,False,False,False,False,False,4.590517983477156,1.0230440495487039,0.09233688765871007,0.015482930177757037,-0.008148722771744837,0.11713286713286708,129.0322580645161,-0.004798571558344289,-0.004798571558344289,0.04073062871201061,2.8666666666666667,-0.012364760432766686,0.24811511501268746,0.03921568627450989,0.0224259409623091
42340,2025,2,6.28,"Savannah, GA",,,357086.0520812724,1830.4819851390002,2564.6666666666665,2.766666666666667,1183.0,199835.0,5732.060483870968,,False,False,False,False,False,4.631603627048688,1.0512121214475627,0.08610172851994569,0.017417178011274626,-0.010897205467301666,0.12432432432432439,108.69565217391303,0.0,0.004798571558344289,0.03027024410459278,2.9333333333333336,0.1929353901184887,0.24739314525733946,0.051899907321594,0.025336874098816464
42340,2025,3,7.14,"Savannah, GA",,,353835.78751150146,1826.3210157441517,2743.6666666666665,2.966666666666667,1201.0,202106.0,6427.73875,,False,False,False,False,False,4.647648330021377,1.061965987370138,0.0694430564283266,0.01181512767658388,-0.012414626279964817,0.08750000000000013,93.33333333333333,0.0,0.0,0.03541721109150475,3.1999999999999997,0.09651424287856059,0.24344959483489204,0.051423324150596805,0.01881953944664927
42340,2025,4,6.34,"Savannah, GA",,,352537.0968585976,1814.0832493227872,2584.0,2.85,1280.0,203214.0,6777.5671875,,False,False,False,False,False,4.669261827148765,1.0619265412018177,0.05023824678024802,0.00465041577861558,-0.014001624500099962,0.0940766550522647,83.62573099415205,0.0,0.0,0.03026769932962381,2.6999999999999997,0.023927533754913632,0.3229933232101214,0.03826530612244894,0.015598777806683284
42680,2019,2,5.96,"Sebastian-Vero Beach-West Vero Corridor, FL",159923.0,54139.0,245244.96513250863,1284.7396518814805,2507.0,3.9333333333333336,827.0,51763.0,2882.3277777777776,4.529913096520228,False,False,False,False,False,4.523946838408653,1.3572128377925274,0.0891213231765342,0.0177758693920127,-0.0006845683909803689,0.07434944237918217,28.44444444444445,0.0,0.0012891467795943523,0.05341147684416048,4.5,0.05172147599197152,0.1272577123238514,0.08972691807542255,0.024880363370914038
42680,2019,3,5.97,"Sebastian-Vero Beach-West Vero Corridor, FL",159923.0,54740.0,246332.11695782692,1311.6719031238072,2152.3333333333335,4.433333333333334,803.0,52165.0,2957.8528125,4.500038672959937,False,False,False,False,False,4.528045125975065,1.2451008527754817,0.08441738710595703,0.017069692168565576,-0.001808984588447489,0.06690777576853524,32.88288288288288,0.0,0.0,0.07028960843077003,4.8999999999999995,-0.09453904873752195,0.15500598332389726,0.022368421052631593,0.05904036370338517
42680,2019,4,6.17,"Sebastian-Vero Beach-West Vero Corridor, FL",159923.0,55541.25,248274.92525214728,1358.4466256687872,1985.3333333333333,3.6666666666666665,903.0,55144.0,3082.755625,4.470099705212744,False,False,False,False,False,4.534547753619243,1.1400178197578694,0.07338334010996794,0.0129360608461353,-0.0025983427824328767,0.06976744186046524,21.79226069246436,0.0,0.0,0.03508502109127076,4.133333333333333,-0.014105058365758705,0.03674172122599795,-0.0011402508551880963,0.023295316670711053
42680,2020,1,6.23,"Sebastian-Vero Beach-West Vero Corridor, FL",160452.0,56342.5,252382.13354543524,1348.5862446683639,2213.0,4.066666666666666,869.0,54148.0,3055.869193548387,4.479427315888277,False,False,False,False,False,4.535767279854802,1.0388040175481423,0.0607291327052879,0.011625112271437033,-0.0036386250419050297,0.06964285714285734,20.52313883299799,-0.0016939603198105058,-0.0016939603198105058,0.02156742462644745,4.133333333333334,0.1394507482321985,-0.004562795426325428,0.047204968944099424,0.021148658774164497
42680,2020,2,6.19,"Sebastian-Vero Beach-West Vero Corridor, FL",160452.0,57143.75,253582.5529828882,1365.7929465938062,2220.6666666666665,12.566666666666668,886.0,48619.0,2931.687619047619,4.437625339304617,False,False,False,False,False,4.529913096520228,0.9368929101533126,0.05254225495812648,0.009920511827285372,-0.004492883342484656,0.03114186851211076,20.161290322580648,0.0,0.0016939603198105058,0.05575552060484856,3.9333333333333336,0.0854380141434552,0.0662922038202094,-0.013126491646778038,0.024137862809884725
42680,2020,3,6.29,"Sebastian-Vero Beach-West Vero Corridor, FL",160452.0,57945.0,256009.46880772212,1393.4817584780951,2115.3333333333335,9.266666666666667,866.0,49837.0,3319.8340625,4.4181459799417055,False,False,False,False,False,4.500038672959937,0.8205000113536278,0.03946474948524559,0.004432922097833414,-0.005663136371270042,0.011864406779660941,20.36290322580645,0.0,0.0,0.04941663404290764,4.433333333333334,-0.14147054912910506,0.03798825437241593,0.03346203346203347,0.008721042657694245
42680,2020,4,6.43,"Sebastian-Vero Beach-West Vero Corridor, FL",160452.0,58857.25,264552.1833845443,1473.0081791806208,1611.3333333333333,6.133333333333333,1003.0,52587.0,3554.5015625,4.494810467436794,False,False,False,False,False,4.470099705212744,0.7488826224574479,0.03428339964433946,0.00788694677053825,-0.006804606261269266,0.03177257525083599,22.420634920634907,0.0,0.0,0.06701093215931908,3.6666666666666665,-0.07759021217283579,0.14221561000009686,0.03082191780821919,0.005891902738001775
42680,2021,1,6.66,"Sebastian-Vero Beach-West Vero Corridor, FL",163903.0,59769.5,274787.72376283095,1489.8697847426754,1335.0,5.5,900.0,52870.0,3865.7068852459015,4.597457294486836,False,False,False,False,False,4.479427315888277,0.6976993013925217,0.039311422147037645,0.016542984713888043,-0.007235776122827013,0.04006677796327218,13.27272727272728,-0.014098177682858148,-0.014098177682858148,0.060239067887841724,4.066666666666666,0.11467427803895225,0.12306660146925985,0.03084223013048626,-0.006695650578760981
42680,2021,2,7.2,"Sebastian-Vero Beach-West Vero Corridor, FL",163903.0,60681.75,287431.866513147,1550.2270350690226,1035.0,5.3999999999999995,972.0,50391.0,4183.62634920635,4.736710238467859,False,False,True,False,False,4.437625339304617,0.6053951155168424,0.03399697867752227,0.0047563566429589255,-0.007308857508821357,0.038590604026845776,15.055762081784385,0.0,0.014098177682858148,0.06308927617640236,12.566666666666668,0.0034643771652356214,0.017124992393438676,0.071342200725514,-0.060738365241581826
42680,2021,3,7.78,"Sebastian-Vero Beach-West Vero Corridor, FL",163903.0,61594.0,309026.3411984301,1669.639190364056,855.3333333333334,5.266666666666667,957.0,52495.0,4421.670625,5.017150066539437,True,False,True,True,True,4.4181459799417055,0.5054829095561848,0.03928579013329392,0.009570515779915079,-0.0067598180937598375,0.05360134003350092,13.74321880650995,0.0,0.0,0.06237066995142149,9.266666666666667,-0.047433203242269406,0.12237973724394036,0.078455790784558,-0.04462762388574715
42680,2025,2,12.29,"Sebastian-Vero Beach-West Vero Corridor, FL",,,380158.556646504,2111.8758204020073,2300.0,4.266666666666667,1141.0,55588.0,5732.060483870968,,False,False,False,False,False,5.464194116743106,0.934281020222878,0.012791219843057311,-0.00023444538767447565,-0.029706298499033387,0.10445049954586749,68.88888888888889,0.0,0.006941198456080988,0.032110811764040736,3.6999999999999997,0.14821156773211563,0.24739314525733946,0.030360531309297834,0.006067631450254574
42680,2025,3,12.8,"Sebastian-Vero Beach-West Vero Corridor, FL",,,372279.78586160485,2107.6687882418905,2013.3333333333333,5.166666666666667,1135.0,56642.0,6427.73875,,False,False,False,False,False,5.376418984793011,0.8763803118330742,-9.511605174328253e-05,-0.007821526982556892,-0.0322943925889018,0.11349957007738598,66.45244215938303,0.0,0.0,0.022031219175340233,4.5,-0.07456503728251862,0.24344959483489204,0.03984450923226435,0.01618637557393754
42680,2025,4,13.55,"Sebastian-Vero Beach-West Vero Corridor, FL",,,369213.98017104884,2115.8524009125363,1960.6666666666667,5.65,1281.0,58877.0,6777.5671875,,False,False,False,False,False,5.330791136103199,0.8606914308904559,-0.013079281598119108,-0.00848666162716638,-0.03254536037711767,0.020066889632106788,49.87714987714986,0.0,0.0,0.007754792418215084,4.0,-0.026499552372426183,0.3229933232101214,0.040492957746478764,0.017444746888535034
43300,2021,1,6.35,"Sherman-Denison, TX",139652.0,60187.0,232458.5585606487,1147.3084112344816,505.3333333333333,5.433333333333334,914.0,47640.0,3865.7068852459015,3.8622718952705517,False,False,False,False,False,3.6941132384508846,0.9388921950321323,0.050474714783404595,0.02152967035889719,-0.008565362675433707,0.02910958904109595,18.774703557312257,-0.018566316698745977,-0.018566316698745977,0.02262061688462813,3.6999999999999997,-0.12267657992565051,0.12306660146925985,0.02683780630105015,0.020385581138017583
43300,2021,2,6.83,"Sherman-Denison, TX",139652.0,61132.5,246284.12164017255,1179.452240624454,528.6666666666666,4.7,940.0,48701.0,4183.62634920635,4.028693765839325,False,False,False,False,False,3.691653003269995,0.8475965091802715,0.05380000737421553,0.014711303730962522,-0.008827990598468782,0.02076124567474058,14.119922630560943,0.0,0.018566316698745977,0.014029097272323376,8.799999999999999,0.025000000000000133,0.017124992393438676,0.05244338498212153,-0.04071310635985537
43300,2021,3,7.32,"Sherman-Denison, TX",139652.0,62078.0,258899.70137686198,1230.7894050527275,617.6666666666666,4.533333333333334,969.0,48022.0,4421.670625,4.170554808094042,False,False,False,False,False,3.6757444798749557,0.7378011024027207,0.0627196669739365,0.010779723988208811,-0.00839064370518952,0.04159445407279039,16.24758220502902,0.0,0.0,0.037152826778251935,6.066666666666666,-0.003307151715585044,0.12237973724394036,0.04004711425206131,-0.017667844522968212
43300,2021,4,7.8,"Sherman-Denison, TX",139652.0,63210.5,266970.3100438406,1232.0473602402842,590.0,3.9333333333333336,1072.0,48863.0,4602.1089062500005,4.223512075427984,False,False,False,False,False,3.7529931331800435,0.7841388004888747,0.08710063907364285,0.037575589893212635,-0.0066241029199769,0.0688468158347677,16.51031894934334,0.0,0.0,0.05861062995114619,5.1000000000000005,-0.19784321858150145,0.15302735438200687,0.11284916201117312,-0.010115666846316484
43300,2022,1,8.36,"Sherman-Denison, TX",143292.0,64343.0,281994.12085121294,1273.4667112034297,504.0,3.966666666666667,992.0,46709.0,4463.855483870967,4.382669767514927,False,False,False,False,False,3.8622718952705517,0.8635971963004954,0.1126549135406767,0.045542580143233424,-0.003493479620768432,0.056572379367720416,18.029739776951658,0.026147053077520077,0.026147053077520077,0.09298897006748108,5.433333333333334,-0.21613236814891412,0.2650105879555513,0.03863636363636358,-0.006506506506506526
43300,2022,2,9.11,"Sherman-Denison, TX",143292.0,65475.5,299526.797273084,1305.1083706608997,506.6666666666667,3.533333333333333,992.0,48047.0,4105.667096774193,4.574639327276371,False,False,False,False,False,4.028693765839325,1.0162108131688452,0.16173978987979032,0.05947538849560896,0.002018704566212505,0.15762711864406764,21.099290780141857,0.0,-0.026147053077520077,0.10022286453543638,4.7,0.04617414248021112,0.4270368786990453,0.06455266138165339,0.061047081635765554
43300,2022,3,9.94,"Sherman-Denison, TX",143292.0,66608.0,306717.0298576557,1345.368054748376,653.0,3.733333333333333,1068.0,48116.0,3980.35109375,4.604807678622023,False,False,False,False,False,4.170554808094042,1.0998914310061645,0.20822405855800064,0.05122368284513734,0.008851799806698861,0.21797004991680535,30.714285714285737,0.0,0.0,0.12027546539213763,4.533333333333334,0.1683480453972257,0.3318950711862574,0.09739524348810868,0.028220280918122675
43300,2022,4,10.6,"Sherman-Denison, TX",143292.0,67569.75,303610.4542025982,1356.7852634509616,659.6666666666666,3.6333333333333333,1076.0,48892.0,3851.9734920634924,4.49328958894473,False,False,False,False,False,4.223512075427984,1.0952825142924527,0.20076812191043114,0.031172722965913335,0.013709702984177162,0.2560386473429952,36.8421052631579,0.0,0.0,0.10831287160364456,3.9333333333333336,-0.04479222881813272,0.294726932969241,0.0763052208835342,0.023223185492314835
43300,2023,1,11.1,"Sherman-Denison, TX",147056.0,68531.5,304339.7499732874,1339.2674991616789,591.0,4.133333333333334,1073.0,50494.0,4000.064516129032,4.440873904310973,False,False,False,False,False,4.382669767514927,1.2041885027850272,0.21309416438474704,0.056275212044759604,0.01757509843340422,0.31653543307086607,43.150684931506845,0.00035822636707738553,0.00035822636707738553,0.10996023277926126,3.966666666666667,-0.1457627118644068,0.15473201056913988,0.08533916849015322,-0.0195424013434089
43300,2023,2,10.3,"Sherman-Denison, TX",147056.0,69493.25,305727.5566704818,1357.277598024117,694.0,3.6999999999999997,1042.0,51529.0,4206.072903225806,4.39938492832731,False,False,False,False,False,4.574639327276371,1.3561968152699087,0.2161839556619909,0.06217390762952024,0.019615369002685245,0.33382137628111264,57.61245674740483,0.0,-0.00035822636707738553,0.10653770089912062,3.533333333333333,0.005291005291005346,-0.01863437265303247,0.05531914893617018,-0.01342888236381179
43300,2023,3,10.26,"Sherman-Denison, TX",147056.0,70455.0,305843.40837373404,1387.5227937726188,859.0,3.9666666666666663,1067.0,52113.0,4458.13746031746,4.34097520933552,False,False,False,False,False,4.604807678622023,1.3327882670658258,0.18469441342147164,0.024005306536951432,0.018355496007380304,0.3579234972677594,72.27036395147314,0.0,0.0,0.09309362692372214,3.733333333333333,0.28881578947368425,-0.0998083232963558,0.10216718266253877,0.00195743617508648
43300,2023,4,10.65,"Sherman-Denison, TX",147056.0,70886.75,305071.04342235177,1388.782689149033,886.0,3.466666666666667,1106.0,52708.0,4464.907619047619,4.303639868132645,False,False,False,False,False,4.49328958894473,1.1454018195774727,0.1372442656741144,-0.010128474628550044,0.014501944948889817,0.35897435897435903,82.44406196213426,0.0,0.0,0.10124440604811658,3.6333333333333333,0.010209290454313402,-0.16299818832356816,0.003731343283582156,0.000593496101344515
43300,2024,1,10.58,"Sherman-Denison, TX",150532.0,71318.5,306225.0744598035,1392.8727585652252,869.0,3.9,1124.0,51902.0,4992.540983606557,4.2937677385223125,False,False,False,False,False,4.440873904310973,1.013948639546737,0.07924147161161765,0.0024020772690604986,0.008034917177698248,0.3277511961722488,84.69217970049915,0.00020325046606584074,0.00020325046606584074,0.05167059914433669,4.133333333333334,-0.10409297625063163,-0.10389918970668477,0.08165322580645151,0.08103363377507544
43300,2024,2,10.65,"Sherman-Denison, TX",150532.0,71750.25,311692.6665035069,1397.0529704210257,996.6666666666666,3.766666666666667,1080.0,52010.0,5246.626507936508,4.3441335257160345,False,False,False,False,False,4.39938492832731,0.8857650391147533,0.020701851900564616,0.0045600572955593055,-0.0007336508969809737,0.1306256860592756,74.57627118644068,0.0,-0.00020325046606584074,0.039973099963184655,3.6999999999999997,0.17428087986463625,0.024455418348580116,0.05040322580645151,0.07247070576726955
43300,2024,3,10.68,"Sherman-Denison, TX",150532.0,72182.0,310536.12667495915,1400.8833620261391,1122.3333333333333,4.233333333333333,1120.0,52073.0,5543.46921875,4.3021269385021075,False,False,False,False,False,4.34097520933552,0.7721918738834566,-0.0028482979387453033,0.0003789377199554522,-0.00977109926008234,0.03219315895372232,70.71547420965058,0.0,0.0,0.03133323916489683,3.9666666666666663,0.23775216138328537,0.12003623683289799,-0.000936329588014928,0.083070080638457
43300,2024,4,11.74,"Sherman-Denison, TX",150532.0,72182.0,308401.7571490709,1428.0152743289261,1156.0,3.766666666666667,1158.0,52769.0,5907.04296875,4.272557661869592,False,False,False,False,False,4.303639868132645,0.7101382705516004,0.004810734279850903,-0.0025253607899845543,-0.01694722621924628,0.004716981132075526,71.4975845410628,0.0,0.0,0.023583264470817378,3.466666666666667,0.03143189755529696,0.15912210409728944,0.027881040892193232,0.07804957866317608
43300,2025,1,11.12,"Sherman-Denison, TX",,,310793.18939232297,1416.6497623367095,1119.0,3.8333333333333335,1172.0,52525.0,5894.8178333333335,,False,False,False,False,False,4.2937677385223125,0.6507065615517278,0.006194801982592146,0.003782827188400395,-0.02233310799523129,-0.04684684684684681,66.61417322834646,-0.0026307862507046753,-0.0026307862507046753,0.04002580473064632,3.9,-0.019187358916478603,0.24811511501268746,0.047530288909599205,0.027884501128846884
43300,2025,2,11.23,"Sherman-Denison, TX",,,308036.13487970125,1418.6143772318392,1341.0,3.6666666666666665,1132.0,52890.0,5732.060483870968,,False,False,False,False,False,4.3441335257160345,0.6666371554325554,0.01951119453538297,0.017854814970160282,-0.024231213779589207,0.03398058252427183,55.92972181551976,0.0,0.0026307862507046753,0.02930525962766395,3.766666666666667,0.14691215957038728,0.24739314525733946,0.03646833013435691,0.009334549476993637
43300,2025,3,11.2,"Sherman-Denison, TX",,,300729.9985617302,1389.4607208743437,1494.3333333333333,4.166666666666667,1165.0,53340.0,6427.73875,,False,False,False,False,False,4.3021269385021075,0.6236678184656768,0.015343532581518549,-0.003710513441081309,-0.023182087389076362,0.040935672514619936,45.90163934426228,0.0,0.0,0.009629080194923034,4.233333333333333,0.12608695652173907,0.24344959483489204,0.04967197750702912,-0.000767562796231247
43300,2025,4,11.26,"Sherman-Denison, TX",,,296902.3500491329,1396.5988739888228,1415.0,3.8499999999999996,1202.0,54051.0,6777.5671875,,False,False,False,False,False,4.272557661869592,0.5997863175082387,0.010917829792544298,-0.006873176234732603,-0.02129327168088573,0.1023474178403756,50.51282051282051,0.0,0.0,0.0282496214032828,3.766666666666667,0.029997029997030022,0.3229933232101214,0.047016274864376095,0.0011573195719813967
44060,2019,2,1.4,"Spokane-Spokane Valley, WA",568521.0,55839.5,265977.44296119484,1023.2091604600114,2393.6666666666665,5.3999999999999995,939.0,245730.0,2882.3277777777776,4.763249007623544,False,False,False,False,False,4.445730497351486,0.9987556179875474,0.10596760433165686,0.0359201849951134,0.003915676912325635,0.07377049180327866,22.429906542056077,0.0,0.0014873544327991262,0.09844967149853856,5.066666666666666,0.27809706257982114,0.1272577123238514,0.04645760743321725,0.019096699822425345
44060,2019,3,1.39,"Spokane-Spokane Valley, WA",568521.0,56410.0,273446.812389414,1046.018874925225,3106.3333333333335,5.066666666666667,946.0,245080.0,2957.8528125,4.847488253668038,False,False,False,False,False,4.5370629876306525,1.0395881589021307,0.11813322997971953,0.03207481538674051,0.0032890597354102422,0.07317073170731714,18.918918918918905,0.0,0.0,0.08533087560954633,4.866666666666667,0.2384461653759682,0.15500598332389726,0.029445073612684114,0.021762312213681856
44060,2019,4,1.41,"Spokane-Spokane Valley, WA",568521.0,57221.5,278353.5095579121,1041.09785788365,2295.6666666666665,4.666666666666667,993.0,244599.0,3082.755625,4.86449166061554,False,False,False,False,False,4.586060733792021,1.0911560895202475,0.12205864607351624,0.0214530972697069,0.003308837840687991,0.09756097560975618,15.384615384615397,0.0,0.0,0.08357340717881012,5.266666666666667,-0.14059505799293992,0.03674172122599795,0.03719912472647713,0.02214223804827231
44060,2020,1,1.44,"Spokane-Spokane Valley, WA",587787.0,58033.0,288348.38177708926,1050.5805973674676,1439.0,5.866666666666667,978.0,243748.0,3055.869193548387,4.968696806594338,False,False,True,False,False,4.634891918672374,1.1154647279581233,0.1152234813221864,0.02118869755011099,0.0033667493658252417,0.07518796992481191,22.222222222222232,0.0017762007967621063,0.0017762007967621063,0.07842328846790814,7.066666666666666,-0.34784649689003644,-0.004562795426325428,0.028047464940668787,0.012369172216936342
44060,2020,2,1.45,"Spokane-Spokane Valley, WA",587787.0,58844.5,298983.1654545114,1084.171701550935,1633.0,13.0,1001.0,227755.0,2931.687619047619,5.080902470995784,True,False,True,True,True,4.763249007623544,1.238758911603485,0.11778736968144288,0.03830175581738371,0.003483959258740755,0.06870229007633566,21.739130434782616,0.0,-0.0017762007967621063,0.05803160016897757,5.3999999999999995,0.29224401655569543,0.0662922038202094,0.04217536071032191,0.02190357768138962
44060,2025,2,3.23,"Spokane-Spokane Valley, WA",,,425746.4106408675,1514.045385227381,1992.6666666666667,3.8333333333333335,1272.0,258368.0,5732.060483870968,,False,False,False,False,False,5.555574956597429,0.7923259489738852,0.015633824311682032,0.008298747173131948,-0.028592619456263905,0.030612244897959107,67.40331491712706,0.0,0.00023660571010086784,0.01717766715004254,3.8666666666666667,0.26794011357769754,0.24739314525733946,0.04882301656495214,-0.007493447563186262
44060,2025,3,3.32,"Spokane-Spokane Valley, WA",,,424420.1192019323,1513.2185600218202,2649.3333333333335,4.1000000000000005,1302.0,256606.0,6427.73875,,False,False,False,False,False,5.481227760294703,0.6337395066266653,0.009106054285010767,0.0016511080621912644,-0.023581808550083887,0.03378378378378377,56.92307692307692,0.0,0.0,0.020815688965816426,4.266666666666667,0.35850977198697076,0.24344959483489204,0.04645270270270263,-0.009124573793976909
44060,2025,4,3.07,"Spokane-Spokane Valley, WA",,,427616.70225377305,1510.0198535359257,2538.6666666666665,4.8,1360.0,253617.0,6777.5671875,,False,False,False,False,False,5.5088614512247975,0.6443697906092574,0.012455239133560836,0.005041514809924541,-0.018108731592526017,0.04026845637583887,51.96078431372548,0.0,0.0,0.018668636033655206,4.266666666666667,-0.04810430091413154,0.3229933232101214,0.053104575163398726,-0.011367263837308017
44140,2019,2,1.85,"Springfield, MA",697382.0,58692.5,238774.9079202359,1219.0457082494038,2201.0,4.133333333333333,943.0,281596.0,2882.3277777777776,4.068235429062247,False,False,False,False,False,4.105970896621148,0.2992064285813689,0.04614085750267738,0.012361349209998762,0.001668280741470041,0.02717391304347827,12.5,0.0,-0.001669678615084047,0.03277061105951584,4.866666666666667,0.2148852825965304,0.1272577123238514,0.01882613510520481,0.005136610053491308
44140,2019,3,1.85,"Springfield, MA",697382.0,59419.0,240436.14057239066,1224.4312458340416,2436.3333333333335,4.466666666666667,948.0,281355.0,2957.8528125,4.04645215456993,False,False,False,False,False,4.140520486837924,0.28096682421812913,0.049945161449524544,0.01382778778422833,0.0013660903517975125,0.03867403314917128,6.818181818181812,0.0,0.0,0.05306227074250147,4.933333333333334,0.20482112697681543,0.15500598332389726,0.015367727771679496,0.011767863035854864
44140,2019,4,1.84,"Springfield, MA",697382.0,59904.25,243163.006811362,1226.1815747205324,2228.6666666666665,3.6999999999999997,1008.0,281675.0,3082.755625,4.05919457820375,False,False,False,False,False,4.117318807053744,0.25088768347445,0.04657187534011453,0.00717984684003059,0.0014540838184552388,0.016483516483516425,5.113636363636376,0.0,0.0,0.04579233221618417,4.166666666666667,-0.045622530903529857,0.03674172122599795,0.01761658031088076,0.009323698964353255
44140,2020,1,1.88,"Springfield, MA",463714.0,60389.5,247001.5415545114,1252.553096259139,1662.0,4.733333333333333,1013.0,272669.0,3055.869193548387,4.090140530299331,False,False,False,False,False,4.080643146297706,0.20876111264247088,0.03752458358209165,0.00367156938276203,0.0012543192303996126,-0.04020100502512569,4.371584699453535,-0.0050101643131917895,-0.0050101643131917895,0.05258017558886374,5.033333333333333,-0.20643610628922426,-0.004562795426325428,0.0363825363825363,0.020340485246870266
44140,2020,2,1.85,"Springfield, MA",463714.0,60874.75,250279.69156008863,1271.9094330887292,1626.3333333333333,17.433333333333334,1053.0,240539.0,2931.687619047619,4.111387587794424,False,False,False,False,False,4.068235429062247,0.18723263930435774,0.0345454535367653,0.009454472438225281,0.0008471541115562767,-0.021164021164021052,6.321839080459779,0.0,0.0050101643131917895,0.057242487188474245,4.133333333333333,0.11105502271580003,0.0662922038202094,0.02499999999999991,0.009156360534831709
44140,2020,3,1.89,"Springfield, MA",463714.0,61360.0,254422.09695849955,1290.8605669772335,1657.6666666666667,12.966666666666667,1038.0,250340.0,3319.8340625,4.146383587980762,False,False,False,False,False,4.04645215456993,0.16473847575537448,0.027534583723096695,0.0069573166905363415,6.326031539286845e-05,-0.015957446808510523,6.936416184971095,0.0,0.0,0.030068948679589313,4.466666666666667,0.10692109647130099,0.03798825437241593,0.024864864864864833,0.008455318355818697
44140,2020,4,1.94,"Springfield, MA",463714.0,62184.75,264975.64830850804,1312.5417939663548,1534.0,9.033333333333333,1138.0,258471.0,3554.5015625,4.26110337837666,False,False,False,False,False,4.05919457820375,0.19930818219162116,0.03178017158914259,0.011341332598666876,-0.0006103533225915557,-0.005405405405405461,5.747126436781613,0.0,0.0,0.032499587170628175,3.6999999999999997,-0.08523737857436053,0.14221561000009686,0.026476578411405383,0.004242651122163377
44140,2021,1,1.98,"Springfield, MA",462640.0,63009.5,276554.6021589104,1342.7748231380842,1116.0,8.533333333333333,1027.0,255662.0,3865.7068852459015,4.3890937423548895,False,False,False,False,False,4.090140530299331,0.22365545467750003,0.04423372201500353,0.015785849967413945,-0.0006468382522967571,-0.015706806282722474,1.621621621621605,-0.3311282032329268,-0.3311282032329268,0.045895654929125396,4.733333333333333,-0.2542626383487885,0.12306660146925985,0.016048144433299827,-0.013134369412735492
44140,2021,2,2.13,"Springfield, MA",462640.0,63834.25,288050.2273683765,1379.718143021895,1228.3333333333333,7.366666666666667,1049.0,267018.0,4183.62634920635,4.512471398479288,False,False,False,False,False,4.111387587794424,0.21989002901222499,0.048182548744593934,0.013271779540103612,-0.00038583602389548566,0.0,0.5434782608695565,0.0,0.3311282032329268,0.04336484225455317,17.433333333333334,-0.02146008824709189,0.017124992393438676,0.11664899257688233,-0.14580107671983977
44140,2021,3,2.24,"Springfield, MA",462640.0,64659.0,295962.40125613747,1389.8822122795336,1511.6666666666667,6.666666666666667,1068.0,269744.0,4421.670625,4.577280831069727,False,False,False,False,False,4.146383587980762,0.2129112834075606,0.05816911032099181,0.016551104776379333,0.00023061986137020137,0.021621621621621623,4.41988950276242,0.0,0.0,0.05425320643295284,12.966666666666667,0.019266243082598944,0.12237973724394036,0.09493670886075956,-0.11023440137904073
44140,2021,4,2.32,"Springfield, MA",462640.0,66131.0,295851.8083613724,1416.8962320261915,1440.3333333333333,4.966666666666666,1150.0,273023.0,4602.1089062500005,4.473723493692404,False,False,False,False,False,4.26110337837666,0.29848587054130515,0.08970378259085932,0.04148048253737158,0.0019733471103591713,0.05434782608695654,6.593406593406592,0.0,0.0,0.07043020465015992,9.033333333333333,-0.07460285541926404,0.15302735438200687,0.12896825396825395,-0.08237862785124705
44140,2022,1,2.57,"Springfield, MA",461440.0,67603.0,304176.3214030245,1463.7817159335475,1006.6666666666666,5.3999999999999995,1084.0,268191.0,4463.855483870967,4.49945004516108,False,False,False,False,False,4.3890937423548895,0.4190146714955505,0.11964727190934088,0.043698181037833184,0.00466496158295358,0.05319148936170226,-0.5025125628140725,0.33274848730555906,0.33274848730555906,0.07203026135051704,8.533333333333333,-0.27249022164276404,0.2650105879555513,0.01382033563672258,-0.0623723268871782
44140,2022,2,2.89,"Springfield, MA",461440.0,69075.0,319879.029281982,1520.014841466319,1237.3333333333333,4.566666666666666,1089.0,276598.0,4105.667096774193,4.630894379760869,False,False,False,False,False,4.512471398479288,0.5362133468832635,0.1509133065205961,0.041567289496273085,0.00813321079502686,0.15135135135135114,12.698412698412698,0.0,-0.33274848730555906,0.08476131014404142,7.366666666666667,0.10065710872162481,0.4270368786990453,-0.003798670465337106,0.11008194097422863
44140,2022,3,3.11,"Springfield, MA",461440.0,70547.0,326355.5222650357,1542.2550947138607,1563.6666666666667,4.933333333333334,1115.0,276405.0,3980.35109375,4.626072295987579,False,False,False,False,False,4.577280831069727,0.5795133050425365,0.16327317789701978,0.027468035557709714,0.011517088113442226,0.18518518518518534,19.14893617021278,0.0,0.0,0.07670979177416193,6.666666666666667,0.23066485753052923,0.3318950711862574,0.028901734104046284,0.07751058560357915
44140,2022,4,3.48,"Springfield, MA",461440.0,70544.0,323900.3295027248,1591.609958157513,1310.0,4.3,1153.0,270952.0,3851.9734920634924,4.591465319555523,False,False,False,False,False,4.473723493692404,0.46949176499664524,0.11652451932834063,-0.0003736721093480222,0.012157105303980701,0.19587628865979378,25.40540540540539,0.0,0.0,0.07950561158474745,4.966666666666666,-0.04718853362734299,0.294726932969241,0.010544815465729274,0.05630031995852525
44140,2023,1,3.67,"Springfield, MA",462128.0,70541.0,324963.23603899434,1618.2873426535532,919.0,4.966666666666666,1192.0,265971.0,4000.064516129032,4.6067285130490685,False,False,False,False,False,4.49945004516108,0.4888631511140744,0.09987799526200769,0.028137441808312458,0.01125645170584641,0.297979797979798,34.554973821989535,-0.00027772668355952046,-0.00027772668355952046,0.09011704025896794,5.3999999999999995,-0.30108771117796806,0.15473201056913988,0.05550146056475169,0.049006109629119665
44140,2023,2,3.47,"Springfield, MA",462128.0,70538.0,331791.14995093603,1644.9026072778531,979.0,4.033333333333333,1111.0,272129.0,4206.072903225806,4.703722106537413,False,False,False,False,False,4.630894379760869,0.6109412024957352,0.11049740249953288,0.0516237023530568,0.010192784001641144,0.35680751173708924,56.21621621621622,0.0,0.00027772668355952046,0.10168504281399282,4.566666666666666,0.2291390728476821,-0.01863437265303247,0.03813155386081979,0.03587773108928993
44140,2023,3,3.47,"Springfield, MA",462128.0,70535.0,339855.0086512272,1667.2475480396427,1048.0,4.5,1140.0,270878.0,4458.13746031746,4.81824638337318,False,False,False,False,False,4.626072295987579,0.5964491306669144,0.10269250715598455,0.020246694500702933,0.007979119604141268,0.388392857142857,68.1081081081081,0.0,0.0,0.10963006871238501,4.933333333333334,0.26373922413793127,-0.0998083232963558,0.04400749063670406,0.0246937837356902
44140,2023,4,3.51,"Springfield, MA",462128.0,70727.75,345016.72116448,1696.052194186793,1041.0,4.3,1199.0,269885.0,4464.907619047619,4.878095530601215,False,False,False,False,False,4.591465319555523,0.5419229733065585,0.09480598174033172,-0.0075230617985897474,0.0051295286885317416,0.5,89.13043478260869,0.0,0.0,0.12330735461232556,4.3,-0.16222553826476238,-0.16299818832356816,0.002608695652173809,-0.0075854415195789615
44140,2024,1,3.85,"Springfield, MA",464151.0,70920.5,348368.1191764274,1716.0178366505727,802.3333333333334,5.233333333333333,1242.0,200662.0,4992.540983606557,4.912093388744121,False,False,False,False,False,4.6067285130490685,0.5290034034545146,0.06833837209973948,0.003281585226854844,0.001387283329521166,0.42801556420233466,95.2127659574468,0.004084794184878282,0.004084794184878282,0.10555236825148318,4.966666666666666,-0.29847328244274807,-0.10389918970668477,0.09963099630996308,-0.00827768269628737
44140,2024,2,3.86,"Springfield, MA",464151.0,71113.25,354847.39620528836,1760.2071374805,940.6666666666666,4.766666666666667,1164.0,204510.0,5246.626507936508,4.989891422558923,False,False,True,False,False,4.703722106537413,0.5977512099162645,0.03723945485170632,0.021011342683460832,-0.00354014609387109,0.20069204152249132,87.56756756756756,0.0,-0.004084794184878282,0.08216220158157017,4.033333333333333,0.06528835690968449,0.024455418348580116,0.02020202020202011,-0.01615702210428127
44140,2024,3,3.56,"Springfield, MA",464151.0,71306.0,360413.2610375288,1767.5398331733275,1161.6666666666667,5.266666666666667,1171.0,204274.0,5543.46921875,5.054459106351903,True,False,True,True,True,4.81824638337318,0.6777258965352555,0.041364357166380206,0.02430401986756925,-0.007778465679010341,0.11575562700964648,83.59788359788362,0.0,0.0,0.08104525234132698,4.5,0.0704800817160367,0.12003623683289799,0.022421524663677195,-0.019996020332483155
44140,2025,2,4.21,"Springfield, MA",,,368498.7061951904,1834.7952376329379,1113.3333333333333,5.166666666666667,1202.0,203055.0,5732.060483870968,,False,False,False,False,False,4.989891422558923,0.9216559934966764,0.06949023883778027,0.01859893794006906,-0.007844068836789338,0.11239193083573484,81.2206572769953,0.0,-0.002886590300731795,0.07009808951149044,4.766666666666667,0.17241379310344818,0.24739314525733946,0.04770477047704769,-0.24848141873890695
44140,2025,3,3.88,"Springfield, MA",,,368764.6454379209,1858.552449973976,1326.6666666666667,5.666666666666667,1209.0,202844.0,6427.73875,,False,False,False,False,False,5.054459106351903,1.0080069517819732,0.06049124439239706,0.015685235094751615,-0.0053779414403922815,0.025936599423631135,58.928571428571416,0.0,0.0,0.06015440553600393,5.266666666666667,0.2349397590361446,0.24344959483489204,0.027192982456140324,-0.24588190993731496
44140,2025,4,3.88,"Springfield, MA",,,371369.4436458586,1877.5402007788896,1299.6666666666667,5.5,1311.0,201732.0,6777.5671875,,False,False,False,False,False,5.13246094918751,1.0732663709837595,0.060746445005756655,0.015432282899980665,-0.004308182881885525,0.042735042735042805,57.75862068965518,0.0,0.0,0.05591132669196508,4.666666666666667,0.0817790530846485,0.3229933232101214,0.04753961634695569,-0.2489208366526483
44300,2021,1,3.96,"State College, PA",158008.0,63458.0,284727.28036812315,1335.1168999066501,229.0,5.133333333333333,1079.0,62633.0,3865.7068852459015,4.4868618671896865,False,False,False,False,False,4.337449175741325,0.21072745124266845,0.05835191167296272,0.00971250794984635,0.0017209787533162045,0.0025839793281652312,2.37467018469657,-0.02575537725470145,-0.02575537725470145,0.02335205948794039,3.6333333333333333,-0.21032357473035435,0.12306660146925985,0.01294820717131473,-0.012666646959709094
44300,2021,2,4.1,"State College, PA",158008.0,64226.5,292140.7399091177,1390.061173994439,259.3333333333333,4.633333333333334,1059.0,66953.0,4183.62634920635,4.548601276873529,False,False,False,False,False,4.341668165158459,0.19863390446840778,0.05007142901470396,0.007183557512420169,0.0014095934212072672,-0.01799485861182526,7.605633802816891,0.0,0.02575537725470145,0.02516564171228519,8.666666666666666,0.08292682926829253,0.017124992393438676,0.10441767068273089,-0.04023364347076486
44300,2021,3,4.37,"State College, PA",158008.0,64995.0,297066.4939218414,1406.3842728735979,330.3333333333333,4.7,1125.0,64522.0,4421.670625,4.570605337669688,False,False,False,False,False,4.380667421371886,0.2272722752849612,0.04580503094302468,0.015204513174493117,0.0010358703176429642,0.005249343832020914,2.1333333333333426,0.0,0.0,0.027545283378142438,6.066666666666666,0.15585585585585582,0.12237973724394036,0.04429133858267709,-0.07251484221916771
44300,2021,4,4.5,"State College, PA",158008.0,66268.0,296871.4105549594,1437.6241547481097,274.3333333333333,3.1999999999999997,1193.0,64816.0,4602.1089062500005,4.4798607254626575,False,False,False,False,False,4.456928088045877,0.3203597721870377,0.06343779597364252,0.03003548964594538,0.0011080555065356985,-0.002590673575129432,2.941176470588225,0.0,0.0,0.0021313474194011306,4.866666666666666,-0.2182385035074046,0.15302735438200687,0.11553398058252418,-0.09520892583679719
44300,2022,1,4.95,"State College, PA",157992.0,67541.0,302908.8605046424,1446.5041652863545,188.0,3.6,1108.0,64059.0,4463.855483870967,4.484814564555491,False,False,False,False,False,4.4868618671896865,0.3604428048195736,0.07327991574895543,0.01905740003427292,0.0014605995648136582,0.020618556701030855,-5.714285714285716,0.02721670469811366,0.02721670469811366,0.006108625398624001,5.133333333333333,-0.3150548354935194,0.2650105879555513,0.06096361848574228,-0.06239427553479737
44300,2022,2,5.26,"State College, PA",157992.0,68814.0,313820.8767400218,1481.1707547761591,251.33333333333334,3.533333333333333,1158.0,68322.0,4105.667096774193,4.560421959775944,False,False,False,False,False,4.548601276873529,0.4428494946042081,0.0933706716450351,0.02603705388331501,0.002236209210255852,0.0732984293193717,9.333333333333327,0.0,-0.02721670469811366,0.04047096581771514,4.633333333333334,0.1324599708879184,0.4270368786990453,-0.037272727272727235,0.03682539682539687
44300,2022,3,5.72,"State College, PA",157992.0,70087.0,315927.25973465183,1516.6055870753462,267.6666666666667,3.733333333333333,1176.0,67041.0,3980.35109375,4.507644209834232,False,False,False,False,False,4.570605337669688,0.46680290046570505,0.09515458617415429,0.016860893876889715,0.003048972286749856,0.14099216710182771,16.844919786096256,0.0,0.0,0.05520267361740294,4.7,0.2737789203084833,0.3318950711862574,0.06032045240339312,0.017263941223768953
44300,2022,4,6.5,"State College, PA",157992.0,70752.25,316437.5060892461,1507.255362215182,222.0,2.8666666666666667,1167.0,66169.0,3851.9734920634924,4.4724726929425715,False,False,False,False,False,4.4798607254626575,0.3827774146640701,0.06252202947854224,-0.000656699327839072,0.0025070113266422297,0.16883116883116878,17.493472584856384,0.0,0.0,0.07563100546392221,3.1999999999999997,-0.16952573158425832,0.294726932969241,0.03829416884247161,0.04479584763931199
44300,2023,1,8.41,"State College, PA",159087.0,71417.5,320073.54855674977,1539.3835995951595,170.33333333333334,3.233333333333333,1148.0,66937.0,4000.064516129032,4.481724347068292,False,False,False,False,False,4.484814564555491,0.3864819043940013,0.0638561226483545,0.020336919403578957,0.002116465937287436,0.25,27.906976744186053,-0.00023418302471345243,-0.00023418302471345243,0.08342884835589492,3.6,-0.31470230862697446,0.15473201056913988,0.02687673772011112,0.022767550652212032
44300,2023,2,6.8,"State College, PA",159087.0,72082.75,325584.440477446,1591.8646746375998,221.33333333333334,2.966666666666667,1148.0,70808.0,4206.072903225806,4.516814917264478,False,False,False,False,False,4.560421959775944,0.4288188985847352,0.07421127514652226,0.03602409060335865,0.0021103847332836242,0.2829268292682927,35.21850899742929,0.0,0.00023418302471345243,0.06554357641679198,3.533333333333333,0.3368794326241136,-0.01863437265303247,0.09348441926345608,0.02044717936462881
44300,2023,3,6.95,"State College, PA",159087.0,72748.0,330374.38201821916,1592.5594164635202,217.0,3.1,1148.0,68793.0,4458.13746031746,4.5413534670124145,False,False,False,False,False,4.507644209834232,0.36184223203942967,0.06349004751028153,0.006712055031236952,0.0015511674838408138,0.30892448512585813,50.131233595800516,0.0,0.0,0.07837211801049104,3.733333333333333,0.06498673740053063,-0.0998083232963558,0.045333333333333226,0.03904094727379803
44300,2023,4,6.68,"State College, PA",159087.0,73133.75,332165.8991264507,1623.8700824266605,219.33333333333334,2.5,1162.0,68090.0,4464.907619047619,4.541896171418131,False,False,False,False,False,4.4724726929425715,0.34532941549275,0.06590764498915758,0.001615075429143964,0.001308832977112812,0.4444444444444444,68.39378238341969,0.0,0.0,0.04843491759448937,2.8666666666666667,-0.17061021170610213,-0.16299818832356816,-0.021793797150041927,0.020874475438163342
44300,2024,1,7.96,"State College, PA",159805.0,73519.5,334148.1649773703,1614.5106202678753,187.66666666666666,3.033333333333333,1191.0,68033.0,4992.540983606557,4.545027713428006,False,False,False,False,False,4.481724347068292,0.3396012228552756,0.05666618012926783,0.011490554683104559,0.00048011238718200053,0.698989898989899,116.75257731958766,0.007031991365568313,0.007031991365568313,0.06420958648979647,3.233333333333333,-0.23273273273273265,-0.10389918970668477,0.036101083032491044,0.044927332615245286
44300,2024,2,6.49,"State College, PA",159805.0,73905.25,336417.82387563464,1639.925929508078,244.66666666666666,2.9,1184.0,70171.0,5246.626507936508,4.552015234041352,False,False,False,False,False,4.516814917264478,0.3440729908540705,0.03748496231233678,0.01721757997668205,-0.0014509445924558535,0.2927756653992395,78.01047120418849,0.0,-0.007031991365568313,0.07473407066977189,2.966666666666667,0.29941291585127194,0.024455418348580116,-0.008635578583765069,0.03638652264277975
44300,2024,3,7.13,"State College, PA",159805.0,74291.0,336576.7372593998,1664.2224705473116,271.3333333333333,3.4333333333333336,1218.0,68833.0,5543.46921875,4.53051833007228,False,False,False,False,False,4.5413534670124145,0.31481814757898174,0.04572926785647269,0.014711825705642001,-0.0031708228327286822,0.21503496503496522,81.46214099216711,0.0,0.0,0.05008146484192033,3.1,-0.01957831325301207,0.12003623683289799,-0.023809523809523836,0.026133261735356017
44300,2024,4,6.87,"State College, PA",159805.0,74291.0,341315.25308243575,1665.3757857527198,255.33333333333334,2.766666666666667,1240.0,68461.0,5907.04296875,4.594301504656496,False,False,False,False,False,4.541896171418131,0.32703412222610684,0.04970457905444592,0.005422687731679865,-0.00393578535709647,0.027692307692307683,73.5064935064935,0.0,0.0,0.07736892044629529,2.5,0.010752688172043001,0.15912210409728944,-0.00428449014567267,0.029031721803261412
44300,2025,1,7.53,"State College, PA",,,345787.2255230998,1679.0727383716628,205.0,3.4333333333333336,1248.0,68380.0,5894.8178333333335,,False,False,False,False,False,4.545027713428006,0.31297002999170953,0.04397306957755398,0.005967698237936636,-0.004377784991003947,-0.053507728894173656,101.010101010101,-0.0024174769156721787,-0.0024174769156721787,0.048803313672091564,3.033333333333333,-0.14437689969604872,0.24811511501268746,0.03745644599303133,0.016373605031596794
44300,2025,2,7.41,"State College, PA",,,347106.4124808724,1706.1694286208667,284.0,3.1333333333333333,1251.0,71175.0,5732.060483870968,,False,False,False,False,False,4.552015234041352,0.29810329885737463,0.03327365208946187,0.006792372773970046,-0.004113141524831619,-0.045588235294117596,58.2926829268293,0.0,0.0024174769156721787,0.03019179685070883,2.9,0.30373001776198927,0.24739314525733946,0.03135888501742157,-0.00899615862614389
44300,2025,3,7.01,"State College, PA",,,349526.29683252395,1747.3701920950589,288.3333333333333,3.966666666666667,1257.0,70113.0,6427.73875,,False,False,False,False,False,4.53051833007228,0.23644942930452562,0.01877371726975663,0.0004723690972565642,-0.0039048419573553036,0.025899280575539585,63.1578947368421,0.0,0.0,0.044998669024812976,3.4333333333333336,0.10899182561307907,0.24344959483489204,0.060975609756097615,0.0005814545084528167
44300,2025,4,6.94,"State College, PA",,,350927.30053249147,1772.2954768598313,252.0,2.75,1286.0,69149.0,6777.5671875,,False,False,False,False,False,4.594301504656496,0.27175392436803847,0.027544531151591833,0.014078560097823933,-0.004308369475662115,0.02844311377245523,52.666666666666664,0.0,0.0,0.025559743833715176,2.766666666666667,-0.0589680589680589,0.3229933232101214,0.06712564543889843,0.005448670876780692
45220,2019,2,2.58,"Tallahassee, FL",387227.0,51505.75,192089.78147771445,976.5367227289353,1876.0,3.1,843.0,174011.0,2882.3277777777776,3.729482270964202,False,False,False,False,False,3.6530070422405814,0.4044843690864206,0.058861242638238664,0.015005852580179724,0.0013327715463035256,0.031872509960159334,14.09691629955947,0.0,0.008898069878095827,0.03829541786446766,3.5,0.10467537384062076,0.1272577123238514,0.028785982478097605,0.0206909699674116
45220,2019,3,2.69,"Tallahassee, FL",387227.0,51874.0,195492.89324546524,994.2765885603127,1894.0,3.466666666666667,875.0,176759.0,2957.8528125,3.7686103490277447,False,False,False,False,False,3.6656586525104884,0.40258687066869436,0.05620849862047406,0.01241723074946588,0.0006619843723524078,0.0348837209302324,11.715481171548102,0.0,0.0,0.03232355306056922,3.5666666666666664,0.04386566141192616,0.15500598332389726,0.009615384615384581,0.03752183061232994
45220,2019,4,2.68,"Tallahassee, FL",387227.0,52261.25,198815.96010241975,999.720479149174,1687.6666666666667,2.9,909.0,179246.0,3082.755625,3.8042710440798824,False,False,False,False,False,3.6822549146361703,0.39526554934591784,0.05149733548279012,0.011866980348781864,0.00018223364497216141,0.0390625,6.400000000000006,0.0,0.0,0.03861337160415346,3.233333333333333,-0.08404464871963235,0.03674172122599795,0.020713463751438344,0.02669975012668413
45220,2020,1,2.73,"Tallahassee, FL",385674.0,52648.5,203632.75083937627,994.3584934283734,1597.0,3.366666666666667,873.0,176271.0,3055.869193548387,3.8677787750719634,False,False,False,False,False,3.7014149054113767,0.3729145992099787,0.052795844993535734,0.012494479115725099,0.00016653315335044523,0.02621722846441954,11.38211382113823,0.004581046174534142,0.004581046174534142,0.051627843992881894,3.3000000000000003,-0.06505376344086022,-0.004562795426325428,0.01067615658362997,0.023979050918550016
45220,2020,2,2.67,"Tallahassee, FL",385674.0,53035.75,206418.48639252063,1005.3768178723809,1663.0,8.200000000000001,901.0,165225.0,2931.687619047619,3.8920631157760686,False,False,False,False,False,3.729482270964202,0.3639606037417691,0.052622421011078835,0.01483865363272141,0.0003151376364214644,-0.0038610038610037423,3.6144578313253017,0.0,-0.004581046174534142,0.04135381155212259,3.1,0.07878090856814257,0.0662922038202094,0.025547445255474477,0.015683733744250583
45220,2020,3,2.68,"Tallahassee, FL",385674.0,53423.0,208973.8898393785,1008.2119533658655,1591.3333333333333,7.5,917.0,169211.0,3319.8340625,3.911683915904732,False,False,False,False,False,3.7686103490277447,0.38703266266651637,0.0581318816868841,0.017716256125501317,0.0005852639358968645,0.0074906367041198685,7.600000000000007,0.0,0.0,0.06308333715952053,3.466666666666667,0.009594882729211163,0.03798825437241593,0.04166666666666674,0.01548281092012127
45220,2020,4,2.75,"Tallahassee, FL",385674.0,54143.25,215882.1690438598,1029.3019965614033,1390.3333333333333,5.333333333333333,1026.0,172758.0,3554.5015625,3.9872406817813815,False,False,False,False,False,3.8042710440798824,0.41173726079688633,0.06349792418926237,0.01699840235512795,0.0010644291526993837,0.007518796992481258,12.133891213389125,0.0,0.0,0.05879057578660429,2.9,-0.10894051390355508,0.14221561000009686,0.024802705749718212,0.01687742169727291
45220,2021,1,2.83,"Tallahassee, FL",388343.0,54863.5,222047.19630799568,1035.7249544619372,1188.3333333333333,5.0,904.0,174598.0,3865.7068852459015,4.0472663302194665,False,False,False,False,False,3.8677787750719634,0.4501530146027437,0.07582186364939614,0.02422738463489127,0.0015609438456384876,-0.0036496350364964014,5.813953488372081,-0.011579819991004103,-0.011579819991004103,0.026490361484094116,3.366666666666667,-0.05372308907762202,0.12306660146925985,0.02464788732394374,-0.0026987575531265406
45220,2021,2,3.0,"Tallahassee, FL",388343.0,55583.75,228972.56426968906,1059.3457784243685,1139.3333333333333,4.5,949.0,175072.0,4183.62634920635,4.119415553461022,False,False,False,False,False,3.8920631157760686,0.45373712506808817,0.07459379048993586,0.013680194083032005,0.00183797530609043,0.0348837209302324,6.374501992031889,0.0,0.011579819991004103,0.02953303697873433,8.200000000000001,0.04132748904195371,0.017124992393438676,0.06880189798339265,-0.05049106090994249
45220,2021,3,3.19,"Tallahassee, FL",388343.0,56304.0,238614.07775811138,1125.1619860154453,1234.6666666666667,4.466666666666666,1009.0,178869.0,4421.670625,4.237959607809594,False,False,False,False,False,3.911683915904732,0.42864410568084077,0.06895901109298253,0.012379721853005732,0.001916537609782048,-0.0037174721189590088,3.875968992248069,0.0,0.0,0.014015581746454231,7.5,-0.0430948085788736,0.12237973724394036,0.04800000000000004,-0.04270221035421107
45220,2021,4,3.38,"Tallahassee, FL",388343.0,57167.25,243708.3822409296,1168.8219030786404,1125.0,3.533333333333333,1092.0,182756.0,4602.1089062500005,4.263076888269588,False,False,False,False,False,3.9872406817813815,0.4838777284109863,0.085839230073121,0.03305809740054655,0.0025480926029167565,0.026119402985074647,7.421875,0.0,0.0,0.02958978837505155,5.333333333333333,-0.12630917469627145,0.15302735438200687,0.1287128712871286,-0.03619606574205281
45220,2022,1,3.58,"Tallahassee, FL",391819.0,58030.5,250932.70947240115,1189.4203193776746,857.6666666666666,3.3666666666666667,967.0,181606.0,4463.855483870967,4.324152117807035,False,False,False,False,False,4.0472663302194665,0.5147778526940225,0.09042968477671143,0.02855737132640801,0.003217186271915037,0.03663003663003672,5.992509363295895,0.010930919866929067,0.010930919866929067,0.041601154218474434,5.0,-0.14528889954447377,0.2650105879555513,0.03550973654066447,-0.009491067730936997
45220,2022,2,4.06,"Tallahassee, FL",391819.0,58893.75,262982.2863337401,1232.9519556841105,955.6666666666666,3.0666666666666664,996.0,182205.0,4105.667096774193,4.4653683342246016,False,False,False,False,False,4.119415553461022,0.5850765002726712,0.10926384681592971,0.031188720582120633,0.004575861138570658,0.12359550561797761,15.830115830115844,0.0,-0.010930919866929067,0.05368033118786131,4.5,-0.04123422159887802,0.4270368786990453,0.05327413984461704,0.059597518535330574
45220,2022,3,4.45,"Tallahassee, FL",391819.0,59757.0,270065.8990580248,1300.3051012652004,1077.3333333333333,3.1333333333333333,1069.0,185407.0,3980.35109375,4.519401895309751,False,False,False,False,False,4.237959607809594,0.698507149933338,0.14183680048026526,0.042107723775440364,0.00671429687837792,0.1902985074626864,19.475655430711612,0.0,0.0,0.11599746686115742,4.466666666666666,0.08367466354593334,0.3318950711862574,0.1003271537622683,0.05707666759253249
45220,2022,4,4.79,"Tallahassee, FL",391819.0,60587.25,268983.67524309974,1322.126973631739,943.6666666666666,2.8333333333333335,1085.0,185446.0,3851.9734920634924,4.439608585025723,False,False,False,False,False,4.263076888269588,0.6981172855402535,0.12889537528880624,0.021349555444010404,0.00754204240274629,0.229090909090909,27.06766917293233,0.0,0.0,0.1355480772244999,3.533333333333333,-0.08882289416846656,0.294726932969241,0.06432748538011701,0.05787286261707125
45220,2023,1,5.05,"Tallahassee, FL",395143.0,61417.5,269315.5313374377,1321.4072908280186,837.0,2.8333333333333335,1056.0,185718.0,4000.064516129032,4.384996643260271,False,False,False,False,False,4.324152117807035,0.756751201588675,0.13008726813347904,0.029643326852539564,0.007933408085572918,0.26501766784452285,30.656934306569326,0.0020304977285177106,0.0020304977285177106,0.14839399616047944,3.3666666666666667,-0.23762962962962964,0.15473201056913988,0.06969026548672574,0.04013791681462564
45220,2023,2,5.01,"Tallahassee, FL",395143.0,62247.75,273814.3722935889,1347.7530910819266,878.0,2.966666666666667,1059.0,183496.0,4206.072903225806,4.398783446688256,False,False,False,False,False,4.4653683342246016,0.8910011543199907,0.14853186525872863,0.04801915575962101,0.008485798979329334,0.3533333333333333,57.364341085271306,0.0,-0.0020304977285177106,0.16388055797792234,3.0666666666666664,0.11426350563544507,-0.01863437265303247,0.04952581664910438,0.04074323706817773
45220,2023,3,5.29,"Tallahassee, FL",395143.0,63078.0,278711.3200019033,1364.108976151579,928.6666666666666,3.266666666666667,1074.0,187109.0,4458.13746031746,4.418518659467695,False,False,False,False,False,4.519401895309751,0.9215405105260528,0.13181041787399006,0.02693570286819691,0.007974791897764224,0.39498432601880884,65.4275092936803,0.0,0.0,0.15566035595460548,3.1333333333333333,0.127310777816533,-0.0998083232963558,0.05946481665014858,0.03655188993061964
45220,2023,4,5.52,"Tallahassee, FL",395143.0,63623.75,282185.27922286623,1383.4475218808086,970.6666666666666,3.1666666666666665,1218.0,188854.0,4464.907619047619,4.435219225884457,False,False,False,False,False,4.439608585025723,0.8159632624340611,0.1037112173564183,-0.0040072582976962146,0.006111722838798478,0.4171597633136095,78.73134328358209,0.0,0.0,0.1311620445760795,2.8333333333333335,-0.1240717821782178,-0.16299818832356816,-0.0064102564102563875,0.01471907899056668
45220,2024,1,5.59,"Tallahassee, FL",397675.0,64169.5,284734.2655394349,1390.3679940830607,1005.0,3.1999999999999997,1137.0,189049.0,4992.540983606557,4.437221196042278,False,False,False,False,False,4.384996643260271,0.7535927122260406,0.07325797383564447,0.001233740650015358,0.0033563424089198468,0.4106145251396647,84.98168498168496,-0.00046734118336067,-0.00046734118336067,0.11096747659347361,2.8333333333333335,-0.11303426351112678,-0.10389918970668477,0.09203722854188201,0.022642423708467696
45220,2024,2,5.1,"Tallahassee, FL",397675.0,64715.25,287369.7049180307,1402.7472410457085,1179.6666666666667,3.3000000000000003,1132.0,186878.0,5246.626507936508,4.440525299956822,False,False,False,False,False,4.398783446688256,0.7457764044476747,0.04118941283407285,0.0167047215354037,-0.0006703364211782536,0.23399014778325133,87.64044943820224,0.0,0.00046734118336067,0.09311079387040522,2.966666666666667,0.04898446833930703,0.024455418348580116,0.06325301204819267,0.007085425756702568
45220,2024,3,5.11,"Tallahassee, FL",397675.0,65261.0,286505.17075394624,1414.757583946773,1316.0,3.6999999999999997,1142.0,190625.0,5543.46921875,4.390143742111617,False,False,False,False,False,4.418518659467695,0.7528600069572069,0.03201226431783222,0.017884187989459566,-0.005072511791581655,0.18876404494382015,97.38805970149254,0.0,0.0,0.049068387737845054,3.266666666666667,0.05770690964312819,0.12003623683289799,0.00467726847521055,0.009179804430253347
45220,2024,4,5.75,"Tallahassee, FL",397675.0,65261.0,285422.83056502906,1426.2183059177794,1247.6666666666667,3.5,1229.0,192624.0,5907.04296875,4.3735589489132725,False,False,False,False,False,4.435219225884457,0.7529643112482867,0.049079573203969495,0.012464363560616087,-0.007792600665343052,0.15240083507306879,100.72727272727273,0.0,0.0,0.04638022631111505,3.1666666666666665,0.045226130653266416,0.15912210409728944,0.1225806451612903,0.018377317386193193
45220,2025,1,5.63,"Tallahassee, FL",,,285534.87979609834,1437.2331111765163,1276.0,3.5666666666666664,1185.0,190427.0,5894.8178333333335,,False,False,False,False,False,4.437221196042278,0.7358062906309009,0.057251559631287696,0.009033023705519172,-0.009732664799295087,0.10693069306930703,97.52650176678443,-0.002075702173154559,-0.002075702173154559,0.05218731857596315,3.1999999999999997,0.035370879120879106,0.24811511501268746,0.07670454545454541,0.01793579513025123
45220,2025,2,5.73,"Tallahassee, FL",,,284194.3774989331,1455.0558143343242,1559.3333333333333,3.733333333333333,1185.0,188485.0,5732.060483870968,,False,False,False,False,False,4.440525299956822,0.71104302899262,0.04950555557364078,0.009255785824030971,-0.010882539030566815,0.017964071856287456,70.0,0.0,0.002075702173154559,0.040804321153242284,3.3000000000000003,0.17379767827529036,0.24739314525733946,0.0689329556185081,0.018430919475084018
45220,2025,3,5.73,"Tallahassee, FL",,,282615.6605312322,1460.8471974358501,1563.0,4.366666666666667,1172.0,190082.0,6427.73875,,False,False,False,False,False,4.390143742111617,0.621533393083872,0.02796388303133779,-0.003008438778649536,-0.010962460177378376,-0.03402646502835538,60.18808777429467,0.0,0.0,0.03712944396721407,3.6999999999999997,0.11556936987849675,0.24344959483489204,0.06331471135940414,0.018791185886301465
45220,2025,4,5.92,"Tallahassee, FL",,,282084.8395384583,1458.1802625214793,1435.0,5.0,1301.0,190976.0,6777.5671875,,False,False,False,False,False,4.3735589489132725,0.5692879048333901,0.011473140452538777,-0.0037777335259568945,-0.011468573145721056,0.04166666666666674,70.11834319526629,0.0,0.0,0.030916087065466336,3.5,-0.05192502532928056,0.3229933232101214,0.009031198686371145,0.019962510722568716
46060,2019,2,1.08,"Tucson, AZ",1047279.0,52793.5,223970.12915486153,999.2487360474051,5242.333333333333,4.533333333333334,917.0,371251.0,2882.3277777777776,4.242380769504987,False,False,False,False,False,4.133431578370396,0.63630429599757,0.04372784706346833,0.011135619355053139,0.0036455233384357177,0.00917431192660545,12.244897959183687,0.0,-0.0003768166108228943,0.05258255035055348,4.333333333333333,-0.02188646396816507,0.1272577123238514,0.03873239436619724,0.014473427799894134
46060,2019,3,1.05,"Tucson, AZ",1047279.0,53379.0,228242.58540914414,1012.0767362382616,4620.333333333333,4.7,934.0,376697.0,2957.8528125,4.275887247965382,False,False,False,False,False,4.168468074962517,0.5482166188427553,0.056834003232015595,0.020276004104613943,0.002560762830819309,-0.008928571428571397,8.823529411764719,0.0,0.0,0.06195950933860317,4.633333333333334,-0.09427245566079723,0.15500598332389726,0.03567318757192184,0.012385985172941316
46060,2019,4,1.06,"Tucson, AZ",1047279.0,53790.0,232837.72492129076,1022.435294940039,4348.0,4.2,971.0,383407.0,3082.755625,4.328643333729146,False,False,False,False,False,4.206478065772655,0.507700357935597,0.06504722723639556,0.020695132376459036,0.0018189027146745587,0.0366972477064218,4.629629629629606,0.0,0.0,0.06672199651043109,4.3999999999999995,-0.010738349241998901,0.03674172122599795,0.03811659192825112,0.015058769202682676
46060,2020,1,1.08,"Tucson, AZ",1045227.0,54201.0,237151.28299691543,1040.7979291079512,4277.666666666667,4.7,991.0,380252.0,3055.869193548387,4.375404199127607,False,False,False,False,False,4.221067718644221,0.513616643376531,0.06862379471634106,0.014849669040324587,0.001491699759835554,0.03571428571428559,8.411214953271017,0.0004450990290878476,0.0004450990290878476,0.07291359506047201,4.666666666666667,0.07123093295494853,-0.004562795426325428,0.026030368763557465,0.022417415585647804
46060,2020,2,1.06,"Tucson, AZ",1045227.0,54612.0,240069.2039257701,1047.73892876335,4130.0,11.266666666666666,989.0,351648.0,2931.687619047619,4.3959057336440726,False,False,False,False,False,4.242380769504987,0.5127859724342869,0.0741035576681508,0.016320590467986174,0.0011777541872396537,-0.018181818181818188,4.854368932038833,0.0,-0.0004450990290878476,0.06526769315631209,4.533333333333334,0.04159215842108743,0.0662922038202094,0.0361581920903955,0.0187756065300253
46060,2020,3,1.1,"Tucson, AZ",1045227.0,55023.0,245473.74354596235,1072.1663418442438,3564.0,8.200000000000001,1002.0,357855.0,3319.8340625,4.461293341801834,False,False,False,False,False,4.275887247965382,0.5006724698457652,0.07284025367678959,0.019076009244645586,0.00042586720972161363,-0.05405405405405406,7.14285714285714,0.0,0.0,0.06805521516081203,4.7,-0.11864945634895407,0.03798825437241593,0.03777777777777769,0.018267876595871257
46060,2020,4,1.12,"Tucson, AZ",1045227.0,56071.0,257637.27667907404,1113.3057477868226,3437.3333333333335,6.5,1107.0,367472.0,3554.5015625,4.594840054200461,False,False,False,False,False,4.328643333729146,0.5246452845480247,0.07224908789794426,0.020132700056430863,-0.0003624502052683248,-0.06194690265486713,7.070707070707072,0.0,0.0,0.0651460935809931,4.2,-0.05894235625135269,0.14221561000009686,0.048596112311015016,0.014081564101004362
46060,2021,1,1.18,"Tucson, AZ",1049083.0,57119.0,270674.7046137852,1136.4058347277175,2900.6666666666665,6.3,1008.0,365112.0,3865.7068852459015,4.738785773801803,False,False,False,False,False,4.375404199127607,0.5680131024430999,0.0761333793713801,0.018526027417089974,-0.00015206606616165226,-0.06896551724137923,0.0,-0.01230614693396681,-0.01230614693396681,0.0614002453056286,4.7,-0.016176019625881555,0.12306660146925985,0.04756871035940802,0.008267618406189836
46060,2021,2,1.3,"Tucson, AZ",1049083.0,58167.0,285484.9533493068,1192.0155244729865,2648.6666666666665,5.733333333333333,1027.0,361610.0,4183.62634920635,4.9080226477092985,False,False,True,False,False,4.3959057336440726,0.5636748464167347,0.07188045491449024,0.01230404867298418,0.0006057202703968867,-0.01851851851851849,-2.752293577981657,0.0,0.01230614693396681,0.04852664903810733,11.266666666666666,-0.034520377152653436,0.017124992393438676,0.07851690294438396,-0.052802551373599016
46060,2021,3,1.41,"Tucson, AZ",1049083.0,59215.0,304173.2891744002,1259.1932411420946,2876.6666666666665,4.833333333333333,1047.0,371846.0,4421.670625,5.136760773020353,True,False,True,True,True,4.461293341801834,0.5846205085718741,0.0754949305622783,0.022512423633742396,0.001579857629803885,0.04761904761904767,-1.7857142857142905,0.0,0.0,0.05937257863403356,8.200000000000001,-0.13704600484261498,0.12237973724394036,0.07280513918629561,-0.0500189807723449
46060,2025,2,2.9,"Tucson, AZ",,,349947.1001998845,1463.098947598132,4939.0,4.2,1216.0,380037.0,5732.060483870968,,False,False,False,False,False,5.109615484045528,0.8672347145405412,0.040939377970480306,0.008393046739664678,-0.02566825938079981,-0.018382352941176516,105.38461538461536,0.0,-0.0021745502629000324,0.021068999808543598,3.4,0.11427066877303838,0.24739314525733946,0.04501323918799649,-0.009798547527938739
46060,2025,3,2.8,"Tucson, AZ",,,346674.17821878195,1464.120750273889,4758.666666666667,4.833333333333333,1197.0,385533.0,6427.73875,,False,False,False,False,False,5.084354340012536,0.8084670920471533,0.028398557779531375,0.003569692106713651,-0.022508490845343607,-0.03284671532846728,87.94326241134752,0.0,0.0,0.014747282446774257,4.166666666666667,0.03752362948960308,0.24344959483489204,0.042457091237579014,-0.007868833916447993
46060,2025,4,2.76,"Tucson, AZ",,,344250.5863175523,1452.660732086311,4778.0,4.25,1294.0,390480.0,6777.5671875,,False,False,False,False,False,5.05947338853751,0.7308300548083642,0.009691156018247105,-0.004893630500773627,-0.01878467339492673,-0.022471910112359605,75.16778523489933,0.0,0.0,0.0175090624354568,3.766666666666667,0.10849959005192678,0.3229933232101214,0.03697478991596648,-0.005371603474312536
47300,2019,2,1.73,"Visalia, CA",466195.0,49144.75,236637.6427034808,1102.4941993614523,1159.6666666666667,9.1,781.0,171574.0,2882.3277777777776,4.8151154030385905,False,False,False,False,False,4.78546128383772,1.3746579543757842,0.07556515593352087,0.013618172286997243,0.004402178692524684,0.029940119760479167,15.436241610738243,0.0,0.0017576229992528614,0.034437960445103055,9.299999999999999,0.04936936936936931,0.1272577123238514,0.04384724186704392,-0.0012422433038984382
47300,2019,3,1.71,"Visalia, CA",466195.0,49687.0,238258.13516774113,1125.4315490969445,1167.0,9.033333333333333,787.0,169772.0,2957.8528125,4.795180533494499,False,False,False,False,False,4.765073085402349,1.1919773303742929,0.06835479912597187,0.009802366523149475,0.0028657631387848438,0.042424242424242475,10.967741935483865,0.0,0.0,0.033015448179693596,9.0,0.09958791208791196,0.15500598332389726,0.02309782608695654,0.02957806942229846
47300,2019,4,1.73,"Visalia, CA",466195.0,50398.75,241909.24293176798,1123.0856284436422,1019.0,9.1,849.0,163566.0,3082.755625,4.799905611384568,False,False,False,False,False,4.766053545867743,1.0609045150512966,0.05856978878800434,0.011619572945616774,0.00023074818185826913,0.02366863905325456,10.897435897435903,0.0,0.0,0.03205745815211203,9.166666666666666,0.060899437851343,0.03674172122599795,0.0012330456226881115,0.02312682737071947
47300,2020,1,1.76,"Visalia, CA",473944.0,51110.5,245780.87016138437,1139.8762400866003,927.3333333333334,12.666666666666666,821.0,160538.0,3055.869193548387,4.808813652016403,False,False,False,False,False,4.795452133237915,0.9867540489594173,0.05358898650516997,0.017520637556191154,-0.0028581853507821465,0.023121387283236983,11.32075471698113,-0.001477121321141972,-0.001477121321141972,0.03371860169019092,11.566666666666668,-0.016485133941713137,-0.004562795426325428,0.0298313878080414,0.013535267678913998
47300,2020,2,1.73,"Visalia, CA",473944.0,51822.25,247256.70797424178,1153.25672654789,907.3333333333334,16.566666666666666,850.0,161037.0,2931.687619047619,4.77124609553313,False,False,False,False,False,4.8151154030385905,0.9130130417165949,0.05534023313386105,0.015302980527908794,-0.005006002650837976,0.005813953488372103,13.0718954248366,0.0,0.001477121321141972,0.035488565188445786,9.1,0.04130499850344216,0.0662922038202094,0.05826558265582649,0.006612026025685447
47300,2020,3,1.78,"Visalia, CA",473944.0,52534.0,251174.67129986486,1176.9053454133466,813.6666666666666,12.933333333333332,864.0,156352.0,3319.8340625,4.7811830681057,False,False,False,False,False,4.795180533494499,0.8330279290661071,0.05225262769545225,0.006847991070849657,-0.006474975730139819,-0.005813953488372103,12.5,0.0,0.0,0.047491842906899784,9.033333333333333,0.006323656223052643,0.03798825437241593,0.04515272244355906,0.01125188375237518
47300,2020,4,1.81,"Visalia, CA",473944.0,53749.0,262985.5214577976,1205.594094927954,742.6666666666666,10.966666666666669,962.0,155302.0,3554.5015625,4.892844917259811,False,False,True,False,False,4.799905611384568,0.7716601926043856,0.05610602309103174,0.015324168307857988,-0.006293525229227996,0.0,10.897435897435903,0.0,0.0,0.039891184022601944,9.1,-0.12682090831191084,0.14221561000009686,0.04556650246305427,0.0030539406873206776
47300,2021,1,1.9,"Visalia, CA",476939.0,54964.0,275911.51750868256,1249.8515712886347,615.6666666666666,12.333333333333334,858.0,153774.0,3865.7068852459015,5.01985877135366,True,False,True,True,True,4.808813652016403,0.6851650695028191,0.05453235242156995,0.01600446176712822,-0.00506171956918567,-0.005649717514124353,7.975460122699385,0.013164981067945503,0.013164981067945503,0.045081080809204144,12.666666666666666,-0.08995747464834802,0.12306660146925985,0.03400503778337538,0.019936467598475227
47300,2023,3,3.53,"Visalia, CA",480747.0,69489.0,341333.0681804875,1563.08148702705,706.0,9.4,970.0,179187.0,4458.13746031746,4.912044613974694,False,False,False,False,False,5.3521395694559954,0.6288293997087191,0.14148169178624626,0.02019088432572813,0.013801906408372339,0.4027777777777777,77.19298245614034,0.0,0.0,0.1374180604631121,7.833333333333333,0.20319930825767396,-0.0998083232963558,0.0490196078431373,0.060363196705611966
47300,2023,4,3.81,"Visalia, CA",480747.0,69941.75,344835.25476154656,1583.0887579859052,730.6666666666666,9.933333333333334,1026.0,176029.0,4464.907619047619,4.9303206562825,False,False,False,False,False,5.213543866547398,0.4612688356781094,0.10098218299820116,-0.006953116703216078,0.010015825785758242,0.47787610619469034,93.0635838150289,0.0,0.0,0.056845761415849294,8.4,-0.002874595759971177,-0.16299818832356816,-0.005040322580645129,0.0489252274825267
47300,2024,1,3.75,"Visalia, CA",483546.0,70394.5,347254.063324655,1600.364940524898,698.6666666666666,11.466666666666667,1002.0,172084.0,4992.540983606557,4.932971515170291,False,False,False,False,False,5.026951711793271,0.2381519667418459,0.03923988991834393,-0.017397681047123137,0.00346969179812397,0.43621399176954734,98.29545454545456,0.0023127998520078297,0.0023127998520078297,0.04176050835254563,10.466666666666667,-0.17153153153153144,-0.10389918970668477,0.07222222222222219,0.009904400478601971
47300,2024,2,3.85,"Visalia, CA",483546.0,70847.25,352059.43612508633,1623.2812816300066,761.3333333333334,10.066666666666668,997.0,180418.0,5246.626507936508,4.969274546649112,False,False,False,False,False,4.927596485122413,0.1421352012846926,-0.005938354525649059,-0.0014166021311873278,-0.005146106644917438,0.2934782608695652,106.35838150289017,0.0,-0.0023127998520078297,0.03774351318855418,9.433333333333332,-0.0756850804697694,0.024455418348580116,0.051819184123484074,0.013102227715818815
47300,2024,3,3.64,"Visalia, CA",483546.0,71300.0,354775.20949579886,1653.7802254351236,831.0,10.266666666666666,1020.0,179576.0,5543.46921875,4.975809389842901,False,False,True,False,False,4.912044613974694,0.14697152857234475,-0.010840515609815582,0.01515986831748406,-0.013170678127666433,0.16501650165016502,98.31460674157302,0.0,0.0,0.0043575584486963415,9.4,-0.0032941176470588918,0.12003623683289799,0.007268951194184803,0.011458762566536995
47300,2024,4,3.82,"Visalia, CA",483546.0,71300.0,357257.9670762168,1656.0279655869797,796.3333333333334,10.066666666666666,1061.0,176469.0,5907.04296875,5.0106306742807405,True,False,False,True,False,4.9303206562825,0.16426711041475706,0.006305537288106233,0.01026032021956702,-0.01858485386183822,0.14071856287425155,110.49723756906076,0.0,0.0,0.02566551215861912,9.933333333333334,0.03493862134088754,0.15912210409728944,0.03951367781155013,0.005948979358584516
47300,2025,2,4.3,"Visalia, CA",,,362345.20782254124,1692.3097891429272,928.0,10.566666666666666,1033.0,175060.0,5732.060483870968,,False,False,False,False,False,4.969274546649112,0.15415914361052163,0.04706119662478425,0.013838204669008203,-0.0198890643185689,0.07843137254901977,90.59405940594058,0.0,-0.0006809354127907952,0.03841238521858048,10.066666666666668,0.08969465648854968,0.24739314525733946,0.04507337526205446,0.000560124669332307
47300,2025,3,4.05,"Visalia, CA",,,360250.5429642792,1716.1734930846435,1001.0,10.566666666666666,1052.0,176702.0,6427.73875,,False,False,False,False,False,4.975809389842901,0.18062885634840242,0.03938130397668815,0.007713962734825275,-0.016698921030217927,0.031161473087818692,68.5185185185185,0.0,0.0,0.0580255982562885,10.266666666666666,0.09150612959719795,0.24344959483489204,0.05154639175257736,0.0021709164169274597
47300,2025,4,4.04,"Visalia, CA",,,360962.6373541274,1712.057981911065,938.0,10.4,1094.0,174032.0,6777.5671875,,False,False,False,False,False,5.0106306742807405,0.21072506289617277,0.03602506455803245,0.0069981146200897015,-0.013401352620263844,0.002624671916010346,69.02654867256639,0.0,0.0,0.04607398494438919,10.066666666666666,-0.041716807059767325,0.3229933232101214,0.034113060428849984,0.0024995881360456718
48900,2019,2,1.92,"Wilmington, NC",297533.0,54640.5,270532.3415759365,1133.4517133933866,1994.0,3.966666666666667,853.0,131332.0,2882.3277777777776,4.9511322476173625,False,False,False,False,False,4.909616305452558,0.8391232800898063,0.05802239713521806,0.01365682832759485,0.000840848724059875,0.010810810810810922,11.976047904191622,0.0,0.0040158738553846,0.046756764837829756,3.9666666666666663,0.08253679259596436,0.1272577123238514,-0.055878928987194376,0.03313476090806633
48900,2019,3,1.88,"Wilmington, NC",297533.0,55265.0,273570.3655944396,1142.5867052980564,2166.6666666666665,3.966666666666667,855.0,130854.0,2957.8528125,4.950155896036183,False,False,False,False,False,4.9234478095155465,0.7960117828757642,0.05363412190177819,0.01062188565436939,0.00027738336909326064,0.05882352941176472,14.45086705202312,0.0,0.0,0.04851978826969883,4.3,0.02676944639102996,0.15500598332389726,0.05105853051058529,-0.006820918561141753
48900,2019,4,1.92,"Wilmington, NC",297533.0,55820.75,276900.48339586664,1157.941323740846,2028.6666666666667,3.7000000000000006,917.0,132297.0,3082.755625,4.960529613017859,False,False,False,False,False,4.9182819997739315,0.6976822681302357,0.052313284814634375,0.010773404720254343,0.00014525702116519867,0.0,9.090909090909083,0.0,0.0,0.07869056486596349,4.3999999999999995,-0.17294567294567287,0.03674172122599795,0.045454545454545414,0.034884192922495005
48900,2020,1,1.94,"Wilmington, NC",425234.0,56376.5,281796.06239642017,1162.527554836729,1876.6666666666667,4.433333333333334,912.0,131071.0,3055.869193548387,4.998466779534383,False,False,True,False,False,4.919377280485303,0.6401136773309428,0.04780498105168651,0.01192191895654271,0.00022856097096367802,0.0,7.1038251366120075,-0.005595024805117754,-0.005595024805117754,0.09910619164643308,4.666666666666667,-0.14457831325301207,-0.004562795426325428,0.040983606557376984,0.026049977660049795
48900,2020,2,1.88,"Wilmington, NC",425234.0,56932.25,286533.47233859194,1204.652143872186,1934.3333333333333,13.133333333333335,937.0,122162.0,2931.687619047619,5.032885093046418,True,False,True,True,True,4.9511322476173625,0.6309738252915329,0.05238863226064172,0.01809109751952609,0.00044386034780213054,0.026737967914438387,10.982658959537561,0.0,0.005595024805117754,0.07937393683586058,3.966666666666667,0.15415782365425423,0.0662922038202094,0.05178791615289757,0.023344969455180165
48900,2025,2,5.1,"Wilmington, NC",,,450694.2581885517,1651.5860939888255,1705.3333333333333,3.6666666666666665,1125.0,193282.0,5732.060483870968,,False,False,False,False,False,5.916436611177238,0.9653043635598753,0.05702245299212527,0.011914792716674727,-0.016768981456781608,0.06073752711496727,118.3035714285714,0.0,0.0037028066375961455,-0.0029939326108828768,3.4333333333333336,0.1251136019388066,0.24739314525733946,0.01797540208136228,0.30648890365632475
48900,2025,3,5.34,"Wilmington, NC",,,447646.0997340816,1669.563446730109,1803.3333333333333,3.8333333333333335,1159.0,192251.0,6427.73875,,False,False,False,False,False,5.86961198413499,0.9194560880988076,0.035965645196513574,0.0011980644224562909,-0.01743892220056621,-0.02092050209205032,90.24390243902438,0.0,0.0,0.0029775956655890834,3.6333333333333333,0.11335487345180395,0.24344959483489204,0.00917431192660545,0.30381500797259386
48900,2025,4,5.29,"Wilmington, NC",,,446992.64202728326,1651.9134014519238,1743.0,3.55,1244.0,192856.0,6777.5671875,,False,False,False,False,False,5.885332599458296,0.9248029864404375,0.026275864318584086,0.002678305715232643,-0.01744528499226325,0.05907172995780585,93.8223938223938,0.0,0.0,0.007577309922441211,3.3666666666666667,0.030713422007255353,0.3229933232101214,0.03169014084507049,0.29934030638026865
49020,2019,2,4.47,"Winchester, VA-WV",140566.0,66045.75,256428.0169295471,1215.0615239210617,722.6666666666666,2.6999999999999997,893.0,62409.0,2882.3277777777776,3.88258164877448,False,False,False,False,False,3.945347793017118,0.11715506389605634,0.04799711116871186,0.012149491380403221,0.0007060307476535503,0.01388888888888884,7.090464547677255,0.0,0.0061391872711162865,0.05299198152394813,2.966666666666667,0.1653625456442358,0.1272577123238514,0.015625,0.010021227230093244
49020,2019,3,4.41,"Winchester, VA-WV",140566.0,67072.0,258687.44601247992,1224.7645858547644,778.6666666666666,2.766666666666667,926.0,62149.0,2957.8528125,3.856861969413167,False,False,False,False,False,3.9277581043002714,0.012376978369277758,0.042130809149144355,0.005994309596250469,0.0003880766157506968,0.011312217194570096,8.495145631067945,0.0,0.0,0.03148308951924994,2.966666666666667,0.1396598030438676,0.15500598332389726,0.0279394644935973,0.022813499229609402
49020,2019,4,4.5,"Winchester, VA-WV",140566.0,67658.25,260967.3090650296,1225.3709977956298,715.6666666666666,2.433333333333333,941.0,62951.0,3082.755625,3.857139507229785,False,False,False,False,False,3.8807883122923235,-0.07154020795688476,0.033621676045256566,0.004144895915665359,-0.00011366773088544008,0.013452914798206095,10.784313725490179,0.0,0.0,0.03680617325318236,2.7000000000000006,-0.06402199528672414,0.03674172122599795,0.027366020524515422,0.019003578489844575
49020,2020,1,4.53,"Winchester, VA-WV",142995.0,68244.5,264166.8265620352,1225.055842509293,591.6666666666666,2.966666666666667,959.0,62815.0,3055.869193548387,3.8708881530677957,False,False,False,False,False,3.8686400700550876,-0.09141847527967739,0.03558178012105362,0.012856292358897514,-0.0002480766656178265,-0.010869565217391242,5.568445475638062,-0.0029657547250561134,-0.0029657547250561134,0.020251443599402785,3.233333333333333,-0.1829626521191775,-0.004562795426325428,0.03142536475869817,0.017957647680195477
49020,2020,2,4.47,"Winchester, VA-WV",142995.0,68830.75,267412.80565109284,1267.0331469468913,622.0,9.066666666666666,956.0,59750.0,2931.687619047619,3.885077609223971,False,False,False,False,False,3.88258164877448,-0.10224417991977885,0.04304552046676813,0.01944434837743092,-0.00019964808534966142,0.020547945205479312,4.195804195804187,0.0,0.0029657547250561134,0.037666542134397574,2.6999999999999997,0.11350796096558802,0.0662922038202094,0.056804733727810586,0.016764418377321677
49020,2020,3,4.57,"Winchester, VA-WV",142995.0,69417.0,270050.6131444035,1292.7967587620153,502.3333333333333,5.8,977.0,61720.0,3319.8340625,3.890266262506353,False,False,False,False,False,3.856861969413167,-0.1668370331930742,0.045966119927876026,0.008811163109191833,-0.0004974852372166696,-0.013422818791946178,6.779661016949157,0.0,0.0,0.04551801848698922,2.766666666666667,0.07749077490774914,0.03798825437241593,0.04869762174405445,0.006689775819618937
49020,2020,4,4.63,"Winchester, VA-WV",142995.0,70288.75,280841.39095656364,1312.9925684089842,396.3333333333333,3.766666666666667,1068.0,63136.0,3554.5015625,3.9955382754219366,False,False,False,False,False,3.857139507229785,-0.15933015685487062,0.05082884770081875,0.008813195567440424,-0.0005395810713243433,-0.004424778761061843,6.635071090047395,0.0,0.0,0.04327473053977027,2.433333333333333,-0.08090753424657537,0.14221561000009686,0.04439511653718098,0.009444854238157774
49020,2021,1,4.8,"Winchester, VA-WV",145448.0,71160.5,293622.14861891366,1332.2821920699257,276.6666666666667,3.9,980.0,62225.0,3865.7068852459015,4.126195693101,False,False,False,False,False,3.8708881530677957,-0.13339773569812685,0.05021043173085937,0.012260223353141475,-0.0005117102604158089,-0.004395604395604269,4.618937644341803,0.009580772595250364,0.009580772595250364,0.03985114524505162,2.966666666666667,-0.17326502095947838,0.12306660146925985,0.043525571273123065,0.018483988650182415
49020,2021,2,5.12,"Winchester, VA-WV",145448.0,72032.25,306790.194090282,1362.2302243561185,363.3333333333333,3.5,1001.0,63273.0,4183.62634920635,4.259067210732443,False,False,False,False,False,3.885077609223971,-0.13582997117444107,0.04283770881620863,0.012287610565270501,-0.0005029965188629843,0.0,3.47222222222221,0.0,-0.009580772595250364,0.042772832488444434,9.066666666666666,0.05126760563380284,0.017124992393438676,0.07054871220604708,-0.04260603438606614
49020,2021,3,5.4,"Winchester, VA-WV",145448.0,72904.0,317917.8134756768,1443.4002063230416,486.0,3.1333333333333333,1029.0,63066.0,4421.670625,4.360773256277801,False,False,False,False,False,3.890266262506353,-0.1715582649264915,0.04392624113415766,0.009864177921054207,-0.00023665570580060433,0.03628117913832196,3.393665158371051,0.0,0.0,0.05554714244106851,5.8,-0.192390139335477,0.12237973724394036,0.05507559395248385,-0.006902765933482491
49020,2021,4,5.64,"Winchester, VA-WV",145448.0,74532.0,322350.75733645074,1492.6934291610344,441.3333333333333,2.466666666666667,1133.0,64626.0,4602.1089062500005,4.324998085875205,False,False,False,False,False,3.9955382754219366,-0.0577548097123195,0.07615544629991056,0.03995835331205133,0.001331553520931687,0.028888888888888964,3.811659192825112,0.0,0.0,0.07150615672394767,3.766666666666667,-0.21101526211015265,0.15302735438200687,0.13496280552603612,0.002938793664913897
49020,2022,1,5.94,"Winchester, VA-WV",146222.0,76160.0,335607.72139389394,1512.555105365679,297.0,2.5,1053.0,64365.0,4463.855483870967,4.406613988890414,False,False,False,False,False,4.126195693101,0.08047986571870336,0.11150272893921209,0.04550881057388989,0.003984449617117823,0.05960264900662238,4.347826086956519,-0.00012569290750241713,-0.00012569290750241713,0.08752772391256891,3.9,-0.30193439865433125,0.2650105879555513,0.021897810218978186,-0.009392660988617352
49020,2022,2,6.74,"Winchester, VA-WV",146222.0,77788.0,351472.4344337505,1571.2760546327665,373.0,2.466666666666667,1073.0,65089.0,4105.667096774193,4.518337461224745,False,False,False,False,False,4.259067210732443,0.22677818078429457,0.14725318910331797,0.044846907950595094,0.00746745200288634,0.1454138702460852,16.894977168949787,0.0,0.00012569290750241713,0.07513384921193178,3.5,0.31325301204819267,0.4270368786990453,0.04707112970711291,0.05896234309623427
49020,2022,3,7.18,"Winchester, VA-WV",146222.0,79416.0,355458.61476704356,1590.6525693349959,485.3333333333333,2.733333333333333,1083.0,66081.0,3980.35109375,4.475906804259136,False,False,False,False,False,4.360773256277801,0.34067256996024753,0.17725270005470195,0.03627110513877829,0.011143533194045189,0.1816192560175054,20.805369127516805,0.0,0.0,0.1164942954414927,3.1333333333333333,0.3376146788990826,0.3318950711862574,0.05322415557830085,0.02180816591056378
49020,2022,4,7.21,"Winchester, VA-WV",146222.0,80165.25,352443.4195594783,1605.2349209844804,454.0,2.466666666666667,1125.0,66422.0,3851.9734920634924,4.396461304112172,False,False,False,False,False,4.324998085875205,0.3313382766997308,0.1478035920506715,0.013943678752411426,0.012355269279588682,0.21814254859611237,24.778761061946895,0.0,0.0,0.1368635779635845,2.466666666666667,-0.09190672153635115,0.294726932969241,0.060861423220973876,0.02359984794728831
49020,2023,1,8.29,"Winchester, VA-WV",147564.0,80914.5,351769.3020825012,1625.8258521518567,348.3333333333333,2.766666666666667,1109.0,66600.0,4000.064516129032,4.347419833064546,False,False,False,False,False,4.406613988890414,0.434347300603521,0.1429918450377956,0.041125897041421666,0.012672558875037413,0.23750000000000004,30.549450549450576,-0.011832956492622948,-0.011832956492622948,0.13531135848604925,2.5,-0.32703927492447127,0.15473201056913988,0.07448979591836724,0.03439132181599036
49020,2023,2,7.86,"Winchester, VA-WV",147564.0,81663.75,355566.0641615079,1654.2495643996517,348.3333333333333,2.533333333333333,1108.0,67759.0,4206.072903225806,4.354025674323159,False,False,False,False,False,4.518337461224745,0.560799691802345,0.14564429112854715,0.047271597250399866,0.012680007217545829,0.31640625,50.782997762863545,0.0,0.011832956492622948,0.1534585171720566,2.466666666666667,0.25589225589225584,-0.01863437265303247,0.07192807192807193,0.028701025713969708
49020,2023,3,8.02,"Winchester, VA-WV",147564.0,82413.0,361625.80146317143,1679.3849775049875,363.0,2.8000000000000003,1083.0,67770.0,4458.13746031746,4.387970362238621,False,False,False,False,False,4.475906804259136,0.543501929253924,0.11808335267831382,0.011341374010497063,0.011042700066062217,0.3296296296296295,62.81179138321995,0.0,0.0,0.10201769569305319,2.733333333333333,0.30116175156389624,-0.0998083232963558,0.05247813411078717,0.04780705927123963
49020,2023,4,7.55,"Winchester, VA-WV",147564.0,82884.25,365751.26281509124,1667.4807432402015,352.0,2.5,1157.0,68797.0,4464.907619047619,4.4127957098615385,False,False,False,False,False,4.396461304112172,0.4579470622895303,0.09335378167459552,-0.00848254925412717,0.008170972335929923,0.2783687943262412,60.22222222222222,0.0,0.0,0.07539491339939763,2.466666666666667,-0.06456043956043955,-0.16299818832356816,-0.007060900264783787,0.027790672484758527
49020,2024,1,8.01,"Winchester, VA-WV",149702.0,83355.5,367863.2764383748,1697.7849793731275,291.0,2.8000000000000003,1182.0,68393.0,4992.540983606557,4.413185409941454,False,False,False,False,False,4.347419833064546,0.40806959031070944,0.048156164648067934,-0.0019126970162181012,0.0032353877426898403,0.3956228956228953,83.00220750551874,0.003856336031189178,0.003856336031189178,0.07488702155998017,2.766666666666667,-0.23274596182085172,-0.10389918970668477,0.05318138651471993,0.0347238405965975
49020,2024,2,8.18,"Winchester, VA-WV",149702.0,83826.75,372675.0406926283,1750.4027614403901,370.3333333333333,2.6999999999999997,1175.0,68910.0,5246.626507936508,4.4457770424432335,False,False,False,False,False,4.354025674323159,0.408677881306041,0.011647086162966058,0.010793329766212167,-0.003425150441672609,0.16617210682492578,75.83892617449666,0.0,-0.003856336031189178,0.05280644958741987,2.533333333333333,0.0,0.024455418348580116,0.032618825722273925,0.04102075619536327
49020,2024,3,7.87,"Winchester, VA-WV",149702.0,84298.0,375448.749471243,1779.848285933599,443.0,3.1333333333333333,1126.0,68294.0,5543.46921875,4.453827486669233,False,False,False,False,False,4.387970362238621,0.4602122579383492,0.017349942974851373,0.017042507461879408,-0.009598752995368765,0.11699164345403901,75.49234135667393,0.0,0.0,0.055783651238867416,2.8000000000000003,0.04210526315789487,0.12003623683289799,0.0,0.025559540563853345
49020,2024,4,8.58,"Winchester, VA-WV",149702.0,84298.0,379738.5521552341,1778.1297956403614,408.0,2.766666666666667,1210.0,69482.0,5907.04296875,4.504716033064059,False,False,False,False,False,4.4127957098615385,0.532007397569215,0.0377588075619244,0.011408094597309626,-0.013336587108746033,0.04715672676837723,63.066954643628506,0.0,0.0,0.038776768086721036,2.5,-0.030303030303030276,0.15912210409728944,0.028444444444444494,0.03575622534702361
49020,2025,1,8.37,"Winchester, VA-WV",,,383351.1971820251,1790.9271866553909,322.0,3.1666666666666665,1229.0,67140.0,5894.8178333333335,,False,False,False,False,False,4.413185409941454,0.544545339886366,0.04575150321701216,0.005774453400455792,-0.014891807222148263,-0.03377563329312416,66.875,0.005310803164602307,0.005310803164602307,0.044260046133495434,2.8000000000000003,-0.17329545454545459,0.24811511501268746,0.06582506762849416,0.026921921921921887
49020,2025,2,8.2,"Winchester, VA-WV",,,382993.7678326702,1810.5989964360642,435.0,3.033333333333333,1167.0,68445.0,5732.060483870968,,False,False,False,False,False,4.4457770424432335,0.5631953936687535,0.04811757435700903,0.013080306087741578,-0.014271204901572384,0.040712468193384144,59.765625,0.0,-0.005310803164602307,0.05812496440078174,2.6999999999999997,0.27262313860251997,0.24739314525733946,0.060469314079422354,0.016986673357044735
49020,2025,3,8.91,"Winchester, VA-WV",,,383728.1069851688,1858.2039540822088,498.0,3.233333333333333,1165.0,67684.0,6427.73875,,False,False,False,False,False,4.453827486669233,0.5969655172560664,0.03822445177347045,0.007442700679550995,-0.01197423711441719,-0.018703241895261735,45.740740740740726,0.0,0.0,0.05982148808897114,3.1333333333333333,0.19621962196219633,0.24344959483489204,0.03970452446906747,0.0077320348236682435
49020,2025,4,8.68,"Winchester, VA-WV",,,386321.98718884075,1836.4738997668358,490.0,3.45,1230.0,68230.0,6777.5671875,,False,False,False,False,False,4.504716033064059,0.6475765258342743,0.03824262760567487,0.011425800964932176,-0.010042940562701448,0.1364238410596026,52.1276595744681,0.0,0.0,0.06635701962299723,2.766666666666667,-0.07900677200902939,0.3229933232101214,0.04580812445980986,0.009956829512914878
49340,2019,2,1.13,"Worcester, MA",947404.0,72735.0,294161.0489582706,1346.3507625532714,3086.6666666666665,3.1333333333333333,1046.0,396850.0,2882.3277777777776,4.044284717924941,False,False,False,False,False,4.044837411035151,0.7019834038043373,0.07205642826166736,0.019672551201733057,0.0034326137085484757,0.03603603603603589,16.161616161616156,0.0,0.0019041624216282749,0.04761921735287644,3.6333333333333333,0.2560777957860616,0.1272577123238514,0.024144869215291687,0.00910317702158392
49340,2019,3,1.11,"Worcester, MA",947404.0,73408.0,296723.90219368174,1357.5796459981548,3550.0,3.266666666666667,1040.0,393673.0,2957.8528125,4.042119417416109,False,False,False,False,False,4.06915112386492,0.6424746191371549,0.06785817025384899,0.014637822823988289,0.0025945802770389868,0.02702702702702675,13.99999999999999,0.0,0.0,0.06877883169795229,3.6333333333333333,0.20881720430107542,0.15500598332389726,0.02929292929292937,0.006350160874168731
49340,2019,4,1.12,"Worcester, MA",947404.0,73982.25,299648.4838438207,1366.091777056937,3204.3333333333335,2.8333333333333335,1121.0,396739.0,3082.755625,4.050275354477874,False,False,False,False,False,4.055656593349532,0.593272100841709,0.057721405672016335,0.006169078820039253,0.0015833299798013872,0.02702702702702675,10.679611650485432,0.0,0.0,0.06378474615571861,3.1,-0.02428393524283934,0.03674172122599795,0.011374407582938284,0.0056424672044324
49340,2020,1,1.14,"Worcester, MA",857092.0,74556.5,304672.67284266313,1393.9754282273261,2257.0,3.8000000000000003,1131.0,387126.0,3055.869193548387,4.086466945774857,False,False,False,False,False,4.0286231016657235,0.5324824111761783,0.04379021137564365,0.0026987579305495224,0.00022713128327615635,-0.01666666666666672,15.68627450980391,-0.0028450037284781793,-0.0028450037284781793,0.06587393147527676,3.8333333333333335,-0.27203938371775005,-0.004562795426325428,0.02434456928838946,0.010195803104766421
49340,2020,2,1.13,"Worcester, MA",857092.0,75130.75,310215.7579685559,1417.1108068349602,2310.3333333333335,14.833333333333334,1176.0,347264.0,2931.687619047619,4.12901186223425,False,False,False,False,False,4.044284717924941,0.5060432234354719,0.037229133274263804,0.013263072387546204,-0.0012036939418891566,-0.017391304347826098,9.708737864077666,0.0,0.0028450037284781793,0.0608651878463613,3.1333333333333333,0.15967438948027546,0.0662922038202094,0.027504911591355707,0.007034140449352577
49340,2020,3,1.15,"Worcester, MA",857092.0,75705.0,315493.72441384126,1435.104534919744,2368.6666666666665,10.6,1143.0,361412.0,3319.8340625,4.167409344347682,False,False,False,False,False,4.042119417416109,0.47520459591670283,0.03117179426074368,0.008712415340124569,-0.0026555148502862658,-0.02631578947368407,9.90099009900991,0.0,0.0,0.0513886610406713,3.266666666666667,0.1501079913606913,0.03798825437241593,0.02060843964671255,0.005306502892018505
49340,2020,4,1.18,"Worcester, MA",857092.0,76862.0,330544.41443372116,1448.8319510766541,2056.6666666666665,7.3999999999999995,1268.0,369743.0,3554.5015625,4.300491978269121,False,False,False,False,False,4.050275354477874,0.4700614215005907,0.034950578061164306,0.009856238841958742,-0.003674891035567728,-0.01754385964912264,8.737864077669922,0.0,0.0,0.05444162670148067,2.8333333333333335,-0.09737089201877935,0.14221561000009686,0.05060918462980313,0.00452460045777725
49340,2021,1,1.23,"Worcester, MA",862052.0,78019.0,347577.8894828107,1472.3845717507963,1431.0,6.8,1202.0,363878.0,3865.7068852459015,4.455041585803595,False,False,False,False,False,4.086466945774857,0.4765685742552499,0.04947126633640875,0.016766942833794207,-0.003818537675720002,-0.03389830508474578,-0.8695652173913104,-0.09669028377420219,-0.09669028377420219,0.05669122596885234,3.8000000000000003,-0.29564131904712376,0.12306660146925985,0.03382084095063975,-0.003513594909534623
49340,2021,2,1.33,"Worcester, MA",862052.0,79176.0,364462.52198690333,1523.124567110084,1875.0,5.7,1185.0,379641.0,4183.62634920635,4.603194427438912,False,False,False,False,False,4.12901186223425,0.47512284022147666,0.05457795675919974,0.018193575006824725,-0.0034082414532912346,0.0,1.8018018018017834,0.0,0.09669028377420219,0.052556916258209574,14.833333333333334,0.02363018756461388,0.017124992393438676,0.124282982791587,-0.12494897316366382
49340,2021,3,1.41,"Worcester, MA",862052.0,80333.0,374649.88997460715,1582.7529877054594,2275.0,5.2,1189.0,379119.0,4421.670625,4.663710927945019,False,False,False,False,False,4.167409344347682,0.4663714888570656,0.06325685959706684,0.01701385667784283,-0.0023564020562670354,0.03603603603603589,3.603603603603589,0.0,0.0,0.057105223365800706,10.6,0.025248881835232773,0.12237973724394036,0.09903846153846163,-0.08194872394093577
49340,2021,4,1.46,"Worcester, MA",862052.0,81926.75,373673.93802098976,1621.29191008878,2134.6666666666665,3.866666666666667,1310.0,386339.0,4602.1089062500005,4.5610736178475255,False,False,False,False,False,4.300491978269121,0.576491774050989,0.10310724817818095,0.04770519619001212,0.0003283770038468634,0.05357142857142838,6.306306306306286,0.0,0.0,0.060567068339998364,7.3999999999999995,-0.1317196735153392,0.15302735438200687,0.1311329170383586,-0.06804473469963879
49340,2022,1,1.62,"Worcester, MA",865735.0,83520.5,385328.337623093,1649.9058741700794,1385.6666666666667,4.233333333333333,1256.0,384561.0,4463.855483870967,4.613577955389311,False,False,False,False,False,4.455041585803595,0.7042453785343827,0.14082397426665283,0.0515315773169871,0.004219848932705655,0.07894736842105265,2.5000000000000133,0.10111276335097019,0.10111276335097019,0.056248583680689856,6.8,-0.3042139384116693,0.2650105879555513,0.06277630415561442,-0.0600527993469826
49340,2022,2,1.9,"Worcester, MA",865735.0,85114.25,406087.4013596236,1720.6529736632162,1917.0,3.6333333333333333,1243.0,393895.0,4105.667096774193,4.771085938719117,False,False,False,False,False,4.603194427438912,0.8230814796661186,0.17486785446871456,0.048577982130038944,0.00893400947104069,0.17699115044247815,15.652173913043498,0.0,-0.10111276335097019,0.07480978887734246,5.7,0.3102725366876311,0.4270368786990453,0.007653061224489832,0.09323454201990411
49340,2022,3,2.0,"Worcester, MA",865735.0,86708.0,414087.5783038057,1773.5733101455482,2360.0,3.8666666666666667,1260.0,391844.0,3980.35109375,4.775655975271091,False,False,False,False,False,4.663710927945019,0.8538197215048897,0.18750346198065482,0.027951757377319364,0.013224363981807931,0.22608695652173916,23.684210526315795,0.0,0.0,0.10288341315427063,5.2,0.21333333333333337,0.3318950711862574,0.0402449693788276,0.04899394596748308
49340,2022,4,2.24,"Worcester, MA",865735.0,88421.25,410421.4160401815,1767.5729317805135,1900.3333333333333,3.3333333333333335,1291.0,394136.0,3851.9734920634924,4.6416604157957675,False,False,False,False,False,4.5610736178475255,0.727956520559657,0.1304802674132517,-0.0026049706131864303,0.01402407631334835,0.23728813559322037,28.07017543859649,0.0,0.0,0.11903379055380969,3.866666666666667,-0.06168498168498171,0.294726932969241,0.03312302839116721,0.0448852310929484
49340,2023,1,2.64,"Worcester, MA",872813.0,90134.5,411248.07194395456,1802.812108739362,1318.0,4.1,1336.0,385310.0,4000.064516129032,4.562604462708004,False,False,False,False,False,4.613577955389311,0.7501151849878647,0.10861003902306399,0.031188687291990425,0.012840586681156676,0.3170731707317074,37.28813559322035,-0.0015146459491366393,-0.0015146459491366393,0.12056721173612583,4.233333333333333,-0.3508744534665833,0.15473201056913988,0.04492512479201327,0.05684047950137128
49340,2023,2,2.35,"Worcester, MA",872813.0,91847.75,419997.3038547705,1851.0628643874788,1403.0,3.266666666666667,1260.0,394420.0,4206.072903225806,4.57275549868963,False,False,False,False,False,4.771085938719117,0.865068470597246,0.11420894292724015,0.053873701229926185,0.011120923176004016,0.4285714285714284,68.141592920354,0.0,0.0015146459491366393,0.1296863111648936,3.6333333333333333,0.38344960307914344,-0.01863437265303247,0.048945147679324785,0.037545997402809395
49340,2023,3,2.21,"Worcester, MA",872813.0,93561.0,433810.6091503739,1887.9009345121574,1517.0,3.5333333333333337,1255.0,391752.0,4458.13746031746,4.636660672185782,False,False,False,False,False,4.775655975271091,0.8309259229423427,0.10526544751386835,0.01970062828198249,0.008243625139282113,0.4184397163120568,80.18018018018016,0.0,0.0,0.12056228857082996,3.8666666666666667,0.2310902451747523,-0.0998083232963558,0.05971404541631631,0.03356465911758577
49340,2023,4,2.21,"Worcester, MA",872813.0,94155.5,444812.2348359116,1903.9332490348127,1535.3333333333333,3.4,1333.0,394126.0,4464.907619047619,4.724229968890947,False,False,False,False,False,4.6416604157957675,0.6695185619034922,0.09834102483520679,-0.008853591500236901,0.004753628618063507,0.5342465753424659,100.0,0.0,0.0,0.09022497477565494,3.3333333333333335,-0.19477401129943506,-0.16299818832356816,-0.01450381679389312,0.020181757472064632
49340,2024,1,2.47,"Worcester, MA",881248.0,94750.0,450390.3615026067,1921.3970082519882,1160.0,4.133333333333333,1421.0,348724.0,4992.540983606557,4.753460279710889,False,False,False,False,False,4.562604462708004,0.5614936952982816,0.06726661859532079,0.0020141636656021422,0.00028520407373771385,0.6296296296296295,131.57894736842107,0.0039033478871628446,0.0039033478871628446,0.09267573196937429,4.1,-0.30643746711103315,-0.10389918970668477,0.06369426751592355,0.0019476754013016961
49340,2024,2,2.26,"Worcester, MA",881248.0,95344.5,459577.9992469224,1972.9353591481838,1463.0,3.8666666666666667,1340.0,356946.0,5246.626507936508,4.820183641918751,False,False,False,False,False,4.57275549868963,0.5279180876544789,0.03425346969291598,0.021274827793012152,-0.005345277697678966,0.23684210526315796,107.96460176991154,0.0,-0.0039033478871628446,0.07579093095490608,3.266666666666667,0.06449165402124435,0.024455418348580116,0.013676588897827857,0.0013328425087903994
49340,2024,3,2.22,"Worcester, MA",881248.0,95939.0,466299.7409215668,2015.8548678557065,1801.3333333333333,4.233333333333333,1333.0,352493.0,5543.46921875,4.860377332696472,False,False,False,False,False,4.636660672185782,0.5675095483208619,0.0476300953710278,0.03288903326003223,-0.009924649002368125,0.10499999999999998,92.17391304347827,0.0,0.0,0.06446174156580353,3.5333333333333337,0.08125445473984327,0.12003623683289799,-0.003968253968253954,-0.00023478731331860736
49340,2024,4,2.26,"Worcester, MA",881248.0,95939.0,471871.72644492565,2015.4353692533914,1820.3333333333333,3.8666666666666667,1417.0,353123.0,5907.04296875,4.918455752560749,False,False,False,False,False,4.724229968890947,0.6685733755414152,0.08379391876656639,0.02536043483833783,-0.01119244465196118,-0.013392857142857206,87.28813559322035,0.0,0.0,0.07714551111446388,3.4,0.012085255987694943,0.15912210409728944,0.03253292021688603,-2.537195282847904e-05
49340,2025,1,2.5,"Worcester, MA",,,476719.1114365595,2044.8030667077257,1320.0,4.7,1483.0,353064.0,5894.8178333333335,,False,False,False,False,False,4.753460279710889,0.7248371780451652,0.09517926582276237,0.012540407456986591,-0.010172887449835646,-0.06439393939393934,100.81300813008131,0.001488442897499942,0.001488442897499942,0.06577773631415651,4.133333333333333,-0.2444637429439861,0.24811511501268746,0.06362275449101795,-0.09495211647764135
49340,2025,2,2.43,"Worcester, MA",,,476804.8780560287,2087.2768940107267,1764.3333333333333,4.333333333333333,1382.0,361650.0,5732.060483870968,,False,False,False,False,False,4.820183641918751,0.7758989239938101,0.09424035589961388,0.020399277004204963,-0.0073227993023956,-0.0382978723404257,69.92481203007517,0.0,-0.001488442897499942,0.06583919817387329,3.8666666666666667,0.26120689655172424,0.24739314525733946,0.06349206349206349,-0.09501039501039499
49340,2025,3,2.4,"Worcester, MA",,,476423.20762442396,2112.6032869947417,2203.3333333333335,4.733333333333333,1371.0,355479.0,6427.73875,,False,False,False,False,False,4.860377332696472,0.8182579152803626,0.07489243251755284,0.014625899598455172,-0.004078687596945922,0.00452488687782826,57.44680851063833,0.0,0.0,0.06777576672825414,4.233333333333333,0.23125996810207328,0.24344959483489204,0.06215139442231066,-0.10021391084155284
49340,2025,4,2.31,"Worcester, MA",,,480397.41457551095,2109.2778363375032,2133.3333333333335,4.7,1459.0,359533.0,6777.5671875,,False,False,False,False,False,4.918455752560749,0.8681803980828748,0.060833514660396215,0.011949364398845086,-0.003179777174289111,0.02262443438914019,54.794520547945204,0.0,0.0,0.05856409108623106,3.8666666666666667,0.010547742413027361,0.3229933232101214,0.06301575393848458,-0.10403525776020861
49740,2023,4,5.54,"Yuma, AZ",215448.0,61031.75,267600.97980283975,1386.1677839744536,531.6666666666666,12.233333333333334,1026.0,79932.0,4464.907619047619,4.3846191499152445,False,False,False,False,False,4.582072621113249,1.2290371115795877,0.16386379956250607,-0.004566153962558994,0.01486614555086822,0.5694050991501418,113.07692307692308,0.0,0.0,0.07146845168835503,12.066666666666668,-0.07390300230946867,-0.16299818832356816,-0.0080971659919028,-0.009322001697212312
49740,2024,1,5.94,"Yuma, AZ",220310.0,61646.5,268657.2440845705,1381.6629813830434,620.3333333333334,9.066666666666666,995.0,77295.0,4992.540983606557,4.3580291514452645,False,False,False,False,False,4.425013399393403,1.0308855716664853,0.0830257673376058,-0.01755474446107197,0.007258890609658068,0.40526315789473677,102.27272727272725,0.01956442426578575,0.01956442426578575,0.07215134526005906,9.700000000000001,-0.10723192019950134,-0.10389918970668477,0.0979262672811061,0.00838533286239418
49740,2024,2,5.78,"Yuma, AZ",220310.0,62261.25,269883.3685974411,1399.805185760403,696.0,11.733333333333334,1049.0,65862.0,5246.626507936508,4.334692422613442,False,False,False,False,False,4.3588664925345295,0.9231455794300407,0.012819979250678681,0.00181810450558606,-0.003058012055101714,0.38407494145199084,126.4367816091954,0.0,-0.01956442426578575,0.05079717914737136,11.733333333333334,-0.07653631284916196,0.024455418348580116,0.03673469387755102,-0.0058639871943199084
49740,2024,3,5.94,"Yuma, AZ",220310.0,62876.0,272175.0745412036,1417.0714392010377,658.0,16.099999999999998,1051.0,68202.0,5543.46921875,4.328759376251727,False,False,False,False,False,4.36797064950006,0.8993380543651357,-0.0017851640065936758,0.018859693081152873,-0.013069337787218204,0.16910229645093944,108.17843866171005,0.0,0.0,0.0354281804048886,15.833333333333334,-0.13793103448275867,0.12003623683289799,0.02780638516992795,-0.0017807853263288598
49740,2024,4,5.74,"Yuma, AZ",220310.0,62876.0,275065.52649342496,1413.0892811149722,705.0,13.566666666666668,1054.0,79260.0,5907.04296875,4.374730047926474,False,False,False,False,False,4.3846191499152445,0.8878622985696469,0.016858324202321917,0.01402539417135129,-0.02016064257278657,0.0,99.28057553956835,0.0,0.0,0.04550802503031326,12.233333333333334,0.11929824561403501,0.15912210409728944,0.04693877551020398,0.021926179730749062
49740,2025,1,5.89,"Yuma, AZ",,,276292.8363810084,1431.2556930724422,787.0,10.933333333333332,1059.0,76758.0,5894.8178333333335,,False,False,False,False,False,4.3580291514452645,0.8120401615874075,0.03911339839362915,0.003947161488380813,-0.024127623326700282,0.1123595505617978,105.5363321799308,-0.005637977636958169,-0.005637977636958169,0.013595720504802067,9.066666666666666,0.16677115987460822,0.24811511501268746,0.044071353620146914,0.0027372736235795614
49740,2025,2,6.05,"Yuma, AZ",,,276882.5410963293,1440.6318164767429,880.3333333333334,14.133333333333333,1089.0,64144.0,5732.060483870968,,False,False,False,False,False,4.334692422613442,0.742631247726182,0.04196141219823124,0.004563898945098455,-0.025177690607665337,-0.021996615905245376,86.45161290322581,0.0,0.005637977636958169,0.017978339813494504,11.733333333333334,0.12197743148844697,0.24739314525733946,0.032480314960629864,0.04997847816729628
49740,2025,3,6.23,"Yuma, AZ",,,277847.0469826968,1435.9274519961193,829.0,17.433333333333334,1093.0,66073.0,6427.73875,,False,False,False,False,False,4.328759376251727,0.7217295398416366,0.031358096852275086,0.008491467835429312,-0.02356362938365465,0.06071428571428594,74.7058823529412,0.0,0.0,0.028112744243768972,16.099999999999998,-0.054597701149425304,0.24344959483489204,0.05310621242484981,0.013914905004013933
49740,2025,4,5.85,"Yuma, AZ",,,279129.85619435104,1435.2260376530555,815.3333333333334,13.1,1128.0,79674.0,6777.5671875,,False,False,False,False,False,4.374730047926474,0.7932083062848165,0.027894317487495268,0.010619826070016325,-0.021221671475518677,0.036101083032491044,62.60623229461757,0.0,0.0,0.019421528513185127,13.566666666666668,0.0714285714285714,0.3229933232101214,0.02729044834308003,-0.008407146074163041
