cbsa,metro_name_x,year,qtr,hpi_at_sa,hpi_po_sa,RegionID,RegionName_x,RegionType,StateName,zhvi_qtr,zhvi_yoy,zhvi_qoq,RegionName_y,zori_qtr,unemployment_rate,RegionName_x_x,inventory_qtr,metro_name_y,population,pop_yoy_growth,pop_velocity_3yr,pop_acceleration,sp500_qtr,index_sa,RegionName_y_y,median_income,income_moe,price_to_income_ratio,affordability_burden,hpi_3yr_chg,is_unaffordable,collapse_onset,prev_unaffordable,price_to_income_lag,price_to_income_5yr_chg,zhvi_yoy_fixed,zhvi_qoq_fixed,zhvi_yoy_lag,zhvi_qoq_lag,three-year_home_price_growth_trend,hpi_yoy,hpi_yoy_lag,hpi_3yr_chg_lag,pop_yoy_fixed,pop_velocity_fixed,pop_velocity_lag,pop_acceleration_fixed,pop_acceleration_lag,zori_yoy_fixed,zori_yoy_lag,unemployment_rate_lag,inv_qoq_fixed,inv_qoq_lag,sp500_yoy_fixed,sp500_yoy_lag
12020,"Athens-Clarke County, GA",2019,2,2.59,,394346.0,"Athens, GA",msa,GA,211238.84047707,0.0995158413140624,0.0228057621808961,"Athens, GA",1021.57396789753,3.33333333333333,"Athens, GA",1068.66666666667,"Athens-Clarke County, GA",213750.0,0.0107912308245219,0.0406422527531378,-0.00050447565927092,2882.32777777778,2.59,,47214.0,1498.0,4.474072107363706,False,15.624999999999979,False,False,False,4.246118330517681,0.6180158987714517,0.09951584131406244,0.02280576218089636,0.08766054229393472,0.021775120815596738,0.0047659943387118025,0.02371541501976293,0.07203389830508478,21.052631578947366,0.010791230824521936,0.0,0.0,0.0005044756592709199,0.00673722406216104,0.06189978524667428,0.10318050964183523,3.63333333333333,0.16075307748009005,0.1264822134387351,0.06629220382021028,0.12725771232385252
12020,"Athens-Clarke County, GA",2019,3,2.62,,394346.0,"Athens, GA",msa,GA,214449.47635512,0.0928598396060724,0.0151990792545524,"Athens, GA",1042.13673447288,3.3,"Athens, GA",1023.66666666667,"Athens-Clarke County, GA",213750.0,0.0107912308245219,0.0406422527531378,-0.00050447565927092,2957.8528125,2.62,,47214.0,1498.0,4.542073883914093,False,16.964285714285698,False,False,False,4.336909225200482,0.6725554596890819,0.09285983960607247,0.015199079254548664,0.08616604865371613,0.02138209244671052,0.004619710178068181,0.011583011583011782,0.05284552845528445,18.2648401826484,0.010791230824521936,0.0,0.0,0.0,0.0,0.06602368486539123,0.09753791701932135,3.53333333333333,-0.042108546475358444,-0.047660818713447406,0.037988254372415486,0.15500598332389925
12020,"Athens-Clarke County, GA",2019,4,2.61,,394346.0,"Athens, GA",msa,GA,218803.966280064,0.0868621732065277,0.0203054351027305,"Athens, GA",1083.18526062309,2.86666666666667,"Athens, GA",900.0,"Athens-Clarke County, GA",213750.0,0.0107912308245219,0.0406422527531378,-0.00050447565927092,3082.755625,2.61,,47214.0,1498.0,4.63430267039573,False,9.205020920502083,False,False,False,4.44939051926862,0.7571939450006484,0.08686217320652778,0.020305435102733194,0.08835570164900686,0.025935819319100162,0.004609844807735344,-0.0076045627376425395,0.019379844961240345,21.198156682027648,0.010791230824521936,0.0,0.0,0.0,0.0,0.09551075537798326,0.08734089832047287,3.36666666666667,-0.12080755454249725,-0.11206631869819117,0.14221561000009708,0.036741721225998614
12020,"Athens-Clarke County, GA",2020,1,2.71,,394346.0,"Athens, GA",msa,GA,224699.438006772,0.0879811659309071,0.0269440807081274,"Athens, GA",1090.96663078003,3.36666666666667,"Athens, GA",831.666666666667,"Athens-Clarke County, GA",215734.0,0.0092818713450293,0.0316968427496103,-0.0015093594794926,3055.86919354839,2.71,,49503.0,1797.0,4.539107488571844,False,12.448132780082988,False,False,False,4.374312575071716,0.7081421976369913,0.0879811659309071,0.026944080708125373,0.09840790220210005,0.02588786485564465,0.004983957746696043,0.02264150943396226,0.03921568627450989,14.71861471861471,0.009281871345029336,-0.0015093594794926002,-0.0005044756592709199,-0.0015093594794926002,-0.0005044756592709199,0.08537665397653216,0.06784145514709916,3.63333333333333,-0.07592592592592562,-0.04495159059474385,0.12306660146926007,-0.004562795426326538
12020,"Athens-Clarke County, GA",2020,2,2.66,,394346.0,"Athens, GA",msa,GA,229913.694075196,0.0884063440035458,0.0232054700032962,"Athens, GA",1089.56063427781,8.7,"Athens, GA",922.666666666667,"Athens-Clarke County, GA",215734.0,0.0092818713450293,0.0316968427496103,-0.0015093594794926,2931.68761904762,2.66,,49503.0,1797.0,4.644439611239642,False,12.711864406779672,False,False,False,4.474072107363706,0.7433649429854619,0.08840634400354586,0.023205470003297757,0.09951584131406244,0.02280576218089636,0.0052708175017359546,0.027027027027027195,0.02371541501976293,15.624999999999979,0.009281871345029336,0.0,0.0,0.0015093594794926002,0.0005044756592709199,0.06655089941279657,0.06189978524667428,3.33333333333333,0.10941883767535066,0.16075307748009005,0.017124992393438232,0.06629220382021028
12020,"Athens-Clarke County, GA",2020,3,2.71,,394346.0,"Athens, GA",msa,GA,234770.929349626,0.0947610287509141,0.0211263417517074,"Athens, GA",1118.53746764924,5.6,"Athens, GA",935.0,"Athens-Clarke County, GA",215734.0,0.0092818713450293,0.0316968427496103,-0.0015093594794926,3319.8340625,2.71,,49503.0,1797.0,4.742559629711856,False,10.162601626016254,False,False,False,4.542073883914093,0.7932963475245822,0.09476102875091419,0.021126341751707134,0.09285983960607247,0.015199079254548664,0.005034485976562995,0.03435114503816794,0.011583011583011782,16.964285714285698,0.009281871345029336,0.0,0.0,0.0,0.0,0.07331162087382315,0.06602368486539123,3.3,0.013367052023121051,-0.042108546475358444,0.12237973724394036,0.037988254372415486
12020,"Athens-Clarke County, GA",2020,4,2.76,,394346.0,"Athens, GA",msa,GA,245871.498843446,0.1237067728869969,0.0472825554874754,"Athens, GA",1150.95371049844,4.1,"Athens, GA",784.0,"Athens-Clarke County, GA",215734.0,0.0092818713450293,0.0316968427496103,-0.0015093594794926,3554.5015625,2.76,,49503.0,1797.0,4.96679996855637,False,6.976744186046502,False,False,False,4.63430267039573,0.864432883115315,0.12370677288699694,0.04728255548747606,0.08686217320652778,0.020305435102733194,0.004012710577289448,0.05747126436781613,-0.0076045627376425395,9.205020920502083,0.009281871345029336,0.0,0.0,0.0,0.0,0.06256404360263068,0.09551075537798326,2.86666666666667,-0.16149732620320856,-0.12080755454249725,0.15302735438200687,0.14221561000009708
12020,"Athens-Clarke County, GA",2021,1,2.84,,394346.0,"Athens, GA",msa,GA,258058.466821225,0.1484606686619645,0.0495664118659744,"Athens, GA",1180.277361643,3.76666666666667,"Athens, GA",604.666666666667,"Athens-Clarke County, GA",218340.0,0.0120796907302512,0.0324966425180169,0.0027978193852218,3865.7068852459,2.84,,52958.0,1720.0,4.8728892107184,False,11.372549019607847,False,False,False,4.539107488571844,0.6192103158818818,0.1484606686619645,0.04956641186597577,0.0879811659309071,0.026944080708125373,0.0025943610412619256,0.047970479704797064,0.02264150943396226,12.448132780082988,0.012079690730251169,0.0027978193852218336,-0.0015093594794926002,0.0027978193852218336,-0.0015093594794926002,0.08186385205853042,0.08537665397653216,3.36666666666667,-0.22874149659863907,-0.07592592592592562,0.26501058795554977,0.12306660146926007
12020,"Athens-Clarke County, GA",2021,2,3.14,,394346.0,"Athens, GA",msa,GA,269832.209800507,0.1736239152081788,0.0456243235275773,"Athens, GA",1207.64017498741,3.43333333333333,"Athens, GA",615.666666666667,"Athens-Clarke County, GA",218340.0,0.0120796907302512,0.0324966425180169,0.0027978193852218,4183.62634920635,3.14,,52958.0,1720.0,5.095211484582254,True,24.11067193675891,True,True,False,4.644439611239642,0.6896040904713332,0.17362391520817888,0.045624323527576616,0.08840634400354586,0.023205470003297757,0.0012844736435994332,0.18045112781954886,0.027027027027027195,12.711864406779672,0.012079690730251169,0.0,0.0,-0.0027978193852218336,0.0015093594794926002,0.10837353791500215,0.06655089941279657,8.7,0.018191841234840078,0.10941883767535066,0.42703687869904483,0.017124992393438232
12020,"Athens-Clarke County, GA",2025,2,6.98,,394346.0,"Athens, GA",msa,GA,362122.813358844,0.0175044201000043,-0.000754605824765942,"Athens, GA",1604.74838441058,3.0,"Athens, GA",739.666666666667,"Athens-Clarke County, GA",224148.0,-4.90723102797297e-05,0.0158945980121554,-0.0068220039387025,5732.06048387097,6.98,,,,,False,54.76718403547673,False,False,False,5.42453833124119,0.9504662238774841,0.017504420100004303,-0.0007546058247660525,0.07288889500761031,0.019334684077253916,-0.016066657528930987,0.19112627986348119,0.05017921146953408,86.62420382165605,-4.907231027972969e-05,0.0,0.0,0.006822003938702581,0.002336889302410494,0.014421425155741963,0.05070232427032151,3.16666666666667,0.2680000000000011,0.2872260015117165,0.09252306700317803,0.24739314525733902
12020,"Athens-Clarke County, GA",2025,3,7.03,,394346.0,"Athens, GA",msa,GA,362690.464102267,0.0134940260868623,0.0015675641591266,"Athens, GA",1607.02599350652,3.33333333333333,"Athens, GA",794.333333333333,"Athens-Clarke County, GA",224148.0,-4.90723102797297e-05,0.0158945980121554,-0.0068220039387025,6427.73875,7.03,,,,,False,35.976789168278536,False,False,False,5.454540178983797,0.912466295069704,0.013494026086862343,0.0015675641591252898,0.05640294963453196,0.0055307651841669525,-0.014402117393703225,0.0492537313432837,0.09656301145662849,103.03030303030303,-4.907231027972969e-05,0.0,0.0,0.0,0.0,0.011224006759811056,0.04006179516954256,3.6,0.07390716538981446,0.11567821491485497,0.1595155481803856,0.24344959483489204
12020,"Athens-Clarke County, GA",2025,4,6.81,,394346.0,"Athens, GA",msa,GA,364995.126796429,0.0163937996137502,0.0063543514987809,"Athens, GA",1637.58852963805,3.05,"Athens, GA",764.0,"Athens-Clarke County, GA",224148.0,-4.90723102797297e-05,0.0158945980121554,-0.0068220039387025,6777.5671875,6.81,,,,,False,16.013628620102203,False,False,False,5.473539545356679,0.8392368749609487,0.016393799613750204,0.006354351498781385,0.04262199610913675,0.0034832205372847813,-0.012928631825269415,-0.13137755102040816,0.1807228915662651,120.2247191011236,-4.907231027972969e-05,0.0,0.0,0.0,0.0,0.026004812181013914,0.03552983235587037,2.93333333333333,-0.03818715904322245,-0.01631578947368373,0.14737055805338306,0.3229933232101212
12220,"Auburn-Opelika, AL",2019,2,3.0,,394351.0,"Auburn, AL",msa,AL,228159.298328521,0.0631286478532122,0.0201261471581644,"Auburn, AL",1088.28342748267,2.73333333333333,"Auburn, AL",1180.0,"Auburn-Opelika, AL",164542.0,0.0054137947890697,0.0337630679533574,-0.0083126670543396,2882.32777777778,3.0,,51463.0,2221.0,4.433462843761945,False,10.294117647058808,False,False,False,4.465856176972886,0.43715423039831425,0.06312864785321226,0.020126147158165297,0.052795951129389174,0.017842363948541218,0.0030705039121849574,0.034482758620689724,0.021126760563380254,8.208955223880587,0.005413794789069781,0.0,0.0,0.00831266705433964,0.0005477641316609105,0.05488313795756872,0.0650679934839744,3.56666666666667,0.1291866028708133,0.08756791307126566,0.06629220382021028,0.12725771232385252
12220,"Auburn-Opelika, AL",2019,3,2.98,,394351.0,"Auburn, AL",msa,AL,230499.150438861,0.060125618167075,0.0102553440840758,"Auburn, AL",1084.70634090705,2.9,"Auburn, AL",1194.33333333333,"Auburn-Opelika, AL",164542.0,0.0054137947890697,0.0337630679533574,-0.0083126670543396,2957.8528125,2.98,,51463.0,2221.0,4.478929530708684,False,8.75912408759123,False,False,False,4.524435284431351,0.46432989434963723,0.06012561816707507,0.01025534408407447,0.054361577341758505,0.01311710568748592,0.0018800849170203535,-0.019736842105263164,0.048275862068965614,14.716981132075468,0.005413794789069781,0.0,0.0,0.0,0.0,0.050621641490313785,0.053912598776231224,3.8,0.012146892655364505,0.04613576256245078,0.037988254372415486,0.15500598332389925
12220,"Auburn-Opelika, AL",2019,4,3.1,,394351.0,"Auburn, AL",msa,AL,232318.061728921,0.0584545371076514,0.0078911843561999,"Auburn, AL",1085.19861237603,2.53333333333333,"Auburn, AL",1078.0,"Auburn-Opelika, AL",164542.0,0.0054137947890697,0.0337630679533574,-0.0083126670543396,3082.755625,3.1,,51463.0,2221.0,4.514273589353924,False,9.929078014184412,False,False,False,4.5673379539314345,0.49499385446292177,0.05845453710765147,0.007891184356197734,0.05672553241340261,0.009482436326962551,0.00102291188724231,-0.009584664536741117,0.04682274247491636,5.743243243243246,0.005413794789069781,0.0,0.0,0.0,0.0,0.04094677802414881,0.054202979561303044,3.3,-0.09740440971252895,-0.11151685393258948,0.14221561000009708,0.036741721225998614
12220,"Auburn-Opelika, AL",2020,1,3.09,,394351.0,"Auburn, AL",msa,AL,235705.423381955,0.0538657296916336,0.0145807072761583,"Auburn, AL",1100.40907190972,3.2,"Auburn, AL",1055.0,"Auburn-Opelika, AL",194302.0,0.180865675632969,0.20355550049554,0.175451880843899,3055.86919354839,3.09,,52930.0,3248.0,4.4531536629880035,False,1.980198019801982,False,False,False,4.345994714587548,0.2584521018056236,0.05386572969163361,0.01458070727615901,0.060748593815384444,0.01899845741503081,0.000798790450486955,-0.012779552715655007,0.039867109634551534,10.2112676056338,0.18086567563296918,0.1754518808438994,-0.00831266705433964,0.1754518808438994,-0.00831266705433964,0.038754502657015744,0.0499554709332537,3.63333333333333,-0.021335807050092748,-0.008852355358833441,0.12306660146926007,-0.004562795426326538
12220,"Auburn-Opelika, AL",2020,2,2.99,,394351.0,"Auburn, AL",msa,AL,239503.188849643,0.0497191681611337,0.0161123380751962,"Auburn, AL",1098.13197219998,10.3666666666667,"Auburn, AL",1098.33333333333,"Auburn-Opelika, AL",194302.0,0.180865675632969,0.20355550049554,0.175451880843899,2931.68761904762,2.99,,52930.0,3248.0,4.524904380306877,False,5.2816901408450745,False,False,False,4.433462843761945,0.2982442721673211,0.04971916816113375,0.016112338075199073,0.06312864785321226,0.020126147158165297,0.0005328802200022363,-0.0033333333333332993,0.034482758620689724,10.294117647058808,0.18086567563296918,0.0,0.0,-0.1754518808438994,0.00831266705433964,0.009049613794166467,0.05488313795756872,2.73333333333333,0.04107424960505224,0.1291866028708133,0.017124992393438232,0.06629220382021028
12220,"Auburn-Opelika, AL",2020,3,3.09,,394351.0,"Auburn, AL",msa,AL,243187.772382455,0.0550484542760152,0.0153842775560102,"Auburn, AL",1113.0796807987,6.1,"Auburn, AL",1045.0,"Auburn-Opelika, AL",194302.0,0.180865675632969,0.20355550049554,0.175451880843899,3319.8340625,3.09,,52930.0,3248.0,4.594516765207916,False,6.5517241379310365,False,False,False,4.478929530708684,0.30915162450557254,0.055048454276015235,0.015384277556008463,0.06012561816707507,0.01025534408407447,0.0003058363404386041,0.03691275167785224,-0.019736842105263164,8.75912408759123,0.18086567563296918,0.0,0.0,0.0,0.0,0.026157623332342617,0.050621641490313785,2.9,-0.048558421851287004,0.012146892655364505,0.12237973724394036,0.037988254372415486
12220,"Auburn-Opelika, AL",2020,4,3.13,,394351.0,"Auburn, AL",msa,AL,250202.699300953,0.0769834141991965,0.0288457221749843,"Auburn, AL",1116.71498268379,4.0,"Auburn, AL",820.0,"Auburn-Opelika, AL",194302.0,0.180865675632969,0.20355550049554,0.175451880843899,3554.5015625,3.13,,52930.0,3248.0,4.727048919345418,False,4.682274247491636,False,False,False,4.514273589353924,0.3537635403723245,0.07698341419919652,0.02884572217498582,0.05845453710765147,0.007891184356197734,0.0001308183365249179,0.009677419354838568,-0.009584664536741117,9.929078014184412,0.18086567563296918,0.0,0.0,0.0,0.0,0.02904202967856273,0.04094677802414881,2.53333333333333,-0.215311004784689,-0.09740440971252895,0.15302735438200687,0.14221561000009708
12220,"Auburn-Opelika, AL",2021,1,3.23,,394351.0,"Auburn, AL",msa,AL,255077.180974359,0.0821863040504271,0.0194821306365796,"Auburn, AL",1133.80114515371,3.5,"Auburn, AL",738.666666666667,"Auburn-Opelika, AL",196476.0,0.0111887680003293,0.20054260155448,-0.16967690763264,3865.7068852459,3.23,,57191.0,3176.0,4.460093038666207,False,7.3089700996677776,False,False,False,4.4531536629880035,0.37481329593646695,0.08218630405042715,0.019482130636579553,0.05386572969163361,0.01458070727615901,-0.000152314295753484,0.04530744336569592,-0.012779552715655007,1.980198019801982,0.011188768000329308,-0.16967690763263987,0.1754518808438994,-0.16967690763263987,0.1754518808438994,0.03034514536129662,0.038754502657015744,3.2,-0.0991869918699183,-0.021335807050092748,0.26501058795554977,0.12306660146926007
12220,"Auburn-Opelika, AL",2021,2,3.52,,394351.0,"Auburn, AL",msa,AL,262748.027552955,0.0970544017178194,0.0300726491852159,"Auburn, AL",1153.18949416322,3.03333333333333,"Auburn, AL",854.666666666667,"Auburn-Opelika, AL",196476.0,0.0111887680003293,0.20054260155448,-0.16967690763264,4183.62634920635,3.52,,57191.0,3176.0,4.5942198519514434,False,21.379310344827584,False,False,False,4.524904380306877,0.39834272050093134,0.09705440171781943,0.030072649185217015,0.04971916816113375,0.016112338075199073,-0.00024121084963696994,0.17725752508361192,-0.0033333333333332993,5.2816901408450745,0.011188768000329308,0.0,0.0,0.16967690763263987,-0.1754518808438994,0.050137436443944416,0.009049613794166467,10.3666666666667,0.15703971119133575,0.04107424960505224,0.42703687869904483,0.017124992393438232
12220,"Auburn-Opelika, AL",2021,3,3.55,,394351.0,"Auburn, AL",msa,AL,273107.208151825,0.1230301814776957,0.0394262925409867,"Auburn, AL",1199.16240529785,3.0,"Auburn, AL",690.666666666667,"Auburn-Opelika, AL",196476.0,0.0111887680003293,0.20054260155448,-0.16967690763264,4421.670625,3.55,,57191.0,3176.0,4.775352907832089,False,16.77631578947367,False,False,False,4.594516765207916,0.4441570919764146,0.12303018147769573,0.03942629254098651,0.055048454276015235,0.015384277556008463,-5.4612842053730385e-05,0.1488673139158576,0.03691275167785224,6.5517241379310365,0.011188768000329308,0.0,0.0,0.0,0.0,0.07733743233672219,0.026157623332342617,6.1,-0.19188767550702024,-0.048558421851287004,0.3318950711862574,0.12237973724394036
12220,"Auburn-Opelika, AL",2021,4,3.87,,394351.0,"Auburn, AL",msa,AL,281297.537645469,0.1242785886458961,0.0299894299717314,"Auburn, AL",1243.34780292719,2.26666666666667,"Auburn, AL",553.333333333333,"Auburn-Opelika, AL",196476.0,0.0111887680003293,0.20054260155448,-0.16967690763264,4602.10890625,3.87,,57191.0,3176.0,4.9185630194518195,False,23.64217252396168,False,False,False,4.727048919345418,0.5404863551277606,0.12427858864589614,0.029989429971730486,0.07698341419919652,0.02884572217498582,0.0007619946749899527,0.2364217252396168,0.009677419354838568,4.682274247491636,0.011188768000329308,0.0,0.0,0.0,0.0,0.11339761909441282,0.02904202967856273,4.0,-0.19884169884169967,-0.215311004784689,0.2947269329692408,0.15302735438200687
12220,"Auburn-Opelika, AL",2022,1,4.11,,394351.0,"Auburn, AL",msa,AL,287370.568309997,0.1266024158346181,0.0215893488274408,"Auburn, AL",1237.1234517666,2.56666666666667,"Auburn, AL",462.666666666667,"Auburn-Opelika, AL",199504.0,0.0154115515381013,0.21248070401478,0.0042227835377719,4463.85548387097,4.11,,59288.0,2943.0,4.847027531878238,False,31.30990415335464,False,False,False,4.460093038666207,0.2535836261652751,0.12660241583461818,0.021589348827439903,0.08218630405042715,0.019482130636579553,0.00150539826248684,0.27244582043343657,0.04530744336569592,7.3089700996677776,0.015411551538101254,0.004222783537771946,-0.16967690763263987,0.004222783537771946,-0.16967690763263987,0.09112912529196882,0.03034514536129662,3.5,-0.16385542168674583,-0.0991869918699183,0.154732010569141,0.26501058795554977
12220,"Auburn-Opelika, AL",2022,2,4.79,,394351.0,"Auburn, AL",msa,AL,295082.798932634,0.1230638025366799,0.0268372320380335,"Auburn, AL",1255.27243790309,2.26666666666667,"Auburn, AL",507.333333333333,"Auburn-Opelika, AL",199504.0,0.0154115515381013,0.21248070401478,0.0042227835377719,4105.66709677419,4.79,,59288.0,2943.0,4.977108334445992,False,59.66666666666667,False,False,False,4.5942198519514434,0.3385961544240992,0.12306380253667992,0.026837232038033676,0.09705440171781943,0.030072649185217015,0.0025741350707578635,0.3607954545454546,0.17725752508361192,21.379310344827584,0.015411551538101254,0.0,0.0,-0.004222783537771946,0.16967690763263987,0.08852226304224486,0.050137436443944416,3.03333333333333,0.09654178674351432,0.15703971119133575,-0.018634372653033138,0.42703687869904483
12220,"Auburn-Opelika, AL",2022,3,4.89,,394351.0,"Auburn, AL",msa,AL,301573.38174657,0.1042307663257287,0.0219958019830835,"Auburn, AL",1317.65543696721,2.56666666666667,"Auburn, AL",551.666666666667,"Auburn-Opelika, AL",199504.0,0.0154115515381013,0.21248070401478,0.0042227835377719,3980.35109375,4.89,,59288.0,2943.0,5.086583823818817,True,64.09395973154362,True,True,False,4.775352907832089,0.46822765884902395,0.1042307663257287,0.021995801983082597,0.12303018147769573,0.03942629254098651,0.0044036055047022475,0.3774647887323943,0.1488673139158576,16.77631578947367,0.015411551538101254,0.0,0.0,0.0,0.0,0.09881316421017106,0.07733743233672219,3.0,0.08738501971090806,-0.19188767550702024,-0.0998083232963558,0.3318950711862574
12220,"Auburn-Opelika, AL",2025,2,6.8,,394351.0,"Auburn, AL",msa,AL,334717.832043791,0.0277271134420606,0.0075290329938768,"Auburn, AL",1572.35165583913,2.5,"Auburn, AL",789.333333333333,"Auburn-Opelika, AL",208013.0,0.0094925190602599,0.0426507739193198,-0.0087366476064068,5732.06048387097,6.8,,,,,False,41.962421711899786,False,False,False,5.1169297070427024,0.6834668632807572,0.02772711344206069,0.007529032993877749,0.04691370361254088,0.01616350436621561,-0.008966522718897455,0.035007610350076046,0.12116040955631391,86.64772727272727,0.00949251906025994,0.0,0.0,0.0087366476064068,-0.0038735647739729373,0.06941813345238934,0.07333447961564854,2.63333333333333,0.1716971796140514,0.19101762364980113,0.09252306700317803,0.24739314525733902
12220,"Auburn-Opelika, AL",2025,3,6.6,,394351.0,"Auburn, AL",msa,AL,336238.054888641,0.028438811727856,0.0045418041685063,"Auburn, AL",1603.83955443602,2.9,"Auburn, AL",791.333333333333,"Auburn-Opelika, AL",208013.0,0.0094925190602599,0.0426507739193198,-0.0087366476064068,6427.73875,6.6,,,,,False,34.96932515337423,False,False,False,5.136612709110969,0.6576831784022845,0.028438811727856006,0.00454180416850658,0.03272752236152732,0.0038466430447881006,-0.009033549994857025,0.09634551495016619,-0.051968503937007915,69.57746478873239,0.00949251906025994,0.0,0.0,0.0,0.0,0.04475560819966429,0.09265134171792644,3.3,0.0025337837837837718,0.06825775656324629,0.1595155481803856,0.24344959483489204
12220,"Auburn-Opelika, AL",2025,4,6.94,,394351.0,"Auburn, AL",msa,AL,340453.09067801,0.0353370975520217,0.0125358677522831,"Auburn, AL",1649.24502311346,2.1,"Auburn, AL",709.666666666667,"Auburn-Opelika, AL",208013.0,0.0094925190602599,0.0426507739193198,-0.0087366476064068,6777.5671875,6.94,,,,,False,9.119496855345922,False,False,False,5.166351143198306,0.6520775538443822,0.035337097552021746,0.012535867752283547,0.035695660621146263,0.005789502882822095,-0.008298185199925858,0.043609022556390986,0.13095238095238093,71.83462532299743,0.00949251906025994,0.0,0.0,0.0,0.0,0.0698966354767332,0.08038990898799714,2.76666666666667,-0.10320134793597235,-0.0705987488829316,0.14737055805338306,0.3229933232101212
12420,"Austin-Round Rock-San Marcos, TX",2019,2,1.57,464.9,394355.0,"Austin, TX",msa,TX,322971.64687432477,0.0262194080456366,0.0047590679112483,"Austin, TX",1400.18877097048,2.56666666666667,"Austin, TX",9252.0,"Austin-Round Rock-Georgetown, TX",2227083.0,0.0284396607337716,0.0800512702132281,0.0047939074159588,2882.32777777778,1.57,"Austin, TX",76844.0,621.0,4.202952044067524,False,17.164179104477604,False,False,False,4.298688456608258,0.7323506689767068,0.026219408045636605,0.00475906791124836,0.03211546169168944,0.008479869129737638,-0.006429051028668186,0.039735099337748325,0.027210884353741527,23.77049180327868,0.028439660733771577,0.0,0.0,-0.004793907415958865,0.0022798457076069756,0.04683620335465588,0.017213280316001667,2.96666666666667,0.15539274861590924,0.23737373737373768,0.06629220382021028,0.12725771232385252
12420,"Austin-Round Rock-San Marcos, TX",2019,3,1.56,473.96,394355.0,"Austin, TX",msa,TX,325435.04213345575,0.0260219643736072,0.0076272802364274,"Austin, TX",1419.38571618138,2.86666666666667,"Austin, TX",9832.0,"Austin-Round Rock-Georgetown, TX",2227083.0,0.0284396607337716,0.0800512702132281,0.0047939074159588,2957.8528125,1.56,"Austin, TX",76844.0,621.0,4.235009137127892,False,16.417910447761198,False,False,False,4.332309290446288,0.6610825171291799,0.026021964373607265,0.007627280236427447,0.03560436737901296,0.007821184107060564,-0.005902669375743396,-0.006369426751592355,0.046666666666666634,23.62204724409449,0.028439660733771577,0.0,0.0,0.0,0.0,0.046469236794917324,0.031133183315111168,3.1,0.06268914829226113,0.1207725947521825,0.037988254372415486,0.15500598332389925
12420,"Austin-Round Rock-San Marcos, TX",2019,4,1.59,495.88,394355.0,"Austin, TX",msa,TX,330525.4447557237,0.0347088184891184,0.0156418392712008,"Austin, TX",1418.1163856593,2.5,"Austin, TX",8605.0,"Austin-Round Rock-Georgetown, TX",2227083.0,0.0284396607337716,0.0800512702132281,0.0047939074159588,3082.755625,1.59,"Austin, TX",76844.0,621.0,4.301252469362913,False,16.058394160583944,False,False,False,4.363133936068797,0.5985813604451602,0.03470881848911844,0.015641839271200775,0.034335357841771996,0.007115061173144754,-0.005145213241885841,0.006329113924050667,0.04635761589403975,18.796992481203013,0.028439660733771577,0.0,0.0,0.0,0.0,0.043350482041372373,0.04312930179084895,2.8,-0.1247965825874695,-0.0971580932561591,0.14221561000009708,0.036741721225998614
12420,"Austin-Round Rock-San Marcos, TX",2020,1,1.61,501.21,394355.0,"Austin, TX",msa,TX,338346.29317403265,0.0525893199939355,0.0236618648954212,"Austin, TX",1429.61206284549,3.16666666666667,"Austin, TX",7143.33333333333,"Austin-Round Rock-San Marcos, TX",2300172.0,0.0328182649681219,0.0873075786761839,0.0043786042343503,3055.86919354839,1.61,"Austin, TX",80852.0,688.0,4.184760960446651,False,8.783783783783793,False,False,False,4.183044650500009,0.389401194228828,0.05258931999393557,0.023661864895421214,0.030019680713820884,0.006272758652359656,-0.0044679962569923485,-0.012269938650306678,0.04487179487179471,19.852941176470562,0.0328182649681219,0.004378604234350325,0.004793907415958865,0.004378604234350325,0.004793907415958865,0.04131076657850197,0.04609151931491495,3.06666666666667,-0.1698624830524892,-0.13480515738673138,0.12306660146926007,-0.004562795426326538
12420,"Austin-Round Rock-San Marcos, TX",2020,2,1.58,504.06,394355.0,"Austin, TX",msa,TX,344671.94920020824,0.0671894964647703,0.0186958041326077,"Austin, TX",1427.3459894003,10.2666666666667,"Austin, TX",8062.33333333333,"Austin-Round Rock-San Marcos, TX",2300172.0,0.0328182649681219,0.0873075786761839,0.0043786042343503,2931.68761904762,1.58,"Austin, TX",80852.0,688.0,4.262998431704945,False,7.48299319727892,False,False,False,4.202952044067524,0.30025966438139884,0.06718949646477035,0.01869580413260774,0.026219408045636605,0.00475906791124836,-0.0039091211209016305,0.006369426751592355,0.039735099337748325,17.164179104477604,0.0328182649681219,0.0,0.0,-0.004378604234350325,-0.004793907415958865,0.01939539795837475,0.04683620335465588,2.56666666666667,0.1286514232384508,0.15539274861590924,0.017124992393438232,0.06629220382021028
12420,"Austin-Round Rock-San Marcos, TX",2020,3,1.61,529.75,394355.0,"Austin, TX",msa,TX,350606.1480637049,0.0773460220056045,0.017216947527255,"Austin, TX",1422.81830125428,6.8,"Austin, TX",8071.33333333333,"Austin-Round Rock-San Marcos, TX",2300172.0,0.0328182649681219,0.0873075786761839,0.0043786042343503,3319.8340625,1.61,"Austin, TX",80852.0,688.0,4.336394252012379,False,7.333333333333347,False,False,False,4.235009137127892,0.22049179676278552,0.07734602200560459,0.017216947527255,0.026021964373607265,0.007627280236427447,-0.0033352556510690117,0.03205128205128216,-0.006369426751592355,16.417910447761198,0.0328182649681219,0.0,0.0,0.0,0.0,0.0024183596000491026,0.046469236794917324,2.86666666666667,0.0011163021457807343,0.06268914829226113,0.12237973724394036,0.037988254372415486
12420,"Austin-Round Rock-San Marcos, TX",2020,4,1.68,565.03,394355.0,"Austin, TX",msa,TX,367314.50914771314,0.1113047875003345,0.0476556420253427,"Austin, TX",1409.57182115428,5.03333333333333,"Austin, TX",5939.0,"Austin-Round Rock-San Marcos, TX",2300172.0,0.0328182649681219,0.0873075786761839,0.0043786042343503,3554.5015625,1.68,"Austin, TX",80852.0,688.0,4.543047904167035,False,11.258278145695355,False,False,False,4.301252469362913,0.19512216439567442,0.11130478750033457,0.04765564202534267,0.03470881848911844,0.015641839271200775,-0.002511902670969819,0.05660377358490565,0.006329113924050667,16.058394160583944,0.0328182649681219,0.0,0.0,0.0,0.0,-0.006025291429833879,0.043350482041372373,2.5,-0.26418600809449055,-0.1247965825874695,0.15302735438200687,0.14221561000009708
12420,"Austin-Round Rock-San Marcos, TX",2021,1,1.77,609.52,394355.0,"Austin, TX",msa,TX,392175.3973355509,0.1590947063629586,0.0676828373742246,"Austin, TX",1440.79014552805,5.13333333333333,"Austin, TX",4748.0,"Austin-Round Rock-San Marcos, TX",2359313.0,0.0257115554836769,0.089501855694097,-0.007106709484445,3865.7068852459,1.77,"Austin, TX",85398.0,783.0,4.592325315997458,False,13.461538461538458,False,False,False,4.184760960446651,0.06508390661417263,0.15909470636295864,0.06768283737422465,0.05258931999393557,0.023661864895421214,-0.0009844029168061313,0.0993788819875776,-0.012269938650306678,8.783783783783793,0.025711555483676873,-0.0071067094844450285,0.004378604234350325,-0.0071067094844450285,0.004378604234350325,0.00781896220175371,0.04131076657850197,3.16666666666667,-0.2005388112476848,-0.1698624830524892,0.26501058795554977,0.12306660146926007
12420,"Austin-Round Rock-San Marcos, TX",2021,2,2.05,670.2,394355.0,"Austin, TX",msa,TX,443623.887361965,0.2870901980604141,0.131187449227964,"Austin, TX",1529.88420604514,4.33333333333333,"Austin, TX",7213.0,"Austin-Round Rock-San Marcos, TX",2359313.0,0.0257115554836769,0.089501855694097,-0.007106709484445,4183.62634920635,2.05,"Austin, TX",85398.0,783.0,5.194780760228167,True,35.761589403973495,True,True,False,4.262998431704945,0.0402411848657076,0.28709019806041414,0.13118744922796366,0.06718949646477035,0.01869580413260774,0.0009105482054073062,0.29746835443037956,0.006369426751592355,7.48299319727892,0.025711555483676873,0.0,0.0,0.0071067094844450285,-0.004378604234350325,0.07183837514261104,0.01939539795837475,10.2666666666667,0.5191659646166806,0.1286514232384508,0.42703687869904483,0.017124992393438232
12420,"Austin-Round Rock-San Marcos, TX",2024,1,3.9,721.69,394355.0,"Austin, TX",msa,TX,480574.5709139137,-0.062971062761539,-0.0144238095464889,"Austin, TX",1717.56126825337,3.6,"Austin, TX",9175.0,"Austin-Round Rock-San Marcos, TX",2567149.0,0.0273490290774525,0.088091745351295,0.000972124856950751,4992.54098360656,3.9,"Austin, TX",100431.0,996.0,4.785121834034449,False,120.33898305084745,False,False,False,5.2527763386531605,0.9902336859001721,-0.06297106276153908,-0.01442380954648892,-0.03057339115005031,-0.04564243545151314,4.595428391432692e-05,0.005154639175257714,0.4423791821561338,140.99378881987573,0.027349029077452514,0.0009721248569507512,-0.005530265366577192,0.0009721248569507512,-0.005530265366577192,-0.03536621564783893,0.02660246607662753,3.46666666666667,-0.15312903821303303,-0.19237822349569988,0.248115115012689,-0.10389918970668588
12420,"Austin-Round Rock-San Marcos, TX",2024,2,3.49,701.58,394355.0,"Austin, TX",msa,TX,478410.7255315536,-0.042769355404316,-0.0045026214729695,"Austin, TX",1724.73645171652,3.4,"Austin, TX",12140.6666666667,"Austin-Round Rock-San Marcos, TX",2567149.0,0.0273490290774525,0.088091745351295,0.000972124856950751,5246.62650793651,3.49,"Austin, TX",100431.0,996.0,4.76357624171375,False,70.24390243902441,False,False,False,5.118767916058975,0.8200794594507173,-0.042769355404316034,-0.004502621472969537,-0.12279285627251424,-0.025511922449099722,-0.01770519177535366,-0.011331444759206666,0.08615384615384603,123.41772151898734,0.027349029077452514,0.0,0.0,-0.0009721248569507512,0.005530265366577192,-0.03948494518291834,-0.0008433737764441673,3.33333333333333,0.32323342415985845,0.1587312850351279,0.24739314525733902,0.02445541834858167
12420,"Austin-Round Rock-San Marcos, TX",2024,3,3.49,707.74,394355.0,"Austin, TX",msa,TX,472902.4380260629,-0.0457019331170454,-0.0115137207665454,"Austin, TX",1709.82738627747,3.76666666666667,"Austin, TX",13983.3333333333,"Austin-Round Rock-San Marcos, TX",2567149.0,0.0273490290774525,0.088091745351295,0.000972124856950751,5543.46921875,3.49,"Austin, TX",100431.0,996.0,4.708729755016508,False,52.40174672489084,False,False,False,5.075380819619128,0.7430715291728403,-0.0457019331170454,-0.011513720766545443,-0.1288303436223558,-0.008476081969594595,-0.033898340713442776,-0.035911602209944715,0.016853932584269593,124.84472049689441,0.027349029077452514,0.0,0.0,0.0,0.0,-0.0391430939660139,-0.03376838776373281,3.7,0.151776398879792,0.101194121249228,0.24344959483489204,0.12003623683289799
12420,"Austin-Round Rock-San Marcos, TX",2024,4,3.63,705.32,394355.0,"Austin, TX",msa,TX,469666.5243580485,-0.0367943460261332,-0.0068426664948512,"Austin, TX",1665.53026285344,3.4,"Austin, TX",12391.6666666667,"Austin-Round Rock-San Marcos, TX",2567149.0,0.0273490290774525,0.088091745351295,0.000972124856950751,5907.04296875,3.63,"Austin, TX",100431.0,996.0,4.676509487688548,False,51.24999999999999,False,False,False,4.99403646094033,0.6309025248715328,-0.036794346026133296,-0.006842666494851213,-0.0926519297885412,-0.01602724240205944,-0.045714639179995645,0.028328611898017053,-0.07349081364829402,110.11904761904762,0.027349029077452514,0.0,0.0,0.0,0.0,-0.0408385864381573,-0.03177495027077093,3.26666666666667,-0.11382598331346383,-0.09628805783400274,0.3229933232101212,0.15912210409729033
12420,"Austin-Round Rock-San Marcos, TX",2025,1,4.0,704.34,394355.0,"Austin, TX",msa,TX,463575.352987668,-0.0353726954256404,-0.012969140985098,"Austin, TX",1655.94979368365,3.5,"Austin, TX",10697.0,"Austin-Round Rock-San Marcos, TX",2620945.0,0.020955542510388,0.0765438315742433,-0.0063934865670645,5894.81783333333,4.0,"Austin, TX",,,,False,48.69888475836432,False,False,False,4.785121834034449,0.6020771835344396,-0.03537269542564048,-0.012969140985098049,-0.06297106276153908,-0.01442380954648892,-0.0527908260483356,0.025641025641025772,0.005154639175257714,120.33898305084745,0.020955542510388003,-0.00639348656706451,0.0009721248569507512,-0.00639348656706451,0.0009721248569507512,-0.03587148575629806,-0.03536621564783893,3.6,-0.13675857431069505,-0.15312903821303303,0.18072497605717697,0.248115115012689
12420,"Austin-Round Rock-San Marcos, TX",2025,2,3.74,686.73,394355.0,"Austin, TX",msa,TX,454448.4889491331,-0.0500871642369566,-0.0196879837974857,"Austin, TX",1668.89861799967,3.3,"Austin, TX",14407.3333333333,"Austin-Round Rock-San Marcos, TX",2620945.0,0.020955542510388,0.0765438315742433,-0.0063934865670645,5732.06048387097,3.74,"Austin, TX",,,,False,15.076923076923077,False,False,False,4.76357624171375,0.5606241976462263,-0.050087164236956694,-0.01968798379748571,-0.042769355404316034,-0.004502621472969537,-0.051719139800433016,0.07163323782234965,-0.011331444759206666,70.24390243902441,0.020955542510388003,0.0,0.0,0.00639348656706451,-0.0009721248569507512,-0.03237470493609507,-0.03948494518291834,3.4,0.3468573743417125,0.32323342415985845,0.09252306700317803,0.24739314525733902
12420,"Austin-Round Rock-San Marcos, TX",2025,3,3.78,680.8,394355.0,"Austin, TX",msa,TX,445293.13342142984,-0.0583826649739358,-0.0201460798095602,"Austin, TX",1649.21584054426,3.7,"Austin, TX",15807.3333333333,"Austin-Round Rock-San Marcos, TX",2620945.0,0.020955542510388,0.0765438315742433,-0.0063934865670645,6427.73875,3.78,"Austin, TX",,,,False,6.17977528089888,False,False,False,4.708729755016508,0.47372061788861597,-0.05838266497393585,-0.02014607980956018,-0.0457019331170454,-0.011513720766545443,-0.04352914959817032,0.08309455587392534,-0.035911602209944715,52.40174672489084,0.020955542510388003,0.0,0.0,0.0,0.0,-0.03544892672772648,-0.0391430939660139,3.76666666666667,0.09717273610661259,0.151776398879792,0.1595155481803856,0.24344959483489204
12420,"Austin-Round Rock-San Marcos, TX",2025,4,3.49,688.52,394355.0,"Austin, TX",msa,TX,441399.4278442432,-0.060185461487683,-0.0087441401740672,"Austin, TX",1616.87563901777,3.35,"Austin, TX",13460.3333333333,"Austin-Round Rock-San Marcos, TX",2620945.0,0.020955542510388,0.0765438315742433,-0.0063934865670645,6777.5671875,3.49,"Austin, TX",,,,False,-8.398950131233596,False,False,False,4.676509487688548,0.37525701832563474,-0.06018546148768311,-0.008744140174067327,-0.036794346026133296,-0.006842666494851213,-0.033274116262642844,-0.038567493112947604,0.028328611898017053,51.24999999999999,0.020955542510388003,0.0,0.0,0.0,0.0,-0.02921269275066385,-0.0408385864381573,3.4,-0.14847539116865627,-0.11382598331346383,0.14737055805338306,0.3229933232101212
12540,"Bakersfield-Delano, CA",2019,2,1.75,203.22,394357.0,"Bakersfield, CA",msa,CA,229027.397520742,0.0558795591179035,0.0149004375867068,"Bakersfield, CA",1129.82280933689,7.8,"Bakersfield, CA",2820.66666666667,"Bakersfield, CA",900202.0,0.0072100053929586,0.0219627271653937,-4.6863429399302e-06,2882.32777777778,1.75,,53350.0,909.0,4.292922165337244,False,10.759493670886066,False,False,False,4.133210318044171,1.1174673415243155,0.05587955911790354,0.014900437586710114,0.06537198639393926,0.016737986380872538,-0.0010789410332988213,0.023391812865497075,0.030120481927710774,11.764705882352944,0.007210005392958685,0.0,0.0,4.686342939930199e-06,0.00016449396528295246,0.05663716471632929,0.0376469719597472,8.2,0.08016339034976028,0.11952998379254454,0.06629220382021028,0.12725771232385252
12540,"Bakersfield-Delano, CA",2019,3,1.75,207.99,394357.0,"Bakersfield, CA",msa,CA,231272.693788204,0.0514376352482395,0.0098036142914264,"Bakersfield, CA",1144.84251019691,7.33333333333333,"Bakersfield, CA",3002.0,"Bakersfield, CA",900202.0,0.0072100053929586,0.0219627271653937,-4.6863429399302e-06,2957.8528125,1.75,,53350.0,909.0,4.335008318429316,False,10.759493670886066,False,False,False,4.191363141698813,1.034780504327108,0.05143763524823952,0.009803614291423957,0.07158322146137674,0.014069650266952838,-0.00015687092719217453,0.011560693641618602,0.048484848484848575,10.897435897435903,0.007210005392958685,0.0,0.0,0.0,0.0,0.06033659704076011,0.03988030414900656,7.4,0.06428740250531662,0.11050790203884531,0.037988254372415486,0.15500598332389925
12540,"Bakersfield-Delano, CA",2019,4,1.77,209.29,394357.0,"Bakersfield, CA",msa,CA,233847.534060243,0.0525445995999909,0.0111333518447987,"Bakersfield, CA",1153.25521318567,6.86666666666667,"Bakersfield, CA",2798.0,"Bakersfield, CA",900202.0,0.0072100053929586,0.0219627271653937,-4.6863429399302e-06,3082.755625,1.77,,53350.0,909.0,4.383271491288529,False,9.937888198757761,False,False,False,4.233569916333314,0.912753389261515,0.052544599599990915,0.01113335184480091,0.06365281270399281,0.010069939828071028,0.0006208729865622043,0.01724137931034475,0.029585798816567976,10.126582278481,0.007210005392958685,0.0,0.0,0.0,0.0,0.05793271687060053,0.04798310553585705,7.03333333333333,-0.06795469686875422,-0.03758826724606079,0.14221561000009708,0.036741721225998614
12540,"Bakersfield-Delano, CA",2020,1,1.79,216.63,394357.0,"Bakersfield, CA",msa,CA,237872.689043573,0.0540970155257758,0.0172127322167681,"Bakersfield, CA",1159.07487299433,10.4666666666667,"Bakersfield, CA",2411.0,"Bakersfield-Delano, CA",905960.0,0.0063963421543165,0.0209656552725175,-0.000813663238642182,3055.86919354839,1.79,,54851.0,1087.0,4.336706514805072,False,9.146341463414643,False,False,False,4.229894880669485,0.7935499929337824,0.05409701552577584,0.01721273221676589,0.057791303500684066,0.01571463742838719,0.0012763114891318136,0.011299435028248705,0.029069767441860517,11.32075471698113,0.006396342154316503,-0.0008136632386421816,-4.686342939930199e-06,-0.0008136632386421816,-4.686342939930199e-06,0.04893448526663802,0.04904087148220859,9.33333333333333,-0.13831308077198,-0.11570154644993913,0.12306660146926007,-0.004562795426326538
12540,"Bakersfield-Delano, CA",2020,2,1.79,219.44,394357.0,"Bakersfield, CA",msa,CA,241459.653777092,0.0542828342413665,0.015079346636814,"Bakersfield, CA",1171.29467305985,17.0666666666667,"Bakersfield, CA",2391.66666666667,"Bakersfield-Delano, CA",905960.0,0.0063963421543165,0.0209656552725175,-0.000813663238642182,2931.68761904762,1.79,,54851.0,1087.0,4.402101215603945,False,7.831325301204828,False,False,False,4.292922165337244,0.7669834877590751,0.054282834241366595,0.01507934663681354,0.05587955911790354,0.014900437586710114,0.0017652407401550921,0.02285714285714291,0.023391812865497075,10.759493670886066,0.006396342154316503,0.0,0.0,0.0008136632386421816,4.686342939930199e-06,0.03670652015540421,0.05663716471632929,7.8,-0.00801880270980082,0.08016339034976028,0.017124992393438232,0.06629220382021028
12540,"Bakersfield-Delano, CA",2020,3,1.82,225.08,394357.0,"Bakersfield, CA",msa,CA,245671.030116036,0.0622569664061498,0.0174413251782091,"Bakersfield, CA",1231.86719276862,13.0333333333333,"Bakersfield, CA",2370.0,"Bakersfield-Delano, CA",905960.0,0.0063963421543165,0.0209656552725175,-0.000813663238642182,3319.8340625,1.82,,54851.0,1087.0,4.478879694372683,False,10.303030303030303,False,False,False,4.335008318429316,0.7559789191028248,0.06225696640614986,0.017441325178209066,0.05143763524823952,0.009803614291423957,0.0015427708937971803,0.040000000000000036,0.011560693641618602,10.759493670886066,0.006396342154316503,0.0,0.0,0.0,0.0,0.07601454505453509,0.06033659704076011,7.33333333333333,-0.009059233449478787,0.06428740250531662,0.12237973724394036,0.037988254372415486
12540,"Bakersfield-Delano, CA",2020,4,1.88,235.23,394357.0,"Bakersfield, CA",msa,CA,255097.373642969,0.0908704881927542,0.0383697806065293,"Bakersfield, CA",1255.37816216635,10.5,"Bakersfield, CA",2080.0,"Bakersfield-Delano, CA",905960.0,0.0063963421543165,0.0209656552725175,-0.000813663238642182,3554.5015625,1.88,,54851.0,1087.0,4.650733325608813,False,11.242603550295849,False,False,False,4.383271491288529,0.7459214737080946,0.09087048819275423,0.038369780606531956,0.052544599599990915,0.01113335184480091,0.0009448580519278664,0.062146892655367214,0.01724137931034475,9.937888198757761,0.006396342154316503,0.0,0.0,0.0,0.0,0.08855190751627529,0.05793271687060053,6.86666666666667,-0.12236286919831219,-0.06795469686875422,0.15302735438200687,0.14221561000009708
12540,"Bakersfield-Delano, CA",2021,1,1.95,244.55,394357.0,"Bakersfield, CA",msa,CA,266528.006525663,0.1204649327222302,0.0448089006933181,"Bakersfield, CA",1288.49234777308,11.6666666666667,"Bakersfield, CA",1903.66666666667,"Bakersfield-Delano, CA",912765.0,0.0075113691553712,0.0212663830701376,0.0011150270010547,3865.7068852459,1.95,,58824.0,1190.0,4.530939863417364,False,13.372093023255815,False,False,False,4.336706514805072,0.6619092568674869,0.12046493272223024,0.04480890069331789,0.05409701552577584,0.01721273221676589,9.676414729421732e-05,0.0893854748603351,0.011299435028248705,9.146341463414643,0.007511369155371206,0.0011150270010547025,-0.0008136632386421816,0.0011150270010547025,-0.0008136632386421816,0.11165583673159563,0.04893448526663802,10.4666666666667,-0.0847756410256395,-0.13831308077198,0.26501058795554977,0.12306660146926007
12540,"Bakersfield-Delano, CA",2021,2,2.07,255.47,394357.0,"Bakersfield, CA",msa,CA,279190.170397777,0.1562601288889307,0.0475078174229124,"Bakersfield, CA",1322.02642231785,11.0333333333333,"Bakersfield, CA",1896.33333333333,"Bakersfield-Delano, CA",912765.0,0.0075113691553712,0.0212663830701376,0.0011150270010547,4183.62634920635,2.07,,58824.0,1190.0,4.746194927202791,False,21.052631578947366,False,False,False,4.402101215603945,0.6754767296323183,0.1562601288889307,0.04750781742291221,0.054282834241366595,0.01507934663681354,-0.0006332452990105022,0.15642458100558643,0.02285714285714291,7.831325301204828,0.007511369155371206,0.0,0.0,-0.0011150270010547025,0.0008136632386421816,0.12868815399307953,0.03670652015540421,17.0666666666667,-0.0038522150236419694,-0.00801880270980082,0.42703687869904483,0.017124992393438232
12540,"Bakersfield-Delano, CA",2021,3,2.2,270.56,394357.0,"Bakersfield, CA",msa,CA,292670.693097158,0.1913113766768632,0.048284374339451,"Bakersfield, CA",1377.71706516291,9.53333333333333,"Bakersfield, CA",2144.66666666667,"Bakersfield-Delano, CA",912765.0,0.0075113691553712,0.0212663830701376,0.0011150270010547,4421.670625,2.2,,58824.0,1190.0,4.9753619797558475,False,27.16763005780347,False,False,False,4.478879694372683,0.6970152846958988,0.19131137667686327,0.048284374339449654,0.06225696640614986,0.017441325178209066,-0.0008274210143742818,0.20879120879120894,0.040000000000000036,10.303030303030303,0.007511369155371206,0.0,0.0,0.0,0.0,0.11839739969573548,0.07601454505453509,13.0333333333333,0.13095447354544243,-0.009059233449478787,0.3318950711862574,0.12237973724394036
12540,"Bakersfield-Delano, CA",2021,4,2.3,276.68,394357.0,"Bakersfield, CA",msa,CA,302714.234852229,0.1866615109722922,0.0343168687263697,"Bakersfield, CA",1449.32842692934,7.5,"Bakersfield, CA",2176.0,"Bakersfield-Delano, CA",912765.0,0.0075113691553712,0.0212663830701376,0.0011150270010547,4602.10890625,2.3,,58824.0,1190.0,5.146100823681304,True,32.18390804597699,True,True,False,4.650733325608813,0.7916879743907455,0.18666151097229222,0.03431686872637041,0.09087048819275423,0.038369780606531956,0.0003016336829000557,0.22340425531914887,0.062146892655367214,11.242603550295849,0.007511369155371206,0.0,0.0,0.0,0.0,0.15449549036945065,0.08855190751627529,10.5,0.014609884986010124,-0.12236286919831219,0.2947269329692408,0.15302735438200687
12540,"Bakersfield-Delano, CA",2022,2,2.72,303.82,394357.0,"Bakersfield, CA",msa,CA,332373.922381182,0.1904929242588711,0.0527245369378715,"Bakersfield, CA",1556.8414915605,6.93333333333333,"Bakersfield, CA",2096.66666666667,"Bakersfield-Delano, CA",917074.0,0.0047208208027258,0.0187424600256387,-0.0027905483526453,4105.66709677419,2.72,,63883.0,1325.0,5.202854004683281,True,55.42857142857145,True,True,False,4.746194927202791,0.827960028408925,0.1904929242588711,0.05272453693786816,0.1562601288889307,0.04750781742291221,0.006000994419783632,0.3140096618357491,0.15642458100558643,21.052631578947366,0.004720820802725845,0.0,0.0,0.002790548352645361,-0.0011150270010547025,0.17761753114658574,0.12868815399307953,11.0333333333333,0.1829979311641945,-0.0038522150236419694,-0.018634372653033138,0.42703687869904483
12540,"Bakersfield-Delano, CA",2023,2,3.25,301.65,394357.0,"Bakersfield, CA",msa,CA,332258.650694045,-0.0003468132707620253,0.0051946529600073,"Bakersfield, CA",1623.58897885381,8.2,"Bakersfield, CA",1854.66666666667,"Bakersfield-Delano, CA",917599.0,0.000572472886593678,0.0128471455693409,-0.0041483479161321,4206.07290322581,3.25,,67660.0,1400.0,4.9107101787473395,False,81.56424581005585,False,False,False,5.202854004683281,1.1970854718212616,-0.0003468132707620253,0.005194652960005985,0.1904929242588711,0.05272453693786816,0.01623337903340336,0.19485294117647056,0.3140096618357491,55.42857142857145,0.0005724728865936779,0.0,0.0,0.004148347916132167,0.002790548352645361,0.04287365647379149,0.17761753114658574,6.93333333333333,-0.09909326424870457,0.1829979311641945,0.02445541834858167,-0.018634372653033138
12540,"Bakersfield-Delano, CA",2023,3,3.35,311.1,394357.0,"Bakersfield, CA",msa,CA,340080.623844433,0.0015144944417915,0.0235418194049997,"Bakersfield, CA",1649.49536314285,7.8,"Bakersfield, CA",1957.66666666667,"Bakersfield-Delano, CA",917599.0,0.000572472886593678,0.0128471455693409,-0.0041483479161321,4458.13746031746,3.35,,67660.0,1400.0,5.026317230925702,True,84.06593406593406,True,True,False,5.315441549253572,1.2768586336773708,0.0015144944417915251,0.023541819404999442,0.16023353379711303,0.02163957406241801,0.014977121350281772,0.14726027397260277,0.32727272727272716,66.85714285714286,0.0005724728865936779,0.0,0.0,0.0,0.0,0.03688180662670848,0.15468043428540312,6.5,0.05553558590941754,0.2653418124006339,0.12003623683289799,-0.0998083232963558
12540,"Bakersfield-Delano, CA",2024,2,3.34,320.24,394357.0,"Bakersfield, CA",msa,CA,354812.562072939,0.0678805843934591,0.0171803071424548,"Bakersfield, CA",1692.71441048371,8.83333333333333,"Bakersfield, CA",2083.33333333333,"Bakersfield-Delano, CA",924648.0,0.0076820048844865,0.0130186849846345,0.0071095319978928,5246.62650793651,3.34,,70210.0,1287.0,5.05359011640705,True,61.352657004830924,True,True,False,4.9107101787473395,0.7774998607031689,0.06788058439345912,0.01718030714245633,-0.0003468132707620253,0.005194652960005985,-0.0040181915885080955,0.027692307692307683,0.19485294117647056,81.56424581005585,0.00768200488448656,0.0,0.0,-0.007109531997892882,0.004148347916132167,0.04257569651569071,0.04287365647379149,8.2,0.10737065910701626,-0.09909326424870457,0.24739314525733902,0.02445541834858167
12540,"Bakersfield-Delano, CA",2025,2,3.78,328.87,394357.0,"Bakersfield, CA",msa,CA,364237.676551654,0.026563643698662,-0.000997520026266296,"Bakersfield, CA",1749.21104588859,9.2,"Bakersfield, CA",2780.0,"Bakersfield-Delano, CA",927068.0,0.0026172121715506,0.0108977029116517,-0.0050647927129359,5732.06048387097,3.78,,,,,False,38.97058823529409,False,False,False,5.05359011640705,0.7606679510698058,0.026563643698662043,-0.0009975200262649642,0.06788058439345912,0.01718030714245633,-0.017943565759239295,0.1317365269461077,0.027692307692307683,61.352657004830924,0.0026172121715506425,0.0,0.0,0.005064792712935917,-0.007109531997892882,0.03337635401162298,0.04257569651569071,8.83333333333333,0.10580747812251401,0.10737065910701626,0.09252306700317803,0.24739314525733902
12540,"Bakersfield-Delano, CA",2025,3,3.87,325.09,394357.0,"Bakersfield, CA",msa,CA,362441.168363785,0.0100464906633348,-0.0049322415102065,"Bakersfield, CA",1767.21813677412,8.73333333333333,"Bakersfield, CA",3048.33333333333,"Bakersfield-Delano, CA",927068.0,0.0026172121715506,0.0108977029116517,-0.0050647927129359,6427.73875,3.87,,,,,False,32.53424657534247,False,False,False,5.110897658288563,0.7758893398592468,0.01004649066333485,-0.00493224151020577,0.05515015978265958,0.011339966352921449,-0.015661717625078456,0.11527377521613835,0.035820895522387985,57.72727272727272,0.0026172121715506425,0.0,0.0,0.0,0.0,0.03576585958783984,0.03437369858972428,8.5,0.09652278177457907,0.13664000000000187,0.1595155481803856,0.24344959483489204
12540,"Bakersfield-Delano, CA",2025,4,3.69,320.03,394357.0,"Bakersfield, CA",msa,CA,362009.481638177,0.0006411782563717772,-0.0011910532337059,"Bakersfield, CA",1761.9046955177,8.3,"Bakersfield, CA",2927.33333333333,"Bakersfield-Delano, CA",927068.0,0.0026172121715506,0.0108977029116517,-0.0050647927129359,6777.5671875,3.69,,,,,False,16.403785488959,False,False,False,5.152791878082111,0.769520386793582,0.0006411782563717772,-0.001191053233706385,0.04933038069380813,0.008197037505849103,-0.01286288833828959,0.04237288135593209,0.02608695652173898,53.91304347826089,0.0026172121715506425,0.0,0.0,0.0,0.0,0.028869005176910045,0.0327078816380546,7.96666666666667,-0.03969382176052494,0.047015765765764383,0.14737055805338306,0.3229933232101212
13740,"Billings, MT",2019,2,2.73,,394386.0,"Billings, MT",msa,MT,259030.353868622,0.0469703168333668,0.0169659077950757,"Billings, MT",911.786883709203,3.06666666666667,"Billings, MT",1100.33333333333,"Billings, MT",181667.0,0.0081241710737334,0.0219848221468393,0.00345213360823,2882.32777777778,2.73,,61278.0,1239.0,4.2271345975492345,False,6.640625,False,False,False,4.202069592248259,0.13597854639935214,0.04697031683336683,0.016965907795075896,0.02699875156722298,0.00738439704429239,-0.002936396165541478,0.003676470588235281,0.022556390977443552,10.569105691056912,0.008124171073733422,0.0,0.0,-0.0034521336082300458,0.004362666825137307,0.040328782031391786,0.009490227513499816,3.13333333333333,0.07770159973881485,0.1827586206896552,0.06629220382021028,0.12725771232385252
13740,"Billings, MT",2019,3,2.73,,394386.0,"Billings, MT",msa,MT,262547.984827917,0.0497657551368075,0.0135799951888258,"Billings, MT",913.261649451326,3.0,"Billings, MT",1200.66666666667,"Billings, MT",181667.0,0.0081241710737334,0.0219848221468393,0.00345213360823,2957.8528125,2.73,,61278.0,1239.0,4.28453906504646,False,5.813953488372081,False,False,False,4.247791960751979,0.16355781841319939,0.04976575513680759,0.013579995188822913,0.029961231009072442,0.01088091653409684,-0.0004943232491244114,0.02631578947368407,-0.011152416356877248,7.692307692307687,0.008124171073733422,0.0,0.0,0.0,0.0,0.027473394273623164,0.021076984045941716,3.1,0.09118448954862779,0.2993197278911566,0.037988254372415486,0.15500598332389925
13740,"Billings, MT",2019,4,2.76,,394386.0,"Billings, MT",msa,MT,265812.259214112,0.0530695266074123,0.0124330582401331,"Billings, MT",913.83532682817,2.9,"Billings, MT",1037.66666666667,"Billings, MT",181667.0,0.0081241710737334,0.0219848221468393,0.00345213360823,3082.755625,2.76,,61278.0,1239.0,4.337808988774308,False,7.8125,False,False,False,4.287112813704525,0.1831545885588577,0.053069526607412376,0.012433058240132855,0.035543602896563,0.009256774652773858,0.002047614542248632,0.014705882352941124,0.007407407407407307,5.4263565891472965,0.008124171073733422,0.0,0.0,0.0,0.0,0.029020124646186973,0.028765808839144924,3.03333333333333,-0.13575791227096023,-0.0732984293193717,0.14221561000009708,0.036741721225998614
13740,"Billings, MT",2020,1,2.78,,394386.0,"Billings, MT",msa,MT,268999.602822357,0.0561056694517823,0.0119909578951252,"Billings, MT",920.608036042554,3.83333333333333,"Billings, MT",787.333333333333,"Billings, MT",184717.0,0.0167889600202569,0.0298385972737156,0.0086647889465234,3055.86919354839,2.78,,62722.0,1560.0,4.288759969745176,False,2.58302583025829,False,False,False,4.156613869892898,0.024243915301398467,0.0561056694517823,0.011990957895126941,0.03710611463189872,0.009081638123199731,0.004015925633640664,0.0036101083032489267,-0.010714285714285676,7.782101167315192,0.01678896002025687,0.00866478894652345,0.0034521336082300458,0.00866478894652345,0.0034521336082300458,0.03452245470587845,0.03266437384069021,3.9,-0.24124638612271387,-0.1759483454398708,0.12306660146926007,-0.004562795426326538
13740,"Billings, MT",2020,2,2.68,,394386.0,"Billings, MT",msa,MT,271973.172295611,0.0499664160345991,0.0110541779320681,"Billings, MT",935.301703606219,8.73333333333333,"Billings, MT",821.0,"Billings, MT",184717.0,0.0167889600202569,0.0298385972737156,0.0086647889465234,2931.68761904762,2.68,,62722.0,1560.0,4.336168685558672,False,0.7518796992481258,False,False,False,4.2271345975492345,0.020425805894546123,0.04996641603459917,0.01105417793206831,0.04697031683336683,0.016965907795075896,0.0054361816493898475,-0.01831501831501825,0.003676470588235281,6.640625,0.01678896002025687,0.0,0.0,-0.00866478894652345,-0.0034521336082300458,0.025789820315638146,0.040328782031391786,3.06666666666667,0.042760372565622706,0.07770159973881485,0.017124992393438232,0.06629220382021028
13740,"Billings, MT",2020,3,2.81,,394386.0,"Billings, MT",msa,MT,275255.446008975,0.048400528342988,0.0120683730886386,"Billings, MT",970.469113485953,5.23333333333333,"Billings, MT",821.0,"Billings, MT",184717.0,0.0167889600202569,0.0298385972737156,0.0086647889465234,3319.8340625,2.81,,62722.0,1560.0,4.388499187031265,False,4.460966542750944,False,False,False,4.28453906504646,-0.01366810795653084,0.048400528342988025,0.012068373088638396,0.04976575513680759,0.013579995188822913,0.005636581265990284,0.029304029304029422,0.02631578947368407,5.813953488372081,0.01678896002025687,0.0,0.0,0.0,0.0,0.06264082595496756,0.027473394273623164,3.0,0.0,0.09118448954862779,0.12237973724394036,0.037988254372415486
13740,"Billings, MT",2020,4,2.86,,394386.0,"Billings, MT",msa,MT,282449.684154208,0.0625908864748578,0.0261365878479234,"Billings, MT",995.13529281768,3.76666666666667,"Billings, MT",542.0,"Billings, MT",184717.0,0.0167889600202569,0.0298385972737156,0.0086647889465234,3554.5015625,2.86,,62722.0,1560.0,4.503199581553649,False,5.925925925925912,False,False,False,4.337808988774308,-0.049816229636969744,0.06259088647485789,0.02613658784792383,0.053069526607412376,0.012433058240132855,0.004762198294405427,0.03623188405797095,0.014705882352941124,7.8125,0.01678896002025687,0.0,0.0,0.0,0.0,0.08896566329044653,0.029020124646186973,2.9,-0.3398294762484775,-0.13575791227096023,0.15302735438200687,0.14221561000009708
13740,"Billings, MT",2021,1,2.94,,394386.0,"Billings, MT",msa,MT,291566.735636284,0.0838928109080889,0.0322784977061572,"Billings, MT",988.201042300414,4.16666666666667,"Billings, MT",411.666666666667,"Billings, MT",187367.0,0.0143462702404218,0.0397551650083516,-0.002442689779835,3865.7068852459,2.94,,65788.0,1717.0,4.431913656537423,False,5.000000000000004,False,False,False,4.288759969745176,-0.1125066812359421,0.08389281090808898,0.03227849770615565,0.0561056694517823,0.011990957895126941,0.003627259547103005,0.05755395683453246,0.0036101083032489267,2.58302583025829,0.014346270240421788,-0.0024426897798350833,0.00866478894652345,-0.0024426897798350833,0.00866478894652345,0.07342213364595884,0.03452245470587845,3.83333333333333,-0.24046740467404604,-0.24124638612271387,0.26501058795554977,0.12306660146926007
13740,"Billings, MT",2021,2,3.17,,394386.0,"Billings, MT",msa,MT,304392.251223769,0.1191995469792928,0.0439882675899068,"Billings, MT",1061.27055382829,3.3,"Billings, MT",494.0,"Billings, MT",187367.0,0.0143462702404218,0.0397551650083516,-0.002442689779835,4183.62634920635,3.17,,65788.0,1717.0,4.626865860396562,False,16.54411764705881,False,False,False,4.336168685558672,-0.13095359980067656,0.1191995469792928,0.04398826758990859,0.04996641603459917,0.01105417793206831,0.002712463950247545,0.1828358208955223,-0.01831501831501825,0.7518796992481258,0.014346270240421788,0.0,0.0,0.0024426897798350833,-0.00866478894652345,0.13468258395807053,0.025789820315638146,8.73333333333333,0.19999999999999885,0.042760372565622706,0.42703687869904483,0.017124992393438232
13740,"Billings, MT",2021,3,3.4,,394386.0,"Billings, MT",msa,MT,318300.169244032,0.1563810048417844,0.0456907755185896,"Billings, MT",1106.09631735764,2.8,"Billings, MT",658.666666666667,"Billings, MT",187367.0,0.0143462702404218,0.0397551650083516,-0.002442689779835,4421.670625,3.4,,65788.0,1717.0,4.838270949778561,False,27.819548872180434,False,False,False,4.388499187031265,-0.14263168838236506,0.1563810048417844,0.04569077551858847,0.048400528342988025,0.012068373088638396,0.0022992325800146552,0.20996441281138778,0.029304029304029422,4.460966542750944,0.014346270240421788,0.0,0.0,0.0,0.0,0.1397542714002613,0.06264082595496756,5.23333333333333,0.3333333333333339,0.0,0.3318950711862574,0.12237973724394036
13740,"Billings, MT",2021,4,3.59,,394386.0,"Billings, MT",msa,MT,331378.375645019,0.1732297617443876,0.0410876514205052,"Billings, MT",1110.40418074166,2.33333333333333,"Billings, MT",583.333333333333,"Billings, MT",187367.0,0.0143462702404218,0.0397551650083516,-0.002442689779835,4602.10890625,3.59,,65788.0,1717.0,5.037064140041026,True,31.985294117647033,True,True,False,4.503199581553649,-0.08235777822733947,0.17322976174438764,0.04108765142050652,0.06259088647485789,0.02613658784792383,0.0027556968342724005,0.2552447552447552,0.03623188405797095,5.925925925925912,0.014346270240421788,0.0,0.0,0.0,0.0,0.11583237852774908,0.08896566329044653,3.76666666666667,-0.11437246963562842,-0.3398294762484775,0.2947269329692408,0.15302735438200687
13740,"Billings, MT",2022,2,4.4,,394386.0,"Billings, MT",msa,MT,361789.276105882,0.1885627004345735,0.0441363028598649,"Billings, MT",1198.26785334768,2.46666666666667,"Billings, MT",477.333333333333,"Billings, MT",190166.0,0.0149385964444113,0.0467834003974306,0.000592326203989524,4105.66709677419,4.4,,72377.0,2420.0,4.998677426611796,False,61.172161172161175,False,False,False,4.626865860396562,0.25459327339116733,0.18856270043457357,0.04413630285986647,0.1191995469792928,0.04398826758990859,0.005615199069100427,0.3880126182965302,0.1828358208955223,16.54411764705881,0.014938596444411312,0.0,0.0,-0.0005923262039895238,0.0024426897798350833,0.12908800590500102,0.13468258395807053,3.3,0.2971014492753614,0.19999999999999885,-0.018634372653033138,0.42703687869904483
13740,"Billings, MT",2022,3,4.91,,394386.0,"Billings, MT",msa,MT,371315.267110935,0.1665569264157624,0.0263302193685395,"Billings, MT",1256.22560530695,2.3,"Billings, MT",661.333333333333,"Billings, MT",190166.0,0.0149385964444113,0.0467834003974306,0.000592326203989524,3980.35109375,4.91,,72377.0,2420.0,5.130293699807052,True,79.85347985347985,True,True,False,4.838270949778561,0.5146525738398369,0.16655692641576247,0.02633021936853952,0.1563810048417844,0.04569077551858847,0.008288423704639274,0.4441176470588235,0.20996441281138778,27.819548872180434,0.014938596444411312,0.0,0.0,0.0,0.0,0.1357289465604179,0.1397542714002613,2.8,0.38547486033519585,0.3333333333333339,-0.0998083232963558,0.3318950711862574
13740,"Billings, MT",2023,2,5.21,,394386.0,"Billings, MT",msa,MT,376794.402619617,0.0414747686145997,0.0141605324845195,"Billings, MT",1283.61509107775,2.26666666666667,"Billings, MT",577.666666666667,"Billings, MT",191226.0,0.0055740773850214,0.035237687922606,-0.0093645190593898,4206.07290322581,5.21,,74599.0,2439.0,5.0509310127430265,True,94.40298507462686,True,True,False,4.998677426611796,0.83163060563193,0.041474768614599755,0.014160532484519539,0.18856270043457357,0.04413630285986647,0.015141010236718273,0.18409090909090908,0.3880126182965302,61.172161172161175,0.00557407738502147,0.0,0.0,0.009364519059389842,-0.0005923262039895238,0.07122550896415158,0.12908800590500102,2.46666666666667,0.10311903246339904,0.2971014492753614,0.02445541834858167,-0.018634372653033138
13740,"Billings, MT",2025,2,5.44,,394386.0,"Billings, MT",msa,MT,398349.77491008,0.0158435207987284,-0.0020096020334506,"Billings, MT",1359.59681697141,3.03333333333333,"Billings, MT",887.333333333333,"Billings, MT",193603.0,0.0058291467729283,0.0180736829927537,-0.000733768311840466,5732.06048387097,5.44,,,,,False,23.636363636363633,False,False,False,5.079888917078957,0.8527543195297227,0.015843520798728417,-0.002009602033450686,0.04071860499707225,0.007728399518706741,-0.01598488429659302,0.0036900369003691758,0.040307101727447225,70.97791798107255,0.00582914677292834,0.0,0.0,0.0007337683118404659,-0.0009888376997473358,0.03278754046447885,0.025567701126982145,2.86666666666667,0.15238095238095206,0.1542553191489362,0.09252306700317803,0.24739314525733902
13740,"Billings, MT",2025,3,6.06,,394386.0,"Billings, MT",msa,MT,397820.452522763,0.0133877695725179,-0.0013287879663941,"Billings, MT",1385.5842960831,3.23333333333333,"Billings, MT",1036.33333333333,"Billings, MT",193603.0,0.0058291467729283,0.0180736829927537,-0.000733768311840466,6427.73875,6.06,,,,,False,23.421588594704666,False,False,False,5.085432602396132,0.8008935373496717,0.013387769572517971,-0.0013287879663959057,0.017056317088202988,0.0010913005003980736,-0.017192212055049377,0.08992805755395694,0.08806262230919759,63.52941176470588,0.00582914677292834,0.0,0.0,0.0,0.0,0.037776081077887325,0.03002444344238131,2.8,0.16791885800149942,0.34357398873527956,0.1595155481803856,0.24344959483489204
13740,"Billings, MT",2025,4,5.6,,394386.0,"Billings, MT",msa,MT,401198.390900609,0.0094323977962149,0.0084911129038842,"Billings, MT",1378.5239904531,3.4,"Billings, MT",966.0,"Billings, MT",193603.0,0.0058291467729283,0.0180736829927537,-0.000733768311840466,6777.5671875,5.6,,,,,False,7.279693486590033,False,False,False,5.148709604560406,0.8109006157860987,0.009432397796214964,0.008491112903886489,0.02149581919035981,0.012442796338399953,-0.016488638630412264,0.02003642987249532,-0.02313167259786475,52.924791086351,0.00582914677292834,0.0,0.0,0.0,0.0,0.04051410748805351,0.036091530477078804,2.56666666666667,-0.0678674815053042,0.053734756097560954,0.14737055805338306,0.3229933232101212
14260,"Boise City, ID",2019,2,1.8,408.82,394399.0,"Boise City, ID",msa,ID,299512.5759613829,0.1401914326336268,0.0252398766635193,"Boise City, ID",1214.91986801672,2.43333333333333,"Boise City, ID",4143.66666666667,"Boise City, ID",749202.0,0.0278374177368705,0.0837816530085276,0.00074218353338229,2882.32777777778,1.8,"Boise City, ID",60568.0,988.0,4.945063002928657,False,34.32835820895521,False,False,False,4.600056363496785,1.279001962234581,0.14019143263362688,0.025239876663519345,0.11804910520113099,0.039011635035610004,0.0033012995020188754,0.09090909090909105,0.09999999999999987,34.14634146341462,0.02783741773687054,0.0,0.0,-0.0007421835333822902,-0.0004824768024163095,0.08274562568656219,0.07841021776980583,2.46666666666667,0.13691238339125644,0.13758488337762032,0.06629220382021028,0.12725771232385252
14260,"Boise City, ID",2019,3,1.8,418.05,394399.0,"Boise City, ID",msa,ID,305676.3158452757,0.1184464202279582,0.0205792356601666,"Boise City, ID",1238.64147083504,2.53333333333333,"Boise City, ID",4448.0,"Boise City, ID",749202.0,0.0278374177368705,0.0837816530085276,0.00074218353338229,2957.8528125,1.8,"Boise City, ID",60568.0,988.0,5.046828619820296,True,33.33333333333333,True,True,False,4.785997536119281,1.3198024223069105,0.11844642022795826,0.020579235660166617,0.14108439493930125,0.04042149876640888,0.0038003470547129537,0.05263157894736836,0.13245033112582782,32.558139534883715,0.02783741773687054,0.0,0.0,0.0,0.0,0.07108739791306706,0.08443994271847854,2.4,0.0734454187112854,0.11575395795484034,0.037988254372415486,0.15500598332389925
14260,"Boise City, ID",2025,2,4.86,707.15,394399.0,"Boise City, ID",msa,ID,490487.24914513144,0.0093658582006306,-0.0050869012149069,"Boise City, ID",1778.74297894343,3.3,"Boise City, ID",2766.66666666667,"Boise City, ID",864243.0,0.0223021591243795,0.0624414530702564,0.000896336527988595,5732.06048387097,4.86,"Boise City, ID",,,,False,30.997304582210262,False,False,False,5.65127334468826,0.7062103417596033,0.009365858200630628,-0.005086901214906958,0.03766919869662133,0.011665123522417442,-0.04045198822160273,0.15714285714285725,-0.016393442622950727,66.00790513833994,0.022302159124379495,0.0,0.0,-0.0008963365279885949,-0.003922264909993478,0.021232283100419025,0.011650344152339676,3.2,0.340222832229941,0.3873700423565678,0.09252306700317803,0.24739314525733902
14260,"Boise City, ID",2025,3,4.86,705.2,394399.0,"Boise City, ID",msa,ID,488336.71211060375,0.0002642697529062765,-0.0043844912141464,"Boise City, ID",1804.78617349959,3.36666666666667,"Boise City, ID",3389.66666666667,"Boise City, ID",864243.0,0.0223021591243795,0.0624414530702564,0.000896336527988595,6427.73875,4.86,"Boise City, ID",,,,False,18.24817518248174,False,False,False,5.677691902078841,0.6308632822585452,0.0002642697529062765,-0.004384491214146413,0.033238342673086674,0.0046747973030558665,-0.026139558841360155,0.1095890410958904,0.020979020979021046,58.12274368231047,0.022302159124379495,0.0,0.0,0.0,0.0,0.02638577638385886,0.0254335034581592,3.33333333333333,0.22518072289156588,0.23688592839300582,0.1595155481803856,0.24344959483489204
14260,"Boise City, ID",2025,4,4.69,697.66,394399.0,"Boise City, ID",msa,ID,492949.24327902624,0.0040917200383792,0.0094453909649492,"Boise City, ID",1787.1126425241,3.25,"Boise City, ID",2975.33333333333,"Boise City, ID",864243.0,0.0223021591243795,0.0624414530702564,0.000896336527988595,6777.5671875,4.69,"Boise City, ID",,,,False,14.950980392156875,False,False,False,5.709472971406394,0.5284909949402783,0.00409172003837921,0.00944539096494923,0.026127977389528434,0.005597533271560096,-0.012660997769722229,0.046875,0.02752293577981657,55.55555555555558,0.022302159124379495,0.0,0.0,0.0,0.0,0.02881020476214724,0.030935536653506457,3.23333333333333,-0.12223424132166583,-0.09345899248289136,0.14737055805338306,0.3229933232101212
14860,"Bridgeport-Stamford-Danbury, CT",2019,2,1.29,201.26,394415.0,"Bridgeport, CT",msa,CT,420199.342718918,-0.0032001064162289,2.44251734349277e-06,"Bridgeport, CT",1947.49632889807,3.13333333333333,"Bridgeport, CT",6518.33333333333,"Bridgeport-Stamford-Norwalk, CT",943332.0,-0.000676927575105624,-0.0010748167781546,-0.0016662832532438,2882.32777777778,1.29,,95645.0,1039.0,4.3933226276221236,False,-2.2727272727272707,False,False,False,4.534289303679495,-0.11609493728630582,-0.0032001064162289206,2.442517342382544e-06,0.008012055459756473,0.0035917785687185066,0.00010817465393824588,-0.03007518796992481,-0.007462686567164201,3.90625,-0.0006769275751056236,0.0,0.0,0.0016662832532438054,-0.002375498695482481,0.03220659788894498,0.031294687204137084,3.56666666666667,0.2606369262506434,0.29938992731048875,0.06629220382021028,0.12725771232385252
14860,"Bridgeport-Stamford-Danbury, CT",2019,3,1.27,204.09,394415.0,"Bridgeport, CT",msa,CT,418380.506790699,-0.0065358316554905,-0.0043285073138147,"Bridgeport, CT",1956.5138110983,3.3,"Bridgeport, CT",6975.0,"Bridgeport-Stamford-Norwalk, CT",943332.0,-0.000676927575105624,-0.0010748167781546,-0.0016662832532438,2957.8528125,1.27,,95645.0,1039.0,4.374306098496513,False,-0.78125,False,False,False,4.529821348276329,-0.18864598840455304,-0.006535831655490543,-0.0043285073138148444,0.007201540399720097,-0.0009853706069307133,-0.00036942068307856075,-0.045112781954887216,-0.014814814814814836,1.526717557251911,-0.0006769275751056236,0.0,0.0,0.0,0.0,0.03042432032453113,0.037476013676860154,3.5,0.07005880848887802,0.04240547425203545,0.037988254372415486,0.15500598332389925
14860,"Bridgeport-Stamford-Danbury, CT",2019,4,1.29,202.73,394415.0,"Bridgeport, CT",msa,CT,417852.821090195,-0.0080987822515157,-0.0012612578548469,"Bridgeport, CT",1958.1299239869,2.96666666666667,"Bridgeport, CT",6111.33333333333,"Bridgeport-Stamford-Norwalk, CT",943332.0,-0.000676927575105624,-0.0010748167781546,-0.0016662832532438,3082.755625,1.29,,95645.0,1039.0,4.368788970570286,False,-0.7692307692307665,False,False,False,4.531236766650087,-0.2693802435465633,-0.008098782251515724,-0.0012612578548454323,0.006727377626541298,0.00031246671003870574,-0.0003999814477588345,-0.03007518796992481,-0.02919708029197088,0.7575757575757569,-0.0006769275751056236,0.0,0.0,0.0,0.0,0.02893011006535584,0.043411895263526956,2.93333333333333,-0.12382317801672682,-0.1019166267369429,0.14221561000009708,0.036741721225998614
14860,"Bridgeport-Stamford-Danbury, CT",2020,1,1.28,206.23,394415.0,"Bridgeport, CT",msa,CT,421849.108928833,0.0039286034409236,0.009563864683771,"Bridgeport, CT",1979.43515495078,4.13333333333333,"Bridgeport, CT",4885.33333333333,"Bridgeport-Stamford-Danbury, CT",943100.0,-0.000245936743373476,6.57449646779273e-05,0.000430990831732148,3055.86919354839,1.28,,97539.0,1460.0,4.324927556452629,False,-6.569343065693434,False,False,False,4.393311896881625,-0.38999356488562764,0.003928603440923606,0.009563864683769685,0.000377734638880467,-0.00253103324032955,-0.0005712584736247341,-0.05882352941176472,-0.042253521126760396,0.0,-0.00024593674337347604,0.0004309908317321476,-0.0016662832532438054,0.0004309908317321476,-0.0016662832532438054,0.03248123945148973,0.03561884028745688,3.86666666666667,-0.20061088687684092,-0.1723843568265485,0.12306660146926007,-0.004562795426326538
14860,"Bridgeport-Stamford-Danbury, CT",2020,2,1.25,207.85,394415.0,"Bridgeport, CT",msa,CT,425664.286499281,0.0130055981168411,0.0090439389101362,"Bridgeport, CT",2018.70305672598,9.96666666666667,"Bridgeport, CT",5131.0,"Bridgeport-Stamford-Danbury, CT",943100.0,-0.000245936743373476,6.57449646779273e-05,0.000430990831732148,2931.68761904762,1.25,,97539.0,1460.0,4.364041937063954,False,-6.7164179104477695,False,False,False,4.3933226276221236,-0.42670390678051895,0.0130055981168411,0.009043938910136884,-0.0032001064162289206,2.442517342382544e-06,-0.0010048959572632255,-0.03100775193798455,-0.03007518796992481,-2.2727272727272707,-0.00024593674337347604,0.0,0.0,-0.0004309908317321476,0.0016662832532438054,0.03656321543270913,0.03220659788894498,3.13333333333333,0.05028657205240239,0.2606369262506434,0.017124992393438232,0.06629220382021028
14860,"Bridgeport-Stamford-Danbury, CT",2020,3,1.28,215.97,394415.0,"Bridgeport, CT",msa,CT,426238.931456835,0.0187829608181706,0.0013499957026683,"Bridgeport, CT",2057.45670885541,9.7,"Bridgeport, CT",5725.33333333333,"Bridgeport-Stamford-Danbury, CT",943100.0,-0.000245936743373476,6.57449646779273e-05,0.000430990831732148,3319.8340625,1.28,,97539.0,1460.0,4.369933374925261,False,-5.185185185185192,False,False,False,4.374306098496513,-0.4528073574332998,0.018782960818170658,0.001349995702669693,-0.006535831655490543,-0.0043285073138148444,-0.0017261858791571597,0.007874015748031482,-0.045112781954887216,-0.78125,-0.00024593674337347604,0.0,0.0,0.0,0.0,0.05159324569267665,0.03042432032453113,3.3,0.11583187162996111,0.07005880848887802,0.12237973724394036,0.037988254372415486
14860,"Bridgeport-Stamford-Danbury, CT",2020,4,1.31,232.54,394415.0,"Bridgeport, CT",msa,CT,445875.75984704,0.0670641368023603,0.0460700019190849,"Bridgeport, CT",2088.59045913495,6.8,"Bridgeport, CT",4898.33333333333,"Bridgeport-Stamford-Danbury, CT",943100.0,-0.000245936743373476,6.57449646779273e-05,0.000430990831732148,3554.5015625,1.31,,97539.0,1460.0,4.57125621389434,False,-4.379562043795627,False,False,False,4.368788970570286,-0.45311329176275894,0.06706413680236034,0.046070001919084724,-0.008098782251515724,-0.0012612578548454323,-0.0026447810668666976,0.015503875968992276,-0.03007518796992481,-0.7692307692307665,-0.00024593674337347604,0.0,0.0,0.0,0.0,0.06662506585999295,0.02893011006535584,2.96666666666667,-0.14444573823940388,-0.12382317801672682,0.15302735438200687,0.14221561000009708
14860,"Bridgeport-Stamford-Danbury, CT",2021,1,1.35,242.69,394415.0,"Bridgeport, CT",msa,CT,471482.740939377,0.1176573114888748,0.0574307540313972,"Bridgeport, CT",2109.52726521662,7.36666666666667,"Bridgeport, CT",3366.66666666667,"Bridgeport-Stamford-Danbury, CT",950952.0,0.008325734280564,0.0073953543064353,0.0085716710239375,3865.7068852459,1.35,,101194.0,1352.0,4.6591966019662925,False,-4.929577464788726,False,False,False,4.324927556452629,-0.44905823558736824,0.11765731148887482,0.05743075403139564,0.003928603440923606,0.009563864683769685,-0.0026603047569197513,0.0546875,-0.05882352941176472,-6.569343065693434,0.008325734280564046,0.008571671023937522,0.0004309908317321476,0.008571671023937522,0.0004309908317321476,0.06572183480750327,0.03248123945148973,4.13333333333333,-0.31269139162980497,-0.20061088687684092,0.26501058795554977,0.12306660146926007
14860,"Bridgeport-Stamford-Danbury, CT",2021,2,1.46,248.74,394415.0,"Bridgeport, CT",msa,CT,493876.112437043,0.1602479421018499,0.0474956335687899,"Bridgeport, CT",2198.39618739411,6.33333333333333,"Bridgeport, CT",3543.66666666667,"Bridgeport-Stamford-Danbury, CT",950952.0,0.008325734280564,0.0073953543064353,0.0085716710239375,4183.62634920635,1.46,,101194.0,1352.0,4.880488096498241,False,9.774436090225546,False,False,False,4.364041937063954,-0.43661439169521454,0.1602479421018499,0.04749563356879127,0.0130055981168411,0.009043938910136884,-0.0018604000364274625,0.16799999999999993,-0.03100775193798455,-6.7164179104477695,0.008325734280564046,0.0,0.0,-0.008571671023937522,-0.0004309908317321476,0.08901414701356014,0.03656321543270913,9.96666666666667,0.05257425742574262,0.05028657205240239,0.42703687869904483,0.017124992393438232
14860,"Bridgeport-Stamford-Danbury, CT",2021,3,1.54,258.48,394415.0,"Bridgeport, CT",msa,CT,506948.245475924,0.1893522812269492,0.0264684456479927,"Bridgeport, CT",2275.42885569226,5.83333333333333,"Bridgeport, CT",3882.66666666667,"Bridgeport-Stamford-Danbury, CT",950952.0,0.008325734280564,0.0073953543064353,0.0085716710239375,4421.670625,1.54,,101194.0,1352.0,5.009667030416072,True,15.789473684210531,True,True,False,4.369933374925261,-0.4413199332604858,0.18935228122694925,0.026468445647991112,0.018782960818170658,0.001349995702669693,-0.0006182241078703684,0.203125,0.007874015748031482,-5.185185185185192,0.008325734280564046,0.0,0.0,0.0,0.0,0.10594251917850128,0.05159324569267665,9.7,0.09566362524691918,0.11583187162996111,0.3318950711862574,0.12237973724394036
14860,"Bridgeport-Stamford-Danbury, CT",2022,2,2.15,286.23,394415.0,"Bridgeport, CT",msa,CT,549915.023233799,0.1134675465882137,0.0494686020129287,"Bridgeport, CT",2436.07168084577,3.73333333333333,"Bridgeport, CT",2483.0,"Bridgeport-Stamford-Danbury, CT",955142.0,0.0044061109288375,0.0125194523243142,-0.0039196233517264,4105.66709677419,2.15,,107351.0,1610.0,5.122588734467299,True,66.66666666666666,True,True,False,4.880488096498241,0.14942041452990118,0.11346754658821379,0.049468602012927576,0.1602479421018499,0.04749563356879127,0.011640740034301465,0.4726027397260273,0.16799999999999993,9.774436090225546,0.004406110928837581,0.0,0.0,0.0039196233517264645,-0.008571671023937522,0.10811313029676928,0.08901414701356014,6.33333333333333,0.24899396378269611,0.05257425742574262,-0.018634372653033138,0.42703687869904483
14860,"Bridgeport-Stamford-Danbury, CT",2025,2,3.1,347.17,394415.0,"Bridgeport, CT",msa,CT,648899.049728918,0.0246953649120635,0.0086867039752098,"Bridgeport, CT",2806.67678725982,3.5,"Bridgeport, CT",2006.0,"Bridgeport-Stamford-Danbury, CT",978179.0,0.0041750845898622,0.0241189268192583,-0.0080460280810863,5732.06048387097,3.1,,,,,False,44.18604651162792,False,False,False,5.527521073518474,1.1341984458963505,0.02469536491206359,0.00868670397521032,0.11365400785799151,0.02267475412000386,-0.006488912999077289,0.1355311355311355,0.03409090909090895,86.986301369863,0.004175084589862266,0.0,0.0,0.008046028081086343,-0.004673543827781845,0.052308500475236164,0.0483693067410329,2.86666666666667,0.38185993111365946,0.3095577746077032,0.09252306700317803,0.24739314525733902
14860,"Bridgeport-Stamford-Danbury, CT",2025,3,3.21,353.9,394415.0,"Bridgeport, CT",msa,CT,655675.253341989,0.0279447449845771,0.0104426160215552,"Bridgeport, CT",2827.53617644337,3.96666666666667,"Bridgeport, CT",2266.66666666667,"Bridgeport-Stamford-Danbury, CT",978179.0,0.0041750845898622,0.0241189268192583,-0.0080460280810863,6427.73875,3.21,,,,,False,47.24770642201834,False,False,False,5.567587647057129,1.1932815485606163,0.027944744984577108,0.01044261602155494,0.08309536287329622,0.007248560974395524,-0.0032172486569050996,0.1977611940298507,0.0347490347490349,74.02597402597404,0.004175084589862266,0.0,0.0,0.0,0.0,0.036447667244394966,0.05643662251030657,3.36666666666667,0.12994350282486056,0.1612200435729847,0.1595155481803856,0.24344959483489204
14860,"Bridgeport-Stamford-Danbury, CT",2025,4,2.96,355.31,394415.0,"Bridgeport, CT",msa,CT,663581.90259568,0.034408435426259,0.012058788574665,"Bridgeport, CT",2830.89367996604,4.15,"Bridgeport, CT",1993.66666666667,"Bridgeport-Stamford-Danbury, CT",978179.0,0.0041750845898622,0.0241189268192583,-0.0080460280810863,6777.5671875,2.96,,,,,False,12.12121212121211,False,False,False,5.599516392542469,1.2307274219721833,0.03440843542625904,0.012058788574665025,0.05543935512748677,0.005734753992102215,-0.002588225020221766,0.07246376811594213,0.05747126436781613,70.37037037037035,0.004175084589862266,0.0,0.0,0.0,0.0,0.03875216409399074,0.05816115495022012,3.03333333333333,-0.12044117647058816,-0.075984990619137,0.14737055805338306,0.3229933232101212
15540,"Burlington-South Burlington, VT",2019,2,2.59,,394429.0,"Burlington, VT",msa,VT,311892.70873574,0.0276228967061913,0.0062142892858128,"Burlington, VT",1491.00052541986,1.7,"Burlington, VT",1013.0,"Burlington-South Burlington, VT",220411.0,0.0021460495864762,0.0136309077614316,-0.0022562794465184,2882.32777777778,2.59,,71413.0,1682.0,4.367450026406116,False,7.468879668049788,False,False,False,4.446039894122171,0.25676507744118027,0.027622896706191336,0.006214289285814356,0.04026133348035321,0.00968373163763192,0.003110067628453629,-0.026315789473684292,0.027027027027027195,16.666666666666675,0.0021460495864762397,0.0,0.0,0.0022562794465184055,0.0026246706496866334,0.011867599935523776,0.04121063036064743,2.16666666666667,0.15639269406392686,0.2311733800350262,0.06629220382021028,0.12725771232385252
15540,"Burlington-South Burlington, VT",2019,3,2.55,,394429.0,"Burlington, VT",msa,VT,314056.891280426,0.0241723372215583,0.0069388686688396,"Burlington, VT",1507.59557726106,1.76666666666667,"Burlington, VT",1227.33333333333,"Burlington-South Burlington, VT",220411.0,0.0021460495864762,0.0136309077614316,-0.0022562794465184,2957.8528125,2.55,,71413.0,1682.0,4.39775518855707,False,7.14285714285714,False,False,False,4.4919735618764225,0.27436315783027787,0.024172337221558315,0.006938868668839859,0.04214756219260596,0.01033136653024136,0.0030614350759466573,0.0,0.003937007874015741,7.594936708860756,0.0021460495864762397,0.0,0.0,0.0,0.0,0.028842596059634573,0.011410271834402463,2.1,0.21158275748601185,0.6424845898530156,0.037988254372415486,0.15500598332389925
15540,"Burlington-South Burlington, VT",2019,4,2.59,,394429.0,"Burlington, VT",msa,VT,317719.33530506,0.0280920840093084,0.0116617215743999,"Burlington, VT",1526.38378139559,1.5,"Burlington, VT",1094.33333333333,"Burlington-South Burlington, VT",220411.0,0.0021460495864762,0.0136309077614316,-0.0022562794465184,3082.755625,2.59,,71413.0,1682.0,4.4490405851183965,False,6.1475409836065475,False,False,False,4.527031699018911,0.268379187750142,0.028092084009308405,0.011661721574400374,0.04188348507579054,0.0078046178722042114,0.0028875084637900433,-0.007662835249042099,0.0038461538461538325,8.749999999999991,0.0021460495864762397,0.0,0.0,0.0,0.0,0.030250320507863027,0.03654133734778675,1.63333333333333,-0.10836501901140716,0.001154734411082714,0.14221561000009708,0.036741721225998614
15540,"Burlington-South Burlington, VT",2020,1,2.6,,394429.0,"Burlington, VT",msa,VT,323965.92873802,0.0451643709764972,0.0196607280037355,"Burlington, VT",1510.04974586391,2.0,"Burlington, VT",772.333333333333,"Burlington-South Burlington, VT",225730.0,0.0241321894097843,0.0308482703504966,0.0219861398233081,3055.86919354839,2.6,,73447.0,2320.0,4.410880345528341,False,0.0,False,False,False,4.340477046401341,0.08764280060742013,0.04516437097649728,0.019660728003734196,0.03116615626580299,0.0030050315017682294,0.0019502262445602607,-0.04761904761904756,-0.021505376344086002,8.333333333333325,0.024132189409784344,0.021986139823308104,-0.0022562794465184055,0.021986139823308104,-0.0022562794465184055,0.014514039693630076,0.023021292397735538,2.03333333333333,-0.29424307036247155,-0.24221453287197237,0.12306660146926007,-0.004562795426326538
15540,"Burlington-South Burlington, VT",2020,2,2.52,,394429.0,"Burlington, VT",msa,VT,328478.585585186,0.0531781487187599,0.013929418024744,"Burlington, VT",1535.86687701067,9.33333333333333,"Burlington, VT",808.0,"Burlington-South Burlington, VT",225730.0,0.0241321894097843,0.0308482703504966,0.0219861398233081,2931.68761904762,2.52,,73447.0,2320.0,4.472321341718327,False,-2.7027027027026973,False,False,False,4.367450026406116,0.08151630387548447,0.05317814871875992,0.013929418024743123,0.027622896706191336,0.006214289285814356,0.0006227351429249226,-0.027027027027026973,-0.026315789473684292,7.468879668049788,0.024132189409784344,0.0,0.0,-0.021986139823308104,0.0022562794465184055,0.030091439155043753,0.011867599935523776,1.7,0.04618040569702253,0.15639269406392686,0.017124992393438232,0.06629220382021028
15540,"Burlington-South Burlington, VT",2020,3,2.6,,394429.0,"Burlington, VT",msa,VT,334444.47431297,0.0649168465924208,0.0181621846585687,"Burlington, VT",1568.89389826856,5.03333333333333,"Burlington, VT",951.333333333333,"Burlington-South Burlington, VT",225730.0,0.0241321894097843,0.0308482703504966,0.0219861398233081,3319.8340625,2.6,,73447.0,2320.0,4.553548467779079,False,2.3622047244094446,False,False,False,4.39775518855707,0.06930951139303332,0.06491684659242081,0.01816218465856978,0.024172337221558315,0.006938868668839859,-0.0007487752818575262,0.019607843137255054,0.0,7.14285714285714,0.024132189409784344,0.0,0.0,0.0,0.0,0.04065965828771145,0.028842596059634573,1.76666666666667,0.17739273927392696,0.21158275748601185,0.12237973724394036,0.037988254372415486
15540,"Burlington-South Burlington, VT",2020,4,2.65,,394429.0,"Burlington, VT",msa,VT,345920.662657023,0.0887617598874972,0.0343141813529069,"Burlington, VT",1585.85135091887,3.3,"Burlington, VT",645.333333333333,"Burlington-South Burlington, VT",225730.0,0.0241321894097843,0.0308482703504966,0.0219861398233081,3554.5015625,2.65,,73447.0,2320.0,4.709799755701703,False,1.9230769230769162,False,False,False,4.4490405851183965,0.09987181280783819,0.08876175988749724,0.034314181352907314,0.028092084009308405,0.011661721574400374,-0.001903215387064115,0.02316602316602312,-0.007662835249042099,6.1475409836065475,0.024132189409784344,0.0,0.0,0.0,0.0,0.03895977554800023,0.030250320507863027,1.5,-0.32165381920112135,-0.10836501901140716,0.15302735438200687,0.14221561000009708
15540,"Burlington-South Burlington, VT",2021,1,2.75,,394429.0,"Burlington, VT",msa,VT,357691.150841594,0.1041011387677324,0.0340265542224685,"Burlington, VT",1575.12300083429,4.13333333333333,"Burlington, VT",378.0,"Burlington-South Burlington, VT",227219.0,0.0065963762016567,0.0331000868422608,-0.0175358132081276,3865.7068852459,2.75,,79246.0,2168.0,4.513680827317391,False,-1.4336917562724039,False,False,False,4.410880345528341,0.09861518059698415,0.10410113876773242,0.03402655422246714,0.04516437097649728,0.019660728003734196,-0.0018689465187093895,0.05769230769230771,-0.04761904761904756,0.0,0.006596376201656762,-0.017535813208127582,0.021986139823308104,-0.017535813208127582,0.021986139823308104,0.04309345115855856,0.014514039693630076,2.0,-0.41425619834710714,-0.29424307036247155,0.26501058795554977,0.12306660146926007
15540,"Burlington-South Burlington, VT",2021,2,2.92,,394429.0,"Burlington, VT",msa,VT,371325.498292278,0.1304405053704185,0.0381176537876449,"Burlington, VT",1611.20315119606,3.46666666666667,"Burlington, VT",469.666666666667,"Burlington-South Burlington, VT",227219.0,0.0065963762016567,0.0331000868422608,-0.0175358132081276,4183.62634920635,2.92,,79246.0,2168.0,4.685731750401004,False,9.774436090225546,False,False,False,4.472321341718327,0.14138704627554866,0.1304405053704185,0.03811765378764442,0.05317814871875992,0.013929418024743123,-0.0009014332573449696,0.1587301587301586,-0.027027027027026973,-2.7027027027026973,0.006596376201656762,0.0,0.0,0.017535813208127582,-0.021986139823308104,0.049051304714651245,0.030091439155043753,9.33333333333333,0.24250440917107685,0.04618040569702253,0.42703687869904483,0.017124992393438232
15540,"Burlington-South Burlington, VT",2021,3,3.13,,394429.0,"Burlington, VT",msa,VT,385665.56567442,0.1531527511903747,0.0386185905575889,"Burlington, VT",1700.40518836391,2.8,"Burlington, VT",577.0,"Burlington-South Burlington, VT",227219.0,0.0065963762016567,0.0331000868422608,-0.0175358132081276,4421.670625,3.13,,79246.0,2168.0,4.8666881063324325,False,22.745098039215694,False,False,False,4.553548467779079,0.2010177191089184,0.15315275119037475,0.03861859055758843,0.06491684659242081,0.01816218465856978,0.00047419837023926064,0.2038461538461538,0.019607843137255054,2.3622047244094446,0.006596376201656762,0.0,0.0,0.0,0.0,0.08382420904338184,0.04065965828771145,5.03333333333333,0.22853087295954477,0.17739273927392696,0.3318950711862574,0.12237973724394036
15540,"Burlington-South Burlington, VT",2021,4,3.28,,394429.0,"Burlington, VT",msa,VT,390233.017931697,0.1280997640739642,0.0118430387978494,"Burlington, VT",1718.77102846879,2.03333333333333,"Burlington, VT",431.0,"Burlington-South Burlington, VT",227219.0,0.0065963762016567,0.0331000868422608,-0.0175358132081276,4602.10890625,3.28,,79246.0,2168.0,4.924324482392764,False,25.670498084291182,False,False,False,4.709799755701703,0.33468670930203537,0.12809976407396428,0.011843038797850314,0.08876175988749724,0.034314181352907314,0.0026849187835340086,0.23773584905660372,0.02316602316602312,1.9230769230769162,0.006596376201656762,0.0,0.0,0.0,0.0,0.08381597523179218,0.03895977554800023,3.3,-0.2530329289428076,-0.32165381920112135,0.2947269329692408,0.15302735438200687
15540,"Burlington-South Burlington, VT",2022,1,3.81,,394429.0,"Burlington, VT",msa,VT,403064.512997767,0.1268506700526872,0.0328816232262437,"Burlington, VT",1745.62082585864,2.23333333333333,"Burlington, VT",249.666666666667,"Burlington-South Burlington, VT",227935.0,0.0031511449306616,0.0341362273207779,-0.0034452312709951,4463.85548387097,3.81,,86183.0,2604.0,4.6768447721449355,False,39.560439560439555,False,False,False,4.513680827317391,0.18114258047674703,0.12685067005268724,0.03288162322624344,0.10410113876773242,0.03402655422246714,0.005068543006626072,0.3854545454545455,0.05769230769230771,-1.4336917562724039,0.003151144930661598,-0.003445231270995164,-0.017535813208127582,-0.003445231270995164,-0.017535813208127582,0.10824413390829979,0.04309345115855856,4.13333333333333,-0.420726991492652,-0.41425619834710714,0.154732010569141,0.26501058795554977
15540,"Burlington-South Burlington, VT",2022,2,4.35,,394429.0,"Burlington, VT",msa,VT,423761.948326151,0.1412142453858615,0.0513501800851892,"Burlington, VT",1812.47818932711,2.03333333333333,"Burlington, VT",363.0,"Burlington-South Burlington, VT",227935.0,0.0031511449306616,0.0341362273207779,-0.0034452312709951,4105.66709677419,4.35,,86183.0,2604.0,4.9170015934250495,False,67.95366795366795,False,False,False,4.685731750401004,0.3500113711233208,0.14121424538586158,0.0513501800851881,0.1304405053704185,0.03811765378764442,0.007779405435053201,0.4897260273972601,0.1587301587301586,9.774436090225546,0.003151144930661598,0.0,0.0,0.003445231270995164,0.017535813208127582,0.12492219741603372,0.049051304714651245,3.46666666666667,0.4539385847797044,0.24250440917107685,-0.018634372653033138,0.42703687869904483
15540,"Burlington-South Burlington, VT",2022,3,5.01,,394429.0,"Burlington, VT",msa,VT,433313.641240452,0.1235476532179091,0.0225402326755129,"Burlington, VT",1898.53628495173,2.03333333333333,"Burlington, VT",468.333333333333,"Burlington-South Burlington, VT",227935.0,0.0031511449306616,0.0341362273207779,-0.0034452312709951,3980.35109375,5.01,,86183.0,2604.0,5.027831953406728,True,96.47058823529413,True,True,False,4.8666881063324325,0.49257006436232587,0.12354765321790917,0.02254023267551508,0.15315275119037475,0.03861859055758843,0.010818929868720444,0.6006389776357828,0.2038461538461538,22.745098039215694,0.003151144930661598,0.0,0.0,0.0,0.0,0.11651993180428799,0.08382420904338184,2.8,0.2901744719926529,0.22853087295954477,-0.0998083232963558,0.3318950711862574
15540,"Burlington-South Burlington, VT",2023,2,6.04,,394429.0,"Burlington, VT",msa,VT,448006.617595898,0.0572129455358434,0.0269823956597786,"Burlington, VT",1966.49758588512,1.46666666666667,"Burlington, VT",316.666666666667,"Burlington-South Burlington, VT",227896.0,-0.000171101410489816,0.0095955344881053,-0.0033222463411514,4206.07290322581,6.04,,90911.0,2296.0,4.927969306199448,False,139.68253968253967,False,False,False,4.9170015934250495,0.4609844422995071,0.05721294553584344,0.02698239565977767,0.14121424538586158,0.0513501800851881,0.012128039802280829,0.3885057471264368,0.4897260273972601,67.95366795366795,-0.00017110141048981564,0.0,0.0,0.0033222463411514136,0.003445231270995164,0.08497724136211016,0.12492219741603372,2.03333333333333,0.27688172043010906,0.4539385847797044,0.02445541834858167,-0.018634372653033138
15540,"Burlington-South Burlington, VT",2023,3,5.87,,394429.0,"Burlington, VT",msa,VT,455356.446338464,0.0508703234795695,0.016405625394569,"Burlington, VT",2005.31735493304,1.56666666666667,"Burlington, VT",407.0,"Burlington-South Burlington, VT",227896.0,-0.000171101410489816,0.0095955344881053,-0.0033222463411514,4458.13746031746,5.87,,90911.0,2296.0,5.008815724592887,True,125.76923076923077,True,True,False,5.027831953406728,0.5339265212024396,0.050870323479569546,0.01640562539456858,0.12354765321790917,0.02254023267551508,0.010369212266557393,0.1716566866267466,0.6006389776357828,96.47058823529413,-0.00017110141048981564,0.0,0.0,0.0,0.0,0.056243892111877525,0.11651993180428799,2.03333333333333,0.28526315789473533,0.2901744719926529,0.12003623683289799,-0.0998083232963558
15540,"Burlington-South Burlington, VT",2024,2,6.09,,394429.0,"Burlington, VT",msa,VT,466910.844282979,0.0421963112699657,0.0186595524095059,"Burlington, VT",2061.82151598107,1.86666666666667,"Burlington, VT",390.0,"Burlington-South Burlington, VT",228314.0,0.0018341699722681,0.0048191392445173,0.0020052713827579,5246.62650793651,6.09,,93043.0,2393.0,5.018226457476424,True,108.56164383561642,True,True,False,4.927969306199448,0.48192941207727724,0.0421963112699657,0.01865955240950612,0.05721294553584344,0.02698239565977767,-0.000666972235048303,0.008278145695364225,0.3885057471264368,139.68253968253967,0.0018341699722681515,0.0,0.0,-0.002005271382757967,0.0033222463411514136,0.04847396242952673,0.08497724136211016,1.46666666666667,0.4373464373464393,0.27688172043010906,0.24739314525733902,0.02445541834858167
15540,"Burlington-South Burlington, VT",2025,2,6.51,,394429.0,"Burlington, VT",msa,VT,465318.479584268,-0.0034104256052487,-0.0037859255828429,"Burlington, VT",2101.63841043306,2.26666666666667,"Burlington, VT",513.333333333333,"Burlington-South Burlington, VT",227803.0,-0.0022381457116077,-0.00057911246627329,-0.0040723156838758,5732.06048387097,6.51,,,,,False,49.65517241379311,False,False,False,5.018226457476424,0.6507764310703079,-0.0034104256052487347,-0.0037859255828417426,0.0421963112699657,0.01865955240950612,-0.010742931871510937,0.06896551724137923,0.008278145695364225,108.56164383561642,-0.002238145711607742,0.0,0.0,0.004072315683875893,-0.002005271382757967,0.019311513699595828,0.04847396242952673,1.86666666666667,0.318493150684932,0.4373464373464393,0.09252306700317803,0.24739314525733902
15540,"Burlington-South Burlington, VT",2025,3,6.56,,394429.0,"Burlington, VT",msa,VT,466664.410816669,-0.0043569735237246,0.002892494692247,"Burlington, VT",2111.68096692455,2.46666666666667,"Burlington, VT",678.0,"Burlington-South Burlington, VT",227803.0,-0.0022381457116077,-0.00057911246627329,-0.0040723156838758,6427.73875,6.56,,,,,False,30.938123752495006,False,False,False,5.037526228280117,0.6397710397230476,-0.004356973523724661,0.0028924946922450623,0.029317925828769242,0.003845934608020629,-0.01049986603549861,0.09882747068676712,0.017035775127768327,90.73482428115017,-0.002238145711607742,0.0,0.0,0.0,0.0,0.009231765599353903,0.04340828691956178,2.2,0.3207792207792215,0.4700854700854693,0.1595155481803856,0.24344959483489204
15540,"Burlington-South Burlington, VT",2025,4,5.86,,394429.0,"Burlington, VT",msa,VT,468852.522990916,-0.0018229925925473,0.0046888344676152,"Burlington, VT",2111.4688270728,2.35,"Burlington, VT",634.0,"Burlington-South Burlington, VT",227803.0,-0.0022381457116077,-0.00057911246627329,-0.0040723156838758,6777.5671875,5.86,,,,,False,5.017921146953408,False,False,False,5.048298084235375,0.5992574991169786,-0.0018229925925473678,0.004688834467616143,0.026928072856224672,0.002138322554984473,-0.010621511963430735,-0.018425460636515845,0.1393129770992365,82.01219512195121,-0.002238145711607742,0.0,0.0,0.0,0.0,0.011703879124742578,0.03312244755036997,2.03333333333333,-0.06489675516224191,-0.020930232558139528,0.14737055805338306,0.3229933232101212
15980,"Cape Coral-Fort Myers, FL",2019,2,2.46,263.9,394440.0,"Cape Coral, FL",msa,FL,239842.992437032,0.0216158931869028,-0.0016232205069981,"Cape Coral, FL",1258.33008866594,3.23333333333333,"Cape Coral, FL",12925.3333333333,"Cape Coral-Fort Myers, FL",770577.0,0.0213487613821624,0.0663226545667399,0.0017947073281083,2882.32777777778,2.46,,57832.0,825.0,4.147236693128925,False,10.81081081081079,False,False,False,4.292630719153224,1.008699247042113,0.021615893186902824,-0.0016232205069983685,0.0283989609740396,0.00391890005267026,-0.010581357062027834,0.008196721311475308,0.033898305084745894,20.197044334975377,0.02134876138216235,0.0,0.0,-0.0017947073281083803,0.004456219259823202,0.035241712916944445,0.04162266232253553,3.5,0.011398315031685646,-0.029981813458043738,0.06629220382021028,0.12725771232385252
15980,"Cape Coral-Fort Myers, FL",2019,3,2.49,268.8,394440.0,"Cape Coral, FL",msa,FL,239381.638919267,0.0124288711476678,-0.0019235647165533,"Cape Coral, FL",1268.48729075014,3.5,"Cape Coral, FL",10602.6666666667,"Cape Coral-Fort Myers, FL",770577.0,0.0213487613821624,0.0663226545667399,0.0017947073281083,2957.8528125,2.49,,57832.0,825.0,4.1392592149548175,False,10.666666666666668,False,False,False,4.323250997947066,0.914874034204618,0.012428871147667886,-0.0019235647165556369,0.031060692827107772,0.0071332198824412,-0.01114108066021167,0.0040322580645162365,0.024793388429751984,19.23076923076923,0.02134876138216235,0.0,0.0,0.0,0.0,0.030842078589423227,0.04720557178994644,3.66666666666667,-0.17969878275221307,-0.1457842296978764,0.037988254372415486,0.15500598332389925
15980,"Cape Coral-Fort Myers, FL",2019,4,2.51,273.45,394440.0,"Cape Coral, FL",msa,FL,241076.326142449,0.0091466596813809,0.0070794369644751,"Cape Coral, FL",1282.20509152176,2.93333333333333,"Cape Coral, FL",9944.0,"Cape Coral-Fort Myers, FL",770577.0,0.0213487613821624,0.0663226545667399,0.0017947073281083,3082.755625,2.51,,57832.0,825.0,4.168562839646718,False,9.606986899563296,False,False,False,4.368017937211168,0.8471112846512914,0.009146659681380953,0.007079436964476438,0.029958001598974437,0.010354924866809778,-0.010409491581242656,0.008032128514056103,0.0,13.698630136986312,0.02134876138216235,0.0,0.0,0.0,0.0,0.03242540758604884,0.03941546315397981,3.33333333333333,-0.06212273641851407,0.005236258740165534,0.14221561000009708,0.036741721225998614
15980,"Cape Coral-Fort Myers, FL",2020,1,2.52,279.31,394440.0,"Cape Coral, FL",msa,FL,244584.884236119,0.0181155036265392,0.0145537230876716,"Cape Coral, FL",1294.58089273514,3.43333333333333,"Cape Coral, FL",10663.0,"Cape Coral-Fort Myers, FL",765575.0,-0.0064912396814335,0.0345608108108109,-0.0278400010635959,3055.86919354839,2.52,,59608.0,1036.0,4.103222457323161,False,5.439330543933041,False,False,False,4.15397951786798,0.5880733719835352,0.018115503626539242,0.01455372308767,0.027287017117279655,0.0056162557925147905,-0.008881262767021772,0.0,0.0,13.513513513513509,-0.006491239681433503,-0.027840001063595854,0.0017947073281083803,-0.027840001063595854,0.0017947073281083803,0.03425475662795607,0.029423290262781565,3.43333333333333,0.07230490748189866,0.19585152838427877,0.12306660146926007,-0.004562795426326538
15980,"Cape Coral-Fort Myers, FL",2020,2,2.54,281.54,394440.0,"Cape Coral, FL",msa,FL,245417.399091337,0.0232418992010721,0.0034037870239516,"Cape Coral, FL",1292.59217440002,13.1333333333333,"Cape Coral, FL",9902.0,"Cape Coral-Fort Myers, FL",765575.0,-0.0064912396814335,0.0345608108108109,-0.0278400010635959,2931.68761904762,2.54,,59608.0,1036.0,4.117188952679792,False,7.6271186440677985,False,False,False,4.147236693128925,0.4970213326655579,0.023241899201072114,0.0034037870239531642,0.021615893186902824,-0.0016232205069983685,-0.006908601604252997,0.03252032520325199,0.008196721311475308,10.81081081081079,-0.006491239681433503,0.0,0.0,0.027840001063595854,-0.0017947073281083803,0.027228217812389932,0.035241712916944445,3.23333333333333,-0.07136828284722874,0.011398315031685646,0.017124992393438232,0.06629220382021028
15980,"Cape Coral-Fort Myers, FL",2020,3,2.56,291.15,394440.0,"Cape Coral, FL",msa,FL,247558.955700718,0.0341601670803535,0.00872618085478,"Cape Coral, FL",1335.33964371394,9.16666666666667,"Cape Coral, FL",8628.0,"Cape Coral-Fort Myers, FL",765575.0,-0.0064912396814335,0.0345608108108109,-0.0278400010635959,3319.8340625,2.56,,59608.0,1036.0,4.153116288094182,False,5.785123966942152,False,False,False,4.1392592149548175,0.4098230939640435,0.03416016708035352,0.008726180854781163,0.012428871147667886,-0.0019235647165556369,-0.005306707390514871,0.028112449799196693,0.0040322580645162365,10.666666666666668,-0.006491239681433503,0.0,0.0,0.0,0.0,0.052702422366617485,0.030842078589423227,3.5,-0.12866087659058778,-0.17969878275221307,0.12237973724394036,0.037988254372415486
15980,"Cape Coral-Fort Myers, FL",2020,4,2.65,306.35,394440.0,"Cape Coral, FL",msa,FL,256924.755407888,0.0657402969384657,0.0378326030688729,"Cape Coral, FL",1372.63353519494,5.76666666666667,"Cape Coral, FL",8228.33333333333,"Cape Coral-Fort Myers, FL",765575.0,-0.0064912396814335,0.0345608108108109,-0.0278400010635959,3554.5015625,2.65,,59608.0,1036.0,4.310239488120521,False,6.425702811244971,False,False,False,4.168562839646718,0.350796716706959,0.06574029693846573,0.03783260306887315,0.009146659681380953,0.007079436964476438,-0.004219231314677568,0.055776892430278835,0.008032128514056103,9.606986899563296,-0.006491239681433503,0.0,0.0,0.0,0.0,0.07052572499603516,0.03242540758604884,2.93333333333333,-0.04632205223304009,-0.06212273641851407,0.15302735438200687,0.14221561000009708
15980,"Cape Coral-Fort Myers, FL",2021,1,2.73,320.07,394440.0,"Cape Coral, FL",msa,FL,267332.222575336,0.0930038600310927,0.0405078411028383,"Cape Coral, FL",1398.53944609295,4.96666666666667,"Cape Coral, FL",7592.0,"Cape Coral-Fort Myers, FL",791169.0,0.033431081213467,0.0486420931249751,0.0399223208949006,3865.7068852459,2.73,,63235.0,827.0,4.227598997000649,False,8.333333333333325,False,False,False,4.103222457323161,0.23929349253192989,0.09300386003109273,0.040507841102837006,0.018115503626539242,0.01455372308767,-0.003118398471820696,0.08333333333333326,0.0,5.439330543933041,0.03343108121346705,0.039922320894900554,-0.027840001063595854,0.039922320894900554,-0.027840001063595854,0.08030286399343534,0.03425475662795607,3.43333333333333,-0.07733441361150462,0.07230490748189866,0.26501058795554977,0.12306660146926007
15980,"Cape Coral-Fort Myers, FL",2021,2,2.99,353.22,394440.0,"Cape Coral, FL",msa,FL,283846.284330626,0.1565858222830687,0.0617735550028418,"Cape Coral, FL",1463.68965490913,4.66666666666667,"Cape Coral, FL",7128.0,"Cape Coral-Fort Myers, FL",791169.0,0.033431081213467,0.0486420931249751,0.0399223208949006,4183.62634920635,2.99,,63235.0,827.0,4.488752816171836,False,22.540983606557386,False,False,False,4.117188952679792,0.1638382214745051,0.15658582228306872,0.06177355500284398,0.023241899201072114,0.0034037870239531642,-0.0021686541067201604,0.1771653543307088,0.03252032520325199,7.6271186440677985,0.03343108121346705,0.0,0.0,-0.039922320894900554,0.027840001063595854,0.13236772115576834,0.027228217812389932,13.1333333333333,-0.0611169652265543,-0.07136828284722874,0.42703687869904483,0.017124992393438232
15980,"Cape Coral-Fort Myers, FL",2021,3,3.27,389.78,394440.0,"Cape Coral, FL",msa,FL,310484.234246435,0.2541830020554352,0.0938463928764413,"Cape Coral, FL",1600.37067143995,4.56666666666667,"Cape Coral, FL",7965.33333333333,"Cape Coral-Fort Myers, FL",791169.0,0.033431081213467,0.0486420931249751,0.0399223208949006,4421.670625,3.27,,63235.0,827.0,4.910006076483514,False,31.854838709677423,False,False,False,4.153116288094182,0.07418473277803184,0.2541830020554352,0.0938463928764377,0.03416016708035352,0.008726180854781163,-0.001140929943605092,0.27734375,0.028112449799196693,5.785123966942152,0.03343108121346705,0.0,0.0,0.0,0.0,0.19847461952742385,0.052702422366617485,9.16666666666667,0.11747100635989471,-0.12866087659058778,0.3318950711862574,0.12237973724394036
15980,"Cape Coral-Fort Myers, FL",2021,4,3.51,413.33,394440.0,"Cape Coral, FL",msa,FL,332552.044070627,0.2943557873303208,0.0710754601687005,"Cape Coral, FL",1729.00979484913,3.56666666666667,"Cape Coral, FL",8637.66666666667,"Cape Coral-Fort Myers, FL",791169.0,0.033431081213467,0.0486420931249751,0.0399223208949006,4602.10890625,3.51,,63235.0,827.0,5.258987017800696,True,40.96385542168672,True,True,False,4.310239488120521,0.06877791394552091,0.29435578733032086,0.0710754601687007,0.06574029693846573,0.03783260306887315,0.0008697173511061813,0.3245283018867924,0.055776892430278835,6.425702811244971,0.03343108121346705,0.0,0.0,0.0,0.0,0.25962957374750273,0.07052572499603516,5.76666666666667,0.08440743220622782,-0.04632205223304009,0.2947269329692408,0.15302735438200687
15980,"Cape Coral-Fort Myers, FL",2025,2,5.31,425.68,394440.0,"Cape Coral, FL",msa,FL,366233.111160832,-0.084817373329062,-0.0305207520624127,"Cape Coral, FL",1907.22020388613,3.9,"Cape Coral, FL",15812.3333333333,"Cape Coral-Fort Myers, FL",875607.0,0.0161779434514726,0.0574210291778725,-0.0021905009273131,5732.06048387097,5.31,,,,,False,20.4081632653061,False,False,False,5.258056349513094,1.1108196563841686,-0.08481737332906203,-0.03052075206241145,-0.012291009960324062,-0.01013782897319715,-0.03863305345622531,0.009505703422053147,-0.013133208255159512,75.91973244147154,0.01617794345147261,0.0,0.0,0.0021905009273130993,0.0034488415875524314,-0.022973296884008843,-0.03323009894258333,3.33333333333333,0.06938839919745732,0.06855038205706698,0.09252306700317803,0.24739314525733902
15980,"Cape Coral-Fort Myers, FL",2025,3,5.45,414.93,394440.0,"Cape Coral, FL",msa,FL,353061.104902879,-0.099762580396512,-0.0359661807098829,"Cape Coral, FL",1873.92230848634,4.7,"Cape Coral, FL",13205.0,"Cape Coral-Fort Myers, FL",875607.0,0.0161779434514726,0.0574210291778725,-0.0021905009273131,6427.73875,5.45,,,,,False,9.437751004016048,False,False,False,5.153095745347839,1.0138365303930215,-0.09976258039651209,-0.035966180709882556,-0.03955650495783403,-0.01996186369797537,-0.042352647742530586,0.030245746691871522,0.011472275334607929,61.773700305810394,0.01617794345147261,0.0,0.0,0.0,0.0,-0.03409740363397673,-0.024882389544854666,3.93333333333333,-0.16489238358243385,-0.0961261446650914,0.1595155481803856,0.24344959483489204
15980,"Cape Coral-Fort Myers, FL",2025,4,5.53,412.05,394440.0,"Cape Coral, FL",msa,FL,345265.663595213,-0.1043568950730544,-0.0220795811246608,"Cape Coral, FL",1850.4335132369,5.25,"Cape Coral, FL",12015.0,"Cape Coral-Fort Myers, FL",875607.0,0.0161779434514726,0.0574210291778725,-0.0021905009273131,6777.5671875,5.53,,,,,False,3.7523452157598447,False,False,False,5.065167367039918,0.8966045273932002,-0.10435689507305446,-0.02207958112466224,-0.052531756359492476,-0.017063214551622075,-0.042691132038689704,-0.02811950790861162,0.040219378427788,62.108262108262124,0.01617794345147261,0.0,0.0,0.0,0.0,-0.04773521758151755,-0.02399268301972557,3.63333333333333,-0.09011737978038625,-0.004752554142124166,0.14737055805338306,0.3229933232101212
16700,"Charleston-North Charleston, SC",2019,2,2.94,370.07,394457.0,"Charleston, SC",msa,SC,272577.021235012,0.032952707516197,0.0081419164630485,"Charleston, SC",1321.15912380974,2.33333333333333,"Charleston, SC",6439.66666666667,"Charleston-North Charleston, SC",802122.0,0.0177637472371028,0.053236831946301,0.0015362816229542,2882.32777777778,2.94,,63649.0,912.0,4.28250280813543,False,13.953488372093027,False,False,False,4.334166844733444,0.7148652924901624,0.032952707516197055,0.008141916463046739,0.06197369873329528,0.010536323602454267,-0.002343776536464386,0.010309278350515427,0.04676258992805771,23.829787234042566,0.017763747237102834,0.0,0.0,-0.001536281622954272,0.0021015827564714318,0.038171407910811084,0.03792839686453875,2.5,0.12143727869042897,0.09924391260344168,0.06629220382021028,0.12725771232385252
16700,"Charleston-North Charleston, SC",2019,3,2.93,375.68,394457.0,"Charleston, SC",msa,SC,274303.442939583,0.0303931021112737,0.0063337022935696,"Charleston, SC",1330.60766547628,2.0,"Charleston, SC",6379.66666666667,"Charleston-North Charleston, SC",802122.0,0.0177637472371028,0.053236831946301,0.0015362816229542,2957.8528125,2.93,,63649.0,912.0,4.309626905993542,False,14.007782101167333,False,False,False,4.372452887882202,0.6701228595572615,0.030393102111273773,0.0063337022935712195,0.05380001887197339,0.008833541605644646,-0.002780016153111768,0.01384083044982698,0.006968641114982521,18.442622950819686,0.017763747237102834,0.0,0.0,0.0,0.0,0.03917523556904068,0.03409326087286191,2.83333333333333,-0.009317252445778745,-0.001895580589255208,0.037988254372415486,0.15500598332389925
16700,"Charleston-North Charleston, SC",2019,4,2.93,373.62,394457.0,"Charleston, SC",msa,SC,276441.748059576,0.0288041983614775,0.007795400222025,"Charleston, SC",1336.40644197866,1.96666666666667,"Charleston, SC",5840.66666666667,"Charleston-North Charleston, SC",802122.0,0.0177637472371028,0.053236831946301,0.0015362816229542,3082.755625,2.93,,63649.0,912.0,4.3432221725333635,False,11.832061068702293,False,False,False,4.413343444675367,0.6321925071279493,0.028804198361477518,0.0077954002220235186,0.046475701018270366,0.009351857605256031,-0.002722910377004925,-0.00340136054421758,0.03157894736842093,17.131474103585663,0.017763747237102834,0.0,0.0,0.0,0.0,0.04057486997610549,0.035085675141398154,2.6,-0.0844871727885469,-0.04851049975581967,0.14221561000009708,0.036741721225998614
16700,"Charleston-North Charleston, SC",2020,1,2.98,385.92,394457.0,"Charleston, SC",msa,SC,279733.971977558,0.0346123137288569,0.0119092862821595,"Charleston, SC",1345.02746506891,2.66666666666667,"Charleston, SC",5365.33333333333,"Charleston-North Charleston, SC",803468.0,0.0016780489750936,0.036015045059101,-0.0160856982620092,3055.86919354839,2.98,,65894.0,1002.0,4.245211581897562,False,6.810035842293916,False,False,False,4.247916625825968,0.44987693752297986,0.03461231372885698,0.011909286282159037,0.03540604200924591,0.006228621362497355,-0.002533944250309933,-0.00666666666666671,0.030927835051546282,18.11023622047243,0.0016780489750936045,-0.01608569826200923,0.001536281622954272,-0.01608569826200923,0.001536281622954272,0.038032511773964606,0.033675197295926385,2.9,-0.08138340372103736,-0.017564870259481502,0.12306660146926007,-0.004562795426326538
16700,"Charleston-North Charleston, SC",2020,2,2.92,392.69,394457.0,"Charleston, SC",msa,SC,282501.359688193,0.0364092996842326,0.009892926808535,"Charleston, SC",1342.08111038411,9.4,"Charleston, SC",5540.33333333333,"Charleston-North Charleston, SC",803468.0,0.0016780489750936,0.036015045059101,-0.0160856982620092,2931.68761904762,2.92,,65894.0,1002.0,4.287209149364024,False,5.035971223021596,False,False,False,4.28250280813543,0.4120425378993535,0.03640929968423268,0.009892926808535929,0.032952707516197055,0.008141916463046739,-0.002569647163260459,-0.006802721088435382,0.010309278350515427,13.953488372093027,0.0016780489750936045,0.0,0.0,0.01608569826200923,-0.001536281622954272,0.01583608378227641,0.038171407910811084,2.33333333333333,0.03261679920477145,0.12143727869042897,0.017124992393438232,0.06629220382021028
16700,"Charleston-North Charleston, SC",2020,3,3.01,407.33,394457.0,"Charleston, SC",msa,SC,285717.041724129,0.0416093894492601,0.0113828904734674,"Charleston, SC",1361.5441903791,6.5,"Charleston, SC",5181.33333333333,"Charleston-North Charleston, SC",803468.0,0.0016780489750936,0.036015045059101,-0.0160856982620092,3319.8340625,3.01,,65894.0,1002.0,4.336009981548077,False,4.878048780487787,False,False,False,4.309626905993542,0.3792121298693343,0.04160938944926018,0.0113828904734663,0.030393102111273773,0.0063337022935712195,-0.002822803706006629,0.027303754266211566,0.01384083044982698,14.007782101167333,0.0016780489750936045,0.0,0.0,0.0,0.0,0.023249922351639585,0.03917523556904068,2.0,-0.0647975452740509,-0.009317252445778745,0.12237973724394036,0.037988254372415486
16700,"Charleston-North Charleston, SC",2020,4,3.06,421.44,394457.0,"Charleston, SC",msa,SC,294878.458087028,0.0666929295479592,0.0320646479734463,"Charleston, SC",1368.82862214367,4.76666666666667,"Charleston, SC",4303.0,"Charleston-North Charleston, SC",803468.0,0.0016780489750936,0.036015045059101,-0.0160856982620092,3554.5015625,3.06,,65894.0,1002.0,4.475042615215771,False,7.36842105263158,False,False,False,4.3432221725333635,0.36350963192919705,0.06669292954795925,0.032064647973447435,0.028804198361477518,0.0077954002220235186,-0.003316682964273881,0.04436860068259385,-0.00340136054421758,11.832061068702293,0.0016780489750936045,0.0,0.0,0.0,0.0,0.02426071825649556,0.04057486997610549,1.96666666666667,-0.16951878538342724,-0.0844871727885469,0.15302735438200687,0.14221561000009708
16700,"Charleston-North Charleston, SC",2021,1,3.16,437.89,394457.0,"Charleston, SC",msa,SC,306655.945679666,0.0962413449885446,0.0399401423523509,"Charleston, SC",1399.39708548095,4.36666666666667,"Charleston, SC",3362.33333333333,"Charleston-North Charleston, SC",815088.0,0.0144623059039066,0.0342155148568368,0.012784256928813,3865.7068852459,3.16,,70275.0,1120.0,4.363656288575823,False,8.59106529209621,False,False,False,4.245211581897562,0.27226221455655164,0.09624134498854464,0.039940142352352215,0.03461231372885698,0.011909286282159037,-0.0037477781214294618,0.06040268456375841,-0.00666666666666671,6.810035842293916,0.014462305903906625,0.01278425692881302,-0.01608569826200923,0.01278425692881302,-0.01608569826200923,0.04042268416374273,0.038032511773964606,2.66666666666667,-0.2186071732899536,-0.08138340372103736,0.26501058795554977,0.12306660146926007
16700,"Charleston-North Charleston, SC",2021,2,3.42,470.3,394457.0,"Charleston, SC",msa,SC,321879.27570114,0.1393901822504848,0.0496430290556866,"Charleston, SC",1459.92663519377,3.56666666666667,"Charleston, SC",2911.66666666667,"Charleston-North Charleston, SC",815088.0,0.0144623059039066,0.0342155148568368,0.012784256928813,4183.62634920635,3.42,,70275.0,1120.0,4.580281404498613,False,17.52577319587627,False,False,False,4.287209149364024,0.23071687458450452,0.13939018225048483,0.049643029055684185,0.03640929968423268,0.009892926808535929,-0.00369824176630804,0.17123287671232879,-0.006802721088435382,5.035971223021596,0.014462305903906625,0.0,0.0,-0.01278425692881302,0.01608569826200923,0.08780804967587397,0.01583608378227641,9.4,-0.13403390502626955,0.03261679920477145,0.42703687869904483,0.017124992393438232
16700,"Charleston-North Charleston, SC",2021,3,3.64,473.59,394457.0,"Charleston, SC",msa,SC,338262.766091005,0.1839082612986415,0.0508994881828817,"Charleston, SC",1556.83525898535,3.43333333333333,"Charleston, SC",3027.0,"Charleston-North Charleston, SC",815088.0,0.0144623059039066,0.0342155148568368,0.012784256928813,4421.670625,3.64,,70275.0,1120.0,4.813415383721167,False,25.951557093425603,False,False,False,4.336009981548077,0.18778059541676928,0.18390826129864157,0.05089948818288259,0.04160938944926018,0.0113828904734663,-0.003115614751764765,0.2093023255813955,0.027303754266211566,4.878048780487787,0.014462305903906625,0.0,0.0,0.0,0.0,0.14343351467121646,0.023249922351639585,6.5,0.03961076130509311,-0.0647975452740509,0.3318950711862574,0.12237973724394036
16700,"Charleston-North Charleston, SC",2021,4,3.83,511.9,394457.0,"Charleston, SC",msa,SC,350499.388673329,0.1886232414098065,0.0361749024988212,"Charleston, SC",1603.71774548873,2.8,"Charleston, SC",2758.0,"Charleston-North Charleston, SC",815088.0,0.0144623059039066,0.0342155148568368,0.012784256928813,4602.10890625,3.83,,70275.0,1120.0,4.9875402159136115,False,30.272108843537417,False,False,False,4.475042615215771,0.22032305216287718,0.18862324140980657,0.03617490249882227,0.06669292954795925,0.032064647973447435,-0.0013884280390161162,0.25163398692810457,0.04436860068259385,7.36842105263158,0.014462305903906625,0.0,0.0,0.0,0.0,0.17159863517261154,0.02426071825649556,4.76666666666667,-0.08886686488272222,-0.16951878538342724,0.2947269329692408,0.15302735438200687
16700,"Charleston-North Charleston, SC",2022,1,4.17,536.24,394457.0,"Charleston, SC",msa,SC,368446.444210677,0.2014978003901402,0.0512042420538292,"Charleston, SC",1624.3927265093,3.1,"Charleston, SC",2108.0,"Charleston-North Charleston, SC",832106.0,0.0208787272049153,0.0373808473025301,0.0064164213010087,4463.85548387097,4.17,,77460.0,1291.0,4.756602687976724,False,38.99999999999999,False,False,False,4.363656288575823,0.14990679430273524,0.2014978003901402,0.05120424205382834,0.09624134498854464,0.039940142352352215,0.0016339941509498639,0.3196202531645569,0.06040268456375841,8.59106529209621,0.02087872720491535,0.006416421301008723,0.01278425692881302,0.006416421301008723,0.01278425692881302,0.1607804127668473,0.04042268416374273,4.36666666666667,-0.23567802755620015,-0.2186071732899536,0.154732010569141,0.26501058795554977
16700,"Charleston-North Charleston, SC",2022,2,4.81,568.44,394457.0,"Charleston, SC",msa,SC,393143.990295082,0.2214019974995538,0.0670315766985206,"Charleston, SC",1712.01534373772,2.66666666666667,"Charleston, SC",2437.33333333333,"Charleston-North Charleston, SC",832106.0,0.0208787272049153,0.0373808473025301,0.0064164213010087,4105.66709677419,4.81,,77460.0,1291.0,5.075445265880222,True,63.60544217687074,True,True,False,4.580281404498613,0.3245992530259594,0.2214019974995538,0.06703157669852011,0.13939018225048483,0.049643029055684185,0.005858499732233073,0.4064327485380117,0.17123287671232879,17.52577319587627,0.02087872720491535,0.0,0.0,-0.006416421301008723,-0.01278425692881302,0.17267217575662053,0.08780804967587397,3.56666666666667,0.15623023402909375,-0.13403390502626955,-0.018634372653033138,0.42703687869904483
16700,"Charleston-North Charleston, SC",2023,2,5.94,611.62,394457.0,"Charleston, SC",msa,SC,407488.307864092,0.0364861677225274,0.0100932160760869,"Charleston, SC",1861.09997552768,2.26666666666667,"Charleston, SC",2914.33333333333,"Charleston-North Charleston, SC",853040.0,0.0251578524851401,0.0616975411590754,0.0042791252802247,4206.07290322581,5.94,,82272.0,1253.0,4.952940342572102,False,103.4246575342466,False,False,False,5.075445265880222,0.766457964179792,0.03648616772252744,0.010093216076086708,0.2214019974995538,0.06703157669852011,0.020258050221020958,0.2349272349272351,0.4064327485380117,63.60544217687074,0.02515785248514013,0.0,0.0,-0.0042791252802247826,-0.006416421301008723,0.08708136427356683,0.17267217575662053,2.66666666666667,0.053754369049051176,0.15623023402909375,0.02445541834858167,-0.018634372653033138
16700,"Charleston-North Charleston, SC",2023,3,6.34,636.34,394457.0,"Charleston, SC",msa,SC,416008.643001442,0.0233175669477234,0.0209093978229977,"Charleston, SC",1897.78464410126,2.43333333333333,"Charleston, SC",2856.66666666667,"Charleston-North Charleston, SC",853040.0,0.0251578524851401,0.0616975411590754,0.0042791252802247,4458.13746031746,6.34,,82272.0,1253.0,5.0565033425885115,True,110.63122923588043,True,True,False,5.248248996437477,0.8674806706186065,0.023317566947723467,0.02090939782299661,0.20181529868609838,0.03404700898242985,0.020523471520157942,0.16330275229357794,0.49725274725274726,86.00682593856655,0.02515785248514013,0.0,0.0,0.0,0.0,0.05987294521746578,0.1501393519024543,2.86666666666667,-0.01978725837812867,0.2458971553610536,0.12003623683289799,-0.0998083232963558
16700,"Charleston-North Charleston, SC",2025,2,7.36,662.84,394457.0,"Charleston, SC",msa,SC,437203.639613771,0.005010467723669,-0.0012103358863764,"Charleston, SC",1976.07593254954,3.36666666666667,"Charleston, SC",5285.0,"Charleston-North Charleston, SC",889263.0,0.0173609522153375,0.0686895659927942,-0.0073131545088489,5732.06048387097,7.36,,,,,False,53.01455301455302,False,False,False,5.1026810011581984,0.8201781930227687,0.0050104677236690875,-0.0012103358863757574,0.06757410624363946,0.014942979976532156,-0.01772580720295328,0.11684370257966625,0.10942760942760943,92.69005847953215,0.01736095221533751,0.0,0.0,0.007313154508848951,0.00048374576095366884,0.02673287190868301,0.03413314684894808,3.26666666666667,0.40845696011370825,0.17149838942574824,0.09252306700317803,0.24739314525733902
16700,"Charleston-North Charleston, SC",2025,3,7.47,683.94,394457.0,"Charleston, SC",msa,SC,434487.693166463,-0.0047498131740473,-0.0062120856306379,"Charleston, SC",1985.38264971522,4.03333333333333,"Charleston, SC",5986.0,"Charleston-North Charleston, SC",889263.0,0.0173609522153375,0.0686895659927942,-0.0073131545088489,6427.73875,7.47,,,,,False,37.06422018348623,False,False,False,5.120713135740727,0.8110862297471853,-0.004749813174047324,-0.006212085630639463,0.04940434536338878,0.0035338549633883165,-0.017834449936829744,0.11994002998500752,0.052050473186119994,83.24175824175823,0.01736095221533751,0.0,0.0,0.0,0.0,0.01409526283780771,0.03161711824608826,3.96666666666667,0.13263954588457905,0.07774722669953427,0.1595155481803856,0.24344959483489204
16700,"Charleston-North Charleston, SC",2025,4,7.06,682.31,394457.0,"Charleston, SC",msa,SC,434027.923338782,-0.0064558460939541,-0.0010581883788941,"Charleston, SC",1973.41140849934,4.1,"Charleston, SC",5689.33333333333,"Charleston-North Charleston, SC",889263.0,0.0173609522153375,0.0686895659927942,-0.0073131545088489,6777.5671875,7.06,,,,,False,16.11842105263157,False,False,False,5.124078022697656,0.7808558501642926,-0.00645584609395411,-0.0010581883788934876,0.03218897156313294,0.0006571129582406687,-0.017450318329752235,-0.019444444444444486,0.10599078341013835,87.98955613577024,0.01736095221533751,0.0,0.0,0.0,0.0,0.015741045492748906,0.031760425123182,3.56666666666667,-0.049560084641942836,0.0026392187912378517,0.14737055805338306,0.3229933232101212
16740,"Charlotte-Concord-Gastonia, NC-SC",2019,2,0.81,264.21,394458.0,"Charlotte, NC",msa,NC,236539.436579998,0.0602344632375744,0.0135332987868926,"Charlotte, NC",1255.23620068575,3.53333333333333,"Charlotte, NC",10504.0,"Charlotte-Concord-Gastonia, NC-SC",2636883.0,0.0169432499662547,0.0548810515834519,0.000248829189372302,2882.32777777778,0.81,,63217.0,460.0,3.7417061325276113,False,14.084507042253524,False,False,False,3.668098118392539,0.6687847015523243,0.06023446323757442,0.013533298786895243,0.08565904671282332,0.018684539603490924,0.0015689943995717502,0.0,0.03846153846153855,20.895522388059696,0.016943249966254736,0.0,0.0,-0.0002488291893723016,0.0035784362933943825,0.049737826254600215,0.04352967330567381,3.66666666666667,0.15738054137437074,0.15470373185652075,0.06629220382021028,0.12725771232385252
16740,"Charlotte-Concord-Gastonia, NC-SC",2019,3,0.8,267.62,394458.0,"Charlotte, NC",msa,NC,239278.485791797,0.0564726357327141,0.0115796725121275,"Charlotte, NC",1270.11773959423,3.53333333333333,"Charlotte, NC",10892.6666666667,"Charlotte-Concord-Gastonia, NC-SC",2636883.0,0.0169432499662547,0.0548810515834519,0.000248829189372302,2957.8528125,0.8,,63217.0,460.0,3.785033864178891,False,12.676056338028175,False,False,False,3.7237858918065174,0.6528592800675499,0.056472635732714105,0.011579672512125327,0.08208262062562555,0.015181647714042734,0.0005796648978542714,-0.024390243902438935,0.03797468354430378,18.840579710144922,0.016943249966254736,0.0,0.0,0.0,0.0,0.05053557108547335,0.04273946155427022,3.73333333333333,0.03700177710079022,0.11980815648412246,0.037988254372415486,0.15500598332389925
16740,"Charlotte-Concord-Gastonia, NC-SC",2019,4,0.81,272.47,394458.0,"Charlotte, NC",msa,NC,242698.868199813,0.0556117444730066,0.0142945672557981,"Charlotte, NC",1271.10959691556,3.26666666666667,"Charlotte, NC",9527.0,"Charlotte-Concord-Gastonia, NC-SC",2636883.0,0.0169432499662547,0.0548810515834519,0.000248829189372302,3082.755625,0.81,,63217.0,460.0,3.839139285315865,False,12.500000000000021,False,False,False,3.780096098767289,0.6539923512562709,0.05561174447300665,0.014294567255796586,0.07506771744865959,0.015121762796478366,-0.00014056390245262293,-0.02409638554216853,0.05063291139240489,15.277777777777768,0.016943249966254736,0.0,0.0,0.0,0.0,0.04942031188817286,0.045720594088203725,3.53333333333333,-0.12537486994308367,-0.11256053522940945,0.14221561000009708,0.036741721225998614
16740,"Charlotte-Concord-Gastonia, NC-SC",2020,1,0.83,280.51,394458.0,"Charlotte, NC",msa,NC,247569.752899095,0.0607964234784785,0.0200696638406712,"Charlotte, NC",1279.79996328473,3.86666666666667,"Charlotte, NC",7814.33333333333,"Charlotte-Concord-Gastonia, NC-SC",2668342.0,0.0119303738542818,0.0462555869278729,-0.0050128761119729,3055.86919354839,0.83,,65725.0,612.0,3.766751660693724,False,6.41025641025641,False,False,False,3.6917446491457993,0.5497388161482331,0.06079642347847858,0.02006966384067277,0.06562306077919233,0.015084038273713185,-0.000832349484316373,-0.011904761904761862,0.024390243902439046,13.513513513513509,0.01193037385428175,-0.005012876111972986,0.0002488291893723016,-0.005012876111972986,0.0002488291893723016,0.038462237941809585,0.05294076670225878,3.96666666666667,-0.17976977712466358,-0.14115828654343265,0.12306660146926007,-0.004562795426326538
16740,"Charlotte-Concord-Gastonia, NC-SC",2020,2,0.81,285.35,394458.0,"Charlotte, NC",msa,NC,252011.275291851,0.0654091298074956,0.0179404888551411,"Charlotte, NC",1290.54251604532,11.7666666666667,"Charlotte, NC",8262.66666666667,"Charlotte-Concord-Gastonia, NC-SC",2668342.0,0.0119303738542818,0.0462555869278729,-0.0050128761119729,2931.68761904762,0.81,,65725.0,612.0,3.83432902688248,False,3.8461538461538547,False,False,False,3.7417061325276113,0.559091630981472,0.06540912980749569,0.01794048885513999,0.06023446323757442,0.013533298786895243,-0.0014820323065711889,0.0,0.0,14.084507042253524,0.01193037385428175,0.0,0.0,0.005012876111972986,-0.0002488291893723016,0.02812722843739035,0.049737826254600215,3.53333333333333,0.057373203088342706,0.15738054137437074,0.017124992393438232,0.06629220382021028
16740,"Charlotte-Concord-Gastonia, NC-SC",2020,3,0.83,297.16,394458.0,"Charlotte, NC",msa,NC,256944.56622069,0.073830626144403,0.0195756754261314,"Charlotte, NC",1313.28019998884,7.66666666666667,"Charlotte, NC",7680.66666666667,"Charlotte-Concord-Gastonia, NC-SC",2668342.0,0.0119303738542818,0.0462555869278729,-0.0050128761119729,3319.8340625,0.83,,65725.0,612.0,3.90938860738973,False,5.063291139240489,False,False,False,3.785033864178891,0.5759753666712566,0.07383062614440306,0.019575675426132477,0.056472635732714105,0.011579672512125327,-0.002137603931310154,0.03749999999999987,-0.024390243902438935,12.676056338028175,0.01193037385428175,0.0,0.0,0.0,0.0,0.03398303877591635,0.05053557108547335,3.53333333333333,-0.07043730837502016,0.03700177710079022,0.12237973724394036,0.037988254372415486
16740,"Charlotte-Concord-Gastonia, NC-SC",2020,4,0.86,310.38,394458.0,"Charlotte, NC",msa,NC,268607.370752655,0.1067516414271518,0.0453903528823711,"Charlotte, NC",1327.7656181792,5.6,"Charlotte, NC",6480.33333333333,"Charlotte-Concord-Gastonia, NC-SC",2668342.0,0.0119303738542818,0.0462555869278729,-0.0050128761119729,3554.5015625,0.86,,65725.0,612.0,4.086837135833473,False,8.860759493670889,False,False,False,3.839139285315865,0.6055420679874435,0.10675164142715188,0.04539035288237159,0.05561174447300665,0.014294567255796586,-0.0026869539661532045,0.061728395061728225,-0.02409638554216853,12.500000000000021,0.01193037385428175,0.0,0.0,0.0,0.0,0.04457209779638194,0.04942031188817286,3.26666666666667,-0.15627983681972124,-0.12537486994308367,0.15302735438200687,0.14221561000009708
16740,"Charlotte-Concord-Gastonia, NC-SC",2021,1,0.88,325.08,394458.0,"Charlotte, NC",msa,NC,282193.592326749,0.1398548854300711,0.0505802262090742,"Charlotte, NC",1348.22467222469,5.6,"Charlotte, NC",5685.33333333333,"Charlotte-Concord-Gastonia, NC-SC",2706093.0,0.014147736684428,0.043634856051987,0.0022173628301462,3865.7068852459,0.88,,69559.0,587.0,4.056895474730071,False,7.317073170731714,False,False,False,3.766751660693724,0.5120024713746911,0.13985488543007119,0.05058022620907421,0.06079642347847858,0.02006966384067277,-0.00300769002241749,0.06024096385542177,-0.011904761904761862,6.41025641025641,0.014147736684428036,0.0022173628301462855,-0.005012876111972986,0.0022173628301462855,-0.005012876111972986,0.053465159324072475,0.038462237941809585,3.86666666666667,-0.12267887454349058,-0.17976977712466358,0.26501058795554977,0.12306660146926007
16740,"Charlotte-Concord-Gastonia, NC-SC",2021,2,0.96,340.08,394458.0,"Charlotte, NC",msa,NC,297887.011104363,0.1820384256989451,0.0556122435248014,"Charlotte, NC",1405.28614935623,4.96666666666667,"Charlotte, NC",6949.0,"Charlotte-Concord-Gastonia, NC-SC",2706093.0,0.014147736684428,0.043634856051987,0.0022173628301462,4183.62634920635,0.96,,69559.0,587.0,4.282508533825429,False,18.518518518518512,False,False,False,3.83432902688248,0.5317829153485292,0.18203842569894513,0.05561224352480254,0.06540912980749569,0.01794048885513999,-0.0029286456172249817,0.18518518518518512,0.0,3.8461538461538547,0.014147736684428036,0.0,0.0,-0.0022173628301462855,0.005012876111972986,0.08891116091434559,0.02812722843739035,11.7666666666667,0.22226782363977549,0.057373203088342706,0.42703687869904483,0.017124992393438232
16740,"Charlotte-Concord-Gastonia, NC-SC",2021,3,1.02,360.35,394458.0,"Charlotte, NC",msa,NC,314998.686237372,0.2259402519017244,0.0574435087638461,"Charlotte, NC",1492.31436296149,4.5,"Charlotte, NC",8264.66666666667,"Charlotte-Concord-Gastonia, NC-SC",2706093.0,0.014147736684428,0.043634856051987,0.0022173628301462,4421.670625,1.02,,69559.0,587.0,4.52851085031947,False,24.390243902439025,False,False,False,3.90938860738973,0.5502269861546898,0.2259402519017244,0.05744350876384474,0.07383062614440306,0.019575675426132477,-0.0023183590622281227,0.2289156626506026,0.03749999999999987,5.063291139240489,0.014147736684428036,0.0,0.0,0.0,0.0,0.13632594397918374,0.03398303877591635,7.66666666666667,0.18933179834028913,-0.07043730837502016,0.3318950711862574,0.12237973724394036
16740,"Charlotte-Concord-Gastonia, NC-SC",2021,4,1.09,376.68,394458.0,"Charlotte, NC",msa,NC,329127.597409298,0.2253111166944579,0.0448538733310109,"Charlotte, NC",1538.94635900758,3.7,"Charlotte, NC",8009.33333333333,"Charlotte-Concord-Gastonia, NC-SC",2706093.0,0.014147736684428,0.043634856051987,0.0022173628301462,4602.10890625,1.09,,69559.0,587.0,4.731632102377809,False,31.32530120481929,False,False,False,4.086837135833473,0.6513563002700926,0.2253111166944579,0.044853873331011096,0.10675164142715188,0.04539035288237159,-0.0003715452873869227,0.2674418604651163,0.061728395061728225,8.860759493670889,0.014147736684428036,0.0,0.0,0.0,0.0,0.15904971324530748,0.04457209779638194,5.6,-0.03089457126724282,-0.15627983681972124,0.2947269329692408,0.15302735438200687
16740,"Charlotte-Concord-Gastonia, NC-SC",2022,1,1.21,398.83,394458.0,"Charlotte, NC",msa,NC,347933.274442818,0.2329595139777296,0.057137952519166,"Charlotte, NC",1563.50509336396,3.76666666666667,"Charlotte, NC",6244.33333333333,"Charlotte-Concord-Gastonia, NC-SC",2758749.0,0.0194583112997224,0.0462159299445595,0.0053105746152943,4463.85548387097,1.21,,76177.0,772.0,4.567432091613191,False,44.047619047619044,False,False,False,4.056895474730071,0.6724497589610512,0.23295951397772963,0.05713795251916709,0.13985488543007119,0.05058022620907421,0.0028296192607629002,0.375,0.06024096385542177,7.317073170731714,0.01945831129972242,0.005310574615294383,0.0022173628301462855,0.005310574615294383,0.0022173628301462855,0.1596769630272663,0.053465159324072475,5.6,-0.22036790411186957,-0.12267887454349058,0.154732010569141,0.26501058795554977
16740,"Charlotte-Concord-Gastonia, NC-SC",2022,2,1.41,414.59,394458.0,"Charlotte, NC",msa,NC,370667.280329014,0.2443217277411025,0.0653401314450395,"Charlotte, NC",1615.35354320486,3.36666666666667,"Charlotte, NC",6793.0,"Charlotte-Concord-Gastonia, NC-SC",2758749.0,0.0194583112997224,0.0462159299445595,0.0053105746152943,4105.66709677419,1.41,,76177.0,772.0,4.865868704845479,False,74.07407407407405,False,False,False,4.282508533825429,0.8385908375842663,0.2443217277411025,0.06534013144503725,0.18203842569894513,0.05561224352480254,0.007239417510275858,0.46875,0.18518518518518512,18.518518518518512,0.01945831129972242,0.0,0.0,-0.005310574615294383,-0.0022173628301462855,0.14948371471878752,0.08891116091434559,4.96666666666667,0.08786633214114192,0.22226782363977549,-0.018634372653033138,0.42703687869904483
16740,"Charlotte-Concord-Gastonia, NC-SC",2022,3,1.61,420.64,394458.0,"Charlotte, NC",msa,NC,382294.195791265,0.2136374292786143,0.031367525754985,"Charlotte, NC",1674.51656925082,3.63333333333333,"Charlotte, NC",8496.0,"Charlotte-Concord-Gastonia, NC-SC",2758749.0,0.0194583112997224,0.0462159299445595,0.0053105746152943,3980.35109375,1.61,,76177.0,772.0,5.018498966765099,True,101.25000000000001,True,True,False,4.52851085031947,1.0276806027118344,0.2136374292786143,0.031367525754986136,0.2259402519017244,0.05744350876384474,0.012501201043441816,0.5784313725490198,0.2289156626506026,24.390243902439025,0.01945831129972242,0.0,0.0,0.0,0.0,0.12209371618440423,0.13632594397918374,4.5,0.2506992492271456,0.18933179834028913,-0.0998083232963558,0.3318950711862574
16740,"Charlotte-Concord-Gastonia, NC-SC",2023,1,1.83,425.67,394458.0,"Charlotte, NC",msa,NC,372587.232295831,0.0708582928508174,-0.0163197677625705,"Charlotte, NC",1669.80281743029,3.56666666666667,"Charlotte, NC",7315.66666666667,"Charlotte-Concord-Gastonia, NC-SC",2818271.0,0.0215757214592556,0.0561880748419805,0.0021174101595331,4000.06451612903,1.83,,80201.0,772.0,4.645668162439758,False,120.48192771084341,False,False,False,4.567432091613191,1.0844960573664695,0.07085829285081746,-0.01631976776257149,0.23295951397772963,0.05713795251916709,0.019140873188990323,0.5123966942148761,0.375,44.047619047619044,0.02157572145925557,0.0021174101595331507,0.005310574615294383,0.0021174101595331507,0.005310574615294383,0.06798681022370379,0.1596769630272663,3.76666666666667,-0.10182115817474902,-0.22036790411186957,-0.10389918970668588,0.154732010569141
16740,"Charlotte-Concord-Gastonia, NC-SC",2023,2,1.8,435.03,394458.0,"Charlotte, NC",msa,NC,372103.591667254,0.0038749342455182,-0.0012980601229871,"Charlotte, NC",1697.02268685942,3.2,"Charlotte, NC",7866.33333333333,"Charlotte-Concord-Gastonia, NC-SC",2818271.0,0.0215757214592556,0.0561880748419805,0.0021174101595331,4206.07290322581,1.8,,80201.0,772.0,4.639637805853468,False,122.22222222222223,False,False,False,4.865868704845479,1.3148971089103467,0.0038749342455182134,-0.0012980601229862776,0.2443217277411025,0.06534013144503725,0.020889702948546585,0.27659574468085113,0.46875,74.07407407407405,0.02157572145925557,0.0,0.0,-0.0021174101595331507,-0.005310574615294383,0.050558061421358325,0.14948371471878752,3.36666666666667,0.07527224677632383,0.08786633214114192,0.02445541834858167,-0.018634372653033138
16740,"Charlotte-Concord-Gastonia, NC-SC",2023,3,1.82,446.58,394458.0,"Charlotte, NC",msa,NC,377765.97647367,-0.0118448550028926,0.015217226958345,"Charlotte, NC",1712.07431408388,3.36666666666667,"Charlotte, NC",7797.0,"Charlotte-Concord-Gastonia, NC-SC",2818271.0,0.0215757214592556,0.0561880748419805,0.0021174101595331,4458.13746031746,1.82,,80201.0,772.0,4.710240227349659,False,119.27710843373495,False,False,False,5.018498966765099,1.4017031621849294,-0.011844855002892674,0.015217226958345265,0.2136374292786143,0.031367525754986136,0.020000051695313992,0.13043478260869557,0.5784313725490198,101.25000000000001,0.02157572145925557,0.0,0.0,0.0,0.0,0.0224290075850746,0.12209371618440423,3.63333333333333,-0.00881393279376208,0.2506992492271456,0.12003623683289799,-0.0998083232963558
16740,"Charlotte-Concord-Gastonia, NC-SC",2023,4,1.85,455.12,394458.0,"Charlotte, NC",msa,NC,382935.070199031,0.01099991125341,0.0136833226052087,"Charlotte, NC",1693.86458923566,3.33333333333333,"Charlotte, NC",7600.0,"Charlotte-Concord-Gastonia, NC-SC",2818271.0,0.0215757214592556,0.0561880748419805,0.0021174101595331,4464.90761904762,1.85,,80201.0,772.0,4.774691963928516,False,115.11627906976747,False,False,False,4.972217974953057,1.2767730872705902,0.010999911253410044,0.01368332260520888,0.1508261587890125,-0.009222078577386994,0.015556396425110718,0.06321839080459779,0.5963302752293578,114.8148148148148,0.02157572145925557,0.0,0.0,0.0,0.0,0.017441005980775026,0.08179749021236682,3.36666666666667,-0.025266127997947918,-0.041313559322033844,0.15912210409729033,-0.1629981883235685
16740,"Charlotte-Concord-Gastonia, NC-SC",2024,1,1.96,458.34,394458.0,"Charlotte, NC",msa,NC,385952.814781559,0.0358723577385384,0.0078805646632473,"Charlotte, NC",1691.96687542897,3.73333333333333,"Charlotte, NC",7164.33333333333,"Charlotte-Concord-Gastonia, NC-SC",2884708.0,0.023573673362143,0.0660047529778172,0.0019979519028874,4992.54098360656,1.96,,83304.0,782.0,4.633064616123583,False,122.7272727272727,False,False,False,4.645668162439758,1.044849679594916,0.035872357738538474,0.007880564663245826,0.07085829285081746,-0.01631976776257149,0.007606886165812961,0.07103825136612008,0.5123966942148761,120.48192771084341,0.023573673362143,0.0019979519028874293,0.0021174101595331507,0.0019979519028874293,0.0021174101595331507,0.013273458259454252,0.06798681022370379,3.56666666666667,-0.05732456140350917,-0.10182115817474902,0.248115115012689,-0.10389918970668588
16740,"Charlotte-Concord-Gastonia, NC-SC",2024,2,1.85,463.63,394458.0,"Charlotte, NC",msa,NC,391002.993931599,0.0507907009971713,0.0130849651994325,"Charlotte, NC",1710.81571589232,3.6,"Charlotte, NC",8874.66666666667,"Charlotte-Concord-Gastonia, NC-SC",2884708.0,0.023573673362143,0.0660047529778172,0.0019979519028874,5246.62650793651,1.85,,83304.0,782.0,4.693688105392287,False,92.70833333333334,False,False,False,4.639637805853468,0.971539687460929,0.05079070099717131,0.013084965199433363,0.0038749342455182134,-0.0012980601229862776,-0.0027796013701482463,0.0277777777777779,0.27659574468085113,122.22222222222223,0.023573673362143,0.0,0.0,-0.0019979519028874293,-0.0021174101595331507,0.008127781166217707,0.050558061421358325,3.2,0.23872888847531848,0.07527224677632383,0.24739314525733902,0.02445541834858167
16740,"Charlotte-Concord-Gastonia, NC-SC",2024,3,1.86,462.74,394458.0,"Charlotte, NC",msa,NC,391198.047214909,0.0355565921172236,0.000498853682291633,"Charlotte, NC",1725.25175528473,3.9,"Charlotte, NC",10479.0,"Charlotte-Concord-Gastonia, NC-SC",2884708.0,0.023573673362143,0.0660047529778172,0.0019979519028874,5543.46921875,1.86,,83304.0,782.0,4.696029568987192,False,82.35294117647058,False,False,False,4.710240227349659,0.9864543355431414,0.03555659211722362,0.0004988536822920775,-0.011844855002892674,0.015217226958345265,-0.012957591836979282,0.0219780219780219,0.13043478260869557,119.27710843373495,0.023573673362143,0.0,0.0,0.0,0.0,0.007696769405656001,0.0224290075850746,3.36666666666667,0.18077674278846123,-0.00881393279376208,0.24344959483489204,0.12003623683289799
16740,"Charlotte-Concord-Gastonia, NC-SC",2024,4,1.87,471.15,394458.0,"Charlotte, NC",msa,NC,391077.631347572,0.0212635555795632,-0.00030781305835681,"Charlotte, NC",1710.15422602586,3.56666666666667,"Charlotte, NC",10347.3333333333,"Charlotte-Concord-Gastonia, NC-SC",2884708.0,0.023573673362143,0.0660047529778172,0.0019979519028874,5907.04296875,1.87,,83304.0,782.0,4.694584069763421,False,71.55963302752293,False,False,False,4.774691963928516,0.9945958651612274,0.021263555579563276,-0.00030781305835814177,0.010999911253410044,0.01368332260520888,-0.020161398423426895,0.010810810810810922,0.06321839080459779,115.11627906976747,0.023573673362143,0.0,0.0,0.0,0.0,0.009616847116185712,0.017441005980775026,3.33333333333333,-0.012564812164013839,-0.025266127997947918,0.3229933232101212,0.15912210409729033
16740,"Charlotte-Concord-Gastonia, NC-SC",2025,1,2.06,474.64,394458.0,"Charlotte, NC",msa,NC,391650.415235389,0.0147624275186455,0.0014646296333609,"Charlotte, NC",1719.52202674499,3.93333333333333,"Charlotte, NC",9444.0,"Charlotte-Concord-Gastonia, NC-SC",2938830.0,0.0187616909579758,0.0652763263348715,-0.0048119824041672,5894.81783333333,2.06,,,,,False,70.24793388429754,False,False,False,4.633064616123583,0.9413199669777841,0.014762427518645538,0.0014646296333629127,0.035872357738538474,0.007880564663245826,-0.0242342870248331,0.05102040816326525,0.07103825136612008,122.7272727272727,0.018761690957975752,-0.004811982404167248,0.0019979519028874293,-0.004811982404167248,0.0019979519028874293,0.016285869254404783,0.013273458259454252,3.73333333333333,-0.08730107596159742,-0.05732456140350917,0.18072497605717697,0.248115115012689
16740,"Charlotte-Concord-Gastonia, NC-SC",2025,2,2.06,474.54,394458.0,"Charlotte, NC",msa,NC,389810.374762307,-0.0030501535481866,-0.0046981706172221,"Charlotte, NC",1740.92377216187,3.73333333333333,"Charlotte, NC",11783.0,"Charlotte-Concord-Gastonia, NC-SC",2938830.0,0.0187616909579758,0.0652763263348715,-0.0048119824041672,5732.06048387097,2.06,,,,,False,46.09929078014186,False,False,False,4.693688105392287,0.9519819728646755,-0.003050153548186607,-0.004698170617222885,0.05079070099717131,0.013084965199433363,-0.02508880900133235,0.11351351351351346,0.0277777777777779,92.70833333333334,0.018761690957975752,0.0,0.0,0.004811982404167248,-0.0019979519028874293,0.017598655419088338,0.008127781166217707,3.6,0.2476704786107582,0.23872888847531848,0.09252306700317803,0.24739314525733902
16740,"Charlotte-Concord-Gastonia, NC-SC",2025,3,2.06,472.66,394458.0,"Charlotte, NC",msa,NC,387922.406524171,-0.0083733564470951,-0.0048432991022554,"Charlotte, NC",1743.48057292661,4.1,"Charlotte, NC",13090.3333333333,"Charlotte-Concord-Gastonia, NC-SC",2938830.0,0.0187616909579758,0.0652763263348715,-0.0048119824041672,6427.73875,2.06,,,,,False,27.95031055900621,False,False,False,4.696029568987192,0.9109957048083008,-0.008373356447095137,-0.004843299102255005,0.03555659211722362,0.0004988536822920775,-0.02361590443111742,0.10752688172043001,0.0219780219780219,82.35294117647058,0.018761690957975752,0.0,0.0,0.0,0.0,0.01056588847745954,0.007696769405656001,3.9,0.11095080483181707,0.18077674278846123,0.1595155481803856,0.24344959483489204
16740,"Charlotte-Concord-Gastonia, NC-SC",2025,4,1.96,474.84,394458.0,"Charlotte, NC",msa,NC,388310.165388728,-0.0070765130424562,0.000999578415773916,"Charlotte, NC",1729.27668300467,3.8,"Charlotte, NC",12421.0,"Charlotte-Concord-Gastonia, NC-SC",2938830.0,0.0187616909579758,0.0652763263348715,-0.0048119824041672,6777.5671875,1.96,,,,,False,12.643678160919535,False,False,False,4.694584069763421,0.8554447844475557,-0.007076513042456267,0.0009995784157748044,0.021263555579563276,-0.00030781305835814177,-0.021389974826076366,0.048128342245989275,0.010810810810810922,71.55963302752293,0.018761690957975752,0.0,0.0,0.0,0.0,0.011181714893192973,0.009616847116185712,3.56666666666667,-0.05113187848539391,-0.012564812164013839,0.14737055805338306,0.3229933232101212
17780,"College Station-Bryan, TX",2019,2,3.42,,394483.0,"College Station, TX",msa,TX,229602.811312073,0.0077167606984431,-0.0073967116268636,"College Station, TX",1061.2285264835,2.86666666666667,"College Station, TX",1710.66666666667,"College Station-Bryan, TX",264728.0,0.0129833355654621,0.0406342991693889,0.0044468490320397,2882.32777777778,3.42,,50240.0,1336.0,4.570119651912281,False,3.6363636363636376,False,False,False,4.725791573667579,0.6164994868018425,0.007716760698443181,-0.007396711626864505,0.03980342394936276,0.011930416005996092,-0.004887553979373915,0.04268292682926833,-0.017964071856287456,13.888888888888884,0.01298333556546205,0.0,0.0,-0.004446849032039735,0.01006480046179381,0.017295122197782176,0.0022162341631655202,3.2,0.2049776942944348,0.11918465227817987,0.06629220382021028,0.12725771232385252
17780,"College Station-Bryan, TX",2019,3,3.46,,394483.0,"College Station, TX",msa,TX,228578.579417282,-0.0051079201686951,-0.0044608856874962,"College Station, TX",1047.54969248873,3.23333333333333,"College Station, TX",1695.66666666667,"College Station-Bryan, TX",264728.0,0.0129833355654621,0.0406342991693889,0.0044468490320397,2957.8528125,3.46,,50240.0,1336.0,4.549732870566919,False,8.463949843260199,False,False,False,4.7653565424544,0.6210619204163264,-0.0051079201686951015,-0.004460885687496585,0.041176849913691305,0.008372135793563107,-0.005972212727138807,-0.011428571428571455,-0.002849002849002802,16.279069767441868,0.01298333556546205,0.0,0.0,0.0,0.0,0.037574410600538455,0.0021257964181495836,3.43333333333333,-0.008768511301636805,-0.018855796014574544,0.037988254372415486,0.15500598332389925
17780,"College Station-Bryan, TX",2019,4,3.48,,394483.0,"College Station, TX",msa,TX,229320.547414649,-0.0091238158161919,0.0032460084372663,"College Station, TX",1069.46384665483,2.7,"College Station, TX",1513.0,"College Station-Bryan, TX",264728.0,0.0129833355654621,0.0406342991693889,0.0044468490320397,3082.755625,3.48,,50240.0,1336.0,4.56450134185209,False,6.748466257668717,False,False,False,4.800201007790638,0.614660098493867,-0.009123815816191927,0.0032460084372669673,0.0407598566834102,0.007312037415418748,-0.006169524044361166,-0.002865329512894088,-0.0196629213483146,0.287356321839094,0.01298333556546205,0.0,0.0,0.0,0.0,0.03859158048474831,0.006848833218767503,2.93333333333333,-0.10772557499508728,-0.11072286525442265,0.14221561000009708,0.036741721225998614
17780,"College Station-Bryan, TX",2020,1,3.56,,394483.0,"College Station, TX",msa,TX,231325.692376639,5.153084190734347e-05,0.008743852151914,"College Station, TX",1087.23253543667,3.43333333333333,"College Station, TX",1520.33333333333,"College Station-Bryan, TX",268973.0,0.0160353268260252,0.0380128356031693,0.0030519912605631,3055.86919354839,3.56,,51261.0,1162.0,4.512703466117301,False,5.637982195845703,False,False,False,4.604175409697313,0.4326124830834841,5.153084190734347e-05,0.008743852151915421,0.027338165019713534,-0.0005112454578332093,-0.00625612470782288,0.02005730659025784,-0.030555555555555558,9.062499999999996,0.016035326826025154,0.0030519912605631028,0.004446849032039735,0.0030519912605631028,0.004446849032039735,0.028585063672164734,0.013820004299307742,3.16666666666667,0.004846882573251943,0.04592337917485767,0.12306660146926007,-0.004562795426326538
17780,"College Station-Bryan, TX",2020,2,3.35,,394483.0,"College Station, TX",msa,TX,232928.510391274,0.0144845747323223,0.006928836992414,"College Station, TX",1082.26961924533,8.5,"College Station, TX",1623.66666666667,"College Station-Bryan, TX",268973.0,0.0160353268260252,0.0380128356031693,0.0030519912605631,2931.68761904762,3.35,,51261.0,1162.0,4.543971252829129,False,0.29940119760478723,False,False,False,4.570119651912281,0.2968493562833441,0.014484574732322342,0.006928836992413867,0.007716760698443181,-0.007396711626864505,-0.006957247275990117,-0.020467836257309857,0.04268292682926833,3.6363636363636376,0.016035326826025154,0.0,0.0,-0.0030519912605631028,-0.004446849032039735,0.019827108145643146,0.017295122197782176,2.86666666666667,0.06796755097566765,0.2049776942944348,0.017124992393438232,0.06629220382021028
17780,"College Station-Bryan, TX",2020,3,3.4,,394483.0,"College Station, TX",msa,TX,235353.122293917,0.0296376978713641,0.0104092534596596,"College Station, TX",1073.74079267051,6.23333333333333,"College Station, TX",1449.0,"College Station-Bryan, TX",268973.0,0.0160353268260252,0.0380128356031693,0.0030519912605631,3319.8340625,3.4,,51261.0,1162.0,4.59127060131322,False,-3.1339031339031265,False,False,False,4.549732870566919,0.16479441775183634,0.029637697871364166,0.010409253459656487,-0.0051079201686951015,-0.004460885687496585,-0.007751666682420556,-0.017341040462427793,-0.011428571428571455,8.463949843260199,0.016035326826025154,0.0,0.0,0.0,0.0,0.02500225084268437,0.037574410600538455,3.23333333333333,-0.10757544652022355,-0.008768511301636805,0.12237973724394036,0.037988254372415486
17780,"College Station-Bryan, TX",2020,4,3.52,,394483.0,"College Station, TX",msa,TX,241197.007211028,0.0517897760592052,0.0248302842135764,"College Station, TX",1112.62102214565,4.93333333333333,"College Station, TX",1177.0,"College Station-Bryan, TX",268973.0,0.0160353268260252,0.0380128356031693,0.0030519912605631,3554.5015625,3.52,,51261.0,1162.0,4.705273155245274,False,-1.1235955056179803,False,False,False,4.56450134185209,0.12307503184349677,0.051789776059205206,0.024830284213578135,-0.009123815816191927,0.0032460084372669673,-0.008348173265824677,0.011494252873563315,-0.002865329512894088,6.748466257668717,0.016035326826025154,0.0,0.0,0.0,0.0,0.04035402938192911,0.03859158048474831,2.7,-0.18771566597653555,-0.10772557499508728,0.15302735438200687,0.14221561000009708
17780,"College Station-Bryan, TX",2021,1,3.55,,394483.0,"College Station, TX",msa,TX,245918.729612358,0.0630843772076945,0.0195762064211629,"College Station, TX",1124.48425906345,5.2,"College Station, TX",1145.66666666667,"College Station-Bryan, TX",272696.0,0.0138415379982377,0.0434729370348403,-0.0021937888277874,3865.7068852459,3.55,,53541.0,1175.0,4.593091828922844,False,-1.388888888888895,False,False,False,4.512703466117301,0.12823550571761277,0.06308437720769455,0.019576206421163755,5.153084190734347e-05,0.008743852151915421,-0.007966167645475917,-0.002808988764045006,0.02005730659025784,5.637982195845703,0.01384153799823773,-0.002193788827787424,0.0030519912605631028,-0.002193788827787424,0.0030519912605631028,0.034262885273037114,0.028585063672164734,3.43333333333333,-0.02662135372415464,0.004846882573251943,0.26501058795554977,0.12306660146926007
17780,"College Station-Bryan, TX",2021,2,3.8,,394483.0,"College Station, TX",msa,TX,249445.50113353,0.0709101290971667,0.0143412074661065,"College Station, TX",1127.4778621208,4.63333333333333,"College Station, TX",921.0,"College Station-Bryan, TX",272696.0,0.0138415379982377,0.0434729370348403,-0.0021937888277874,4183.62634920635,3.8,,53541.0,1175.0,4.658962311752302,False,15.853658536585357,False,False,False,4.543971252829129,0.042066662522337595,0.07091012909716676,0.014341207466105788,0.014484574732322342,0.006928836992413867,-0.006396143462101698,0.13432835820895517,-0.020467836257309857,0.29940119760478723,0.01384153799823773,0.0,0.0,0.002193788827787424,-0.0030519912605631028,0.04177170094360938,0.019827108145643146,8.5,-0.19610125109107013,0.06796755097566765,0.42703687869904483,0.017124992393438232
17780,"College Station-Bryan, TX",2021,3,4.21,,394483.0,"College Station, TX",msa,TX,257212.562178368,0.0928793281830873,0.031137306584176,"College Station, TX",1161.32877527241,4.46666666666667,"College Station, TX",767.0,"College Station-Bryan, TX",272696.0,0.0138415379982377,0.0434729370348403,-0.0021937888277874,4421.670625,4.21,,53541.0,1175.0,4.804029849617452,False,20.285714285714285,False,False,False,4.59127060131322,-0.02812988695512164,0.0928793281830873,0.031137306584175573,0.029637697871364166,0.010409253459656487,-0.004477658238676731,0.2382352941176471,-0.017341040462427793,-3.1339031339031265,0.01384153799823773,0.0,0.0,0.0,0.0,0.0815727438128333,0.02500225084268437,6.23333333333333,-0.16720955483170463,-0.10757544652022355,0.3318950711862574,0.12237973724394036
17780,"College Station-Bryan, TX",2021,4,4.45,,394483.0,"College Station, TX",msa,TX,263580.200716843,0.0928004611857871,0.0247563279357206,"College Station, TX",1199.30167740068,3.53333333333333,"College Station, TX",640.333333333333,"College Station-Bryan, TX",272696.0,0.0138415379982377,0.0434729370348403,-0.0021937888277874,4602.10890625,4.45,,53541.0,1175.0,4.92295998798758,False,27.507163323782223,False,False,False,4.705273155245274,-0.031073819896178634,0.09280046118578711,0.024756327935722133,0.051789776059205206,0.024830284213578135,-0.001974738458932226,0.2642045454545454,0.011494252873563315,-1.1235955056179803,0.01384153799823773,0.0,0.0,0.0,0.0,0.07790672073395633,0.04035402938192911,4.93333333333333,-0.16514558887440278,-0.18771566597653555,0.2947269329692408,0.15302735438200687
17780,"College Station-Bryan, TX",2022,1,4.77,,394483.0,"College Station, TX",msa,TX,273012.874368311,0.1101751981179373,0.0357867306641966,"College Station, TX",1205.8932733583,3.56666666666667,"College Station, TX",556.666666666667,"College Station-Bryan, TX",278116.0,0.0198756124035555,0.0505726632619141,0.0060340744053177,4463.85548387097,4.77,,58659.0,1640.0,4.6542367644915705,False,36.67621776504295,False,False,False,4.593091828922844,-0.02820398093924492,0.1101751981179373,0.03578673066419458,0.06308437720769455,0.019576206421163755,0.0006380145902548672,0.3436619718309859,-0.002808988764045006,-1.388888888888895,0.01987561240355551,0.00603407440531778,-0.002193788827787424,0.00603407440531778,-0.002193788827787424,0.07239675757013542,0.034262885273037114,5.2,-0.13066111400312252,-0.02662135372415464,0.154732010569141,0.26501058795554977
17780,"College Station-Bryan, TX",2022,2,5.17,,394483.0,"College Station, TX",msa,TX,282888.387355149,0.1340689091190177,0.0361723343988367,"College Station, TX",1235.06547252058,3.33333333333333,"College Station, TX",742.666666666667,"College Station-Bryan, TX",278116.0,0.0198756124035555,0.0505726632619141,0.0060340744053177,4105.66709677419,5.17,,58659.0,1640.0,4.822591373108117,False,51.169590643274866,False,False,False,4.658962311752302,-0.04974630386106771,0.1340689091190177,0.03617233439883627,0.07091012909716676,0.014341207466105788,0.0030654040218146407,0.3605263157894738,0.13432835820895517,15.853658536585357,0.01987561240355551,0.0,0.0,-0.00603407440531778,0.002193788827787424,0.09542325753288528,0.04177170094360938,4.63333333333333,0.33413173652694583,-0.19610125109107013,-0.018634372653033138,0.42703687869904483
17780,"College Station-Bryan, TX",2022,3,5.95,,394483.0,"College Station, TX",msa,TX,288469.398498525,0.1215214220310183,0.0197286682410531,"College Station, TX",1263.0769770391,3.56666666666667,"College Station, TX",891.666666666667,"College Station-Bryan, TX",278116.0,0.0198756124035555,0.0505726632619141,0.0060340744053177,3980.35109375,5.95,,58659.0,1640.0,4.917734678370327,False,71.96531791907515,False,False,False,4.804029849617452,-0.007910470323429841,0.12152142203101834,0.01972866824105224,0.0928793281830873,0.031137306584175573,0.006182661695282764,0.4133016627078385,0.2382352941176471,20.285714285714285,0.01987561240355551,0.0,0.0,0.0,0.0,0.0876136060116337,0.0815727438128333,4.46666666666667,0.2006283662477557,-0.16720955483170463,-0.0998083232963558,0.3318950711862574
17780,"College Station-Bryan, TX",2022,4,7.13,,394483.0,"College Station, TX",msa,TX,288798.085610332,0.0956744278398205,0.0011394176072658,"College Station, TX",1294.14845346696,3.3,"College Station, TX",963.0,"College Station-Bryan, TX",278116.0,0.0198756124035555,0.0505726632619141,0.0060340744053177,3851.97349206349,7.13,,58659.0,1640.0,4.923338031850731,False,104.88505747126436,False,False,False,4.92295998798758,0.01993400977406612,0.0956744278398205,0.0011394176072672124,0.09280046118578711,0.024756327935722133,0.008916375992867156,0.6022471910112359,0.2642045454545454,27.507163323782223,0.01987561240355551,0.0,0.0,0.0,0.0,0.07908500242561756,0.07790672073395633,3.53333333333333,0.07999999999999963,-0.16514558887440278,-0.1629981883235685,0.2947269329692408
17780,"College Station-Bryan, TX",2023,1,7.19,,394483.0,"College Station, TX",msa,TX,291554.909789628,0.0679163408107363,0.0095458533718093,"College Station, TX",1309.06331505706,3.76666666666667,"College Station, TX",972.333333333333,"College Station-Bryan, TX",283278.0,0.0185606006126939,0.0531837768103118,-0.0013150117908615,4000.06451612903,7.19,,59691.0,1686.0,4.884403172833895,False,101.96629213483148,False,False,False,4.6542367644915705,-0.11087134193171799,0.06791634081073639,0.00954585337181113,0.1101751981179373,0.03578673066419458,0.011344352198216725,0.5073375262054509,0.3436619718309859,36.67621776504295,0.018560600612693934,-0.0013150117908615755,0.00603407440531778,-0.0013150117908615755,0.00603407440531778,0.08555486955445168,0.07239675757013542,3.56666666666667,0.009691934925579515,-0.13066111400312252,-0.10389918970668588,0.154732010569141
17780,"College Station-Bryan, TX",2023,2,6.4,,394483.0,"College Station, TX",msa,TX,297068.862643219,0.050127456346475,0.018912227743207,"College Station, TX",1325.73193521571,3.36666666666667,"College Station, TX",1052.66666666667,"College Station-Bryan, TX",283278.0,0.0185606006126939,0.0531837768103118,-0.0013150117908615,4206.07290322581,6.4,,59691.0,1686.0,4.976778118028162,False,91.04477611940298,False,False,False,4.822591373108117,-0.03837746523624119,0.050127456346475086,0.018912227743205,0.1340689091190177,0.03617233439883627,0.013220155321884208,0.2379110251450678,0.3605263157894738,51.169590643274866,0.018560600612693934,0.0,0.0,0.0013150117908615755,-0.00603407440531778,0.07341024804951735,0.09542325753288528,3.33333333333333,0.08261912924237591,0.33413173652694583,0.02445541834858167,-0.018634372653033138
17780,"College Station-Bryan, TX",2023,3,7.76,,394483.0,"College Station, TX",msa,TX,301246.492534683,0.0442927190983251,0.0140628332915573,"College Station, TX",1331.40923076611,3.73333333333333,"College Station, TX",1050.66666666667,"College Station-Bryan, TX",283278.0,0.0185606006126939,0.0531837768103118,-0.0013150117908615,4458.13746031746,7.76,,59691.0,1686.0,5.04676571903106,True,128.23529411764704,True,True,False,4.917734678370327,0.02253498093150963,0.044292719098325106,0.014062833291556887,0.12152142203101834,0.01972866824105224,0.013146841291419032,0.30420168067226894,0.4133016627078385,71.96531791907515,0.018560600612693934,0.0,0.0,0.0,0.0,0.05409983316075806,0.0876136060116337,3.56666666666667,-0.0018999366687777464,0.2006283662477557,0.12003623683289799,-0.0998083232963558
17780,"College Station-Bryan, TX",2025,2,8.04,,394483.0,"College Station, TX",msa,TX,306198.466155907,0.0035873504319008,0.0015297479581997,"College Station, TX",1423.05466665859,3.36666666666667,"College Station, TX",1471.66666666667,"College Station-Bryan, TX",287476.0,0.0048270679319806,0.0336550216456442,-0.005117227071514,5732.06048387097,8.04,,,,,False,55.51257253384912,False,False,False,5.077703186449748,0.5075835345374671,0.0035873504319008376,0.0015297479582025986,0.027047899431443145,0.011801995378307062,-0.0085508669049392,0.12921348314606718,0.11250000000000004,87.36842105263159,0.004827067931980622,0.0,0.0,0.005117227071514074,0.008616305609199237,0.035883625125708196,0.036226985105903164,3.33333333333333,0.17922008547008805,0.22577487765088988,0.09252306700317803,0.24739314525733902
17780,"College Station-Bryan, TX",2025,3,8.81,,394483.0,"College Station, TX",msa,TX,306079.939599784,0.0041256870389261,-0.000387090626583153,"College Station, TX",1450.39580278637,4.0,"College Station, TX",1423.0,"College Station-Bryan, TX",287476.0,0.0048270679319806,0.0336550216456442,-0.005117227071514,6427.73875,8.81,,,,,False,48.06722689075631,False,False,False,5.073016426691231,0.5232835561243121,0.004125687038926129,-0.00038709062658304205,0.011870164747233458,-0.0009230078219270021,-0.010229025820648004,0.16998671978751667,-0.029639175257731853,78.85985748218529,0.004827067931980622,0.0,0.0,0.0,0.0,0.038638693308243655,0.048842973234405784,3.86666666666667,-0.033069082672708805,0.06441309555496688,0.1595155481803856,0.24344959483489204
17780,"College Station-Bryan, TX",2025,4,7.82,,394483.0,"College Station, TX",msa,TX,306484.840912303,0.0052352348899702,0.0013228613186753,"College Station, TX",1494.82441907336,3.25,"College Station, TX",1286.66666666667,"College Station-Bryan, TX",287476.0,0.0048270679319806,0.0336550216456442,-0.005117227071514,6777.5671875,7.82,,,,,False,9.677419354838722,False,False,False,5.074120476517983,0.5096191346658934,0.005235234889970242,0.0013228613186753169,0.016862581370940433,0.00021763182570100348,-0.011152255929477162,0.07270233196159115,0.006906077348066253,63.82022471910111,0.004827067931980622,0.0,0.0,0.0,0.0,0.04791161587818915,0.05563554655351144,3.26666666666667,-0.09580698055750536,-0.045011252813203284,0.14737055805338306,0.3229933232101212
17820,"Colorado Springs, CO",2019,2,1.05,372.55,394484.0,"Colorado Springs, CO",msa,CO,328802.853854563,0.0686458670001533,0.0148811145736385,"Colorado Springs, CO",1299.63132051559,2.86666666666667,"Colorado Springs, CO",3118.66666666667,"Colorado Springs, CO",745791.0,0.0116508094118031,0.0469666659647496,-0.0054980082179927,2882.32777777778,1.05,,68687.0,948.0,4.786973573668424,False,14.130434782608692,False,False,False,4.709294740411158,0.9257420654392035,0.0686458670001533,0.014881114573638055,0.09827121078352441,0.027221687310589715,0.0028840417856798,0.0,0.0714285714285714,20.68965517241379,0.011650809411803076,0.0,0.0,0.005498008217992734,0.000312068048992975,0.05122371841630802,0.06374300352593343,3.43333333333333,0.19703172978505923,0.39380530973451333,0.06629220382021028,0.12725771232385252
17820,"Colorado Springs, CO",2019,3,1.04,378.64,394484.0,"Colorado Springs, CO",msa,CO,332558.383501983,0.0599838973255288,0.0114218280145499,"Colorado Springs, CO",1312.73418042902,2.96666666666667,"Colorado Springs, CO",3838.0,"Colorado Springs, CO",745791.0,0.0116508094118031,0.0469666659647496,-0.0054980082179927,2957.8528125,1.04,,68687.0,948.0,4.84164956253706,False,14.28571428571428,False,False,False,4.80200643043502,0.968527591297939,0.05998389732552889,0.01142182801454994,0.09963294371422404,0.019686958479852246,0.0025172238042080576,-0.018867924528301883,0.07070707070707072,15.217391304347828,0.011650809411803076,0.0,0.0,0.0,0.0,0.053316015186694266,0.05487298973070587,3.73333333333333,0.23065412569473986,0.3517930629041728,0.037988254372415486,0.15500598332389925
17820,"Colorado Springs, CO",2019,4,1.05,393.04,394484.0,"Colorado Springs, CO",msa,CO,338772.070790643,0.061765141031008,0.0186845005175555,"Colorado Springs, CO",1325.87671068063,2.86666666666667,"Colorado Springs, CO",3296.0,"Colorado Springs, CO",745791.0,0.0116508094118031,0.0469666659647496,-0.0054980082179927,3082.755625,1.05,,68687.0,948.0,4.932113366294102,False,11.70212765957448,False,False,False,4.88352303451112,0.9978301342279416,0.06176514103100805,0.01868450051755466,0.09696356883742752,0.016975529970024494,0.0020736038752060576,-0.01869158878504673,0.05940594059405946,16.30434782608696,0.011650809411803076,0.0,0.0,0.0,0.0,0.06165234212952897,0.05030796132824089,3.43333333333333,-0.14121938509640442,-0.09663390449682441,0.14221561000009708,0.036741721225998614
17820,"Colorado Springs, CO",2020,1,1.07,400.76,394484.0,"Colorado Springs, CO",msa,CO,347488.140102051,0.0725550182842367,0.0257284176085275,"Colorado Springs, CO",1345.87123749931,3.86666666666667,"Colorado Springs, CO",2492.0,"Colorado Springs, CO",758467.0,0.0169967189199118,0.046489038636925,0.0053459095081087,3055.86919354839,1.07,,71171.0,960.0,4.882440040213725,False,3.8834951456310662,False,False,False,4.716782591505292,0.8423394494720715,0.07255501828423672,0.02572841760852973,0.08164019890995378,0.015409614812893935,0.0010243051344717888,-0.027272727272727337,0.028037383177570208,12.244897959183687,0.016996718919911835,0.005345909508108759,-0.005498008217992734,0.005345909508108759,-0.005498008217992734,0.05519100862912785,0.05259026329304861,3.56666666666667,-0.2439320388349514,-0.24744848834970257,0.12306660146926007,-0.004562795426326538
17820,"Colorado Springs, CO",2020,2,1.07,404.91,394484.0,"Colorado Springs, CO",msa,CO,356025.540075197,0.0827933392350517,0.0245688959935131,"Colorado Springs, CO",1361.86070151171,10.8666666666667,"Colorado Springs, CO",3071.33333333333,"Colorado Springs, CO",758467.0,0.0169967189199118,0.046489038636925,0.0053459095081087,2931.68761904762,1.07,,71171.0,960.0,5.002396201756291,True,9.183673469387754,True,True,False,4.786973573668424,0.8832135085958335,0.08279333923505172,0.024568895993511308,0.0686458670001533,0.014881114573638055,-0.00024115813725489728,0.01904761904761898,0.0,14.130434782608692,0.016996718919911835,0.0,0.0,-0.005345909508108759,0.005498008217992734,0.047882334023338524,0.05122371841630802,2.86666666666667,0.2324772605671468,0.19703172978505923,0.017124992393438232,0.06629220382021028
17820,"Colorado Springs, CO",2025,2,2.81,562.59,394484.0,"Colorado Springs, CO",msa,CO,464280.315284036,-0.0133461032038241,-0.0143364305044325,"Colorado Springs, CO",1758.52776696178,4.03333333333333,"Colorado Springs, CO",3801.0,"Colorado Springs, CO",781796.0,0.0060442749250739,0.0197254892242194,-0.0025242204746485,5732.06048387097,2.81,,,,,False,43.36734693877551,False,False,False,5.220097441843239,0.43312386817481574,-0.013346103203824122,-0.014336430504432007,0.014958738906290181,0.003936265846071096,-0.024568503236863135,0.11067193675889331,0.007968127490039834,93.12977099236639,0.006044274925073978,0.0,0.0,0.0025242204746485086,-0.0035807105162062314,0.0050470153879556,0.017129511873824388,3.9,0.2310266652272468,0.26655703393631147,0.09252306700317803,0.24739314525733902
17820,"Colorado Springs, CO",2025,3,2.77,561.38,394484.0,"Colorado Springs, CO",msa,CO,460851.130496372,-0.0227196985189656,-0.0073860223549771,"Colorado Springs, CO",1758.67365485729,4.0,"Colorado Springs, CO",4729.33333333333,"Colorado Springs, CO",781796.0,0.0060442749250739,0.0197254892242194,-0.0025242204746485,6427.73875,2.77,,,,,False,26.48401826484019,False,False,False,5.231240502449648,0.38959093991258786,-0.022719698518965603,-0.0073860223549776505,0.008239348783866784,0.0021346460924440702,-0.021121794631500344,0.06949806949806958,0.048582995951416796,85.00000000000001,0.006044274925073978,0.0,0.0,0.0,0.0,-0.004662700636761663,0.02175934945050484,4.4,0.2442339735157406,0.3158640226628895,0.1595155481803856,0.24344959483489204
17820,"Colorado Springs, CO",2025,4,2.58,566.73,394484.0,"Colorado Springs, CO",msa,CO,462197.514106142,-0.0224203696006498,0.0029215152587776,"Colorado Springs, CO",1729.98197644242,3.8,"Colorado Springs, CO",4321.66666666667,"Colorado Springs, CO",781796.0,0.0060442749250739,0.0197254892242194,-0.0025242204746485,6777.5671875,2.58,,,,,False,1.976284584980248,False,False,False,5.244917197868477,0.3128038315743753,-0.02242036960064986,0.002921515258777374,0.00712056216732182,0.0026144268099363988,-0.016509496240738376,-0.047970479704797064,0.05859375,84.35374149659864,0.006044274925073978,0.0,0.0,0.0,0.0,-0.010700575201886275,0.015776178296404986,4.26666666666667,-0.0861996053002525,-0.010495156081808399,0.14737055805338306,0.3229933232101212
18880,"Crestview-Fort Walton Beach-Destin, FL",2019,2,4.27,,753875.0,"Crestview, FL",msa,FL,291364.002487795,0.0543361684983754,0.0081763473706733,"Crestview, FL",1318.26963244984,2.66666666666667,"Crestview, FL",3722.0,"Crestview-Fort Walton Beach-Destin, FL",284809.0,0.0257251518010848,0.0727592545161435,0.0030105193346667,2882.32777777778,4.27,,62161.0,1502.0,4.687247671173163,False,10.90909090909089,False,False,False,4.615266211870434,0.5669253402010268,0.054336168498375415,0.00817634737067352,0.06909745029530567,0.01443698436097507,0.0020941893941392765,0.023980815347721673,0.029629629629629672,15.833333333333321,0.02572515180108481,0.0,0.0,-0.0030105193346667836,-8.871530130560856e-05,0.0898907886738527,0.0605579059735859,2.96666666666667,0.08124334269391031,0.07583474816072444,0.06629220382021028,0.12725771232385252
18880,"Crestview-Fort Walton Beach-Destin, FL",2019,3,4.28,,753875.0,"Crestview, FL",msa,FL,295873.042754576,0.0536701637408765,0.01547562577491,"Crestview, FL",1348.74642332103,2.76666666666667,"Crestview, FL",3748.66666666667,"Crestview-Fort Walton Beach-Destin, FL",284809.0,0.0257251518010848,0.0727592545161435,0.0030105193346667,2957.8528125,4.28,,62161.0,1502.0,4.7597857620465565,False,9.462915601023013,False,False,False,4.689652711943868,0.552768204720401,0.05367016374087652,0.015475625774909796,0.06991040591111086,0.016117488495487553,0.0025130027450355804,0.014218009478673022,0.007159904534606021,15.616438356164375,0.02572515180108481,0.0,0.0,0.0,0.0,0.09424431616091677,0.06145556383420958,2.93333333333333,0.007164606842200438,0.0028932140978432663,0.037988254372415486,0.15500598332389925
18880,"Crestview-Fort Walton Beach-Destin, FL",2019,4,4.34,,753875.0,"Crestview, FL",msa,FL,301534.948682979,0.0548652779601133,0.0191362682983582,"Crestview, FL",1338.19054953149,2.53333333333333,"Crestview, FL",3574.0,"Crestview-Fort Walton Beach-Destin, FL",284809.0,0.0257251518010848,0.0727592545161435,0.0030105193346667,3082.755625,4.34,,62161.0,1502.0,4.850870299431782,False,8.499999999999996,False,False,False,4.773980327860782,0.5789704659213522,0.05486527796011331,0.019136268298357573,0.06864606941108198,0.01798163341650927,0.0030515597273761846,0.05084745762711873,-0.011961722488038284,8.398950131233596,0.02572515180108481,0.0,0.0,0.0,0.0,0.07897278955032849,0.06317765338077153,2.9,-0.04659434465587853,-0.06416644811609495,0.14221561000009708,0.036741721225998614
18880,"Crestview-Fort Walton Beach-Destin, FL",2020,1,4.39,,753875.0,"Crestview, FL",msa,FL,308163.589278128,0.0663061983577526,0.0219829927645245,"Crestview, FL",1348.96575437006,3.0,"Crestview, FL",3286.66666666667,"Crestview-Fort Walton Beach-Destin, FL",287981.0,0.0111372884986078,0.0607074059204638,-0.014587863302477,3055.86919354839,4.39,,65075.0,1828.0,4.735514241692324,False,3.294117647058825,False,False,False,4.64923391963868,0.4581339604383512,0.06630619835775264,0.021982992764523868,0.06088345165367737,0.011017637704253014,0.0029914220386756253,0.009195402298850519,0.04066985645933019,9.84848484848484,0.011137288498607845,-0.014587863302476967,0.0030105193346667836,-0.014587863302476967,0.0030105193346667836,0.056206922772063406,0.08868780440517376,3.03333333333333,-0.08039544861033288,-0.035310602522185874,0.12306660146926007,-0.004562795426326538
18880,"Crestview-Fort Walton Beach-Destin, FL",2020,2,4.38,,753875.0,"Crestview, FL",msa,FL,312647.165569606,0.073046645776712,0.0145493382329203,"Crestview, FL",1371.0957594166,9.93333333333333,"Crestview, FL",3561.66666666667,"Crestview-Fort Walton Beach-Destin, FL",287981.0,0.0111372884986078,0.0607074059204638,-0.014587863302477,2931.68761904762,4.38,,65075.0,1828.0,4.804412840101514,False,8.148148148148149,False,False,False,4.687247671173163,0.43974251661673325,0.07304664577671205,0.014549338232919595,0.054336168498375415,0.00817634737067352,0.002376182894830936,0.025761124121779888,0.023980815347721673,10.90909090909089,0.011137288498607845,0.0,0.0,0.014587863302476967,-0.0030105193346667836,0.040072323344496175,0.0898907886738527,2.66666666666667,0.08367139959432035,0.08124334269391031,0.017124992393438232,0.06629220382021028
18880,"Crestview-Fort Walton Beach-Destin, FL",2020,3,4.52,,753875.0,"Crestview, FL",msa,FL,317867.761271401,0.0743383659155099,0.0166980426394827,"Crestview, FL",1410.90821008895,5.9,"Crestview, FL",3242.66666666667,"Crestview-Fort Walton Beach-Destin, FL",287981.0,0.0111372884986078,0.0607074059204638,-0.014587863302477,3319.8340625,4.52,,65075.0,1828.0,4.884637130563212,False,7.8758949880668006,False,False,False,4.7597857620465565,0.4774676531828339,0.07433836591550991,0.016698042639483823,0.05367016374087652,0.015475625774909796,0.0013573521885915723,0.05607476635513997,0.014218009478673022,9.462915601023013,0.011137288498607845,0.0,0.0,0.0,0.0,0.04608856467982947,0.09424431616091677,2.76666666666667,-0.08956481048198395,0.007164606842200438,0.12237973724394036,0.037988254372415486
18880,"Crestview-Fort Walton Beach-Destin, FL",2020,4,4.59,,753875.0,"Crestview, FL",msa,FL,330537.296628692,0.0961823764455405,0.0398578808578012,"Crestview, FL",1427.67556509721,4.3,"Crestview, FL",2510.66666666667,"Crestview-Fort Walton Beach-Destin, FL",287981.0,0.0111372884986078,0.0607074059204638,-0.014587863302477,3554.5015625,4.59,,65075.0,1828.0,5.079328415346785,True,9.8086124401914,True,True,False,4.850870299431782,0.5492054246868543,0.09618237644554051,0.03985788085779962,0.05486527796011331,0.019136268298357573,0.0002646485063677864,0.05760368663594462,0.05084745762711873,8.499999999999996,0.011137288498607845,0.0,0.0,0.0,0.0,0.06687015955765752,0.07897278955032849,2.53333333333333,-0.22574013157894712,-0.04659434465587853,0.15302735438200687,0.14221561000009708
18880,"Crestview-Fort Walton Beach-Destin, FL",2025,2,10.06,,753875.0,"Crestview, FL",msa,FL,443495.107092674,-0.0391029782482826,-0.0132837857734208,"Crestview, FL",1948.65021155961,3.36666666666667,"Crestview, FL",5362.0,"Crestview-Fort Walton Beach-Destin, FL",315098.0,0.0157865384057434,0.04873608360653,0.0030374329652544,5732.06048387097,10.06,,,,,False,40.6993006993007,False,False,False,5.629051325988536,0.9418036548153728,-0.03910297824828268,-0.013283785773420376,-0.0013263679181572119,-0.0016963834875288741,-0.028411025199431075,0.12026726057906467,-0.0022222222222221255,73.35907335907336,0.0157865384057434,0.0,0.0,-0.003037432965254494,0.006691409778096347,0.015431535993784884,-0.0012522722633551142,2.86666666666667,0.13553578991952553,0.17544941839971617,0.09252306700317803,0.24739314525733902
18880,"Crestview-Fort Walton Beach-Destin, FL",2025,3,10.37,,753875.0,"Crestview, FL",msa,FL,436809.632196023,-0.043514467869973,-0.0150745178238307,"Crestview, FL",1938.49413086801,3.96666666666667,"Crestview, FL",5410.0,"Crestview-Fort Walton Beach-Destin, FL",315098.0,0.0157865384057434,0.04873608360653,0.0030374329652544,6427.73875,10.37,,,,,False,35.55555555555554,False,False,False,5.569766957595234,0.8099811955486773,-0.04351446786997304,-0.0150745178238324,-0.018359072491205386,-0.010531857849580217,-0.02858808586061873,0.07017543859649122,0.06483516483516483,72.7272727272727,0.0157865384057434,0.0,0.0,0.0,0.0,0.0006982743982857365,0.013137026082892245,3.33333333333333,0.008951883625512913,0.08388934702751327,0.1595155481803856,0.24344959483489204
18880,"Crestview-Fort Walton Beach-Destin, FL",2025,4,9.9,,753875.0,"Crestview, FL",msa,FL,434715.133196058,-0.0405122677316335,-0.0047949927052565,"Crestview, FL",1923.96870270702,4.65,"Crestview, FL",4922.0,"Crestview-Fort Walton Beach-Destin, FL",315098.0,0.0157865384057434,0.04873608360653,0.0030374329652544,6777.5671875,9.9,,,,,False,13.793103448275868,False,False,False,5.525715944644799,0.6748456452130167,-0.04051226773163352,-0.0047949927052549635,-0.023355380109553736,-0.007908950820709748,-0.026940452976617502,0.06796116504854388,0.03807390817469214,58.73287671232876,0.0157865384057434,0.0,0.0,0.0,0.0,0.006123537042484584,0.012767767033315502,3.2,-0.09020332717190394,-0.0032507954073857093,0.14737055805338306,0.3229933232101212
19300,"Daphne-Fairhope-Foley, AL",2019,2,3.29,,394519.0,"Daphne, AL",msa,AL,237792.762241097,0.0492850836907177,0.0086405046291766,"Daphne, AL",1139.73890243438,2.46666666666667,"Daphne, AL",3059.66666666667,"Daphne-Fairhope-Foley, AL",223234.0,0.0246907346629639,0.0753031054763706,-0.000407961465889173,2882.32777777778,3.29,,58320.0,1564.0,4.07737932512169,False,0.6116207951070374,False,False,False,4.049597926964476,0.540305839326118,0.04928508369071771,0.008640504629175538,0.05681019100537088,0.01571236405107479,-0.0018223114060191782,0.0030487804878049918,-0.0060606060606061,11.945392491467555,0.024690734662963898,0.0,0.0,0.0004079614658891728,-0.0013993883220506653,0.044368369702970645,0.021323901303860637,3.16666666666667,0.09783518717856832,0.14561647004395217,0.06629220382021028,0.12725771232385252
19300,"Daphne-Fairhope-Foley, AL",2019,3,3.29,,394519.0,"Daphne, AL",msa,AL,242225.669732557,0.0520255908713649,0.018641894100061,"Daphne, AL",1152.75734003486,2.53333333333333,"Daphne, AL",3359.0,"Daphne-Fairhope-Foley, AL",223234.0,0.0246907346629639,0.0753031054763706,-0.000407961465889173,2957.8528125,3.29,,58320.0,1564.0,4.153389398706396,False,6.818181818181812,False,False,False,4.114344319346235,0.5394083208114187,0.052025590871364935,0.018641894100063006,0.062316065701141676,0.015988350831237286,-0.0010835344369485606,0.0,0.015432098765431945,7.868852459016407,0.024690734662963898,0.0,0.0,0.0,0.0,0.040902565662456425,0.01171528549130163,3.26666666666667,0.09783200784399049,-0.03674911660777591,0.037988254372415486,0.15500598332389925
19300,"Daphne-Fairhope-Foley, AL",2019,4,3.26,,394519.0,"Daphne, AL",msa,AL,247376.148166247,0.0660691347544581,0.0212631404399755,"Daphne, AL",1154.51291368438,2.4,"Daphne, AL",3298.33333333333,"Daphne-Fairhope-Foley, AL",223234.0,0.0246907346629639,0.0753031054763706,-0.000407961465889173,3082.755625,3.26,,58320.0,1564.0,4.241703500792987,False,6.5359477124183,False,False,False,4.1464766694631,0.5481540669051062,0.06606913475445819,0.02126314043997346,0.05198619899348089,0.007809834963441009,-0.00030999264675695234,-0.003058103975535187,-0.038235294117647034,5.483870967741944,0.024690734662963898,0.0,0.0,0.0,0.0,0.03795317698852818,0.04445276297646439,3.13333333333333,-0.018060930832590083,-0.08856513992243786,0.14221561000009708,0.036741721225998614
19300,"Daphne-Fairhope-Foley, AL",2020,1,3.39,,394519.0,"Daphne, AL",msa,AL,251515.610180542,0.0668484170153291,0.0167334726689696,"Daphne, AL",1163.30611133393,3.1,"Daphne, AL",2930.0,"Daphne-Fairhope-Foley, AL",233252.0,0.0448766764919322,0.0975480070204826,0.0201859418289683,3055.86919354839,3.39,,61756.0,2268.0,4.072731559371429,False,2.7272727272727337,False,False,False,4.042450512753034,0.4136284840787625,0.06684841701532918,0.016733472668970073,0.056641913573416636,0.015990797002354507,0.0008739399206721097,0.0335365853658538,-0.0381231671554253,3.1446540880503138,0.044876676491932166,0.020185941828968268,-0.0004079614658891728,0.020185941828968268,-0.0004079614658891728,0.046024941829440724,0.04561662075603756,3.4,-0.11167256189994856,-0.038523459061638676,0.12306660146926007,-0.004562795426326538
19300,"Daphne-Fairhope-Foley, AL",2020,2,3.29,,394519.0,"Daphne, AL",msa,AL,255705.087776532,0.0753274631516067,0.0166569287408562,"Daphne, AL",1184.38570560055,10.4,"Daphne, AL",3053.33333333333,"Daphne-Fairhope-Foley, AL",233252.0,0.0448766764919322,0.0975480070204826,0.0201859418289683,2931.68761904762,3.29,,61756.0,2268.0,4.140570758736511,False,-0.3030303030302939,False,False,False,4.07737932512169,0.38404932483964194,0.07532746315160677,0.016656928740855115,0.04928508369071771,0.008640504629175538,0.0014092033377381729,0.0,0.0030487804878049918,0.6116207951070374,0.044876676491932166,0.0,0.0,-0.020185941828968268,0.0004079614658891728,0.039172834296353765,0.044368369702970645,2.46666666666667,0.042093287827075,0.09783518717856832,0.017124992393438232,0.06629220382021028
19300,"Daphne-Fairhope-Foley, AL",2020,3,3.39,,394519.0,"Daphne, AL",msa,AL,260684.163451934,0.0762037059893658,0.0194719460558934,"Daphne, AL",1194.33798727099,5.53333333333333,"Daphne, AL",2760.66666666667,"Daphne-Fairhope-Foley, AL",233252.0,0.0448766764919322,0.0975480070204826,0.0201859418289683,3319.8340625,3.39,,61756.0,2268.0,4.221195729191236,False,4.629629629629628,False,False,False,4.153389398706396,0.4059079930976637,0.07620370598936588,0.019471946055892975,0.052025590871364935,0.018641894100063006,0.0014214489336499224,0.03039513677811545,0.0,6.818181818181812,0.044876676491932166,0.0,0.0,0.0,0.0,0.03607059854840977,0.040902565662456425,2.53333333333333,-0.09585152838427735,0.09783200784399049,0.12237973724394036,0.037988254372415486
19300,"Daphne-Fairhope-Foley, AL",2020,4,3.45,,394519.0,"Daphne, AL",msa,AL,271973.269992799,0.0994320673552637,0.043305686050801,"Daphne, AL",1218.50783980481,3.8,"Daphne, AL",1987.33333333333,"Daphne-Fairhope-Foley, AL",233252.0,0.0448766764919322,0.0975480070204826,0.0201859418289683,3554.5015625,3.45,,61756.0,2268.0,4.403997506198571,False,1.4705882352941346,False,False,False,4.241703500792987,0.48202128146450907,0.09943206735526378,0.04330568605080032,0.06606913475445819,0.02126314043997346,0.0018487206313481232,0.05828220858895716,-0.003058103975535187,6.5359477124183,0.044876676491932166,0.0,0.0,0.0,0.0,0.055430238468449744,0.03795317698852818,2.4,-0.2801255735329652,-0.018060930832590083,0.15302735438200687,0.14221561000009708
19300,"Daphne-Fairhope-Foley, AL",2021,1,3.61,,394519.0,"Daphne, AL",msa,AL,283381.567026266,0.1266957419575274,0.0419463906646724,"Daphne, AL",1247.15108930698,3.46666666666667,"Daphne, AL",1760.33333333333,"Daphne-Fairhope-Foley, AL",239450.0,0.026572119424485,0.0991255651694936,-0.0183045570674472,3865.7068852459,3.61,,64346.0,2377.0,4.404027709978336,False,5.8651026392961825,False,False,False,4.072731559371429,0.2815606131908268,0.12669574195752742,0.04194639066467487,0.06684841701532918,0.016733472668970073,0.0020324994518741506,0.06489675516224191,0.0335365853658538,2.7272727272727337,0.026572119424485008,-0.018304557067447158,0.020185941828968268,-0.018304557067447158,0.020185941828968268,0.07207473351696536,0.046024941829440724,3.1,-0.11422341496142252,-0.11167256189994856,0.26501058795554977,0.12306660146926007
19300,"Daphne-Fairhope-Foley, AL",2021,2,3.88,,394519.0,"Daphne, AL",msa,AL,297363.795095821,0.1629170059990976,0.0493406406643899,"Daphne, AL",1323.7050507042,2.76666666666667,"Daphne, AL",1602.0,"Daphne-Fairhope-Foley, AL",239450.0,0.026572119424485,0.0991255651694936,-0.0183045570674472,4183.62634920635,3.88,,64346.0,2377.0,4.621325258692398,False,18.29268292682926,False,False,False,4.140570758736511,0.26576915808744905,0.16291700599909764,0.04934064066439103,0.07532746315160677,0.016656928740855115,0.0021864407141002073,0.1793313069908815,0.0,-0.3030303030302939,0.026572119424485008,0.0,0.0,0.018304557067447158,-0.020185941828968268,0.1176300460608879,0.039172834296353765,10.4,-0.08994508615792296,0.042093287827075,0.42703687869904483,0.017124992393438232
19300,"Daphne-Fairhope-Foley, AL",2021,3,4.16,,394519.0,"Daphne, AL",msa,AL,314514.477076367,0.2064962938738641,0.0576757569798285,"Daphne, AL",1450.13611363875,2.66666666666667,"Daphne, AL",1865.33333333333,"Daphne-Fairhope-Foley, AL",239450.0,0.026572119424485,0.0991255651694936,-0.0183045570674472,4421.670625,4.16,,64346.0,2377.0,4.887863691237482,False,26.443768996960483,False,False,False,4.221195729191236,0.25615666425047534,0.20649629387386415,0.057675756979828074,0.07620370598936588,0.019471946055892975,0.0022296039172154773,0.2271386430678466,0.03039513677811545,4.629629629629628,0.026572119424485008,0.0,0.0,0.0,0.0,0.2141756597328428,0.03607059854840977,5.53333333333333,0.16437786100707252,-0.09585152838427735,0.3318950711862574,0.12237973724394036
19300,"Daphne-Fairhope-Foley, AL",2021,4,4.43,,394519.0,"Daphne, AL",msa,AL,326215.295531344,0.1994388108065958,0.0372027976700633,"Daphne, AL",1491.04745585991,2.0,"Daphne, AL",1823.0,"Daphne-Fairhope-Foley, AL",239450.0,0.026572119424485,0.0991255651694936,-0.0183045570674472,4602.10890625,4.43,,64346.0,2377.0,5.069705895181426,True,35.474006116207946,True,True,False,4.403997506198571,0.3887653126342778,0.19943881080659587,0.03720279767006063,0.09943206735526378,0.04330568605080032,0.003230966008820558,0.2840579710144926,0.05828220858895716,1.4705882352941346,0.026572119424485008,0.0,0.0,0.0,0.0,0.22366669064579647,0.055430238468449744,3.8,-0.02269478198713193,-0.2801255735329652,0.2947269329692408,0.15302735438200687
19300,"Daphne-Fairhope-Foley, AL",2022,2,5.63,,394519.0,"Daphne, AL",msa,AL,353890.21830866,0.1900918139500613,0.0431141301508693,"Daphne, AL",1514.38143030938,2.1,"Daphne, AL",1543.66666666667,"Daphne-Fairhope-Foley, AL",246703.0,0.0302902484861141,0.105131834756354,0.003718129061629,4105.66709677419,5.63,,71039.0,2374.0,4.981632882059996,False,71.12462006079028,False,False,False,4.621325258692398,0.5972270287337489,0.19009181395006136,0.04311413015087018,0.16291700599909764,0.04934064066439103,0.00798533327629965,0.4510309278350515,0.1793313069908815,18.29268292682926,0.030290248486114058,0.0,0.0,-0.0037181290616290497,0.018304557067447158,0.144047482106185,0.1176300460608879,2.76666666666667,0.06484249252701746,-0.08994508615792296,-0.018634372653033138,0.42703687869904483
19300,"Daphne-Fairhope-Foley, AL",2022,3,6.45,,394519.0,"Daphne, AL",msa,AL,361739.91891325,0.150153475527984,0.0221811742695412,"Daphne, AL",1556.273932116,2.26666666666667,"Daphne, AL",1984.66666666667,"Daphne-Fairhope-Foley, AL",246703.0,0.0302902484861141,0.105131834756354,0.003718129061629,3980.35109375,6.45,,71039.0,2374.0,5.092131349163839,True,96.04863221884499,True,True,False,4.887863691237482,0.8309670638406557,0.15015347552798408,0.022181174269539916,0.20649629387386415,0.057675756979828074,0.012146421767984292,0.5504807692307692,0.2271386430678466,26.443768996960483,0.030290248486114058,0.0,0.0,0.0,0.0,0.07319162489576514,0.2141756597328428,2.66666666666667,0.28568343770243954,0.16437786100707252,-0.0998083232963558,0.3318950711862574
19300,"Daphne-Fairhope-Foley, AL",2023,2,7.67,,394519.0,"Daphne, AL",msa,AL,368372.391222988,0.0409227838608885,0.0168729955922018,"Daphne, AL",1584.75257096326,1.86666666666667,"Daphne, AL",1872.0,"Daphne-Fairhope-Foley, AL",254193.0,0.0303603928610516,0.0897784370552022,7.01443749375752e-05,4206.07290322581,7.67,,75019.0,2751.0,4.910387918033939,False,133.1306990881459,False,False,False,4.981632882059996,0.9018574521187261,0.040922783860888545,0.0168729955922029,0.19009181395006136,0.04311413015087018,0.01597988685300784,0.36234458259325053,0.4510309278350515,71.12462006079028,0.030360392861051633,0.0,0.0,-7.01443749375752e-05,-0.0037181290616290497,0.04646857076126687,0.144047482106185,2.1,0.05742797966484847,0.06484249252701746,0.02445541834858167,-0.018634372653033138
19300,"Daphne-Fairhope-Foley, AL",2023,3,7.92,,394519.0,"Daphne, AL",msa,AL,373410.366640055,0.0322619846929412,0.0136763110838496,"Daphne, AL",1593.44073782528,2.33333333333333,"Daphne, AL",2102.33333333333,"Daphne-Fairhope-Foley, AL",254193.0,0.0303603928610516,0.0897784370552022,7.01443749375752e-05,4458.13746031746,7.92,,75019.0,2751.0,4.9775439107433455,False,133.6283185840708,False,False,False,5.092131349163839,0.9686101685320896,0.03226198469294128,0.013676311083849146,0.15015347552798408,0.022181174269539916,0.013499248763641992,0.22790697674418592,0.5504807692307692,96.04863221884499,0.030360392861051633,0.0,0.0,0.0,0.0,0.02388191753539548,0.07319162489576514,2.26666666666667,0.12304131054130862,0.28568343770243954,0.12003623683289799,-0.0998083232963558
19300,"Daphne-Fairhope-Foley, AL",2023,4,7.84,,394519.0,"Daphne, AL",msa,AL,372282.094720161,0.0291152356485944,-0.0030215334674464,"Daphne, AL",1553.84121762864,2.23333333333333,"Daphne, AL",2411.33333333333,"Daphne-Fairhope-Foley, AL",254193.0,0.0303603928610516,0.0897784370552022,7.01443749375752e-05,4464.90761904762,7.84,,75019.0,2751.0,4.962504095231354,False,127.2463768115942,False,False,False,5.092268583364588,0.8957366807824378,0.029115235648594417,-0.003021533467445492,0.10892920365494851,2.695024761512066e-05,0.009385195676246714,0.07988980716253447,0.6388261851015802,122.69938650306749,0.030360392861051633,0.0,0.0,0.0,0.0,0.011388297654097768,0.03037958917314687,1.9,0.14697954653559564,-0.03006382264024343,0.15912210409729033,-0.1629981883235685
19300,"Daphne-Fairhope-Foley, AL",2024,1,8.57,,394519.0,"Daphne, AL",msa,AL,372020.694114757,0.0269439476471713,-0.000702157340121579,"Daphne, AL",1551.55616137145,2.83333333333333,"Daphne, AL",2479.33333333333,"Daphne-Fairhope-Foley, AL",261652.0,0.0293438450311378,0.0927208185424933,-0.0010165478299137,4992.54098360656,8.57,,78775.0,2602.0,4.7225730766709875,False,137.39612188365652,False,False,False,4.828909745188232,0.8419562824844506,0.02694394764717134,-0.0007021573401226888,0.06778454039771997,0.0014106779519948986,0.003424356699903283,0.008235294117647118,0.8085106382978722,150.73746312684366,0.02934384503113785,-0.0010165478299137831,7.01443749375752e-05,-0.0010165478299137831,7.01443749375752e-05,-0.0037633987190603957,0.044193282866093586,2.23333333333333,0.028200165883328854,-0.08034632034632205,0.248115115012689,-0.10389918970668588
19300,"Daphne-Fairhope-Foley, AL",2024,2,7.15,,394519.0,"Daphne, AL",msa,AL,374804.467587113,0.0174607992275712,0.0074828457566857,"Daphne, AL",1592.38575721083,2.36666666666667,"Daphne, AL",2922.0,"Daphne-Fairhope-Foley, AL",261652.0,0.0293438450311378,0.0927208185424933,-0.0010165478299137,5246.62650793651,7.15,,78775.0,2602.0,4.757911362578394,False,84.27835051546393,False,False,False,4.910387918033939,0.8607899910694625,0.017460799227571266,0.007482845756686007,0.040922783860888545,0.0168729955922029,-0.003190761887972732,-0.06779661016949146,0.36234458259325053,133.1306990881459,0.02934384503113785,0.0,0.0,0.0010165478299137831,-7.01443749375752e-05,0.004816642286896711,0.04646857076126687,1.86666666666667,0.17854261898359947,0.05742797966484847,0.24739314525733902,0.02445541834858167
19300,"Daphne-Fairhope-Foley, AL",2024,3,7.35,,394519.0,"Daphne, AL",msa,AL,374333.684069502,0.0024726614789916,-0.0012560776573484,"Daphne, AL",1620.163973065,2.86666666666667,"Daphne, AL",3138.0,"Daphne-Fairhope-Foley, AL",261652.0,0.0293438450311378,0.0927208185424933,-0.0010165478299137,5543.46921875,7.35,,78775.0,2602.0,4.751935056420209,False,76.68269230769229,False,False,False,4.9775439107433455,0.8631995913971107,0.0024726614789916113,-0.0012560776573495858,0.03226198469294128,0.013676311083849146,-0.009858566753384111,-0.07196969696969702,0.22790697674418592,133.6283185840708,0.02934384503113785,0.0,0.0,0.0,0.0,0.016770774466449145,0.02388191753539548,2.33333333333333,0.07392197125256672,0.12304131054130862,0.24344959483489204,0.12003623683289799
19300,"Daphne-Fairhope-Foley, AL",2024,4,7.55,,394519.0,"Daphne, AL",msa,AL,373493.31698272,0.0032535066277346,-0.0022449678523359,"Daphne, AL",1596.12610365815,2.66666666666667,"Daphne, AL",3224.33333333333,"Daphne-Fairhope-Foley, AL",261652.0,0.0293438450311378,0.0927208185424933,-0.0010165478299137,5907.04296875,7.55,,78775.0,2602.0,4.741267114982164,False,70.42889390519187,False,False,False,4.962504095231354,0.8160274257682545,0.0032535066277346036,-0.002244967852334634,0.029115235648594417,-0.003021533467445492,-0.015284281056341982,-0.036989795918367374,0.07988980716253447,127.2463768115942,0.02934384503113785,0.0,0.0,0.0,0.0,0.02721313191449659,0.011388297654097768,2.23333333333333,0.027512215848734867,0.14697954653559564,0.3229933232101212,0.15912210409729033
19300,"Daphne-Fairhope-Foley, AL",2025,1,9.04,,394519.0,"Daphne, AL",msa,AL,374479.269315368,0.0066087054819927,0.0026398125155582,"Daphne, AL",1578.27614530888,2.93333333333333,"Daphne, AL",3120.0,"Daphne-Fairhope-Foley, AL",267761.0,0.0233478054820908,0.0853576973121526,-0.005996039549047,5894.81783333333,9.04,,,,,False,92.34042553191486,False,False,False,4.7225730766709875,0.6801225639179531,0.0066087054819927715,0.002639812515557338,0.02694394764717134,-0.0007021573401226888,-0.019062522403960298,0.05484247374562412,0.008235294117647118,137.39612188365652,0.02334780548209081,-0.005996039549047039,-0.0010165478299137831,-0.005996039549047039,-0.0010165478299137831,0.017221409448570535,-0.0037633987190603957,2.83333333333333,-0.03235811020365864,0.028200165883328854,0.18072497605717697,0.248115115012689
19300,"Daphne-Fairhope-Foley, AL",2025,2,8.15,,394519.0,"Daphne, AL",msa,AL,374501.414486499,-0.000808563202474466,5.91359066990371e-05,"Daphne, AL",1601.91496481949,2.3,"Daphne, AL",3587.66666666667,"Daphne-Fairhope-Foley, AL",267761.0,0.0233478054820908,0.0853576973121526,-0.005996039549047,5732.06048387097,8.15,,,,,False,44.76021314387213,False,False,False,4.757911362578394,0.6805320374567039,-0.000808563202474466,5.9135906699259166e-05,0.017460799227571266,0.007482845756686007,-0.020861514141279576,0.1398601398601398,-0.06779661016949146,84.27835051546393,0.02334780548209081,0.0,0.0,0.005996039549047039,0.0010165478299137831,0.005984233132900529,0.004816642286896711,2.36666666666667,0.14989316239316341,0.17854261898359947,0.09252306700317803,0.24739314525733902
19300,"Daphne-Fairhope-Foley, AL",2025,3,8.03,,394519.0,"Daphne, AL",msa,AL,371821.267965693,-0.0067117019139065,-0.0071565724911363,"Daphne, AL",1623.81465319032,2.6,"Daphne, AL",3691.66666666667,"Daphne-Fairhope-Foley, AL",267761.0,0.0233478054820908,0.0853576973121526,-0.005996039549047,6427.73875,8.03,,,,,False,24.49612403100774,False,False,False,4.751935056420209,0.5985456577138137,-0.006711701913906576,-0.007156572491136992,0.0024726614789916113,-0.0012560776573495858,-0.02023891972237283,0.09251700680272101,-0.07196969696969702,76.68269230769229,0.02334780548209081,0.0,0.0,0.0,0.0,0.0022532781780191247,0.016770774466449145,2.86666666666667,0.028988200315896995,0.07392197125256672,0.1595155481803856,0.24344959483489204
19300,"Daphne-Fairhope-Foley, AL",2025,4,8.21,,394519.0,"Daphne, AL",msa,AL,370655.019854845,-0.0075993250717423,-0.0031365825769699,"Daphne, AL",1639.0024151475,2.2,"Daphne, AL",3465.66666666667,"Daphne-Fairhope-Foley, AL",267761.0,0.0233478054820908,0.0853576973121526,-0.005996039549047,6777.5671875,8.21,,,,,False,13.085399449035817,False,False,False,4.741267114982164,0.49956361418917705,-0.007599325071742324,-0.003136582576969804,0.0032535066277346036,-0.002244967852334634,-0.018480348794545003,0.0874172185430464,-0.036989795918367374,70.42889390519187,0.02334780548209081,0.0,0.0,0.0,0.0,0.02686273433601638,0.02721313191449659,2.66666666666667,-0.061218961625282065,0.027512215848734867,0.14737055805338306,0.3229933232101212
19660,"Deltona-Daytona Beach-Ormond Beach, FL",2019,2,2.1,,394528.0,"Deltona, FL",msa,FL,218874.735862091,0.0617118980632831,0.0126171907663375,"Deltona, FL",1209.65922227012,3.56666666666667,"Deltona, FL",6651.0,"Deltona-Daytona Beach-Ormond Beach, FL",668365.0,0.0154652332319436,0.0511213964102104,-0.000462418585481794,2882.32777777778,2.1,,50360.0,744.0,4.346202062392593,False,21.387283236994236,False,False,False,4.2889498542564395,1.3148073021123503,0.061711898063283144,0.012617190766335495,0.10310191387379164,0.01847745836049297,0.0016663847816856634,0.034482758620689724,0.06842105263157894,23.78048780487805,0.015465233231943598,0.0,0.0,0.00046241858548179415,0.002957038027335823,0.05530013390644939,0.0738394915486793,3.86666666666667,0.024018475750577473,0.05214029273681353,0.06629220382021028,0.12725771232385252
19660,"Deltona-Daytona Beach-Ormond Beach, FL",2019,3,2.1,,394528.0,"Deltona, FL",msa,FL,221043.483301545,0.0552548968690858,0.0099086239026697,"Deltona, FL",1217.66291531299,3.73333333333333,"Deltona, FL",6288.66666666667,"Deltona-Daytona Beach-Ormond Beach, FL",668365.0,0.0154652332319436,0.0511213964102104,-0.000462418585481794,2957.8528125,2.1,,50360.0,744.0,4.3892669440338565,False,19.318181818181813,False,False,False,4.3579511473056005,1.2700195734431285,0.0552548968690858,0.009908623902671332,0.09268680505125304,0.016088155701023954,0.0006195684159520484,0.024390243902439046,0.04060913705583746,24.242424242424242,0.015465233231943598,0.0,0.0,0.0,0.0,0.04991824505042075,0.06111744654891993,3.96666666666667,-0.0544780233548835,0.008819360596356685,0.037988254372415486,0.15500598332389925
19660,"Deltona-Daytona Beach-Ormond Beach, FL",2019,4,2.13,,394528.0,"Deltona, FL",msa,FL,224248.075450175,0.0542604822382959,0.0144975644645362,"Deltona, FL",1226.30968741145,3.36666666666667,"Deltona, FL",6084.66666666667,"Deltona-Daytona Beach-Ormond Beach, FL",668365.0,0.0154652332319436,0.0511213964102104,-0.000462418585481794,3082.755625,2.13,,50360.0,744.0,4.452900624507049,False,13.297872340425542,False,False,False,4.425300987163796,1.228313708920873,0.05426048223829594,0.014497564464537316,0.07960569298396503,0.015454473348063047,-0.0005469335017099534,0.02898550724637694,0.045454545454545414,18.285714285714285,0.015465233231943598,0.0,0.0,0.0,0.0,0.04552800455556327,0.0664984970140512,3.73333333333333,-0.032439308809498524,-0.021283238798980975,0.14221561000009708,0.036741721225998614
19660,"Deltona-Daytona Beach-Ormond Beach, FL",2020,1,2.14,,394528.0,"Deltona, FL",msa,FL,228952.141680902,0.0592399968671106,0.0209770640005891,"Deltona, FL",1239.18385293221,3.9,"Deltona, FL",6016.0,"Deltona-Daytona Beach-Ormond Beach, FL",671822.0,0.0051723235058687,0.0369751816345021,-0.0102929097260749,3055.86919354839,2.14,,53339.0,992.0,4.29239658937929,False,13.829787234042556,False,False,False,4.292048468092315,0.9641862450117205,0.05923999686711068,0.020977064000587964,0.0678562889419756,0.0161774244090771,-0.0019144862456071297,0.014218009478673022,0.039408866995073843,19.2090395480226,0.0051723235058687145,-0.010292909726074884,-0.00046241858548179415,-0.010292909726074884,-0.00046241858548179415,0.043547807862147625,0.06518993281446694,3.83333333333333,-0.011285197764873911,0.03599532113994086,0.12306660146926007,-0.004562795426326538
19660,"Deltona-Daytona Beach-Ormond Beach, FL",2020,2,2.14,,394528.0,"Deltona, FL",msa,FL,231404.501244063,0.0572462844220942,0.0107112322477387,"Deltona, FL",1255.86707527204,13.1666666666667,"Deltona, FL",5917.33333333333,"Deltona-Daytona Beach-Ormond Beach, FL",671822.0,0.0051723235058687,0.0369751816345021,-0.0102929097260749,2931.68761904762,2.14,,53339.0,992.0,4.338373446147528,False,12.631578947368439,False,False,False,4.346202062392593,0.9375558985882195,0.05724628442209423,0.010711232247737401,0.061711898063283144,0.012617190766335495,-0.0029572239365142612,0.01904761904761898,0.034482758620689724,21.387283236994236,0.0051723235058687145,0.0,0.0,0.010292909726074884,0.00046241858548179415,0.03819906644054982,0.05530013390644939,3.56666666666667,-0.0164007092198587,0.024018475750577473,0.017124992393438232,0.06629220382021028
19660,"Deltona-Daytona Beach-Ormond Beach, FL",2020,3,2.17,,394528.0,"Deltona, FL",msa,FL,233956.644263581,0.0584190982206882,0.0110289255645286,"Deltona, FL",1277.7774411768,9.13333333333333,"Deltona, FL",5170.33333333333,"Deltona-Daytona Beach-Ormond Beach, FL",671822.0,0.0051723235058687,0.0369751816345021,-0.0102929097260749,3319.8340625,2.17,,53339.0,992.0,4.3862210439562235,False,10.152284263959398,False,False,False,4.3892669440338565,0.9150329394099104,0.05841909822068825,0.011028925564530168,0.0552548968690858,0.009908623902671332,-0.003922074957882354,0.033333333333333215,0.024390243902439046,19.318181818181813,0.0051723235058687145,0.0,0.0,0.0,0.0,0.04936877448415866,0.04991824505042075,3.73333333333333,-0.12623929698062197,-0.0544780233548835,0.12237973724394036,0.037988254372415486
19660,"Deltona-Daytona Beach-Ormond Beach, FL",2020,4,2.24,,394528.0,"Deltona, FL",msa,FL,242784.320680368,0.0826595510038681,0.0377321039313689,"Deltona, FL",1305.20245886193,6.2,"Deltona, FL",4297.66666666667,"Deltona-Daytona Beach-Ormond Beach, FL",671822.0,0.0051723235058687,0.0369751816345021,-0.0102929097260749,3554.5015625,2.24,,53339.0,992.0,4.5517223922527235,False,13.13131313131315,False,False,False,4.452900624507049,0.9256853026273655,0.08265955100386813,0.037732103931365835,0.05426048223829594,0.014497564464537316,-0.004553587339010082,0.05164319248826299,0.02898550724637694,13.297872340425542,0.0051723235058687145,0.0,0.0,0.0,0.0,0.06433348138756867,0.04552800455556327,3.36666666666667,-0.16878344400747747,-0.032439308809498524,0.15302735438200687,0.14221561000009708
19660,"Deltona-Daytona Beach-Ormond Beach, FL",2021,1,2.3,,394528.0,"Deltona, FL",msa,FL,253349.473419717,0.1065608365123675,0.0435166188234133,"Deltona, FL",1332.42858115976,5.5,"Deltona, FL",3769.0,"Deltona-Daytona Beach-Ormond Beach, FL",687610.0,0.0235002723935804,0.0447046883403779,0.0183279488877117,3865.7068852459,2.3,,57791.0,960.0,4.383891495556695,False,13.300492610837434,False,False,False,4.29239658937929,0.6643191624513034,0.10656083651236758,0.04351661882341373,0.05923999686711068,0.020977064000587964,-0.004781007650392525,0.0747663551401867,0.014218009478673022,13.829787234042556,0.023500272393580435,0.01832794888771172,-0.010292909726074884,0.01832794888771172,-0.010292909726074884,0.07524688770508936,0.043547807862147625,3.9,-0.12301248739626214,-0.011285197764873911,0.26501058795554977,0.12306660146926007
19660,"Deltona-Daytona Beach-Ormond Beach, FL",2021,2,2.49,,394528.0,"Deltona, FL",msa,FL,267227.69228708,0.1548076673116836,0.054778952882885,"Deltona, FL",1382.41317031505,5.13333333333333,"Deltona, FL",3592.66666666667,"Deltona-Daytona Beach-Ormond Beach, FL",687610.0,0.0235002723935804,0.0447046883403779,0.0183279488877117,4183.62634920635,2.49,,57791.0,960.0,4.624036481235486,False,22.660098522167505,False,False,False,4.338373446147528,0.6499079655033948,0.1548076673116836,0.054778952882887255,0.05724628442209423,0.010711232247737401,-0.005077357528027961,0.16355140186915884,0.01904761904761898,12.631578947368439,0.023500272393580435,0.0,0.0,-0.01832794888771172,0.010292909726074884,0.10076392441102744,0.03819906644054982,13.1666666666667,-0.04678517732378085,-0.0164007092198587,0.42703687869904483,0.017124992393438232
19660,"Deltona-Daytona Beach-Ormond Beach, FL",2021,3,2.68,,394528.0,"Deltona, FL",msa,FL,285443.176375496,0.220068689538516,0.0681646573845633,"Deltona, FL",1467.85643228314,4.86666666666667,"Deltona, FL",3824.0,"Deltona-Daytona Beach-Ormond Beach, FL",687610.0,0.0235002723935804,0.0447046883403779,0.0183279488877117,4421.670625,2.68,,57791.0,960.0,4.93923234371262,False,30.731707317073198,False,False,False,4.3862210439562235,0.6160725740854724,0.220068689538516,0.06816465738456223,0.05841909822068825,0.011028925564530168,-0.004963607825494864,0.23502304147465458,0.033333333333333215,10.152284263959398,0.023500272393580435,0.0,0.0,0.0,0.0,0.14875751048733665,0.04936877448415866,9.13333333333333,0.06439042493969094,-0.12623929698062197,0.3318950711862574,0.12237973724394036
19660,"Deltona-Daytona Beach-Ormond Beach, FL",2021,4,2.84,,394528.0,"Deltona, FL",msa,FL,298575.876588023,0.2297988426571666,0.0460081070400182,"Deltona, FL",1546.96770214443,3.93333333333333,"Deltona, FL",3800.33333333333,"Deltona-Daytona Beach-Ormond Beach, FL",687610.0,0.0235002723935804,0.0447046883403779,0.0183279488877117,4602.10890625,2.84,,57791.0,960.0,5.166477074077676,True,37.198067632850254,True,True,False,4.5517223922527235,0.6841638228260765,0.22979884265716666,0.04600810704001934,0.08265955100386813,0.037732103931365835,-0.003616873493807057,0.26785714285714257,0.05164319248826299,13.13131313131315,0.023500272393580435,0.0,0.0,0.0,0.0,0.18523198576664268,0.06433348138756867,6.2,-0.006188981868899046,-0.16878344400747747,0.2947269329692408,0.15302735438200687
19660,"Deltona-Daytona Beach-Ormond Beach, FL",2022,2,3.61,,394528.0,"Deltona, FL",msa,FL,340843.383995875,0.2754792779099797,0.0790561650915445,"Deltona, FL",1654.37136926724,3.26666666666667,"Deltona, FL",3371.33333333333,"Deltona-Daytona Beach-Ormond Beach, FL",707523.0,0.028959730079551,0.0585877477127019,0.0054594576859705,4105.66709677419,3.61,,64197.0,1111.0,5.30933507789889,True,71.9047619047619,True,True,False,4.624036481235486,0.6881361803959902,0.2754792779099797,0.07905616509154378,0.1548076673116836,0.054778952882887255,0.003580553458491164,0.4497991967871484,0.16355140186915884,22.660098522167505,0.028959730079550994,0.0,0.0,-0.005459457685970559,-0.01832794888771172,0.19672714698617288,0.10076392441102744,5.13333333333333,0.052116924997399394,-0.04678517732378085,-0.018634372653033138,0.42703687869904483
19660,"Deltona-Daytona Beach-Ormond Beach, FL",2024,2,4.44,,394528.0,"Deltona, FL",msa,FL,352698.586446513,0.0122168085290197,0.000461894077434133,"Deltona, FL",1740.02849769308,3.63333333333333,"Deltona, FL",6652.0,"Deltona-Daytona Beach-Ormond Beach, FL",737391.0,0.0188068457360604,0.0723971437297306,-0.0041690857884271,5246.62650793651,4.44,,71277.0,998.0,4.948280461390253,False,78.3132530120482,False,False,False,5.154539866274353,0.8655900120179139,0.01221680852901974,0.00046189407743280064,0.022292808900456595,-0.005423752007845506,0.003760440985056615,0.04225352112676073,0.18005540166204992,99.06542056074765,0.018806845736060396,0.0,0.0,0.004169085788427118,0.00598379855506348,0.004853697798073986,0.04669589405782992,3.2,0.1694796061884669,0.05121841155234663,0.24739314525733902,0.02445541834858167
19660,"Deltona-Daytona Beach-Ormond Beach, FL",2024,3,4.71,,394528.0,"Deltona, FL",msa,FL,350604.020508208,-0.0003022947469216719,-0.005938685378382,"Deltona, FL",1751.75129849518,4.2,"Deltona, FL",7188.33333333333,"Deltona-Daytona Beach-Ormond Beach, FL",737391.0,0.0188068457360604,0.0723971437297306,-0.0041690857884271,5543.46921875,4.71,,71277.0,998.0,4.918894180566073,False,75.74626865671641,False,False,False,5.188095065170816,0.8301439178652155,-0.0003022947469216719,-0.0059386853783793825,-0.01472797346660415,0.006509834004003068,-0.007744439101181182,0.04899777282850781,0.12531328320802015,106.9124423963134,0.018806845736060396,0.0,0.0,0.0,0.0,0.01189937869289004,0.019917108934810024,3.7,0.08062738023651983,0.026114330686127785,0.24344959483489204,0.12003623683289799
19660,"Deltona-Daytona Beach-Ormond Beach, FL",2024,4,4.77,,394528.0,"Deltona, FL",msa,FL,347577.844976813,-0.0130965352467606,-0.0086313201058219,"Deltona, FL",1745.63062355226,3.93333333333333,"Deltona, FL",6496.33333333333,"Deltona-Daytona Beach-Ormond Beach, FL",737391.0,0.0188068457360604,0.0723971437297306,-0.0041690857884271,5907.04296875,4.77,,71277.0,998.0,4.876437630326936,False,67.95774647887323,False,False,False,5.20999301600037,0.7846920288365737,-0.013096535246760688,-0.008631320105823348,-0.00951991645645811,0.004220807551611916,-0.017435652555714335,0.05066079295154169,0.06823529411764717,102.6785714285714,0.018806845736060396,0.0,0.0,0.0,0.0,0.012556216994378033,0.013397610972018859,3.56666666666667,-0.09626709946672851,0.061706874912843324,0.3229933232101212,0.15912210409729033
19660,"Deltona-Daytona Beach-Ormond Beach, FL",2025,1,4.98,,394528.0,"Deltona, FL",msa,FL,343662.170113227,-0.0251707297772778,-0.0112656054468806,"Deltona, FL",1756.61139453962,4.03333333333333,"Deltona, FL",6934.66666666667,"Deltona-Daytona Beach-Ormond Beach, FL",746933.0,0.0129402176050426,0.0557013694254462,-0.0058666281310177,5894.81783333333,4.98,,,,,False,62.214983713355075,False,False,False,4.945995935160795,0.6539474670684795,-0.025170729777277856,-0.011265605446881266,0.006262009119027967,0.0009808173714651591,-0.02478883514359892,0.06410256410256432,0.044642857142856984,103.47826086956525,0.012940217605042603,-0.005866628131017793,-0.004169085788427118,-0.005866628131017793,-0.004169085788427118,0.01640832704272266,0.0108890717895751,3.6,0.06747395966955816,0.12064096670388058,0.18072497605717697,0.248115115012689
19660,"Deltona-Daytona Beach-Ormond Beach, FL",2025,2,4.94,,394528.0,"Deltona, FL",msa,FL,338124.810994161,-0.0413207651303193,-0.0161127979761113,"Deltona, FL",1767.16745122211,4.16666666666667,"Deltona, FL",7795.33333333333,"Deltona-Daytona Beach-Ormond Beach, FL",746933.0,0.0129402176050426,0.0557013694254462,-0.0058666281310177,5732.06048387097,4.94,,,,,False,36.84210526315792,False,False,False,4.948280461390253,0.6020783989976595,-0.04132076513031935,-0.016112797976109983,0.01221680852901974,0.00046189407743280064,-0.029018558819988053,0.11261261261261257,0.04225352112676073,78.3132530120482,0.012940217605042603,0.0,0.0,0.005866628131017793,0.004169085788427118,0.015596844284453182,0.004853697798073986,3.63333333333333,0.12411074793308896,0.1694796061884669,0.09252306700317803,0.24739314525733902
19660,"Deltona-Daytona Beach-Ormond Beach, FL",2025,3,4.96,,394528.0,"Deltona, FL",msa,FL,332173.931203211,-0.0525666798637454,-0.0175996543212928,"Deltona, FL",1769.67722408651,4.86666666666667,"Deltona, FL",7668.0,"Deltona-Daytona Beach-Ormond Beach, FL",746933.0,0.0129402176050426,0.0557013694254462,-0.0058666281310177,6427.73875,4.96,,,,,False,24.310776942355883,False,False,False,4.918894180566073,0.5296272365322165,-0.052566679863745414,-0.017599654321293623,-0.0003022947469216719,-0.0059386853783793825,-0.029766237494703092,0.05307855626326963,0.04899777282850781,75.74626865671641,0.012940217605042603,0.0,0.0,0.0,0.0,0.010233145313909064,0.01189937869289004,4.2,-0.016334559137945348,0.08062738023651983,0.1595155481803856,0.24344959483489204
19660,"Deltona-Daytona Beach-Ormond Beach, FL",2025,4,4.77,,394528.0,"Deltona, FL",msa,FL,328831.022824808,-0.0539356072975698,-0.010063728861246,"Deltona, FL",1763.14840838152,5.45,"Deltona, FL",6945.66666666667,"Deltona-Daytona Beach-Ormond Beach, FL",746933.0,0.0129402176050426,0.0557013694254462,-0.0058666281310177,6777.5671875,4.77,,,,,False,12.235294117647054,False,False,False,4.876437630326936,0.4235370058198864,-0.053935607297569854,-0.01006372886124507,-0.013096535246760688,-0.008631320105823348,-0.02902266682111357,0.0,0.05066079295154169,67.95774647887323,0.012940217605042603,0.0,0.0,0.0,0.0,0.010035218558215098,0.012556216994378033,3.93333333333333,-0.09420100852025692,-0.09626709946672851,0.14737055805338306,0.3229933232101212
20500,"Durham-Chapel Hill, NC",2019,2,1.64,,394549.0,"Durham, NC",msa,NC,260674.904157787,0.0579323003278096,0.0124684358789342,"Durham, NC",1229.47827574147,3.5,"Durham, NC",2074.66666666667,"Durham-Chapel Hill, NC",644367.0,0.0107701791840327,0.0422906334617661,-0.0081261221083253,2882.32777777778,1.64,,62289.0,998.0,4.184926779331616,False,14.685314685314687,False,False,False,4.098953042684461,0.5921134933852925,0.057932300327809605,0.012468435878935091,0.07619979296727108,0.020063960654350232,0.002617707193826288,0.006134969325153339,0.03821656050955413,19.852941176470562,0.010770179184032669,0.0,0.0,0.008126122108325307,-0.006835908747285124,0.04935081730345581,0.044192501362972925,3.53333333333333,0.2856847758727532,0.1825586015097318,0.06629220382021028,0.12725771232385252
20500,"Durham-Chapel Hill, NC",2019,3,1.6,,394549.0,"Durham, NC",msa,NC,263654.760291173,0.052235322260115,0.0114313118979117,"Durham, NC",1241.3599678974,3.56666666666667,"Durham, NC",2164.0,"Durham-Chapel Hill, NC",644367.0,0.0107701791840327,0.0422906334617661,-0.0081261221083253,2957.8528125,1.6,,62289.0,998.0,4.23276598261608,False,10.344827586206895,False,False,False,4.168255559321145,0.6068302859385879,0.05223532226011507,0.011431311897912133,0.07520273549861756,0.01690737022722688,0.0019040719118177017,-0.030303030303030165,0.024844720496894235,18.705035971223015,0.010770179184032669,0.0,0.0,0.0,0.0,0.056821742854429313,0.03740226584939221,3.53333333333333,0.043059125964008516,0.045187300520747486,0.037988254372415486,0.15500598332389925
20500,"Durham-Chapel Hill, NC",2019,4,1.62,,394549.0,"Durham, NC",msa,NC,267493.479516623,0.0518052499534293,0.0145596431530792,"Durham, NC",1225.53592197586,3.1,"Durham, NC",2029.33333333333,"Durham-Chapel Hill, NC",644367.0,0.0107701791840327,0.0422906334617661,-0.0081261221083253,3082.755625,1.62,,62289.0,998.0,4.294393544873461,False,12.500000000000021,False,False,False,4.230673044320929,0.6225853888599304,0.05180524995342939,0.014559643153078783,0.07200745397919484,0.014974486115709507,0.0013821944829236527,-0.029940119760478945,0.03726708074534146,12.080536912751683,0.010770179184032669,0.0,0.0,0.0,0.0,0.03905257527330952,0.04365997306274094,3.36666666666667,-0.062230437461492594,-0.09353905496624881,0.14221561000009708,0.036741721225998614
20500,"Durham-Chapel Hill, NC",2020,1,1.65,,394549.0,"Durham, NC",msa,NC,271803.705944873,0.0556930054821422,0.0161133887676053,"Durham, NC",1240.42029947346,3.6,"Durham, NC",1663.33333333333,"Durham-Chapel Hill, NC",582060.0,-0.0966948959211132,-0.0697131751475999,-0.107465075105146,3055.86919354839,1.65,,64745.0,1243.0,4.198064807241841,False,2.4844720496894235,False,False,False,4.133389872740708,0.5178975711095131,0.05569300548214229,0.016113388767602155,0.06586889441123489,0.012371391402396181,0.0007091942443671612,-0.03508771929824561,0.017857142857142794,15.540540540540547,-0.09669489592111324,-0.10746507510514591,-0.008126122108325307,-0.10746507510514591,-0.008126122108325307,0.03953478212084427,0.040627603044769645,3.8,-0.180354796320631,-0.14166666666666494,0.12306660146926007,-0.004562795426326538
20500,"Durham-Chapel Hill, NC",2020,2,1.6,,394549.0,"Durham, NC",msa,NC,275504.298400164,0.0568884614738391,0.0136149448088865,"Durham, NC",1260.15475522698,9.66666666666667,"Durham, NC",1726.66666666667,"Durham-Chapel Hill, NC",582060.0,-0.0966948959211132,-0.0697131751475999,-0.107465075105146,2931.68761904762,1.6,,64745.0,1243.0,4.255221227896579,False,1.9108280254777066,False,False,False,4.184926779331616,0.5172348323254754,0.05688846147383919,0.013614944808889362,0.057932300327809605,0.012468435878935091,-0.00021274530199735851,-0.024390243902438935,0.006134969325153339,14.685314685314687,-0.09669489592111324,0.0,0.0,0.10746507510514591,0.008126122108325307,0.02495081051107606,0.04935081730345581,3.5,0.03807615230461314,0.2856847758727532,0.017124992393438232,0.06629220382021028
20500,"Durham-Chapel Hill, NC",2020,3,1.65,,394549.0,"Durham, NC",msa,NC,278007.298410652,0.0544368632056118,0.0090851577453545,"Durham, NC",1269.47996854207,6.63333333333333,"Durham, NC",1671.0,"Durham-Chapel Hill, NC",582060.0,-0.0966948959211132,-0.0697131751475999,-0.107465075105146,3319.8340625,1.65,,64745.0,1243.0,4.293880583993389,False,2.4844720496894235,False,False,False,4.23276598261608,0.5288763219476431,0.05443686320561181,0.009085157745351902,0.05223532226011507,0.011431311897912133,-0.0010661249022172203,0.031249999999999778,-0.030303030303030165,10.344827586206895,-0.09669489592111324,0.0,0.0,0.0,0.0,0.022652575700744748,0.056821742854429313,3.56666666666667,-0.03223938223938405,0.043059125964008516,0.12237973724394036,0.037988254372415486
20500,"Durham-Chapel Hill, NC",2020,4,1.67,,394549.0,"Durham, NC",msa,NC,290904.169049499,0.0875187297095259,0.0463904031029996,"Durham, NC",1271.5337727268,4.86666666666667,"Durham, NC",1414.33333333333,"Durham-Chapel Hill, NC",582060.0,-0.0966948959211132,-0.0697131751475999,-0.107465075105146,3554.5015625,1.67,,64745.0,1243.0,4.493075435161001,False,3.7267080745341463,False,False,False,4.294393544873461,0.5753066093339054,0.0875187297095259,0.04639040310300313,0.05180524995342939,0.014559643153078783,-0.001677802824428739,0.030864197530864113,-0.029940119760478945,12.500000000000021,-0.09669489592111324,0.0,0.0,0.0,0.0,0.03753284577475324,0.03905257527330952,3.1,-0.15360063834031712,-0.062230437461492594,0.15302735438200687,0.14221561000009708
20500,"Durham-Chapel Hill, NC",2021,1,1.69,,394549.0,"Durham, NC",msa,NC,302607.979981208,0.1133327962885932,0.0402325307676081,"Durham, NC",1282.41155413254,4.9,"Durham, NC",1046.66666666667,"Durham-Chapel Hill, NC",592945.0,0.0187008212211799,-0.0698916550719136,0.115395717142293,3865.7068852459,1.69,,68913.0,1650.0,4.391159577745969,False,0.5952380952380931,False,False,False,4.198064807241841,0.4589594445508376,0.11333279628859327,0.04023253076760658,0.05569300548214229,0.016113388767602155,-0.0020433002000253804,0.024242424242424176,-0.03508771929824561,2.4844720496894235,0.018700821221179886,0.11539571714229313,-0.10746507510514591,0.11539571714229313,-0.10746507510514591,0.03385244072263616,0.03953478212084427,3.6,-0.25995757718594936,-0.180354796320631,0.26501058795554977,0.12306660146926007
20500,"Durham-Chapel Hill, NC",2021,2,1.87,,394549.0,"Durham, NC",msa,NC,317662.0074694,0.1530201500087045,0.0497476222838764,"Durham, NC",1336.92789106678,4.36666666666667,"Durham, NC",1127.33333333333,"Durham-Chapel Hill, NC",592945.0,0.0187008212211799,-0.0698916550719136,0.115395717142293,4183.62634920635,1.87,,68913.0,1650.0,4.609609325807903,False,14.723926380368102,False,False,False,4.255221227896579,0.4685519290941955,0.1530201500087045,0.049747622283876636,0.05688846147383919,0.013614944808889362,-0.002200423241147114,0.16874999999999996,-0.024390243902438935,1.9108280254777066,0.018700821221179886,0.0,0.0,-0.11539571714229313,0.10746507510514591,0.0609235774585255,0.02495081051107606,9.66666666666667,0.07707006369426095,0.03807615230461314,0.42703687869904483,0.017124992393438232
20500,"Durham-Chapel Hill, NC",2021,3,2.03,,394549.0,"Durham, NC",msa,NC,335021.987180788,0.2050834244139812,0.0546492161580272,"Durham, NC",1429.84555555815,4.03333333333333,"Durham, NC",1230.66666666667,"Durham-Chapel Hill, NC",592945.0,0.0187008212211799,-0.0698916550719136,0.115395717142293,4421.670625,2.03,,68913.0,1650.0,4.861520862258035,False,23.030303030303024,False,False,False,4.293880583993389,0.4682204750564911,0.2050834244139812,0.05464921615802698,0.05443686320561181,0.009085157745351902,-0.0022708235239135752,0.23030303030303023,0.031249999999999778,2.4844720496894235,0.018700821221179886,0.0,0.0,0.0,0.0,0.12632384203765823,0.022652575700744748,6.63333333333333,0.09166173861620952,-0.03223938223938405,0.3318950711862574,0.12237973724394036
20500,"Durham-Chapel Hill, NC",2021,4,2.12,,394549.0,"Durham, NC",msa,NC,348770.997595915,0.1989205886443299,0.0410391285981708,"Durham, NC",1456.1505092458,3.2,"Durham, NC",1187.66666666667,"Durham-Chapel Hill, NC",592945.0,0.0187008212211799,-0.0698916550719136,0.115395717142293,4602.10890625,2.12,,68913.0,1650.0,5.061033442106932,True,26.94610778443114,True,True,False,4.493075435161001,0.6062054803323496,0.19892058864432993,0.04103912859817038,0.0875187297095259,0.04639040310300313,-0.0010113041753963337,0.2694610778443114,0.030864197530864113,3.7267080745341463,0.018700821221179886,0.0,0.0,0.0,0.0,0.14519216121416112,0.03753284577475324,4.86666666666667,-0.03494041170097495,-0.15360063834031712,0.2947269329692408,0.15302735438200687
20500,"Durham-Chapel Hill, NC",2022,2,2.93,,394549.0,"Durham, NC",msa,NC,397788.260820472,0.2522374456718448,0.0763501206438386,"Durham, NC",1545.66166148526,3.2,"Durham, NC",1186.33333333333,"Durham-Chapel Hill, NC",601130.0,0.0138039784465676,-0.0670999601158967,-0.0048968427746123,4105.66709677419,2.93,,76040.0,1419.0,5.231302746192425,True,78.65853658536588,True,True,False,4.609609325807903,0.7094795104628941,0.2522374456718448,0.07635012064383884,0.1530201500087045,0.049747622283876636,0.004824610052596065,0.5668449197860963,0.16874999999999996,14.723926380368102,0.013803978446567555,0.0,0.0,0.004896842774612331,-0.11539571714229313,0.15612941566498728,0.0609235774585255,4.36666666666667,0.3108655616942875,0.07707006369426095,-0.018634372653033138,0.42703687869904483
20500,"Durham-Chapel Hill, NC",2023,2,3.75,,394549.0,"Durham, NC",msa,NC,397667.054104987,-0.0003047015898230976,0.0041456661616932,"Durham, NC",1611.71561387022,3.0,"Durham, NC",1278.0,"Durham-Chapel Hill, NC",609280.0,0.0135577994776503,0.0467649383225097,-0.00024617896891721,4206.07290322581,3.75,,81017.0,1656.0,4.9084396374216155,False,134.375,False,False,False,5.231302746192425,1.2564050277559495,-0.0003047015898230976,0.004145666161691874,0.2522374456718448,0.07635012064383884,0.020246497264146096,0.2798634812286689,0.5668449197860963,78.65853658536588,0.013557799477650345,0.0,0.0,0.00024617896891721003,0.004896842774612331,0.04273506552623374,0.15612941566498728,3.2,0.057363485934911695,0.3108655616942875,0.02445541834858167,-0.018634372653033138
20500,"Durham-Chapel Hill, NC",2023,3,3.94,,394549.0,"Durham, NC",msa,NC,406231.981030969,-0.009494194731009,0.0215379344040909,"Durham, NC",1610.64481612191,3.16666666666667,"Durham, NC",1283.33333333333,"Durham-Chapel Hill, NC",609280.0,0.0135577994776503,0.0467649383225097,-0.00024617896891721,4458.13746031746,3.94,,81017.0,1656.0,5.0141572883588506,True,138.7878787878788,True,True,False,5.393553329757469,1.3477022194654378,-0.009494194731009098,0.021537934404092685,0.22417575827177472,0.031015330489740478,0.020736262428782667,0.23124999999999996,0.576354679802956,100.0,0.013557799477650345,0.0,0.0,0.0,0.0,0.007753865695144135,0.11777959314031738,3.33333333333333,0.004173187271776291,0.33633042989603923,0.12003623683289799,-0.0998083232963558
20500,"Durham-Chapel Hill, NC",2024,2,3.7,,394549.0,"Durham, NC",msa,NC,418667.495055196,0.0528091043334575,0.0117792897592837,"Durham, NC",1625.66286303204,3.13333333333333,"Durham, NC",1353.66666666667,"Durham-Chapel Hill, NC",618157.0,0.0145696559873949,0.0425199639089628,0.0010118565097445,5246.62650793651,3.7,,83500.0,1552.0,5.013981976708934,True,97.8609625668449,True,True,False,4.9084396374216155,0.8094865947371543,0.052809104333457535,0.011779289759282552,-0.0003047015898230976,0.004145666161691874,0.0002662177357812191,-0.013333333333333308,0.2798634812286689,134.375,0.014569655987394903,0.0,0.0,-0.0010118565097445575,0.00024617896891721003,0.008653666342741673,0.04273506552623374,3.0,0.2129629629629659,0.057363485934911695,0.24739314525733902,0.02445541834858167
20500,"Durham-Chapel Hill, NC",2025,2,4.01,,394549.0,"Durham, NC",msa,NC,417961.095068767,-0.0016872577756146,-0.0036582330505619,"Durham, NC",1641.6178122131,3.3,"Durham, NC",2026.0,"Durham-Chapel Hill, NC",625485.0,0.0118545935741243,0.0405153627335186,-0.0027150624132705,5732.06048387097,4.01,,,,,False,36.860068259385656,False,False,False,5.013981976708934,0.8290551973773184,-0.0016872577756146256,-0.0036582330505610106,0.052809104333457535,0.011779289759282552,-0.02284832384029862,0.0837837837837836,-0.013333333333333308,97.8609625668449,0.011854593574124328,0.0,0.0,0.0027150624132705747,-0.0010118565097445575,0.009814426806368903,0.008653666342741673,3.13333333333333,0.3845102505694791,0.2129629629629659,0.09252306700317803,0.24739314525733902
20500,"Durham-Chapel Hill, NC",2025,3,4.36,,394549.0,"Durham, NC",msa,NC,415242.492140168,-0.0076656961242316,-0.006504440151663,"Durham, NC",1640.67013607664,3.63333333333333,"Durham, NC",2304.0,"Durham-Chapel Hill, NC",625485.0,0.0118545935741243,0.0405153627335186,-0.0027150624132705,6427.73875,4.36,,,,,False,36.25000000000001,False,False,False,5.011379691605557,0.7786137089894769,-0.007665696124231625,-0.0065044401516647365,0.0300769604280946,-0.0005190056756217976,-0.022426001211272462,0.11794871794871797,-0.010152284263959421,92.11822660098522,0.011854593574124328,0.0,0.0,0.0,0.0,0.006861984292169776,0.011699534567994885,3.33333333333333,0.13721618953603154,0.12755478946071874,0.1595155481803856,0.24344959483489204
20500,"Durham-Chapel Hill, NC",2025,4,4.07,,394549.0,"Durham, NC",msa,NC,414810.109460332,-0.008678251336413,-0.0010412775378742,"Durham, NC",1631.02875394287,3.2,"Durham, NC",2204.66666666667,"Durham-Chapel Hill, NC",625485.0,0.0118545935741243,0.0405153627335186,-0.0027150624132705,6777.5671875,4.07,,,,,False,15.297450424929181,False,False,False,5.011274844657688,0.7168812997842267,-0.00867825133641309,-0.0010412775378729755,0.016652890737542503,-2.092177290891062e-05,-0.021576296427105617,0.04092071611253201,0.06539509536784749,84.43396226415094,0.011854593574124328,0.0,0.0,0.0,0.0,0.015209424906515556,0.006333467929051206,2.93333333333333,-0.043113425925924376,0.029264031447916672,0.14737055805338306,0.3229933232101212
23420,"Fresno, CA",2019,2,1.36,240.9,394619.0,"Fresno, CA",msa,CA,272259.016709694,0.0573853161580173,0.0114711504999898,"Fresno, CA",1311.86616976384,7.0,"Fresno, CA",2557.66666666667,"Fresno, CA",999101.0,0.0072090327133425,0.022799258827022,0.000396465597579665,2882.32777777778,1.36,,53969.0,794.0,5.044729691298597,True,17.24137931034484,True,True,False,5.022985476569829,1.381130758652286,0.05738531615801734,0.011471150499990257,0.09708648586583424,0.0235714163505627,0.0026447602347114,0.022556390977443552,0.06400000000000006,19.819819819819816,0.0072090327133425,0.0,0.0,-0.00039646559757966493,0.001794867135846978,0.07449334885489645,0.05588105722881842,7.4,0.10165111270638905,0.12481716235982443,0.06629220382021028,0.12725771232385252
23420,"Fresno, CA",2020,2,1.38,251.99,394619.0,"Fresno, CA",msa,CA,283199.453249457,0.0401839273203159,0.010016669853357,"Fresno, CA",1364.62876233568,15.5,"Fresno, CA",1940.66666666667,"Fresno, CA",1165959.0,0.167008140318146,0.183428775585189,0.159799107604804,2931.68761904762,1.38,,57109.0,929.0,4.958928597059255,False,10.399999999999988,False,False,False,5.044729691298597,0.8123254582466073,0.04018392732031595,0.01001666985335703,0.05738531615801734,0.011471150499990257,0.0005371547623610293,0.014705882352941124,0.022556390977443552,17.24137931034484,0.16700814031814604,0.0,0.0,-0.15979910760480354,-0.00039646559757966493,0.04021949325923879,0.07449334885489645,7.0,-0.045573770491800114,0.10165111270638905,0.017124992393438232,0.06629220382021028
23420,"Fresno, CA",2020,3,1.4,263.02,394619.0,"Fresno, CA",msa,CA,286247.815796429,0.0474702408327845,0.0107640128255735,"Fresno, CA",1402.67042221468,11.4666666666667,"Fresno, CA",1762.66666666667,"Fresno, CA",1165959.0,0.167008140318146,0.183428775585189,0.159799107604804,3319.8340625,1.4,,57109.0,929.0,5.012306568079095,True,10.236220472440927,True,True,False,5.063561827194241,0.7547958025139243,0.047470240832784505,0.01076401282557149,0.04261073051991526,0.0037330317079478093,-0.0012306699525089942,0.03703703703703698,0.0,15.384615384615397,0.16700814031814604,0.0,0.0,0.0,0.0,0.05608614088779773,0.07292018088251195,6.5,-0.09172105805565078,0.03570963117424597,0.12237973724394036,0.037988254372415486
23420,"Fresno, CA",2025,2,3.03,377.68,394619.0,"Fresno, CA",msa,CA,405705.72791644,0.0114976176326464,-0.0028115905062253,"Fresno, CA",1983.40152598174,8.3,"Fresno, CA",1979.33333333333,"Fresno, CA",1203383.0,0.0029612528441529,0.021333387651316,-0.0062015616387123,5732.06048387097,3.03,,,,,False,41.58878504672896,False,False,False,5.386126944525514,0.3413972532269165,0.01149761763264645,-0.0028115905062241486,0.05568077996293708,0.015625988975871863,-0.0200796178158845,0.13909774436090205,0.01526717557251911,67.29559748427674,0.0029612528441529395,0.0,0.0,0.006201561638712327,-9.086267649527358e-05,0.031829382402506434,0.032893175345407144,7.63333333333333,0.17864231838031008,0.13767939674045504,0.09252306700317803,0.24739314525733902
23420,"Fresno, CA",2025,3,2.9,389.83,394619.0,"Fresno, CA",msa,CA,403630.743172363,0.0006137839304356518,-0.0051145068982222,"Fresno, CA",1995.44545935993,7.9,"Fresno, CA",2234.0,"Fresno, CA",1203383.0,0.0029612528441529,0.021333387651316,-0.0062015616387123,6427.73875,2.9,,,,,False,23.931623931623935,False,False,False,5.416865674856274,0.3533038476620325,0.0006137839304356518,-0.0051145068982223485,0.04316150832895804,0.005707019282566783,-0.016947179057745166,0.00694444444444442,0.07063197026022294,69.41176470588235,0.0029612528441529395,0.0,0.0,0.0,0.0,0.023959459536950112,0.03009578739591756,7.43333333333333,0.1286628494442592,0.1190934359632263,0.1595155481803856,0.24344959483489204
23420,"Fresno, CA",2025,4,2.96,381.17,394619.0,"Fresno, CA",msa,CA,405349.532886609,0.0013942061859524,0.0042583221008814,"Fresno, CA",2004.02750525155,8.25,"Fresno, CA",2114.33333333333,"Fresno, CA",1203383.0,0.0029612528441529,0.021333387651316,-0.0062015616387123,6777.5671875,2.96,,,,,False,17.928286852589647,False,False,False,5.43569290012118,0.31902647099243886,0.001394206185952429,0.004258322100881173,0.03548638327652376,0.0034756677375804568,-0.013682201626967174,0.05714285714285716,0.02941176470588225,56.42458100558658,0.0029612528441529395,0.0,0.0,0.0,0.0,0.02926637200422255,0.028563753886841736,7.56666666666667,-0.05356609967174131,-0.0013374092472333565,0.14737055805338306,0.3229933232101212
23540,"Gainesville, FL",2019,2,3.52,,394622.0,"Gainesville, FL",msa,FL,198287.700322555,0.0428192799159437,0.0056596598222589,"Gainesville, FL",1126.30764419368,3.13333333333333,"Gainesville, FL",1486.0,"Gainesville, FL",329128.0,0.0036440370441523,0.0239874555874282,-0.0069820319574964,2882.32777777778,3.52,,46843.0,1675.0,4.233027353554533,False,14.28571428571428,False,False,False,3.9086045537388383,0.5130901795676528,0.0428192799159437,0.005659659822262242,0.07389186792553781,0.020793141477949195,0.002953213867570786,0.01734104046242768,0.07120743034055721,16.498316498316477,0.003644037044152393,0.0,0.0,0.006982031957496471,-0.001083977395080371,0.05576648413286045,0.05318848147607369,3.5,0.10510659395141042,0.1262626262626263,0.06629220382021028,0.12725771232385252
23540,"Gainesville, FL",2019,3,3.56,,394622.0,"Gainesville, FL",msa,FL,202398.507785944,0.0451460042740639,0.0207315302800044,"Gainesville, FL",1145.20226855964,3.4,"Gainesville, FL",1358.66666666667,"Gainesville, FL",329128.0,0.0036440370441523,0.0239874555874282,-0.0069820319574964,2957.8528125,3.56,,46843.0,1675.0,4.320784488310825,False,9.202453987730074,False,False,False,3.980754102359645,0.5691967198261727,0.0451460042740639,0.020731530280001964,0.07108065982088796,0.0184591578986395,0.0018704138274498248,0.025936599423631135,-0.014204545454545414,8.09968847352025,0.003644037044152393,0.0,0.0,0.0,0.0,0.07031823865122577,0.059059442399966855,3.53333333333333,-0.08568864961866085,-0.0021353833013004753,0.037988254372415486,0.15500598332389925
23540,"Gainesville, FL",2019,4,3.63,,394622.0,"Gainesville, FL",msa,FL,205780.412109882,0.0498981638583557,0.0167091366479559,"Gainesville, FL",1152.96361941199,2.9,"Gainesville, FL",1162.66666666667,"Gainesville, FL",329128.0,0.0036440370441523,0.0239874555874282,-0.0069820319574964,3082.755625,3.63,,46843.0,1675.0,4.392981066752386,False,10.334346504559267,False,False,False,4.028949891342398,0.6038132223673105,0.04989816385835577,0.016709136647957257,0.06693985469762542,0.012107200732189183,0.0011574604184222369,0.037142857142857144,0.02941176470588247,8.024691358024683,0.003644037044152393,0.0,0.0,0.0,0.0,0.06292626321830497,0.05970753156592856,3.26666666666667,-0.14425907752698686,-0.10207575433340443,0.14221561000009708,0.036741721225998614
23540,"Gainesville, FL",2020,1,3.69,,394622.0,"Gainesville, FL",msa,FL,210356.238050008,0.066867901815081,0.0222364504629458,"Gainesville, FL",1169.4445402363,3.26666666666667,"Gainesville, FL",1124.0,"Gainesville, FL",340722.0,0.0352264164701879,0.0500392930335762,0.0315823794260355,3055.86919354839,3.69,,47848.0,1550.0,4.396343380078749,False,8.849557522123884,False,False,False,4.209204686904383,0.7285474365825366,0.06686790181508107,0.022236450462945978,0.058511951177704136,0.005976626107319305,0.00021834511802646254,0.010958904109588996,0.01671309192200554,8.630952380952372,0.03522641647018787,0.03158237942603548,-0.006982031957496471,0.03158237942603548,-0.006982031957496471,0.05866937838429598,0.05467634357072182,3.4,-0.033256880733947614,-0.03860819828408002,0.12306660146926007,-0.004562795426326538
23540,"Gainesville, FL",2020,2,3.63,,394622.0,"Gainesville, FL",msa,FL,214014.373651404,0.0793123996257276,0.0173901931091136,"Gainesville, FL",1185.02072138519,8.36666666666667,"Gainesville, FL",1269.33333333333,"Gainesville, FL",340722.0,0.0352264164701879,0.0500392930335762,0.0315823794260355,2931.68761904762,3.63,,47848.0,1550.0,4.472796640432286,False,12.383900928792556,False,False,False,4.233027353554533,0.6653279974518429,0.07931239962572767,0.01739019310911205,0.0428192799159437,0.005659659822262242,-0.0012561124180033455,0.03125,0.01734104046242768,14.28571428571428,0.03522641647018787,0.0,0.0,-0.03158237942603548,0.006982031957496471,0.05212881000514069,0.05576648413286045,3.13333333333333,0.12930011862395907,0.10510659395141042,0.017124992393438232,0.06629220382021028
23540,"Gainesville, FL",2020,3,3.66,,394622.0,"Gainesville, FL",msa,FL,217297.364310692,0.0736114939172623,0.0153400475083778,"Gainesville, FL",1180.98388599408,6.83333333333333,"Gainesville, FL",1174.0,"Gainesville, FL",340722.0,0.0352264164701879,0.0500392930335762,0.0315823794260355,3319.8340625,3.66,,47848.0,1550.0,4.541409553391825,False,3.9772727272727293,False,False,False,4.320784488310825,0.7336208329373597,0.0736114939172623,0.015340047508376697,0.0451460042740639,0.020731530280001964,-0.002526276565157414,0.028089887640449396,0.025936599423631135,9.202453987730074,0.03522641647018787,0.0,0.0,0.0,0.0,0.031244801391673516,0.07031823865122577,3.4,-0.07510504201680435,-0.08568864961866085,0.12237973724394036,0.037988254372415486
23540,"Gainesville, FL",2020,4,3.74,,394622.0,"Gainesville, FL",msa,FL,225791.6791462,0.0972457331149305,0.0390907402970728,"Gainesville, FL",1175.5194424054,4.86666666666667,"Gainesville, FL",1098.66666666667,"Gainesville, FL",340722.0,0.0352264164701879,0.0500392930335762,0.0315823794260355,3554.5015625,3.74,,47848.0,1550.0,4.7189366148261165,False,10.000000000000009,False,False,False,4.392981066752386,0.8006644216585843,0.09724573311493057,0.03909074029707438,0.04989816385835577,0.016709136647957257,-0.003430721407744747,0.030303030303030498,0.037142857142857144,10.334346504559267,0.03522641647018787,0.0,0.0,0.0,0.0,0.019563343208446993,0.06292626321830497,2.9,-0.06416808631459126,-0.14425907752698686,0.15302735438200687,0.14221561000009708
23540,"Gainesville, FL",2021,1,3.85,,394622.0,"Gainesville, FL",msa,FL,235278.258149453,0.1184753080320837,0.0420147413718914,"Gainesville, FL",1205.9705664387,4.63333333333333,"Gainesville, FL",1030.0,"Gainesville, FL",344398.0,0.0107888542565493,0.0502084267213119,-0.0244375622136386,3865.7068852459,3.85,,51755.0,1230.0,4.5460005438982325,False,7.2423398328690824,False,False,False,4.396343380078749,0.829805109884274,0.11847530803208373,0.04201474137189276,0.06686790181508107,0.022236450462945978,-0.003319488172095289,0.04336043360433606,0.010958904109588996,8.849557522123884,0.010788854256549296,-0.024437562213638575,0.03158237942603548,-0.024437562213638575,0.03158237942603548,0.031233654051708415,0.05866937838429598,3.26666666666667,-0.06250000000000278,-0.033256880733947614,0.26501058795554977,0.12306660146926007
23540,"Gainesville, FL",2021,2,4.07,,394622.0,"Gainesville, FL",msa,FL,244639.471607318,0.1430983229462779,0.0397878390102637,"Gainesville, FL",1247.49599427144,4.16666666666667,"Gainesville, FL",1088.33333333333,"Gainesville, FL",344398.0,0.0107888542565493,0.0502084267213119,-0.0244375622136386,4183.62634920635,4.07,,51755.0,1230.0,4.726876081679412,False,17.630057803468226,False,False,False,4.472796640432286,0.8601840196828356,0.1430983229462779,0.03978783901026062,0.07931239962572767,0.01739019310911205,-0.002234616860555417,0.12121212121212133,0.03125,12.383900928792556,0.010788854256549296,0.0,0.0,0.024437562213638575,-0.03158237942603548,0.0527208273735682,0.05212881000514069,8.36666666666667,0.05663430420711668,0.12930011862395907,0.42703687869904483,0.017124992393438232
23540,"Gainesville, FL",2021,3,4.4,,394622.0,"Gainesville, FL",msa,FL,254110.915672991,0.1694155448184033,0.0387159275788322,"Gainesville, FL",1331.78440260968,4.2,"Gainesville, FL",1209.0,"Gainesville, FL",344398.0,0.0107888542565493,0.0502084267213119,-0.0244375622136386,4421.670625,4.4,,51755.0,1230.0,4.909881473731833,False,26.801152737752165,False,False,False,4.541409553391825,0.8692001910969989,0.16941554481840337,0.03871592757883335,0.0736114939172623,0.015340047508376697,-0.0011166492527608504,0.20218579234972678,0.028089887640449396,3.9772727272727293,0.010788854256549296,0.0,0.0,0.0,0.0,0.12769057935846884,0.031244801391673516,6.83333333333333,0.11087289433384706,-0.07510504201680435,0.3318950711862574,0.12237973724394036
23540,"Gainesville, FL",2021,4,4.69,,394622.0,"Gainesville, FL",msa,FL,259982.059105143,0.1514244461453548,0.0231046486791138,"Gainesville, FL",1418.82470686988,3.33333333333333,"Gainesville, FL",1127.66666666667,"Gainesville, FL",344398.0,0.0107888542565493,0.0502084267213119,-0.0244375622136386,4602.10890625,4.69,,51755.0,1230.0,5.023322560238489,True,34.00000000000001,True,True,False,4.7189366148261165,0.9845694069099382,0.15142444614535489,0.02310464867911244,0.09724573311493057,0.03909074029707438,0.0008838007673431691,0.2540106951871659,0.030303030303030498,10.000000000000009,0.010788854256549296,0.0,0.0,0.0,0.0,0.20697681015519231,0.019563343208446993,4.86666666666667,-0.06727322856354845,-0.06416808631459126,0.2947269329692408,0.15302735438200687
23540,"Gainesville, FL",2022,2,5.87,,394622.0,"Gainesville, FL",msa,FL,286332.366661786,0.1704258711014188,0.056190360865261,"Gainesville, FL",1473.64202548376,3.03333333333333,"Gainesville, FL",1027.33333333333,"Gainesville, FL",349210.0,0.013972206574951,0.0610157750176223,0.0031833523184017,4105.66709677419,5.87,,56638.0,1160.0,5.05548159648621,True,66.76136363636364,True,True,False,4.726876081679412,1.0288492855891493,0.17042587110141882,0.05619036086525875,0.1430983229462779,0.03978783901026062,0.0062957337131759016,0.44226044226044214,0.12121212121212133,17.630057803468226,0.013972206574951018,0.0,0.0,-0.003183352318401722,0.024437562213638575,0.18127996582818162,0.0527208273735682,4.16666666666667,0.1054519368723068,0.05663430420711668,-0.018634372653033138,0.42703687869904483
23540,"Gainesville, FL",2025,2,8.79,,394622.0,"Gainesville, FL",msa,FL,309088.950793786,-0.0131395058528107,-0.0100166526798202,"Gainesville, FL",1627.19200999638,4.16666666666667,"Gainesville, FL",1729.66666666667,"Gainesville, FL",359036.0,0.0050808883016395,0.028137796741216,-0.0032916117336456,5732.06048387097,8.79,,,,,False,49.74446337308345,False,False,False,5.095404121392838,0.8623767678383052,-0.013139505852810762,-0.010016652679820437,0.04363734973416933,0.00872710577064506,-0.014637889121317115,0.1704394141145138,0.09956076134699843,84.52088452088451,0.005080888301639552,0.0,0.0,0.003291611733645672,0.006074394383545956,0.027464922444145667,0.013355651364997945,3.63333333333333,0.19507139567020304,0.20093715545755297,0.09252306700317803,0.24739314525733902
23540,"Gainesville, FL",2025,3,8.41,,394622.0,"Gainesville, FL",msa,FL,305443.258772649,-0.0229999270005063,-0.0117949606796814,"Gainesville, FL",1635.86230122453,4.8,"Gainesville, FL",1753.33333333333,"Gainesville, FL",359036.0,0.0050808883016395,0.028137796741216,-0.0032916117336456,6427.73875,8.41,,,,,False,31.818181818181813,False,False,False,5.086123082983503,0.7653385946726781,-0.02299992700050635,-0.011794960679682331,0.025021256710837436,-0.0018214528599153068,-0.014703049656743442,0.02311435523114347,0.10931174089068829,86.81818181818181,0.005080888301639552,0.0,0.0,0.0,0.0,0.026704689697621964,0.011717851435875781,4.06666666666667,0.01368279051840049,0.09892127610741586,0.1595155481803856,0.24344959483489204
23540,"Gainesville, FL",2025,4,9.14,,394622.0,"Gainesville, FL",msa,FL,303703.450861869,-0.0270421405692062,-0.0056960101780315,"Gainesville, FL",1640.93766544148,5.45,"Gainesville, FL",1618.66666666667,"Gainesville, FL",359036.0,0.0050808883016395,0.028137796741216,-0.0032916117336456,6777.5671875,9.14,,,,,False,30.94555873925502,False,False,False,5.078162726688976,0.6851816599365907,-0.027042140569206286,-0.005696010178031119,0.015580054465031523,-0.0015651127911473495,-0.014939360301394809,0.14824120603015079,-0.008717310087173025,69.7228144989339,0.005080888301639552,0.0,0.0,0.0,0.0,0.03095495384927971,0.028178435600851426,3.83333333333333,-0.07680608365018649,-0.10735171261486842,0.14737055805338306,0.3229933232101212
23580,"Gainesville, GA",2019,2,2.42,,394623.0,"Gainesville, GA",msa,GA,235813.206844492,0.0658635060427146,0.0146201885044106,"Gainesville, GA",1146.24838208635,3.06666666666667,"Gainesville, GA",1134.33333333333,"Gainesville, GA",204441.0,0.0144042314600721,0.0422208514521383,0.001411213008478,2882.32777777778,2.42,,62984.0,1831.0,3.7440176369314746,False,4.761904761904767,False,False,False,3.69363698412356,0.8135391032926949,0.06586350604271463,0.014620188504412823,0.06522949256937904,0.013578467441924591,-0.0015827652326478312,-0.03585657370517925,-0.01953125000000011,14.61187214611872,0.014404231460072081,0.0,0.0,-0.0014112130084780183,0.0012505288748094756,0.05760028714496701,0.06518621887724452,3.36666666666667,0.1088302378624928,0.17220435869953898,0.06629220382021028,0.12725771232385252
23580,"Gainesville, GA",2019,3,2.47,,394623.0,"Gainesville, GA",msa,GA,238699.869798811,0.0600181020325454,0.0122413116421565,"Gainesville, GA",1169.58220526559,3.03333333333333,"Gainesville, GA",1197.33333333333,"Gainesville, GA",204441.0,0.0144042314600721,0.0422208514521383,0.001411213008478,2957.8528125,2.47,,62984.0,1831.0,3.789849323618871,False,7.391304347826111,False,False,False,3.7594696124582625,0.7648700569416955,0.06001810203254543,0.012241311642153363,0.06623484932033641,0.017823253508038928,-0.0020147847686894866,-0.04633204633204624,0.0702479338842974,16.143497757847534,0.014404231460072081,0.0,0.0,0.0,0.0,0.09058537498578523,0.037717771038522585,3.26666666666667,0.05553923009109618,0.07253886010362365,0.037988254372415486,0.15500598332389925
23580,"Gainesville, GA",2019,4,2.44,,394623.0,"Gainesville, GA",msa,GA,241864.740781471,0.0598125391162676,0.013258788056008,"Gainesville, GA",1156.61323277938,2.7,"Gainesville, GA",1120.33333333333,"Gainesville, GA",204441.0,0.0144042314600721,0.0422208514521383,0.001411213008478,3082.755625,2.44,,62984.0,1831.0,3.840098132564953,False,3.3898305084745894,False,False,False,3.810054484135931,0.7125290593964859,0.059812539116267605,0.01325878805601155,0.06091017917175101,0.013455321333104786,-0.0022510619448942223,-0.06153846153846154,0.04417670682730912,10.169491525423746,0.014404231460072081,0.0,0.0,0.0,0.0,0.0471093844768411,0.07396468566509107,3.1,-0.06430957683741667,-0.08013640238704178,0.14221561000009708,0.036741721225998614
23580,"Gainesville, GA",2020,1,2.46,,394623.0,"Gainesville, GA",msa,GA,246048.249253669,0.0586579283643269,0.0172968927123542,"Gainesville, GA",1165.51715454241,3.03333333333333,"Gainesville, GA",1017.0,"Gainesville, GA",203382.0,-0.005179978575726,0.0222615391574894,-0.0195842100357981,3055.86919354839,2.46,,63651.0,1909.0,3.865583404089001,False,-1.6000000000000014,False,False,False,3.6900681450566175,0.5063008023614022,0.05865792836432693,0.01729689271235224,0.06476917293505302,0.018406393617953043,-0.001729556014612212,-0.04651162790697683,-0.03007518796992481,7.949790794979084,-0.005179978575726052,-0.019584210035798133,0.0014112130084780183,-0.019584210035798133,0.0014112130084780183,0.05151574021962646,0.0470590210499362,3.36666666666667,-0.09223445403153563,-0.05189990732159411,0.12306660146926007,-0.004562795426326538
23580,"Gainesville, GA",2020,2,2.4,,394623.0,"Gainesville, GA",msa,GA,249100.555219978,0.056346922012084,0.0124053147119221,"Gainesville, GA",1180.60565359147,8.46666666666667,"Gainesville, GA",1057.0,"Gainesville, GA",203382.0,-0.005179978575726,0.0222615391574894,-0.0195842100357981,2931.68761904762,2.4,,63651.0,1909.0,3.913537182761905,False,-6.25,False,False,False,3.7440176369314746,0.47267299564659737,0.05634692201208402,0.01240531471192119,0.06586350604271463,0.014620188504412823,-0.0011254621612138687,-0.008264462809917328,-0.03585657370517925,4.761904761904767,-0.005179978575726052,0.0,0.0,0.019584210035798133,-0.0014112130084780183,0.02997367066515233,0.05760028714496701,3.06666666666667,0.039331366764995046,0.1088302378624928,0.017124992393438232,0.06629220382021028
23580,"Gainesville, GA",2020,3,2.48,,394623.0,"Gainesville, GA",msa,GA,252804.685805887,0.0590901705097883,0.014870021396129,"Gainesville, GA",1201.60137987877,4.8,"Gainesville, GA",1011.33333333333,"Gainesville, GA",203382.0,-0.005179978575726,0.0222615391574894,-0.0195842100357981,3319.8340625,2.48,,63651.0,1909.0,3.971731564404126,False,2.4793388429751984,False,False,False,3.789849323618871,0.44882401508495384,0.059090170509788376,0.014870021396130362,0.06001810203254543,0.012241311642153363,-0.0009527082719773772,0.004048582995951344,-0.04633204633204624,7.391304347826111,-0.005179978575726052,0.0,0.0,0.0,0.0,0.027376591802633632,0.09058537498578523,3.03333333333333,-0.043204036581523164,0.05553923009109618,0.12237973724394036,0.037988254372415486
23580,"Gainesville, GA",2020,4,2.56,,394623.0,"Gainesville, GA",msa,GA,264472.761013303,0.0934738158145125,0.0461545052862489,"Gainesville, GA",1241.97483254071,3.43333333333333,"Gainesville, GA",833.666666666667,"Gainesville, GA",203382.0,-0.005179978575726,0.0222615391574894,-0.0195842100357981,3554.5015625,2.56,,63651.0,1909.0,4.155044869888973,False,2.8112449799196693,False,False,False,3.840098132564953,0.4495353101051598,0.09347381581451253,0.04615450528624776,0.059812539116267605,0.01325878805601155,-0.0009274512168318998,0.049180327868852514,-0.06153846153846154,3.3898305084745894,-0.005179978575726052,0.0,0.0,0.0,0.0,0.07380306341144238,0.0471093844768411,2.7,-0.17567567567567266,-0.06430957683741667,0.15302735438200687,0.14221561000009708
23580,"Gainesville, GA",2021,1,2.61,,394623.0,"Gainesville, GA",msa,GA,278615.639123676,0.1323618028935085,0.0534757456918658,"Gainesville, GA",1278.83963431182,3.26666666666667,"Gainesville, GA",712.333333333333,"Gainesville, GA",206988.0,0.0177301826120306,0.0270420466611756,0.0229101611877567,3865.7068852459,2.61,,67571.0,2999.0,4.123301995289044,False,-1.8796992481203145,False,False,False,3.865583404089001,0.4347404360272651,0.13236180289350852,0.05347574569186575,0.05865792836432693,0.01729689271235224,-0.0010737682087593183,0.060975609756097615,-0.04651162790697683,-1.6000000000000014,0.01773018261203063,0.022910161187756684,-0.019584210035798133,0.022910161187756684,-0.019584210035798133,0.09722935379179476,0.05151574021962646,3.03333333333333,-0.145541783286686,-0.09223445403153563,0.26501058795554977,0.12306660146926007
23580,"Gainesville, GA",2021,2,2.92,,394623.0,"Gainesville, GA",msa,GA,293789.71857528,0.1794021025598977,0.054462411009411,"Gainesville, GA",1357.25260749386,2.93333333333333,"Gainesville, GA",767.333333333333,"Gainesville, GA",206988.0,0.0177301826120306,0.0270420466611756,0.0229101611877567,4183.62634920635,2.92,,67571.0,2999.0,4.347866963272409,False,16.33466135458168,False,False,False,3.913537182761905,0.426778097637027,0.17940210255989775,0.05446241100941318,0.05634692201208402,0.01240531471192119,-0.00118669525044848,0.21666666666666679,-0.008264462809917328,-6.25,0.01773018261203063,0.0,0.0,-0.022910161187756684,0.019584210035798133,0.1496240115105496,0.02997367066515233,8.46666666666667,0.07721104351895192,0.039331366764995046,0.42703687869904483,0.017124992393438232
23580,"Gainesville, GA",2021,3,3.15,,394623.0,"Gainesville, GA",msa,GA,308577.333299619,0.2206155606488888,0.0503340103120387,"Gainesville, GA",1480.55899395885,2.66666666666667,"Gainesville, GA",885.0,"Gainesville, GA",206988.0,0.0177301826120306,0.0270420466611756,0.0229101611877567,4421.670625,3.15,,67571.0,2999.0,4.566712543837133,False,21.62162162162162,False,False,False,3.971731564404126,0.4010595115670683,0.22061556064888888,0.050334010312038435,0.059090170509788376,0.014870021396130362,-0.001090273149439828,0.2701612903225805,0.004048582995951344,2.4793388429751984,0.01773018261203063,0.0,0.0,0.0,0.0,0.23215487161659554,0.027376591802633632,4.8,0.1533449174630761,-0.043204036581523164,0.3318950711862574,0.12237973724394036
23580,"Gainesville, GA",2021,4,3.33,,394623.0,"Gainesville, GA",msa,GA,322543.956355275,0.2195734453691094,0.0452613382399516,"Gainesville, GA",1488.40091651942,2.4,"Gainesville, GA",819.333333333333,"Gainesville, GA",206988.0,0.0177301826120306,0.0270420466611756,0.0229101611877567,4602.10890625,3.33,,67571.0,2999.0,4.773408064928372,False,28.076923076923066,False,False,False,4.155044869888973,0.5047576563946752,0.2195734453691094,0.04526133823995071,0.09347381581451253,0.04615450528624776,0.0005008846067761015,0.30078125,0.049180327868852514,2.8112449799196693,0.01773018261203063,0.0,0.0,0.0,0.0,0.19841471624235396,0.07380306341144238,3.43333333333333,-0.07419962335216612,-0.17567567567567266,0.2947269329692408,0.15302735438200687
23580,"Gainesville, GA",2022,1,3.77,,394623.0,"Gainesville, GA",msa,GA,343583.076988215,0.2331794369794879,0.0652286927669659,"Gainesville, GA",1520.30529331291,2.6,"Gainesville, GA",675.0,"Gainesville, GA",213142.0,0.0297311921464045,0.0425599561731747,0.0120010095343739,4463.85548387097,3.77,,74153.0,2650.0,4.633434614758877,False,46.12403100775193,False,False,False,4.123301995289044,0.43223418577804207,0.23317943697948795,0.06522869276696608,0.13236180289350852,0.05347574569186575,0.0031710926601852627,0.4444444444444444,0.060975609756097615,-1.8796992481203145,0.029731192146404517,0.012001009534373885,0.022910161187756684,0.012001009534373885,0.022910161187756684,0.18881621473284227,0.09722935379179476,3.26666666666667,-0.1761594792514236,-0.145541783286686,0.154732010569141,0.26501058795554977
23580,"Gainesville, GA",2022,2,4.67,,394623.0,"Gainesville, GA",msa,GA,366755.328671691,0.2483599849928528,0.0674429366155054,"Gainesville, GA",1545.30108277344,2.46666666666667,"Gainesville, GA",766.333333333333,"Gainesville, GA",213142.0,0.0297311921464045,0.0425599561731747,0.0120010095343739,4105.66709677419,4.67,,74153.0,2650.0,4.945927051794142,False,92.97520661157026,False,False,False,4.347866963272409,0.6072238379300332,0.24835998499285283,0.06744293661550405,0.17940210255989775,0.05446241100941318,0.007142664583249133,0.5993150684931507,0.21666666666666679,16.33466135458168,0.029731192146404517,0.0,0.0,-0.012001009534373885,-0.022910161187756684,0.13855082999384138,0.1496240115105496,2.93333333333333,0.13530864197530823,0.07721104351895192,-0.018634372653033138,0.42703687869904483
23580,"Gainesville, GA",2022,3,5.08,,394623.0,"Gainesville, GA",msa,GA,376570.378641735,0.2203436156993972,0.0267618469391875,"Gainesville, GA",1577.35210989078,2.63333333333333,"Gainesville, GA",928.0,"Gainesville, GA",213142.0,0.0297311921464045,0.0425599561731747,0.0120010095343739,3980.35109375,5.08,,74153.0,2650.0,5.078289194526654,True,105.66801619433197,True,True,False,4.566712543837133,0.7637653428462472,0.2203436156993972,0.026761846939189704,0.22061556064888888,0.050334010312038435,0.011946657683796614,0.6126984126984127,0.2701612903225805,21.62162162162162,0.029731192146404517,0.0,0.0,0.0,0.0,0.06537606155977338,0.23215487161659554,2.66666666666667,0.21096128751631182,0.1533449174630761,-0.0998083232963558,0.3318950711862574
23580,"Gainesville, GA",2023,2,6.59,,394623.0,"Gainesville, GA",msa,GA,374258.563028134,0.0204584194689634,0.007425887502052,"Gainesville, GA",1631.73051699227,2.53333333333333,"Gainesville, GA",702.333333333333,"Gainesville, GA",218510.0,0.0251850878756885,0.0743821970479197,-0.004546104270716,4206.07290322581,6.59,,77430.0,2838.0,4.83350849836154,False,174.58333333333337,False,False,False,4.945927051794142,1.2119061141659193,0.02045841946896343,0.007425887502052975,0.24835998499285283,0.06744293661550405,0.02090782653419297,0.41113490364025695,0.5993150684931507,92.97520661157026,0.025185087875688517,0.0,0.0,0.004546104270716,-0.012001009534373885,0.055930481886228955,0.13855082999384138,2.46666666666667,-0.021819870009285425,0.13530864197530823,0.02445541834858167,-0.018634372653033138
23580,"Gainesville, GA",2023,3,6.32,,394623.0,"Gainesville, GA",msa,GA,381517.833046946,0.013138193245725,0.0193964032781988,"Gainesville, GA",1621.3036127197,2.7,"Gainesville, GA",699.333333333333,"Gainesville, GA",218510.0,0.0251850878756885,0.0743821970479197,-0.004546104270716,4458.13746031746,6.32,,77430.0,2838.0,4.92726117844435,False,154.83870967741936,False,False,False,5.078289194526654,1.2812994296670661,0.013138193245725072,0.01939640327819636,0.2203436156993972,0.026761846939189704,0.02077576875982206,0.2440944881889764,0.6126984126984127,105.66801619433197,0.025185087875688517,0.0,0.0,0.0,0.0,0.02786410374279913,0.06537606155977338,2.63333333333333,-0.0042714760322734024,0.21096128751631182,0.12003623683289799,-0.0998083232963558
23580,"Gainesville, GA",2023,4,6.53,,394623.0,"Gainesville, GA",msa,GA,387360.959967827,0.0323892694235907,0.0153154752275009,"Gainesville, GA",1620.50458028922,2.4,"Gainesville, GA",650.666666666667,"Gainesville, GA",218510.0,0.0251850878756885,0.0743821970479197,-0.004546104270716,4464.90761904762,6.53,,77430.0,2838.0,5.00272452496225,True,155.078125,True,True,False,5.059919884803703,1.1925270296172479,0.03238926942359077,0.015315475227502873,0.16327784732870776,-0.003617224033390931,0.01731837253327318,0.11623931623931627,0.7567567567567566,139.75409836065575,0.025185087875688517,0.0,0.0,0.0,0.0,0.02427189896473858,0.06295548220844394,2.56666666666667,-0.06959008579599535,-0.07722701149425315,0.15912210409729033,-0.1629981883235685
23580,"Gainesville, GA",2024,2,6.6,,394623.0,"Gainesville, GA",msa,GA,397029.251123184,0.060842129865545,0.0162480096571715,"Gainesville, GA",1634.29763911403,2.76666666666667,"Gainesville, GA",703.666666666667,"Gainesville, GA",223545.0,0.0230424236877032,0.0799901443561946,-0.0021426641879853,5246.62650793651,6.6,,80901.0,2550.0,4.907593863156006,False,126.02739726027399,False,False,False,4.83350849836154,1.1398715142379796,0.06084212986554505,0.016248009657170215,0.02045841946896343,0.007425887502052975,-5.939709040945726e-05,0.0015174506828528056,0.41113490364025695,174.58333333333337,0.02304242368770315,0.0,0.0,0.002142664187985366,0.004546104270716,0.0015732512783372954,0.055930481886228955,2.53333333333333,0.17342968315730944,-0.021819870009285425,0.24739314525733902,0.02445541834858167
23580,"Gainesville, GA",2024,3,6.59,,394623.0,"Gainesville, GA",msa,GA,399629.920029522,0.0474737624659009,0.0065503206602044,"Gainesville, GA",1651.03757276537,3.0,"Gainesville, GA",811.666666666667,"Gainesville, GA",223545.0,0.0230424236877032,0.0799901443561946,-0.0021426641879853,5543.46921875,6.59,,80901.0,2550.0,4.939740176629733,False,109.20634920634922,False,False,False,4.92726117844435,1.1677915659860871,0.04747376246590096,0.006550320660205111,0.013138193245725072,0.01939640327819636,-0.009954795050344523,0.04272151898734178,0.2440944881889764,154.83870967741936,0.02304242368770315,0.0,0.0,0.0,0.0,0.018339538512340825,0.02786410374279913,2.7,0.15348176219801046,-0.0042714760322734024,0.24344959483489204,0.12003623683289799
23580,"Gainesville, GA",2024,4,6.83,,394623.0,"Gainesville, GA",msa,GA,400076.809687231,0.0328268747590365,0.0011182587571922,"Gainesville, GA",1630.90240141064,2.56666666666667,"Gainesville, GA",838.0,"Gainesville, GA",223545.0,0.0230424236877032,0.0799901443561946,-0.0021426641879853,5907.04296875,6.83,,80901.0,2550.0,4.945264084340503,False,105.10510510510511,False,False,False,5.00272452496225,1.1926700408263193,0.03282687475903656,0.001118258757192292,0.03238926942359077,0.015315475227502873,-0.01722553153669196,0.04594180704441042,0.11623931623931627,155.078125,0.02304242368770315,0.0,0.0,0.0,0.0,0.006416409584948157,0.02427189896473858,2.4,0.032443531827514915,-0.06959008579599535,0.3229933232101212,0.15912210409729033
23580,"Gainesville, GA",2025,1,6.96,,394623.0,"Gainesville, GA",msa,GA,400488.452820963,0.0251022863393683,0.0010289102586422,"Gainesville, GA",1631.53762392521,2.83333333333333,"Gainesville, GA",826.0,"Gainesville, GA",226568.0,0.0135230043168042,0.0629908699364743,-0.0095194193708989,5894.81783333333,6.96,,,,,False,84.6153846153846,False,False,False,4.829130110485112,1.1390619654284944,0.025102286339368396,0.0010289102586420462,0.0516328829415329,0.008572095393414969,-0.02156132860518571,-0.09727626459143968,0.2807308970099669,195.4022988505747,0.013523004316804199,-0.009519419370898952,-0.002142664187985366,-0.009519419370898952,-0.002142664187985366,0.003483146708031848,0.006912158319156925,2.66666666666667,-0.014319809069212375,-0.07838114754098358,0.18072497605717697,0.248115115012689
23580,"Gainesville, GA",2025,2,7.08,,394623.0,"Gainesville, GA",msa,GA,398064.47018758,0.0026074125809807,-0.0060525656016031,"Gainesville, GA",1651.46639203581,2.66666666666667,"Gainesville, GA",945.666666666667,"Gainesville, GA",226568.0,0.0135230043168042,0.0629908699364743,-0.0095194193708989,5732.06048387097,7.08,,,,,False,51.60599571734477,False,False,False,4.907593863156006,1.163576226224531,0.002607412580980739,-0.006052565601602167,0.06084212986554505,0.016248009657170215,-0.02284019052776637,0.07272727272727275,0.0015174506828528056,126.02739726027399,0.013523004316804199,0.0,0.0,0.009519419370898952,0.002142664187985366,0.010505279155324176,0.0015732512783372954,2.76666666666667,0.14487489911218754,0.17342968315730944,0.09252306700317803,0.24739314525733902
23580,"Gainesville, GA",2025,3,7.09,,394623.0,"Gainesville, GA",msa,GA,393348.011655106,-0.0157193144446039,-0.0118484790422286,"Gainesville, GA",1636.35080451243,2.93333333333333,"Gainesville, GA",1042.0,"Gainesville, GA",226568.0,0.0135230043168042,0.0629908699364743,-0.0095194193708989,6427.73875,7.09,,,,,False,39.56692913385827,False,False,False,4.939740176629733,1.1498908530108616,-0.01571931444460395,-0.011848479042230187,0.04747376246590096,0.006550320660205111,-0.02193079070506904,0.07587253414264028,0.04272151898734178,109.20634920634922,0.013523004316804199,0.0,0.0,0.0,0.0,-0.008895477907471694,0.018339538512340825,3.0,0.10186817060274911,0.15348176219801046,0.1595155481803856,0.24344959483489204
23580,"Gainesville, GA",2025,4,7.17,,394623.0,"Gainesville, GA",msa,GA,392341.570259222,-0.0193343858996881,-0.0025586538283208,"Gainesville, GA",1637.07289445215,2.75,"Gainesville, GA",1034.33333333333,"Gainesville, GA",226568.0,0.0135230043168042,0.0629908699364743,-0.0095194193708989,6777.5671875,7.17,,,,,False,22.564102564102573,False,False,False,4.945264084340503,1.1051659517755503,-0.019334385899688167,-0.0025586538283214333,0.03282687475903656,0.001118258757192292,-0.02042131978812927,0.049780380673499325,0.04594180704441042,105.10510510510511,0.013523004316804199,0.0,0.0,0.0,0.0,0.003783483938813781,0.006416409584948157,2.56666666666667,-0.0073576455534259955,0.032443531827514915,0.14737055805338306,0.3229933232101212
24300,"Grand Junction, CO",2019,2,2.57,,394639.0,"Grand Junction, CO",msa,CO,266098.40701231,0.0844723620565468,0.0231672655579656,"Grand Junction, CO",1068.60116337488,2.96666666666667,"Grand Junction, CO",1152.66666666667,"Grand Junction, CO",154210.0,0.0082313943681309,0.0298792541539776,-0.0035500437478974,2882.32777777778,2.57,,55379.0,1902.0,4.8050417488995825,False,6.198347107438007,False,False,False,4.570745164236444,0.7170350345163046,0.08447236205654685,0.02316726555796822,0.08450519921317223,0.021621428357113892,0.002490691304564546,0.015810276679841806,0.024291497975708287,8.119658119658112,0.008231394368130918,0.0,0.0,0.003550043747897469,-0.0022045828507615273,0.07286383482596115,0.0629873432769994,3.46666666666667,0.12455284552845836,0.10003356831151056,0.06629220382021028,0.12725771232385252
24300,"Grand Junction, CO",2019,3,2.49,,394639.0,"Grand Junction, CO",msa,CO,271219.727308942,0.0798192165561018,0.0192459637550393,"Grand Junction, CO",1086.65972452521,3.03333333333333,"Grand Junction, CO",1251.0,"Grand Junction, CO",154210.0,0.0082313943681309,0.0298792541539776,-0.0035500437478974,2957.8528125,2.49,,55379.0,1902.0,4.897519408240344,False,5.957446808510647,False,False,False,4.678788838998678,0.7951564137591833,0.0798192165561018,0.019245963755037065,0.08741965247808925,0.023638087637791738,0.0028731516059666263,-0.03112840466926059,0.032128514056224855,-1.532567049808431,0.008231394368130918,0.0,0.0,0.0,0.0,0.0711288713602658,0.07159829957318409,3.6,0.0853094274146875,0.10985657613671074,0.037988254372415486,0.15500598332389925
24300,"Grand Junction, CO",2019,4,2.53,,394639.0,"Grand Junction, CO",msa,CO,275055.747300374,0.0733971149136654,0.0141435876714888,"Grand Junction, CO",1087.81569752187,3.03333333333333,"Grand Junction, CO",1228.33333333333,"Grand Junction, CO",154210.0,0.0082313943681309,0.0298792541539776,-0.0035500437478974,3082.755625,2.53,,55379.0,1902.0,4.966787903363621,False,7.659574468085095,False,False,False,4.773352669765662,0.8451110379131825,0.0733971149136654,0.014143587671491265,0.08884087589423939,0.020211177298444127,0.0035482755570443343,-0.04166666666666674,0.04347826086956541,5.600000000000005,0.008231394368130918,0.0,0.0,0.0,0.0,0.06397966884125905,0.07167941113155107,3.4,-0.018118838262725756,-0.06158922188616467,0.14221561000009708,0.036741721225998614
24300,"Grand Junction, CO",2020,1,2.58,,394639.0,"Grand Junction, CO",msa,CO,280910.857362384,0.0801221887048673,0.02128699407112,"Grand Junction, CO",1096.69420588529,4.6,"Grand Junction, CO",995.333333333333,"Grand Junction, CO",156007.0,0.0116529407950199,0.031997089369584,0.0034215464268889,3055.86919354839,2.58,,57157.0,2612.0,4.9147236097483065,False,-3.3707865168539297,False,False,False,4.696242648340815,0.6764025095940962,0.08012218870486731,0.021286994071118004,0.0828339029531362,0.01492824089583289,0.003936195181102707,-0.026415094339622636,-0.014869888475836479,3.515625,0.011652940795019884,0.003421546426888966,-0.003550043747897469,0.003421546426888966,-0.003550043747897469,0.05220814798797524,0.07926786797306962,4.0,-0.18968792401628032,-0.09903310870202431,0.12306660146926007,-0.004562795426326538
24300,"Grand Junction, CO",2020,2,2.52,,394639.0,"Grand Junction, CO",msa,CO,286154.557754032,0.075371179282536,0.0186667772149629,"Grand Junction, CO",1099.38316203812,10.9666666666667,"Grand Junction, CO",1021.66666666667,"Grand Junction, CO",156007.0,0.0116529407950199,0.031997089369584,0.0034215464268889,2931.68761904762,2.52,,57157.0,2612.0,5.006465660444601,True,2.0242914979756943,True,True,False,4.8050417488995825,0.740821712309149,0.075371179282536,0.01866677721496357,0.08447236205654685,0.02316726555796822,0.004201388196252365,-0.01945525291828787,0.015810276679841806,6.198347107438007,0.011652940795019884,0.0,0.0,-0.003421546426888966,0.003550043747897469,0.02880588166872622,0.07286383482596115,2.96666666666667,0.026456798392501923,0.12455284552845836,0.017124992393438232,0.06629220382021028
24300,"Grand Junction, CO",2025,2,7.45,,394639.0,"Grand Junction, CO",msa,CO,423047.080374918,0.0388465373716333,0.0027929778731923,"Grand Junction, CO",1634.73726801258,4.1,"Grand Junction, CO",875.666666666667,"Grand Junction, CO",162845.0,0.0089529120198266,0.0265453811919261,-0.0010975279215979,5732.06048387097,7.45,,,,,False,56.51260504201683,False,False,False,5.528628180522768,0.7235864316231853,0.03884653737163335,0.002792977873192104,0.041400006377633414,0.015068623355737998,-0.01918291138597185,0.21335504885993495,0.014876033057851235,93.08176100628928,0.00895291201982662,0.0,0.0,0.0010975279215978961,-0.0027380100714091693,0.045698082750990965,0.06995232784811534,4.06666666666667,0.12698412698412742,0.058369512783405186,0.09252306700317803,0.24739314525733902
24300,"Grand Junction, CO",2025,3,7.42,,394639.0,"Grand Junction, CO",msa,CO,424619.544883838,0.0304982615143236,0.0037169964806904,"Grand Junction, CO",1677.62313651998,3.93333333333333,"Grand Junction, CO",1009.33333333333,"Grand Junction, CO",162845.0,0.0089529120198266,0.0265453811919261,-0.0010975279215979,6427.73875,7.42,,,,,False,41.873804971319295,False,False,False,5.594133091401613,0.696613683161269,0.030498261514323666,0.00371699648069046,0.03899594999647649,0.01184831186687818,-0.016753537696893653,0.11746987951807242,-0.016296296296296364,99.39939939939939,0.00895291201982662,0.0,0.0,0.0,0.0,0.042130692389918956,0.0812241992197158,4.4,0.15264560334982447,0.1098450319051969,0.1595155481803856,0.24344959483489204
24300,"Grand Junction, CO",2025,4,6.92,,394639.0,"Grand Junction, CO",msa,CO,427824.012114231,0.0248925051265984,0.0075466785949975,"Grand Junction, CO",1663.55822370193,3.7,"Grand Junction, CO",973.0,"Grand Junction, CO",162845.0,0.0089529120198266,0.0265453811919261,-0.0010975279215979,6777.5671875,6.92,,,,,False,15.141430948419309,False,False,False,5.667178820877637,0.7003909175140155,0.024892505126598463,0.007546678594998912,0.04607003965975909,0.013057560176445993,-0.01306078419007252,0.01764705882352935,-0.10171730515191546,94.84240687679082,0.00895291201982662,0.0,0.0,0.0,0.0,0.03421512647643499,0.065178307424542,4.26666666666667,-0.03599735799207071,0.0451745379876789,0.14737055805338306,0.3229933232101212
25940,"Hilton Head Island-Bluffton-Port Royal, SC",2019,2,4.84,,394681.0,"Hilton Head Island, SC",msa,SC,307629.901982731,0.0345962650573858,0.0119966036567314,"Hilton Head Island, SC",1277.66405419123,2.46666666666667,"Hilton Head Island, SC",3682.33333333333,"Hilton Head Island-Bluffton, SC",222195.0,0.0191355957857657,0.0517160586740129,0.0051647373965071,2882.32777777778,4.84,,64959.0,1842.0,4.735754891281132,False,-7.456978967495232,False,False,False,4.948540392923161,0.5560973365698079,0.03459626505738589,0.011996603656730942,0.029736307059555322,0.00987231928157839,-0.004670077404727209,-0.018255578093306246,-0.02182539682539686,9.07079646017699,0.019135595785765735,0.0,0.0,-0.005164737396507135,0.0037790244615145685,0.0462934364788512,0.05247056398944383,2.56666666666667,0.06754928488596845,0.09548400162008797,0.06629220382021028,0.12725771232385252
25940,"Hilton Head Island-Bluffton-Port Royal, SC",2019,3,4.71,,394681.0,"Hilton Head Island, SC",msa,SC,309312.157317039,0.0312535803610707,0.0054684389373884,"Hilton Head Island, SC",1285.04969154879,2.13333333333333,"Hilton Head Island, SC",3444.0,"Hilton Head Island-Bluffton, SC",222195.0,0.0191355957857657,0.0517160586740129,0.0051647373965071,2957.8528125,4.71,,64959.0,1842.0,4.76165207772655,False,5.369127516778538,False,False,False,4.99172899789249,0.5122993791263868,0.03125358036107073,0.005468438937390463,0.034530371483871614,0.008727544192847603,-0.004519704381082163,-0.038775510204081765,-0.0335305719921104,11.111111111111116,0.019135595785765735,0.0,0.0,0.0,0.0,0.04667079139532815,0.05442933242628767,2.93333333333333,-0.06472345433149185,-0.022183196228856672,0.037988254372415486,0.15500598332389925
25940,"Hilton Head Island-Bluffton-Port Royal, SC",2019,4,4.82,,394681.0,"Hilton Head Island, SC",msa,SC,311713.722427128,0.0347743952483818,0.0077642118270429,"Hilton Head Island, SC",1271.02665199217,2.1,"Hilton Head Island, SC",3160.0,"Hilton Head Island-Bluffton, SC",222195.0,0.0191355957857657,0.0517160586740129,0.0051647373965071,3082.755625,4.82,,64959.0,1842.0,4.798622553104697,False,3.433476394849788,False,False,False,5.013369635418194,0.48065590226196075,0.034774395248381884,0.007764211827042677,0.031980856128356994,0.004335298958505263,-0.0035846351131982395,-0.07485604606525909,0.05679513184584173,9.684210526315784,0.019135595785765735,0.0,0.0,0.0,0.0,0.04300752082801318,0.0341929995722261,2.7,-0.0824622531939605,-0.01843274411570095,0.14221561000009708,0.036741721225998614
25940,"Hilton Head Island-Bluffton-Port Royal, SC",2020,1,4.81,,394681.0,"Hilton Head Island, SC",msa,SC,314827.797637518,0.0356752054739524,0.0099901768396431,"Hilton Head Island, SC",1281.90603766413,2.83333333333333,"Hilton Head Island, SC",3021.66666666667,"Hilton Head Island-Bluffton-Port Royal, SC",216972.0,-0.0235063795314926,0.0090829182537357,-0.0426419753172583,3055.86919354839,4.81,,67723.0,2279.0,4.648757403504245,False,-7.321772639691726,False,False,False,4.679615400060669,0.09672876073432235,0.03567520547395242,0.00999017683964154,0.03242454168152542,0.009111706954281651,-0.0022026771189413816,-0.01635991820040905,-0.01609657947686116,6.5359477124183,-0.023506379531492594,-0.04264197531725833,0.005164737396507135,-0.04264197531725833,0.005164737396507135,0.031935863972493816,0.032795268258224874,3.06666666666667,-0.043776371308015816,-0.003466872110939878,0.12306660146926007,-0.004562795426326538
25940,"Hilton Head Island-Bluffton-Port Royal, SC",2020,2,4.61,,394681.0,"Hilton Head Island, SC",msa,SC,316538.226495797,0.028957927872584,0.0054329029110942,"Hilton Head Island, SC",1293.14781718196,8.43333333333333,"Hilton Head Island, SC",3112.33333333333,"Hilton Head Island-Bluffton-Port Royal, SC",216972.0,-0.0235063795314926,0.0090829182537357,-0.0426419753172583,2931.68761904762,4.61,,67723.0,2279.0,4.674013651134725,False,-8.531746031746025,False,False,False,4.735754891281132,0.07543158514599213,0.028957927872584,0.00543290291109666,0.03459626505738589,0.011996603656730942,-0.0008308486050200172,-0.04752066115702469,-0.018255578093306246,-7.456978967495232,-0.023506379531492594,0.0,0.0,0.04264197531725833,-0.005164737396507135,0.012118806144649108,0.0462934364788512,2.46666666666667,0.030005515719799147,0.06754928488596845,0.017124992393438232,0.06629220382021028
25940,"Hilton Head Island-Bluffton-Port Royal, SC",2020,3,4.71,,394681.0,"Hilton Head Island, SC",msa,SC,319909.504017861,0.034261009307694,0.010650459375432,"Hilton Head Island, SC",1327.84993155054,5.0,"Hilton Head Island, SC",2830.66666666667,"Hilton Head Island-Bluffton-Port Royal, SC",216972.0,-0.0235063795314926,0.0090829182537357,-0.0426419753172583,3319.8340625,4.71,,67723.0,2279.0,4.723794043646339,False,-7.100591715976334,False,False,False,4.76165207772655,0.04952328990544874,0.034261009307694046,0.010650459375429522,0.03125358036107073,0.005468438937390463,0.0001968073054900608,0.0,-0.038775510204081765,5.369127516778538,-0.023506379531492594,0.0,0.0,0.0,0.0,0.03330629179807487,0.04667079139532815,2.13333333333333,-0.09050016065117061,-0.06472345433149185,0.12237973724394036,0.037988254372415486
25940,"Hilton Head Island-Bluffton-Port Royal, SC",2020,4,4.89,,394681.0,"Hilton Head Island, SC",msa,SC,330761.490473506,0.0611066073641686,0.0339220508279692,"Hilton Head Island, SC",1356.84707732741,4.03333333333333,"Hilton Head Island, SC",2257.66666666667,"Hilton Head Island-Bluffton-Port Royal, SC",216972.0,-0.0235063795314926,0.0090829182537357,-0.0426419753172583,3554.5015625,4.89,,67723.0,2279.0,4.884034825295778,False,-0.8113590263691739,False,False,False,4.798622553104697,0.05743492741455736,0.06110660736416862,0.033922050827971395,0.034774395248381884,0.007764211827042677,0.0008011092112770075,0.014522821576763434,-0.07485604606525909,3.433476394849788,-0.023506379531492594,0.0,0.0,0.0,0.0,0.06752055529341394,0.04300752082801318,2.1,-0.20242581252943925,-0.0824622531939605,0.15302735438200687,0.14221561000009708
25940,"Hilton Head Island-Bluffton-Port Royal, SC",2021,1,5.04,,394681.0,"Hilton Head Island, SC",msa,SC,342181.874986465,0.0868858390339519,0.0345275518519703,"Hilton Head Island, SC",1380.26894563667,3.96666666666667,"Hilton Head Island, SC",1757.33333333333,"Hilton Head Island-Bluffton-Port Royal, SC",222386.0,0.024952528436849,0.0200116501470029,0.0484589079683416,3865.7068852459,5.04,,70369.0,2528.0,4.862679233561156,False,1.4084507042253502,False,False,False,4.648757403504245,-0.17755420831214863,0.08688583903395197,0.03452755185197032,0.03567520547395242,0.00999017683964154,0.0009693211580981651,0.047817047817047875,-0.01635991820040905,-7.321772639691726,0.02495252843684903,0.048458907968341625,-0.04264197531725833,0.048458907968341625,-0.04264197531725833,0.07673176120753378,0.031935863972493816,2.83333333333333,-0.22161523697032603,-0.043776371308015816,0.26501058795554977,0.12306660146926007
25940,"Hilton Head Island-Bluffton-Port Royal, SC",2021,2,5.53,,394681.0,"Hilton Head Island, SC",msa,SC,361245.040544299,0.1412366984658506,0.055710623359547,"Hilton Head Island, SC",1426.70519010354,3.2,"Hilton Head Island, SC",1465.33333333333,"Hilton Head Island-Bluffton-Port Royal, SC",222386.0,0.024952528436849,0.0200116501470029,0.0484589079683416,4183.62634920635,5.53,,70369.0,2528.0,5.133582124860364,True,12.170385395537542,True,True,False,4.674013651134725,-0.24488539770109785,0.14123669846585063,0.055710623359545464,0.028957927872584,0.00543290291109666,0.0007063543169054188,0.19956616052060738,-0.04752066115702469,-8.531746031746025,0.02495252843684903,0.0,0.0,-0.048458907968341625,0.04264197531725833,0.10328082462577992,0.012118806144649108,8.43333333333333,-0.16616084977238266,0.030005515719799147,0.42703687869904483,0.017124992393438232
25940,"Hilton Head Island-Bluffton-Port Royal, SC",2025,2,15.75,,394681.0,"Hilton Head Island, SC",msa,SC,520243.335570202,0.0046814615487051,-0.0010415564702693,"Hilton Head Island, SC",1949.33614095467,3.7,"Hilton Head Island, SC",2650.33333333333,"Hilton Head Island-Bluffton-Port Royal, SC",242966.0,0.015133030282773,0.0640815647253585,-0.009092095207742,5732.06048387097,15.75,,,,,False,91.60583941605837,False,False,False,6.216018258026013,1.4802633667448815,0.00468146154870519,-0.001041556470269156,0.05748131315617511,0.010576955914189945,-0.021789213357944735,0.4201983769161406,-0.16238670694864055,100.54249547920433,0.015133030282773019,0.0,0.0,0.009092095207742013,-0.0007989165159427714,2.6570968176597987e-05,0.02253264170186564,3.56666666666667,0.2247381392483041,0.13519768563163193,0.09252306700317803,0.24739314525733902
25940,"Hilton Head Island-Bluffton-Port Royal, SC",2025,3,15.38,,394681.0,"Hilton Head Island, SC",msa,SC,516310.196240815,-0.0074112501911965,-0.0075601916650711,"Hilton Head Island, SC",1960.7172509121,4.56666666666667,"Hilton Head Island, SC",2713.66666666667,"Hilton Head Island-Bluffton-Port Royal, SC",242966.0,0.015133030282773,0.0640815647253585,-0.009092095207742,6427.73875,15.38,,,,,False,64.14087513340449,False,False,False,6.24418120626258,1.4825291285360294,-0.0074112501911965945,-0.007560191665071825,0.04052814204055344,0.004530705520403355,-0.02362444851508073,0.06879777623349548,0.06988847583643132,140.23372287145244,0.015133030282773019,0.0,0.0,0.0,0.0,0.0037213799378743584,0.017056548711125608,4.46666666666667,0.02389636523707983,0.021916411824668636,0.1595155481803856,0.24344959483489204
25940,"Hilton Head Island-Bluffton-Port Royal, SC",2025,4,14.14,,394681.0,"Hilton Head Island, SC",msa,SC,515600.726373171,-0.0107177688673446,-0.0013741155468348,"Hilton Head Island, SC",1945.05122661283,4.6,"Hilton Head Island, SC",2587.66666666667,"Hilton Head Island-Bluffton-Port Royal, SC",242966.0,0.015133030282773,0.0640815647253585,-0.009092095207742,6777.5671875,14.14,,,,,False,28.779599271402546,False,False,False,6.256442485325663,1.457819932220966,-0.010717768867344657,-0.0013741155468350863,0.02620725700351323,0.0019636328059771113,-0.023786798546071162,0.07856598016781091,-0.1242484969939881,106.13207547169807,0.015133030282773019,0.0,0.0,0.0,0.0,0.00026150412179326565,0.02201130387649508,3.83333333333333,-0.04643164230438512,0.04688279301745646,0.14737055805338306,0.3229933232101212
26140,"Homosassa Springs, FL",2019,2,7.93,,394685.0,"Homosassa Springs, FL",msa,FL,164925.367443058,0.056006810533286,0.0036628354014547,"Homosassa Springs, FL",1099.29127855153,4.56666666666667,"Homosassa Springs, FL",1783.66666666667,"Homosassa Springs, FL",149657.0,0.0133733291802658,0.0479888518528893,-0.0022165343138715,2882.32777777778,7.93,,44237.0,1416.0,3.728222244796392,False,26.073131955484886,False,False,False,3.770237494655804,1.1265552798278757,0.056006810533286044,0.0036628354014529574,0.11785121010118171,0.03154712453654063,0.0017258175869467156,0.054521276595744794,0.1107828655834564,28.547008547008556,0.013373329180265792,0.0,0.0,0.0022165343138715876,0.0026939380800481416,0.028218013037167644,0.0777086358678063,4.93333333333333,-0.020680819912148762,-0.01522157996146245,0.06629220382021028,0.12725771232385252
26140,"Homosassa Springs, FL",2019,3,7.96,,394685.0,"Homosassa Springs, FL",msa,FL,165716.752002305,0.0383914563152827,0.0047984404795673,"Homosassa Springs, FL",1134.75115693195,4.9,"Homosassa Springs, FL",1564.0,"Homosassa Springs, FL",149657.0,0.0133733291802658,0.0479888518528893,-0.0022165343138715,2957.8528125,7.96,,44237.0,1416.0,3.746111897332663,False,19.519519519519513,False,False,False,3.852594261392671,1.1616516131115708,0.038391456315282735,0.004798440479571786,0.11181183354118973,0.02184392013861336,0.0006866317357874709,0.03645833333333326,0.04632152588555849,31.732418524871342,0.013373329180265792,0.0,0.0,0.0,0.0,0.06322174031391303,0.04181897732800666,5.13333333333333,-0.12315455055130042,-0.05165329681080011,0.037988254372415486,0.15500598332389925
26140,"Homosassa Springs, FL",2019,4,8.22,,394685.0,"Homosassa Springs, FL",msa,FL,168865.415675786,0.0389939429987253,0.0190002738735624,"Homosassa Springs, FL",1129.64195247343,4.3,"Homosassa Springs, FL",1481.0,"Homosassa Springs, FL",149657.0,0.0133733291802658,0.0479888518528893,-0.0022165343138715,3082.755625,8.22,,44237.0,1416.0,3.8172890493429934,False,20.35139092240117,False,False,False,3.923518137067521,1.2174572181831986,0.038993942998725384,0.0190002738735624,0.10389948901412516,0.018409381020365156,0.0002742629322480192,0.044472681067344366,0.08551724137931038,19.06202723146746,0.013373329180265792,0.0,0.0,0.0,0.0,0.05292460570715285,0.035552498561303825,4.8,-0.05306905370843995,0.028677532494324254,0.14221561000009708,0.036741721225998614
26140,"Homosassa Springs, FL",2020,1,8.18,,394685.0,"Homosassa Springs, FL",msa,FL,172826.22260489,0.0517439451589216,0.0234554062668979,"Homosassa Springs, FL",1147.05265074662,5.06666666666667,"Homosassa Springs, FL",1477.33333333333,"Homosassa Springs, FL",154563.0,0.032781627321141,0.0629096035484646,0.0194082981408752,3055.86919354839,8.18,,45689.0,1264.0,3.782665906561536,False,18.20809248554913,False,False,False,3.714616217013902,0.9063484504648454,0.05174394515892167,0.023455406266897016,0.08534534753486156,0.01104833827203855,-0.00019949483030296802,-0.0012210012210012167,0.07198952879581144,32.310177705977374,0.03278162732114098,0.01940829814087519,-0.0022165343138715876,0.01940829814087519,-0.0022165343138715876,0.06791780055499297,0.024865289680273017,4.96666666666667,-0.0024758046365090935,0.09586843160850189,0.12306660146926007,-0.004562795426326538
26140,"Homosassa Springs, FL",2020,2,8.41,,394685.0,"Homosassa Springs, FL",msa,FL,175220.903972827,0.0624254272668129,0.0138560071026481,"Homosassa Springs, FL",1148.98446303203,12.3333333333333,"Homosassa Springs, FL",1325.0,"Homosassa Springs, FL",154563.0,0.032781627321141,0.0629096035484646,0.0194082981408752,2931.68761904762,8.41,,45689.0,1264.0,3.835078552229793,False,24.224519940915812,False,False,False,3.728222244796392,0.866772396482713,0.062425427266812994,0.013856007102647006,0.056006810533286044,0.0036628354014529574,-0.0015161970033211415,0.060529634300126256,0.054521276595744794,26.073131955484886,0.03278162732114098,0.0,0.0,-0.01940829814087519,0.0022165343138715876,0.04520474732227253,0.028218013037167644,4.56666666666667,-0.10311371841155037,-0.020680819912148762,0.017124992393438232,0.06629220382021028
26140,"Homosassa Springs, FL",2020,3,8.53,,394685.0,"Homosassa Springs, FL",msa,FL,178445.516202066,0.0768103649508165,0.0184031251758587,"Homosassa Springs, FL",1189.20573256054,9.23333333333333,"Homosassa Springs, FL",1056.33333333333,"Homosassa Springs, FL",154563.0,0.032781627321141,0.0629096035484646,0.0194082981408752,3319.8340625,8.53,,45689.0,1264.0,3.9056559828857274,False,16.212534059945494,False,False,False,3.746111897332663,0.8380112427621413,0.0768103649508165,0.018403125175858293,0.038391456315282735,0.004798440479571786,-0.003621894080061103,0.07160804020100486,0.03645833333333326,19.519519519519513,0.03278162732114098,0.0,0.0,0.0,0.0,0.047988120828023506,0.06322174031391303,4.9,-0.20276729559748674,-0.12315455055130042,0.12237973724394036,0.037988254372415486
26140,"Homosassa Springs, FL",2020,4,8.96,,394685.0,"Homosassa Springs, FL",msa,FL,187773.568202147,0.111971728791784,0.0522739500471285,"Homosassa Springs, FL",1221.50777148533,6.7,"Homosassa Springs, FL",951.0,"Homosassa Springs, FL",154563.0,0.032781627321141,0.0629096035484646,0.0194082981408752,3554.5015625,8.96,,45689.0,1264.0,4.109820048636368,False,23.58620689655173,False,False,False,3.8172890493429934,0.9047755337967707,0.11197172879178408,0.0522739500471292,0.038993942998725384,0.0190002738735624,-0.00532088636245836,0.09002433090024331,0.044472681067344366,20.35139092240117,0.03278162732114098,0.0,0.0,0.0,0.0,0.08132295264951295,0.05292460570715285,4.3,-0.09971599873776937,-0.05306905370843995,0.15302735438200687,0.14221561000009708
26140,"Homosassa Springs, FL",2021,1,9.14,,394685.0,"Homosassa Springs, FL",msa,FL,198277.370637708,0.1472643887554241,0.0559386634451866,"Homosassa Springs, FL",1272.81057750277,6.2,"Homosassa Springs, FL",878.666666666667,"Homosassa Springs, FL",158202.0,0.0235437976747346,0.0712341382158963,-0.0092378296464064,3865.7068852459,9.14,,48664.0,1580.0,4.074415803010603,False,19.633507853403167,False,False,False,3.782665906561536,0.8511688584357007,0.14726438875542414,0.055938663445182835,0.05174394515892167,0.023455406266897016,-0.006301939466080463,0.11735941320293408,-0.0012210012210012167,18.20809248554913,0.02354379767473458,-0.009237829646406404,0.01940829814087519,-0.009237829646406404,0.01940829814087519,0.10963570562719482,0.06791780055499297,5.06666666666667,-0.07606028741675397,-0.0024758046365090935,0.26501058795554977,0.12306660146926007
26140,"Homosassa Springs, FL",2021,2,9.78,,394685.0,"Homosassa Springs, FL",msa,FL,211150.826567523,0.2050550007450478,0.0649265011353044,"Homosassa Springs, FL",1333.21726311284,5.73333333333333,"Homosassa Springs, FL",781.0,"Homosassa Springs, FL",158202.0,0.0235437976747346,0.0712341382158963,-0.0092378296464064,4183.62634920635,9.78,,48664.0,1580.0,4.338953365270488,False,30.053191489361698,False,False,False,3.835078552229793,0.8367690410077739,0.2050550007450478,0.06492650113530796,0.062425427266812994,0.013856007102647006,-0.006720379827150005,0.1629013079667061,0.060529634300126256,24.224519940915812,0.02354379767473458,0.0,0.0,0.009237829646406404,-0.01940829814087519,0.16034403075794623,0.04520474732227253,12.3333333333333,-0.1111532625189684,-0.10311371841155037,0.42703687869904483,0.017124992393438232
26140,"Homosassa Springs, FL",2021,3,10.61,,394685.0,"Homosassa Springs, FL",msa,FL,227544.755125428,0.2751497486087775,0.0776408448141321,"Homosassa Springs, FL",1411.38924715035,5.7,"Homosassa Springs, FL",837.666666666667,"Homosassa Springs, FL",158202.0,0.0235437976747346,0.0712341382158963,-0.0092378296464064,4421.670625,10.61,,48664.0,1580.0,4.675833370159214,False,38.15104166666667,False,False,False,3.9056559828857274,0.8167455348560502,0.2751497486087775,0.07764084481413303,0.0768103649508165,0.018403125175858293,-0.006005047682233481,0.24384525205158258,0.07160804020100486,16.212534059945494,0.02354379767473458,0.0,0.0,0.0,0.0,0.1868335381392885,0.047988120828023506,9.23333333333333,0.07255655142979123,-0.20276729559748674,0.3318950711862574,0.12237973724394036
26140,"Homosassa Springs, FL",2021,4,11.31,,394685.0,"Homosassa Springs, FL",msa,FL,239281.761026396,0.2743101349003394,0.0515810873975027,"Homosassa Springs, FL",1465.22358576495,4.6,"Homosassa Springs, FL",901.666666666667,"Homosassa Springs, FL",158202.0,0.0235437976747346,0.0712341382158963,-0.0092378296464064,4602.10890625,11.31,,48664.0,1580.0,4.917017939881555,False,43.710292249047015,False,False,False,4.109820048636368,0.9372737800044506,0.2743101349003394,0.051581087397502445,0.11197172879178408,0.0522739500471292,-0.0037759827153252008,0.2622767857142856,0.09002433090024331,23.58620689655173,0.02354379767473458,0.0,0.0,0.0,0.0,0.19952047786258964,0.08132295264951295,6.7,0.07640270592916831,-0.09971599873776937,0.2947269329692408,0.15302735438200687
26140,"Homosassa Springs, FL",2022,1,12.04,,394685.0,"Homosassa Springs, FL",msa,FL,253330.413764381,0.2776567136714043,0.0587117575435936,"Homosassa Springs, FL",1510.68782008177,4.53333333333333,"Homosassa Springs, FL",839.666666666667,"Homosassa Springs, FL",162495.0,0.0271361929684832,0.085782823389484,0.0035923952937486,4463.85548387097,12.04,,52569.0,2000.0,4.81900766163292,False,47.008547008547,False,False,False,4.074415803010603,0.8800081331552234,0.2776567136714043,0.058711757543589815,0.14726438875542414,0.055938663445182835,2.998057073063445e-05,0.3172866520787745,0.11735941320293408,19.633507853403167,0.02713619296848324,0.0035923952937486625,-0.009237829646406404,0.0035923952937486625,-0.009237829646406404,0.18689131500282685,0.10963570562719482,6.2,-0.06876155268022177,-0.07606028741675397,0.154732010569141,0.26501058795554977
26140,"Homosassa Springs, FL",2022,2,13.24,,394685.0,"Homosassa Springs, FL",msa,FL,272964.259245525,0.2927453976043752,0.0775029148272903,"Homosassa Springs, FL",1548.56772832789,3.9,"Homosassa Springs, FL",880.666666666667,"Homosassa Springs, FL",162495.0,0.0271361929684832,0.085782823389484,0.0035923952937486,4105.66709677419,13.24,,52569.0,2000.0,5.192494801984535,True,66.9609079445145,True,True,False,4.338953365270488,1.0647827523133513,0.29274539760437523,0.0775029148272941,0.2050550007450478,0.06492650113530796,0.006262983541311278,0.3537832310838447,0.1629013079667061,30.053191489361698,0.02713619296848324,0.0,0.0,-0.0035923952937486625,0.009237829646406404,0.16152691025935462,0.16034403075794623,5.73333333333333,0.0488289003572846,-0.1111532625189684,-0.018634372653033138,0.42703687869904483
26140,"Homosassa Springs, FL",2025,2,16.59,,394685.0,"Homosassa Springs, FL",msa,FL,278065.931447925,-0.0285799215469927,-0.0162473561336066,"Homosassa Springs, FL",1718.66247119923,5.2,"Homosassa Springs, FL",1801.0,"Homosassa Springs, FL",171666.0,0.0108643807302984,0.0564386596510662,-0.0080595814217772,5732.06048387097,16.59,,,,,False,25.302114803625365,False,False,False,5.06219438663062,1.3339721418342276,-0.028579921546992737,-0.016247356133605395,0.013479672377829655,0.003106183945886798,-0.03296690133736246,0.0506649778340722,0.11040787623066084,61.45194274028629,0.010864380730298384,0.0,0.0,0.008059581421777207,0.00675067399057494,0.01747347888004991,0.03440683861941696,4.6,0.11563080735081788,0.11263931705003305,0.09252306700317803,0.24739314525733902
26140,"Homosassa Springs, FL",2025,3,17.27,,394685.0,"Homosassa Springs, FL",msa,FL,272540.467694352,-0.046738624872299,-0.0198710562088682,"Homosassa Springs, FL",1712.04026033853,6.2,"Homosassa Springs, FL",1763.66666666667,"Homosassa Springs, FL",171666.0,0.0108643807302984,0.0564386596510662,-0.0080595814217772,6427.73875,17.27,,,,,False,18.28767123287671,False,False,False,5.056116960067573,1.3100050627349105,-0.04673862487229907,-0.0198710562088682,0.003042112653534268,-0.0012005517960939072,-0.032496126890552035,0.1221572449642625,0.007198952879581277,45.05183788878418,0.010864380730298384,0.0,0.0,0.0,0.0,0.010509937256323543,0.021610855056555245,5.4,-0.020729224504902888,0.03239556692242318,0.1595155481803856,0.24344959483489204
26140,"Homosassa Springs, FL",2025,4,16.16,,394685.0,"Homosassa Springs, FL",msa,FL,270606.425139512,-0.0484346213097337,-0.0070963500253794,"Homosassa Springs, FL",1716.43284971014,6.95,"Homosassa Springs, FL",1714.33333333333,"Homosassa Springs, FL",171666.0,0.0108643807302984,0.0564386596510662,-0.0080595814217772,6777.5671875,16.16,,,,,False,8.67518493611299,False,False,False,5.029184665960634,1.2118956166176407,-0.04843462130973375,-0.007096350025380338,-0.0020166734854791812,-0.005326675454631835,-0.030355234799784817,-0.013431013431013383,0.09859154929577452,44.82758620689653,0.010864380730298384,0.0,0.0,0.0,0.0,0.009520892249373691,0.010536283992577555,5.06666666666667,-0.027972027972031577,-0.06729975227085239,0.14737055805338306,0.3229933232101212
26820,"Idaho Falls, ID",2019,2,3.11,,394703.0,"Idaho Falls, ID",msa,ID,234750.483167743,0.0983621367899376,0.0239546412499594,"Idaho Falls, ID",900.533545064984,2.13333333333333,"Idaho Falls, ID",565.666666666667,"Idaho Falls, ID",151530.0,0.0208440001077905,0.0632191973056413,0.000749437460036306,2882.32777777778,3.11,,61007.0,1475.0,3.8479270111256576,False,29.045643153526957,False,False,False,3.741339558946014,0.7593078277482208,0.09836213678993766,0.02395464124995894,0.09663131094690991,0.0348298252136241,0.0024659764339998967,0.08362369337979092,0.09125475285171114,25.877192982456165,0.020844000107790528,0.0,0.0,-0.0007494374600363063,0.0008989821178926327,0.0806809657169012,0.067511353837868,2.23333333333333,0.18093249826026514,0.13772090188909147,0.06629220382021028,0.12725771232385252
26820,"Idaho Falls, ID",2019,3,3.14,,394703.0,"Idaho Falls, ID",msa,ID,242811.331203097,0.1033062204595836,0.0343379401251076,"Idaho Falls, ID",928.016488947713,2.13333333333333,"Idaho Falls, ID",727.666666666667,"Idaho Falls, ID",151530.0,0.0208440001077905,0.0632191973056413,0.000749437460036306,2957.8528125,3.14,,61007.0,1475.0,3.980056898439474,False,26.10441767068272,False,False,False,3.852468245557977,0.8404953194258984,0.1033062204595836,0.0343379401251076,0.11084742882329279,0.029702913852403423,0.0012444708501640096,0.07534246575342474,0.08955223880596996,23.206751054852305,0.020844000107790528,0.0,0.0,0.0,0.0,0.08931684521530392,0.06166029456811928,2.1,0.28638774307601644,0.20728441349758975,0.037988254372415486,0.15500598332389925
26820,"Idaho Falls, ID",2019,4,3.24,,394703.0,"Idaho Falls, ID",msa,ID,250595.030211381,0.1137416239610802,0.0320565723589441,"Idaho Falls, ID",930.173955554236,2.1,"Idaho Falls, ID",670.666666666667,"Idaho Falls, ID",151530.0,0.0208440001077905,0.0632191973056413,0.000749437460036306,3082.755625,3.24,,61007.0,1475.0,4.10764388039702,False,27.559055118110255,False,False,False,3.938711648123797,0.8895601663497956,0.11374162396108023,0.032056572358945656,0.11667507171388491,0.022386531716455105,0.0010149604924078411,0.07641196013289053,0.11895910780669139,20.883534136546157,0.020844000107790528,0.0,0.0,0.0,0.0,0.06484129975467257,0.0758598444070282,2.16666666666667,-0.07833256985799353,-0.11047027506654838,0.14221561000009708,0.036741721225998614
26820,"Idaho Falls, ID",2020,1,3.34,,394703.0,"Idaho Falls, ID",msa,ID,259642.326714038,0.1325300034155987,0.0361032558986734,"Idaho Falls, ID",944.952871409354,2.96666666666667,"Idaho Falls, ID",508.333333333333,"Idaho Falls, ID",158391.0,0.0452781627400514,0.0885081642751113,0.0244341626322608,3055.86919354839,3.34,,61877.0,1412.0,4.196103992017034,False,23.24723247232472,False,False,False,3.757907680782058,0.673313700499202,0.13253000341559873,0.03610325589867225,0.11002758544861413,0.018914571212900855,0.0010069624130161032,0.06369426751592355,0.12142857142857144,25.099601593625522,0.045278162740051364,0.024434162632260836,0.0007494374600363063,0.024434162632260836,0.0007494374600363063,0.07770763187362562,0.06303248325333,3.1,-0.24204771371769473,-0.2832917705735658,0.12306660146926007,-0.004562795426326538
26820,"Idaho Falls, ID",2020,2,3.34,,394703.0,"Idaho Falls, ID",msa,ID,269436.184846501,0.1477556135804543,0.0377205760571129,"Idaho Falls, ID",963.342370950336,6.43333333333333,"Idaho Falls, ID",612.666666666667,"Idaho Falls, ID",158391.0,0.0452781627400514,0.0885081642751113,0.0244341626322608,2931.68761904762,3.34,,61877.0,1412.0,4.354383451791473,False,26.996197718631176,False,False,False,3.8479270111256576,0.7349961893175889,0.1477556135804543,0.03772057605711421,0.09836213678993766,0.02395464124995894,0.0009364404229243216,0.07395498392282951,0.08362369337979092,29.045643153526957,0.045278162740051364,0.0,0.0,-0.024434162632260836,-0.0007494374600363063,0.069746236805448,0.0806809657169012,2.13333333333333,0.20524590163934575,0.18093249826026514,0.017124992393438232,0.06629220382021028
26820,"Idaho Falls, ID",2020,3,3.48,,394703.0,"Idaho Falls, ID",msa,ID,277273.393771659,0.1419293835992214,0.0290874402397869,"Idaho Falls, ID",999.318410009084,3.7,"Idaho Falls, ID",614.0,"Idaho Falls, ID",158391.0,0.0452781627400514,0.0885081642751113,0.0244341626322608,3319.8340625,3.48,,61877.0,1412.0,4.481041320226562,False,29.850746268656714,False,False,False,3.980056898439474,0.8556254156538432,0.14192938359922147,0.029087440239784046,0.1033062204595836,0.0343379401251076,0.0013528820945167875,0.10828025477707004,0.07534246575342474,26.10441767068272,0.045278162740051364,0.0,0.0,0.0,0.0,0.07683260147911919,0.08931684521530392,2.13333333333333,0.0021762785636556536,0.28638774307601644,0.12237973724394036,0.037988254372415486
26820,"Idaho Falls, ID",2020,4,3.63,,394703.0,"Idaho Falls, ID",msa,ID,293851.923790032,0.1726167256476038,0.0597912760141168,"Idaho Falls, ID",1041.56546923275,3.0,"Idaho Falls, ID",395.0,"Idaho Falls, ID",158391.0,0.0452781627400514,0.0885081642751113,0.0244341626322608,3554.5015625,3.63,,61877.0,1412.0,4.7489684986349046,False,34.94423791821561,False,False,False,4.10764388039702,0.9949578743555971,0.17261672564760389,0.05979127601411971,0.11374162396108023,0.032056572358945656,0.0019711067266913545,0.12037037037037024,0.07641196013289053,27.559055118110255,0.045278162740051364,0.0,0.0,0.0,0.0,0.11975342140400214,0.06484129975467257,2.1,-0.3566775244299675,-0.07833256985799353,0.15302735438200687,0.14221561000009708
26820,"Idaho Falls, ID",2021,1,3.85,,394703.0,"Idaho Falls, ID",msa,ID,318367.322001544,0.226176509934699,0.0834277274598685,"Idaho Falls, ID",1072.53586531315,3.9,"Idaho Falls, ID",283.666666666667,"Idaho Falls, ID",162943.0,0.028739006635478,0.0977323560322294,-0.0165391561045733,3865.7068852459,3.85,,65307.0,1833.0,4.874934111221523,False,37.50000000000002,False,False,False,4.196103992017034,1.039786445090205,0.22617650993469907,0.0834277274598656,0.13253000341559873,0.03610325589867225,0.0032893359172472955,0.15269461077844326,0.06369426751592355,23.24723247232472,0.028739006635478015,-0.01653915610457335,0.024434162632260836,-0.01653915610457335,0.024434162632260836,0.1350151925709393,0.07770763187362562,2.96666666666667,-0.2818565400843873,-0.24204771371769473,0.26501058795554977,0.12306660146926007
26820,"Idaho Falls, ID",2021,2,4.29,,394703.0,"Idaho Falls, ID",msa,ID,349915.133040561,0.2986939124004788,0.0990924911535489,"Idaho Falls, ID",1140.83754942388,2.9,"Idaho Falls, ID",346.0,"Idaho Falls, ID",162943.0,0.028739006635478,0.0977323560322294,-0.0165391561045733,4183.62634920635,4.29,,65307.0,1833.0,5.3580034765118745,True,49.4773519163763,True,True,False,4.354383451791473,1.145511759349838,0.2986939124004788,0.09909249115354868,0.1477556135804543,0.03772057605711421,0.004654013687921661,0.284431137724551,0.07395498392282951,26.996197718631176,0.028739006635478015,0.0,0.0,0.01653915610457335,-0.024434162632260836,0.18424932176339892,0.069746236805448,6.43333333333333,0.21974148061104426,0.20524590163934575,0.42703687869904483,0.017124992393438232
26820,"Idaho Falls, ID",2024,2,6.83,,394703.0,"Idaho Falls, ID",msa,ID,398189.05913912,0.0191125284347193,0.0059762613696396,"Idaho Falls, ID",1375.31807823673,2.83333333333333,"Idaho Falls, ID",479.333333333333,"Idaho Falls, ID",171375.0,0.0167364761441438,0.0517481573310912,-0.000475144717402953,5246.62650793651,6.83,,80291.0,2114.0,4.959323699282859,False,59.2074592074592,False,False,False,5.054610421058021,1.3132708621120068,0.019112528434719334,0.005976261369637248,-0.08856353262324412,-0.010156273696048213,-0.02467823077079782,0.00589101620029453,0.13735343383584597,103.29341317365271,0.016736476144143753,0.0,0.0,0.0004751447174029533,-0.00027931938188818783,0.025184341644780117,0.008657721152452336,2.53333333333333,0.1559485530546605,-0.01453287197231834,0.24739314525733902,0.02445541834858167
26820,"Idaho Falls, ID",2024,3,7.33,,394703.0,"Idaho Falls, ID",msa,ID,399365.832139101,0.0146554099737357,0.0029553122391772,"Idaho Falls, ID",1383.97635755572,2.86666666666667,"Idaho Falls, ID",616.333333333333,"Idaho Falls, ID",171375.0,0.0167364761441438,0.0517481573310912,-0.000475144717402953,5543.46921875,7.33,,80291.0,2114.0,4.973980049309399,False,55.957446808510625,False,False,False,5.0918175862931045,1.2393493407351275,0.014655409973735711,0.0029553122391789977,-0.0799147414261766,0.0073610352006705515,-0.03598861174570776,0.1089258698940998,0.03281249999999991,89.9425287356322,0.016736476144143753,0.0,0.0,0.0,0.0,0.0225881582700711,0.016133822586173796,2.53333333333333,0.2858136300417249,0.21910112359550538,0.24344959483489204,0.12003623683289799
26820,"Idaho Falls, ID",2024,4,7.45,,394703.0,"Idaho Falls, ID",msa,ID,404266.690170627,0.019560696950339,0.0122716007157546,"Idaho Falls, ID",1376.2907473383,2.86666666666667,"Idaho Falls, ID",599.333333333333,"Idaho Falls, ID",171375.0,0.0167364761441438,0.0517481573310912,-0.000475144717402953,5907.04296875,7.45,,80291.0,2114.0,5.035018746442652,True,52.977412731006154,True,True,False,5.1295040777601555,1.1907924296363586,0.019560696950339018,0.012271600715754172,-0.030327529208605153,0.0074013828713150875,-0.042445555549033606,0.08127721335268512,0.09018987341772133,89.80716253443526,0.016736476144143753,0.0,0.0,0.0,0.0,0.031250953078144184,0.009170813464598249,2.43333333333333,-0.02758247701460248,-0.048963133640554046,0.3229933232101212,0.15912210409729033
26820,"Idaho Falls, ID",2025,2,7.2,,394703.0,"Idaho Falls, ID",msa,ID,408097.06037512,0.0248826556345396,-0.0028562475454602,"Idaho Falls, ID",1402.33042647393,2.9,"Idaho Falls, ID",617.333333333333,"Idaho Falls, ID",173851.0,0.0144478482859227,0.0491786460030657,-0.002288627858221,5732.06048387097,7.2,,,,,False,20.603015075376895,False,False,False,4.959323699282859,1.111396688157201,0.02488265563453962,-0.002856247545459434,0.019112528434719334,0.005976261369637248,-0.03961896029672586,0.05417276720351394,0.00589101620029453,59.2074592074592,0.014447848285922715,0.0,0.0,0.0022886278582210373,0.0004751447174029533,0.019640800673421,0.025184341644780117,2.83333333333333,0.22163588390501343,0.1559485530546605,0.09252306700317803,0.24739314525733902
26820,"Idaho Falls, ID",2025,3,7.57,,394703.0,"Idaho Falls, ID",msa,ID,404858.184198247,0.013752683923228,-0.0079365339556614,"Idaho Falls, ID",1400.64269490634,2.83333333333333,"Idaho Falls, ID",733.666666666667,"Idaho Falls, ID",173851.0,0.0144478482859227,0.0491786460030657,-0.002288627858221,6427.73875,7.57,,,,,False,18.281250000000004,False,False,False,4.973980049309399,0.9939231508699251,0.013752683923228037,-0.007936533955662184,0.014655409973735711,0.0029553122391789977,-0.030637298437128913,0.032742155525238736,0.1089258698940998,55.957446808510625,0.014447848285922715,0.0,0.0,0.0,0.0,0.012042356980761504,0.0225881582700711,2.86666666666667,0.18844492440604865,0.2858136300417249,0.1595155481803856,0.24344959483489204
26820,"Idaho Falls, ID",2025,4,7.49,,394703.0,"Idaho Falls, ID",msa,ID,407920.907716967,0.00903912599081,0.0075649292474733,"Idaho Falls, ID",1385.49869472437,3.0,"Idaho Falls, ID",714.333333333333,"Idaho Falls, ID",173851.0,0.0144478482859227,0.0491786460030657,-0.002288627858221,6777.5671875,7.49,,,,,False,18.51265822784809,False,False,False,5.035018746442652,0.927374866045632,0.009039125990810026,0.0075649292474726515,0.019560696950339018,0.012271600715754172,-0.020109578118777248,0.005369127516778427,0.08127721335268512,52.977412731006154,0.014447848285922715,0.0,0.0,0.0,0.0,0.006690408552028515,0.031250953078144184,2.86666666666667,-0.026351658337120276,-0.02758247701460248,0.14737055805338306,0.3229933232101212
27260,"Jacksonville, FL",2019,2,1.86,312.4,394714.0,"Jacksonville, FL",msa,FL,231423.636175406,0.0656035097342206,0.0098870436847848,"Jacksonville, FL",1200.53584187547,3.16666666666667,"Jacksonville, FL",10709.0,"Jacksonville, FL",1559514.0,0.0175191806678963,0.056564836726799,-0.000839220775793015,2882.32777777778,1.86,,61723.0,626.0,3.74939060278026,False,12.048192771084354,False,False,False,3.683635877738504,0.8662921590051234,0.06560350973422069,0.009887043684783547,0.08662652168847296,0.021306527161570665,0.0019108295374561767,0.027624309392265234,0.04022988505747138,16.774193548387096,0.01751918066789626,0.0,0.0,0.0008392207757930148,0.0012957638369330837,0.044503595984152655,0.05005665838846296,3.53333333333333,0.11633482747836954,0.11595339457763831,0.06629220382021028,0.12725771232385252
27260,"Jacksonville, FL",2019,3,1.85,309.82,394714.0,"Jacksonville, FL",msa,FL,233586.903804087,0.0531839037194379,0.0093476520567739,"Jacksonville, FL",1211.52011840458,3.36666666666667,"Jacksonville, FL",9871.0,"Jacksonville, FL",1559514.0,0.0175191806678963,0.056564836726799,-0.000839220775793015,2957.8528125,1.85,,61723.0,626.0,3.7844386015599856,False,11.44578313253013,False,False,False,3.761914325484234,0.8464596714117092,0.05318390371943793,0.009347652056773459,0.08732103446520045,0.021250321786361548,0.0014122081239607853,0.0,0.04519774011299438,19.354838709677423,0.01751918066789626,0.0,0.0,0.0,0.0,0.040660275133578505,0.05022591293407608,3.63333333333333,-0.07825193762256044,0.05243784091289028,0.037988254372415486,0.15500598332389925
27260,"Jacksonville, FL",2019,4,1.91,322.47,394714.0,"Jacksonville, FL",msa,FL,236050.177649356,0.0452250714178505,0.0105454278692549,"Jacksonville, FL",1215.70516747825,2.93333333333333,"Jacksonville, FL",9027.66666666667,"Jacksonville, FL",1559514.0,0.0175191806678963,0.056564836726799,-0.000839220775793015,3082.755625,1.91,,61723.0,626.0,3.8243471258583672,False,11.695906432748536,False,False,False,3.830532369407195,0.8276756631084656,0.04522507141785059,0.010545427869256718,0.08231962971628914,0.01824019315328984,0.0011278034294072976,0.021390374331550666,0.027472527472527597,15.432098765432102,0.01751918066789626,0.0,0.0,0.0,0.0,0.04006655478756338,0.05397916737020991,3.26666666666667,-0.08543545064667513,-0.05519872813990123,0.14221561000009708,0.036741721225998614
27260,"Jacksonville, FL",2020,1,1.91,331.57,394714.0,"Jacksonville, FL",msa,FL,240487.414015553,0.0494395801450779,0.0187978522633814,"Jacksonville, FL",1227.67994709482,3.43333333333333,"Jacksonville, FL",8517.0,"Jacksonville, FL",1613022.0,0.0343106890992964,0.0717519150742874,0.0167915084314001,3055.86919354839,1.91,,63064.0,849.0,3.8133866233596505,False,9.770114942528728,False,False,False,3.712683142363949,0.6160814436619493,0.04943958014507799,0.018797852263379156,0.07765301739778718,0.0147063995291008,0.0006818424024871453,0.0,0.021390374331550666,14.371257485029943,0.034310689099296354,0.016791508431400093,-0.0008392207757930148,0.016791508431400093,-0.0008392207757930148,0.040507952138708836,0.04737267493146846,3.43333333333333,-0.05656685005353945,-0.03146664871777638,0.12306660146926007,-0.004562795426326538
27260,"Jacksonville, FL",2020,2,1.87,334.88,394714.0,"Jacksonville, FL",msa,FL,243544.524170431,0.0523753242985001,0.012712141994589,"Jacksonville, FL",1237.96313269744,10.0666666666667,"Jacksonville, FL",8725.33333333333,"Jacksonville, FL",1613022.0,0.0343106890992964,0.0717519150742874,0.0167915084314001,2931.68761904762,1.87,,63064.0,849.0,3.861862935596077,False,7.471264367816088,False,False,False,3.74939060278026,0.5909552267086022,0.052375324298500114,0.012712141994592141,0.06560350973422069,0.009887043684783547,2.9520519959088045e-05,0.005376344086021501,0.027624309392265234,12.048192771084354,0.034310689099296354,0.0,0.0,-0.016791508431400093,0.0008392207757930148,0.031175488074975943,0.044503595984152655,3.16666666666667,0.024460882157253838,0.11633482747836954,0.017124992393438232,0.06629220382021028
27260,"Jacksonville, FL",2020,3,1.9,342.28,394714.0,"Jacksonville, FL",msa,FL,246105.621684523,0.0535934064648404,0.0105159314208181,"Jacksonville, FL",1259.77086348347,7.63333333333333,"Jacksonville, FL",7958.33333333333,"Jacksonville, FL",1613022.0,0.0343106890992964,0.0717519150742874,0.0167915084314001,3319.8340625,1.9,,63064.0,849.0,3.902474021383404,False,7.34463276836157,False,False,False,3.7844386015599856,0.5958338690219676,0.053593406464840454,0.010515931420818081,0.05318390371943793,0.009347652056773459,-0.0010834481524953342,0.027027027027026973,0.0,11.44578313253013,0.034310689099296354,0.0,0.0,0.0,0.0,0.039826614800611226,0.040660275133578505,3.36666666666667,-0.08790495110024454,-0.07825193762256044,0.12237973724394036,0.037988254372415486
27260,"Jacksonville, FL",2020,4,1.94,354.33,394714.0,"Jacksonville, FL",msa,FL,254192.262340366,0.0768568991206581,0.0328584150190983,"Jacksonville, FL",1281.39245111726,5.16666666666667,"Jacksonville, FL",6370.66666666667,"Jacksonville, FL",1613022.0,0.0343106890992964,0.0717519150742874,0.0167915084314001,3554.5015625,1.94,,63064.0,849.0,4.030703132379266,False,6.593406593406592,False,False,False,3.8243471258583672,0.6054565349541288,0.07685689912065818,0.03285841501909714,0.04522507141785059,0.010545427869256718,-0.0023822761606725135,0.015706806282722585,0.021390374331550666,11.695906432748536,0.034310689099296354,0.0,0.0,0.0,0.0,0.05403224844002752,0.04006655478756338,2.93333333333333,-0.1994973821989522,-0.08543545064667513,0.15302735438200687,0.14221561000009708
27260,"Jacksonville, FL",2021,1,2.01,373.72,394714.0,"Jacksonville, FL",msa,FL,265141.658475472,0.1025178159981567,0.0430752534884213,"Jacksonville, FL",1311.23280687452,4.76666666666667,"Jacksonville, FL",5367.66666666667,"Jacksonville, FL",1642298.0,0.0181497834499467,0.0715323590378316,-0.0161609056493497,3865.7068852459,2.01,,66664.0,1045.0,3.97728396849082,False,7.486631016042766,False,False,False,3.8133866233596505,0.5468078280384265,0.10251781599815679,0.04307525348841912,0.04943958014507799,0.018797852263379156,-0.0033170002891773215,0.05235602094240832,0.0,9.770114942528728,0.018149783449946666,-0.01616090564934969,0.016791508431400093,-0.01616090564934969,0.016791508431400093,0.0680575258864653,0.040507952138708836,3.43333333333333,-0.1574403516115529,-0.05656685005353945,0.26501058795554977,0.12306660146926007
27260,"Jacksonville, FL",2021,2,2.17,390.66,394714.0,"Jacksonville, FL",msa,FL,279230.388614004,0.146527065492962,0.0531366146668162,"Jacksonville, FL",1380.68935487004,4.4,"Jacksonville, FL",5536.0,"Jacksonville, FL",1642298.0,0.0181497834499467,0.0715323590378316,-0.0161609056493497,4183.62634920635,2.17,,66664.0,1045.0,4.188623374145026,False,19.889502762430933,False,False,False,3.861862935596077,0.5542686214999386,0.14652706549296202,0.053136614666817295,0.052375324298500114,0.012712141994592141,-0.0038843586171223607,0.160427807486631,0.005376344086021501,7.471264367816088,0.018149783449946666,0.0,0.0,0.01616090564934969,-0.016791508431400093,0.1152911733822064,0.031175488074975943,10.0666666666667,0.031360616034278754,0.024460882157253838,0.42703687869904483,0.017124992393438232
27260,"Jacksonville, FL",2021,3,2.33,420.91,394714.0,"Jacksonville, FL",msa,FL,295556.348193965,0.2009329416003007,0.0584677035368402,"Jacksonville, FL",1483.96319407827,4.23333333333333,"Jacksonville, FL",6126.0,"Jacksonville, FL",1642298.0,0.0181497834499467,0.0715323590378316,-0.0161609056493497,4421.670625,2.33,,66664.0,1045.0,4.433522563812027,False,25.945945945945947,False,False,False,3.902474021383404,0.5303187271605303,0.20093294160030073,0.05846770353684261,0.053593406464840454,0.010515931420818081,-0.0041041736351862205,0.22631578947368425,0.027027027027026973,7.34463276836157,0.018149783449946666,0.0,0.0,0.0,0.0,0.17796278441848679,0.039826614800611226,7.63333333333333,0.10657514450867045,-0.08790495110024454,0.3318950711862574,0.12237973724394036
27260,"Jacksonville, FL",2021,4,2.5,450.23,394714.0,"Jacksonville, FL",msa,FL,309384.481618534,0.217127849486878,0.0467867921263345,"Jacksonville, FL",1541.3098975228,3.4,"Jacksonville, FL",5986.0,"Jacksonville, FL",1642298.0,0.0181497834499467,0.0715323590378316,-0.0161609056493497,4602.10890625,2.5,,66664.0,1045.0,4.640952862392506,False,33.68983957219251,False,False,False,4.030703132379266,0.5822379394988086,0.21712784948687802,0.046786792126332744,0.07685689912065818,0.03285841501909714,-0.0031819996774550947,0.2886597938144331,0.015706806282722585,6.593406593406592,0.018149783449946666,0.0,0.0,0.0,0.0,0.20283984518475595,0.05403224844002752,5.16666666666667,-0.02285341168788768,-0.1994973821989522,0.2947269329692408,0.15302735438200687
27260,"Jacksonville, FL",2022,1,2.69,461.5,394714.0,"Jacksonville, FL",msa,FL,330119.420214993,0.2450680972320011,0.0670199697411606,"Jacksonville, FL",1568.48799330524,3.23333333333333,"Jacksonville, FL",4743.66666666667,"Jacksonville, FL",1683120.0,0.0248566338143261,0.0792593077074011,0.0067068503643794,4463.85548387097,2.69,,73194.0,887.0,4.510197833360563,False,40.83769633507855,False,False,False,3.97728396849082,0.5833815644408955,0.24506809723200118,0.06701996974116109,0.10251781599815679,0.04307525348841912,-0.0010604742308389834,0.3383084577114428,0.05235602094240832,7.486631016042766,0.024856633814326123,0.0067068503643794575,-0.01616090564934969,0.0067068503643794575,-0.01616090564934969,0.19619337243698043,0.0680575258864653,4.76666666666667,-0.20753981512417818,-0.1574403516115529,0.154732010569141,0.26501058795554977
27260,"Jacksonville, FL",2022,2,3.15,500.27,394714.0,"Jacksonville, FL",msa,FL,356357.186848849,0.2762120506212586,0.079479621698016,"Jacksonville, FL",1615.47410684601,2.93333333333333,"Jacksonville, FL",5307.33333333333,"Jacksonville, FL",1683120.0,0.0248566338143261,0.0792593077074011,0.0067068503643794,4105.66709677419,3.15,,73194.0,887.0,4.868666650939271,False,69.35483870967741,False,False,False,4.188623374145026,0.7312936721830421,0.27621205062125864,0.07947962169801581,0.14652706549296202,0.053136614666817295,0.002689564489579705,0.4516129032258065,0.160427807486631,19.889502762430933,0.024856633814326123,0.0,0.0,-0.0067068503643794575,0.01616090564934969,0.17004893327222725,0.1152911733822064,4.4,0.11882510013350989,0.031360616034278754,-0.018634372653033138,0.42703687869904483
27260,"Jacksonville, FL",2022,3,3.6,500.76,394714.0,"Jacksonville, FL",msa,FL,369770.616660845,0.2511002349310913,0.0376404077341805,"Jacksonville, FL",1648.39742811878,3.03333333333333,"Jacksonville, FL",6990.66666666667,"Jacksonville, FL",1683120.0,0.0248566338143261,0.0792593077074011,0.0067068503643794,3980.35109375,3.6,,73194.0,887.0,5.051925248802429,True,94.59459459459458,True,True,False,4.433522563812027,0.9140687214573564,0.25110023493109135,0.03764040773417987,0.20093294160030073,0.05846770353684261,0.008144820747303307,0.5450643776824033,0.22631578947368425,25.945945945945947,0.024856633814326123,0.0,0.0,0.0,0.0,0.11080748814841379,0.17796278441848679,4.23333333333333,0.3171712096470305,0.10657514450867045,-0.0998083232963558,0.3318950711862574
27260,"Jacksonville, FL",2023,2,3.84,512.28,394714.0,"Jacksonville, FL",msa,FL,360975.483482394,0.0129597404064811,-0.0078546166913626,"Jacksonville, FL",1660.22051788607,2.86666666666667,"Jacksonville, FL",7224.66666666667,"Jacksonville, FL",1726282.0,0.0256440420172062,0.070216029291603,0.000787408202880036,4206.07290322581,3.84,,77013.0,1103.0,4.687201946196019,False,105.34759358288768,False,False,False,4.868666650939271,1.328077638979254,0.01295974040648118,-0.00785461669136267,0.27621205062125864,0.07947962169801581,0.022632743755632335,0.21904761904761894,0.4516129032258065,69.35483870967741,0.02564404201720616,0.0,0.0,-0.0007874082028800355,-0.0067068503643794575,0.027698624725976728,0.17004893327222725,2.93333333333333,-0.018432136225713602,0.11882510013350989,0.02445541834858167,-0.018634372653033138
27260,"Jacksonville, FL",2023,3,3.95,524.65,394714.0,"Jacksonville, FL",msa,FL,361583.731511809,-0.0221404426965191,0.001685012022278,"Jacksonville, FL",1668.12740304369,3.36666666666667,"Jacksonville, FL",7212.66666666667,"Jacksonville, FL",1726282.0,0.0256440420172062,0.070216029291603,0.000787408202880036,4458.13746031746,3.95,,77013.0,1103.0,4.695099937826198,False,107.89473684210526,False,False,False,5.051925248802429,1.4384071459410852,-0.022140442696519158,0.0016850120222766662,0.25110023493109135,0.03764040773417987,0.024085098026257693,0.09722222222222232,0.5450643776824033,94.59459459459458,0.02564404201720616,0.0,0.0,0.0,0.0,0.011969185700214657,0.11080748814841379,3.03333333333333,-0.0016609762849496557,0.3171712096470305,0.12003623683289799,-0.0998083232963558
27260,"Jacksonville, FL",2023,4,4.04,519.8,394714.0,"Jacksonville, FL",msa,FL,362541.625957636,-0.0190456413544134,0.002649163561154,"Jacksonville, FL",1644.70830681703,3.16666666666667,"Jacksonville, FL",7335.66666666667,"Jacksonville, FL",1726282.0,0.0256440420172062,0.070216029291603,0.000787408202880036,4464.90761904762,4.04,,77013.0,1103.0,4.7075380254974615,False,108.24742268041238,False,False,False,5.049328142616361,1.3528961089588831,-0.019045641354413445,0.0026491635611534115,0.1945671034862979,-0.0005140824652311027,0.021617305694656936,0.002481389578163684,0.6120000000000001,110.99476439790577,0.02564404201720616,0.0,0.0,0.0,0.0,0.002113539778804796,0.06483419364485199,2.7,0.017053332100933627,0.09164600419607005,0.15912210409729033,-0.1629981883235685
27260,"Jacksonville, FL",2024,1,4.45,522.2,394714.0,"Jacksonville, FL",msa,FL,364210.51477464,0.0010369050554801,0.0046033026210297,"Jacksonville, FL",1646.25003038724,3.3,"Jacksonville, FL",7995.0,"Jacksonville, FL",1759347.0,0.019153880999744,0.0712714744827065,-0.0064901610174621,4992.54098360656,4.45,,79643.0,1023.0,4.573038619522619,False,121.39303482587067,False,False,False,4.724309587134289,1.117521830694392,0.0010369050554801529,0.004603302621031924,0.10212617602752228,-0.015550791944843212,0.014741311780086006,0.08801955990220067,0.520446096654275,114.13612565445028,0.019153880999744022,-0.006490161017462137,0.0007874082028800355,-0.006490161017462137,0.0007874082028800355,0.0049051652344644925,0.04445448448319156,2.83333333333333,0.0898804925705452,-0.035511487726041735,0.248115115012689,-0.10389918970668588
27260,"Jacksonville, FL",2024,2,3.98,523.27,394714.0,"Jacksonville, FL",msa,FL,365910.913513827,0.0136724798698792,0.0046687250098729,"Jacksonville, FL",1669.13608911112,3.3,"Jacksonville, FL",9931.33333333333,"Jacksonville, FL",1759347.0,0.019153880999744,0.0712714744827065,-0.0064901610174621,5246.62650793651,3.98,,79643.0,1023.0,4.594388879296699,False,83.41013824884793,False,False,False,4.687201946196019,1.0035660684575154,0.013672479869879295,0.0046687250098729205,0.01295974040648118,-0.00785461669136267,0.004200844755019086,0.03645833333333326,0.21904761904761894,105.34759358288768,0.019153880999744022,0.0,0.0,0.006490161017462137,-0.0007874082028800355,0.005370112662143267,0.027698624725976728,2.86666666666667,0.2421930373149881,-0.018432136225713602,0.24739314525733902,0.02445541834858167
27260,"Jacksonville, FL",2024,3,4.16,522.88,394714.0,"Jacksonville, FL",msa,FL,363817.583206713,0.0061779651577911,-0.0057208742068154,"Jacksonville, FL",1674.06185464873,3.76666666666667,"Jacksonville, FL",10825.0,"Jacksonville, FL",1759347.0,0.019153880999744,0.0712714744827065,-0.0064901610174621,5543.46921875,4.16,,79643.0,1023.0,4.568104958461046,False,78.54077253218885,False,False,False,4.695099937826198,0.9331856123419637,0.006177965157791121,-0.005720874206816773,-0.022140442696519158,0.0016850120222766662,-0.007358628487483288,0.05316455696202538,0.09722222222222232,107.89473684210526,0.019153880999744022,0.0,0.0,0.0,0.0,0.003557552974797984,0.011969185700214657,3.36666666666667,0.08998456064979554,-0.0016609762849496557,0.24344959483489204,0.12003623683289799
27260,"Jacksonville, FL",2024,4,4.23,534.19,394714.0,"Jacksonville, FL",msa,FL,361821.816868934,-0.0019854522547601,-0.0054856236474,"Jacksonville, FL",1662.55272510473,3.43333333333333,"Jacksonville, FL",10525.3333333333,"Jacksonville, FL",1759347.0,0.019153880999744,0.0712714744827065,-0.0064901610174621,5907.04296875,4.23,,79643.0,1023.0,4.543046053877102,False,69.20000000000002,False,False,False,4.7075380254974615,0.8770056560902666,-0.0019854522547601006,-0.005485623647400906,-0.019045641354413445,0.0026491635611534115,-0.01721203208798739,0.04702970297029707,0.002481389578163684,108.24742268041238,0.019153880999744022,0.0,0.0,0.0,0.0,0.010849594553476782,0.002113539778804796,3.16666666666667,-0.027682832948424996,0.017053332100933627,0.3229933232101212,0.15912210409729033
27260,"Jacksonville, FL",2025,1,4.62,538.22,394714.0,"Jacksonville, FL",msa,FL,360568.970812622,-0.009998459172084,-0.0034626050666442,"Jacksonville, FL",1665.68886962206,3.63333333333333,"Jacksonville, FL",10635.3333333333,"Jacksonville, FL",1785500.0,0.0148651744084596,0.0608275108132517,-0.0042887065912844,5894.81783333333,4.62,,,,,False,71.74721189591078,False,False,False,4.573038619522619,0.8603554771586706,-0.009998459172084084,-0.0034626050666420882,0.0010369050554801529,0.004603302621031924,-0.024455977608538834,0.038202247191011285,0.08801955990220067,121.39303482587067,0.01486517440845958,-0.004288706591284441,-0.006490161017462137,-0.004288706591284441,-0.006490161017462137,0.01180795072194929,0.0049051652344644925,3.3,0.0104509754243729,0.0898804925705452,0.18072497605717697,0.248115115012689
27260,"Jacksonville, FL",2025,2,4.44,526.72,394714.0,"Jacksonville, FL",msa,FL,356748.918541596,-0.0250388677513025,-0.0105945119526392,"Jacksonville, FL",1681.50178057069,3.8,"Jacksonville, FL",12458.3333333333,"Jacksonville, FL",1785500.0,0.0148651744084596,0.0608275108132517,-0.0042887065912844,5732.06048387097,4.44,,,,,False,40.95238095238096,False,False,False,4.594388879296699,0.844998276516439,-0.025038867751302596,-0.010594511952641605,0.013672479869879295,0.0046687250098729205,-0.02850386233092171,0.11557788944723635,0.03645833333333326,83.41013824884793,0.01486517440845958,0.0,0.0,0.004288706591284441,0.006490161017462137,0.007408438137692652,0.005370112662143267,3.3,0.17140976618817838,0.2421930373149881,0.09252306700317803,0.24739314525733902
27260,"Jacksonville, FL",2025,3,4.57,517.46,394714.0,"Jacksonville, FL",msa,FL,351924.308643819,-0.0326902137551073,-0.013523824872407,"Jacksonville, FL",1686.03647024545,4.36666666666667,"Jacksonville, FL",12452.0,"Jacksonville, FL",1785500.0,0.0148651744084596,0.0608275108132517,-0.0042887065912844,6427.73875,4.57,,,,,False,26.94444444444446,False,False,False,4.568104958461046,0.78366635690106,-0.03269021375510739,-0.013523824872406554,0.006177965157791121,-0.005720874206816773,-0.02943795020432347,0.09855769230769229,0.05316455696202538,78.54077253218885,0.01486517440845958,0.0,0.0,0.0,0.0,0.0071530305546758655,0.003557552974797984,3.76666666666667,-0.0005083612040106544,0.08998456064979554,0.1595155481803856,0.24344959483489204
27260,"Jacksonville, FL",2025,4,4.31,518.71,394714.0,"Jacksonville, FL",msa,FL,349956.711500111,-0.0327926753325685,-0.0055909668510559,"Jacksonville, FL",1673.86651480888,4.9,"Jacksonville, FL",11213.3333333333,"Jacksonville, FL",1785500.0,0.0148651744084596,0.0608275108132517,-0.0042887065912844,6777.5671875,4.31,,,,,False,6.9478908188585375,False,False,False,4.543046053877102,0.718698928018735,-0.03279267533256858,-0.005590966851054979,-0.0019854522547601006,-0.005485623647400906,-0.028587960581667696,0.01891252955082723,0.04702970297029707,69.20000000000002,0.01486517440845958,0.0,0.0,0.0,0.0,0.006805071221688497,0.010849594553476782,3.43333333333333,-0.09947531855659342,-0.027682832948424996,0.14737055805338306,0.3229933232101212
28420,"Kennewick-Richland, WA",2019,2,2.19,,394741.0,"Kennewick, WA",msa,WA,297407.744156474,0.1158949867701699,0.0277251741397899,"Kennewick, WA",1180.45563867585,5.46666666666667,"Kennewick, WA",878.666666666667,"Kennewick-Richland, WA",299612.0,0.0146398951535613,0.056113474777312,-0.0032610755595818,2882.32777777778,2.19,,67310.0,1607.0,4.418477851084148,False,24.431818181818187,False,False,False,4.138758204264954,0.8824163120304696,0.11589498677016996,0.027725174139789477,0.10938152776132615,0.018678481762821386,0.0052342173833385556,0.06829268292682933,0.06770833333333326,23.493975903614462,0.014639895153561344,0.0,0.0,0.003261075559581883,0.004669201973528603,0.0397084331840436,0.03401206678050417,5.23333333333333,0.03494307027875965,0.13879142300194958,0.06629220382021028,0.12725771232385252
28420,"Kennewick-Richland, WA",2019,3,2.21,,394741.0,"Kennewick, WA",msa,WA,305016.896383001,0.1115162263618061,0.0255849162506119,"Kennewick, WA",1206.78734618615,5.0,"Kennewick, WA",1046.66666666667,"Kennewick-Richland, WA",299612.0,0.0146398951535613,0.056113474777312,-0.0032610755595818,2957.8528125,2.21,,67310.0,1607.0,4.5315242368593225,False,24.858757062146886,False,False,False,4.2613695564507115,1.0154680957562894,0.11151622636180614,0.025584916250612544,0.11388428865982148,0.029625154728635028,0.003939005384645299,0.05238095238095242,0.09375,22.807017543859654,0.014639895153561344,0.0,0.0,0.0,0.0,0.03940945494322157,0.046177107856531174,4.83333333333333,0.19119878603945706,0.19068812050667217,0.037988254372415486,0.15500598332389925
28420,"Kennewick-Richland, WA",2019,4,2.24,,394741.0,"Kennewick, WA",msa,WA,312461.698343744,0.1036099639586971,0.0244078346118706,"Kennewick, WA",1207.31835406978,5.2,"Kennewick, WA",1045.33333333333,"Kennewick-Richland, WA",299612.0,0.0146398951535613,0.056113474777312,-0.0032610755595818,3082.755625,2.24,,67310.0,1607.0,4.6421289309722775,False,23.076923076923084,False,False,False,4.396653947159885,1.1746016083786306,0.10360996395869715,0.02440783461187257,0.11219549826640551,0.03174669291575194,0.0029788285716710054,0.04672897196261694,0.09183673469387754,24.418604651162788,0.014639895153561344,0.0,0.0,0.0,0.0,0.047417410456050746,0.03283833214641829,5.76666666666667,-0.0012738853503246883,-0.07734330074755069,0.14221561000009708,0.036741721225998614
28420,"Kennewick-Richland, WA",2020,1,2.29,,394741.0,"Kennewick, WA",msa,WA,319337.586296358,0.1035061558892511,0.0220055385638016,"Kennewick, WA",1208.33762683285,6.36666666666667,"Kennewick, WA",826.0,"Kennewick-Richland, WA",304545.0,0.01646462758501,0.0498076498814186,0.0018247324314486,3055.86919354839,2.29,,70545.0,2026.0,4.526721756274123,False,19.895287958115194,False,False,False,4.299279576159486,1.098411864921356,0.10350615588925116,0.02200553856380094,0.10607216747535175,0.022101679778197436,0.00200208125358181,0.040909090909090784,0.08910891089108919,25.714285714285733,0.016464627585009994,0.0018247324314486502,-0.003261075559581883,0.0018247324314486502,-0.003261075559581883,0.04527395862779837,0.03790874712265069,8.03333333333333,-0.20982142857142616,-0.2062947958865714,0.12306660146926007,-0.004562795426326538
28420,"Kennewick-Richland, WA",2020,2,2.31,,394741.0,"Kennewick, WA",msa,WA,323534.091391487,0.0878468962168894,0.013141281437614,"Kennewick, WA",1211.25391002801,11.8,"Kennewick, WA",800.333333333333,"Kennewick-Richland, WA",304545.0,0.01646462758501,0.0498076498814186,0.0018247324314486,2931.68761904762,2.31,,70545.0,2026.0,4.586208680863094,False,20.3125,False,False,False,4.418477851084148,1.1832203174922125,0.08784689621688946,0.013141281437614616,0.11589498677016996,0.027725174139789477,0.0016201454221342756,0.0547945205479452,0.06829268292682933,24.431818181818187,0.016464627585009994,0.0,0.0,-0.0018247324314486502,0.003261075559581883,0.026090155651005587,0.0397084331840436,5.46666666666667,-0.03107344632768394,0.03494307027875965,0.017124992393438232,0.06629220382021028
28420,"Kennewick-Richland, WA",2020,3,2.35,,394741.0,"Kennewick, WA",msa,WA,326955.735067035,0.0719266340461546,0.0105758365705204,"Kennewick, WA",1245.03035983126,8.43333333333333,"Kennewick, WA",897.0,"Kennewick-Richland, WA",304545.0,0.01646462758501,0.0498076498814186,0.0018247324314486,3319.8340625,2.35,,70545.0,2026.0,4.634711674350203,False,22.39583333333335,False,False,False,4.5315242368593225,1.2772921488658797,0.07192663404615462,0.01057583657051997,0.11151622636180614,0.025584916250612544,0.001084867396738414,0.06334841628959276,0.05238095238095242,24.858757062146886,0.016464627585009994,0.0,0.0,0.0,0.0,0.03168993589961877,0.03940945494322157,5.0,0.1207830070803837,0.19119878603945706,0.12237973724394036,0.037988254372415486
28420,"Kennewick-Richland, WA",2020,4,2.41,,394741.0,"Kennewick, WA",msa,WA,336673.891336443,0.0774885149797235,0.029723155849877,"Kennewick, WA",1274.46676267399,6.63333333333333,"Kennewick, WA",786.333333333333,"Kennewick-Richland, WA",304545.0,0.01646462758501,0.0498076498814186,0.0018247324314486,3554.5015625,2.41,,70545.0,2026.0,4.77246993176615,False,22.959183673469408,False,False,False,4.6421289309722775,1.3814796244745642,0.07748851497972353,0.02972315584987517,0.10360996395869715,0.02440783461187257,0.0002385905034501598,0.0758928571428572,0.04672897196261694,23.076923076923084,0.016464627585009994,0.0,0.0,0.0,0.0,0.055617814785849706,0.047417410456050746,5.2,-0.12337421033073237,-0.0012738853503246883,0.15302735438200687,0.14221561000009708
28420,"Kennewick-Richland, WA",2021,1,2.49,,394741.0,"Kennewick, WA",msa,WA,347966.106712577,0.0896497050292433,0.0335405140306808,"Kennewick, WA",1291.10801122014,7.7,"Kennewick, WA",556.333333333333,"Kennewick-Richland, WA",308708.0,0.0136695726411531,0.0454436162539071,-0.0027950549438569,3865.7068852459,2.49,,75505.0,1543.0,4.608517405636408,False,23.267326732673265,False,False,False,4.526721756274123,1.212138726595248,0.0896497050292433,0.033540514030681035,0.10350615588925116,0.02200553856380094,-0.0004317031667497796,0.0873362445414847,0.040909090909090784,19.895287958115194,0.013669572641153094,-0.0027950549438569006,0.0018247324314486502,-0.0027950549438569006,0.0018247324314486502,0.06849938506362485,0.04527395862779837,6.36666666666667,-0.2924968206867318,-0.20982142857142616,0.26501058795554977,0.12306660146926007
28420,"Kennewick-Richland, WA",2021,2,2.67,,394741.0,"Kennewick, WA",msa,WA,362302.318401535,0.1198273320851901,0.0412000232562864,"Kennewick, WA",1362.440896753,5.16666666666667,"Kennewick, WA",467.0,"Kennewick-Richland, WA",308708.0,0.0136695726411531,0.0454436162539071,-0.0027950549438569,4183.62634920635,2.67,,75505.0,1543.0,4.798388429925634,False,30.243902439024396,False,False,False,4.586208680863094,1.2175855317069049,0.11982733208519014,0.041200023256287466,0.08784689621688946,0.013141281437614616,-0.0016158978399951232,0.1558441558441559,0.0547945205479452,20.3125,0.013669572641153094,0.0,0.0,0.0027950549438569006,-0.0018247324314486502,0.12481857476232538,0.026090155651005587,11.8,-0.16057519472738124,-0.03107344632768394,0.42703687869904483,0.017124992393438232
28420,"Kennewick-Richland, WA",2021,3,2.85,,394741.0,"Kennewick, WA",msa,WA,379734.905730006,0.1614260433515557,0.0481161351806494,"Kennewick, WA",1415.60996849247,5.13333333333333,"Kennewick, WA",573.666666666667,"Kennewick-Richland, WA",308708.0,0.0136695726411531,0.0454436162539071,-0.0027950549438569,4421.670625,2.85,,75505.0,1543.0,5.029268336269201,True,35.71428571428572,True,True,False,4.634711674350203,1.2080624934643907,0.16142604335155575,0.04811613518064961,0.07192663404615462,0.01057583657051997,-0.003101488640088091,0.2127659574468086,0.06334841628959276,22.39583333333335,0.013669572641153094,0.0,0.0,0.0,0.0,0.13700839285905353,0.03168993589961877,8.43333333333333,0.22840827980014344,0.1207830070803837,0.3318950711862574,0.12237973724394036
28420,"Kennewick-Richland, WA",2022,2,3.53,,394741.0,"Kennewick, WA",msa,WA,429964.122051682,0.1867550943330103,0.0546014659478564,"Kennewick, WA",1516.96194688364,4.2,"Kennewick, WA",535.666666666667,"Kennewick-Richland, WA",311263.0,0.0082764295062001,0.0388869604688731,-0.0053931431349529,4105.66709677419,3.53,,82146.0,1701.0,5.234145570711684,True,61.18721461187213,True,True,False,4.798388429925634,1.1860591909330513,0.1867550943330103,0.05460146594785442,0.11982733208519014,0.041200023256287466,-0.002197824444227529,0.32209737827715346,0.1558441558441559,30.243902439024396,0.008276429506200111,0.0,0.0,0.005393143134952982,0.0027950549438569006,0.11341486482011653,0.12481857476232538,5.16666666666667,0.335827098919369,-0.16057519472738124,-0.018634372653033138,0.42703687869904483
28420,"Kennewick-Richland, WA",2023,2,4.25,,394741.0,"Kennewick, WA",msa,WA,426307.347942878,-0.0085048354531414,0.0082833494371683,"Kennewick, WA",1605.33059368606,3.6,"Kennewick, WA",600.0,"Kennewick-Richland, WA",315388.0,0.0132524585318525,0.0356039337372145,0.0049760290256524,4206.07290322581,4.25,,85881.0,2193.0,4.963930880437792,False,83.98268398268398,False,False,False,5.234145570711684,1.3592202992467248,-0.008504835453141402,0.00828334943716813,0.1867550943330103,0.05460146594785442,0.008291008941276245,0.20396600566572243,0.32209737827715346,61.18721461187213,0.013252458531852529,0.0,0.0,-0.0049760290256524176,0.005393143134952982,0.05825370042007938,0.11341486482011653,4.2,0.0948905109489051,0.335827098919369,0.02445541834858167,-0.018634372653033138
28420,"Kennewick-Richland, WA",2023,3,4.21,,394741.0,"Kennewick, WA",msa,WA,431595.495836014,-0.0049697012044576,0.0124045431509761,"Kennewick, WA",1615.64960828787,4.4,"Kennewick, WA",707.333333333333,"Kennewick-Richland, WA",315388.0,0.0132524585318525,0.0356039337372145,0.0049760290256524,4458.13746031746,4.21,,85881.0,2193.0,5.02550617524265,True,79.14893617021275,True,True,False,5.28024625966047,1.306653756015911,-0.0049697012044576105,0.012404543150976943,0.142247137940142,0.008807681851026095,0.008712696238958543,0.10498687664041984,0.33684210526315783,72.39819004524888,0.013252458531852529,0.0,0.0,0.0,0.0,0.051019347431442874,0.08590756019827128,4.03333333333333,0.17888888888888843,0.3080273802115743,0.12003623683289799,-0.0998083232963558
28420,"Kennewick-Richland, WA",2024,2,4.44,,394741.0,"Kennewick, WA",msa,WA,438903.298672599,0.0295466423239056,0.0121466431376509,"Kennewick, WA",1635.83932055134,4.36666666666667,"Kennewick, WA",699.666666666667,"Kennewick-Richland, WA",320317.0,0.0156283688662853,0.0376051155136894,0.0023759103344327,5246.62650793651,4.44,,89010.0,2114.0,4.930943699276475,False,66.2921348314607,False,False,False,4.963930880437792,0.825172676172838,0.029546642323905692,0.012146643137650681,-0.008504835453141402,0.00828334943716813,-0.0035862980065586004,0.04470588235294137,0.20396600566572243,83.98268398268398,0.01562836886628527,0.0,0.0,-0.0023759103344327404,-0.0049760290256524176,0.019004638038591093,0.05825370042007938,3.6,0.1438692098092642,0.0948905109489051,0.24739314525733902,0.02445541834858167
28420,"Kennewick-Richland, WA",2024,3,4.21,,394741.0,"Kennewick, WA",msa,WA,438618.197764884,0.0162714903112388,-0.000649575677778347,"Kennewick, WA",1656.02613198089,4.36666666666667,"Kennewick, WA",866.666666666667,"Kennewick-Richland, WA",320317.0,0.0156283688662853,0.0376051155136894,0.0023759103344327,5543.46921875,4.21,,89010.0,2114.0,4.927740678180923,False,47.71929824561403,False,False,False,5.02550617524265,0.7641366187919383,0.016271490311238868,-0.0006495756777797901,-0.0049697012044576105,0.012404543150976943,-0.009630012947700026,0.0,0.10498687664041984,79.14893617021275,0.01562836886628527,0.0,0.0,0.0,0.0,0.024990891271163607,0.051019347431442874,4.4,0.238685088137208,0.17888888888888843,0.24344959483489204,0.12003623683289799
28420,"Kennewick-Richland, WA",2024,4,4.3,,394741.0,"Kennewick, WA",msa,WA,439412.049656069,0.0183648584762177,0.0018098927386733,"Kennewick, WA",1660.65694367145,4.66666666666667,"Kennewick, WA",837.333333333333,"Kennewick-Richland, WA",320317.0,0.0156283688662853,0.0376051155136894,0.0023759103344327,5907.04296875,4.3,,89010.0,2114.0,4.936659360252433,False,44.29530201342282,False,False,False,5.0242525890785155,0.6275986419186301,0.018364858476217716,0.001809892738674268,0.009163687421646305,-0.0002494447564923563,-0.014339586638754856,0.041162227602905554,-0.014319809069212486,71.36929460580912,0.01562836886628527,0.0,0.0,0.0,0.0,0.023026038343382682,0.0624416992120298,5.2,-0.033846153846154525,0.02827521206409056,0.3229933232101212,0.15912210409729033
28420,"Kennewick-Richland, WA",2025,1,4.8,,394741.0,"Kennewick, WA",msa,WA,441966.565987789,0.0192107862859929,0.005813487212559,"Kennewick, WA",1667.61353914815,5.7,"Kennewick, WA",720.333333333333,"Kennewick-Richland, WA",324334.0,0.0125407018672128,0.0419934267805682,-0.0030876669990724,5894.81783333333,4.8,,,,,False,49.53271028037383,False,False,False,4.871768071067813,0.5724884949083275,0.01921078628599293,0.005813487212559254,0.02561693403053722,0.004978678935676051,-0.01738576578974777,0.023454157782515805,0.012958963282937441,88.35341365461848,0.012540701867212789,-0.0030876669990724803,0.0023759103344327404,-0.0030876669990724803,0.0023759103344327404,0.025316210847665443,0.03386813739271011,6.03333333333333,-0.13972929936305734,-0.15902841429880765,0.18072497605717697,0.248115115012689
28420,"Kennewick-Richland, WA",2025,2,4.56,,394741.0,"Kennewick, WA",msa,WA,440817.757932798,0.0043619158616237,-0.0025993098650416,"Kennewick, WA",1687.94433555748,4.33333333333333,"Kennewick, WA",835.333333333333,"Kennewick-Richland, WA",324334.0,0.0125407018672128,0.0419934267805682,-0.0030876669990724,5732.06048387097,4.56,,,,,False,29.1784702549575,False,False,False,4.930943699276475,0.5124658481923268,0.004361915861623711,-0.0025993098650425317,0.029546642323905692,0.012146643137650681,-0.018461310377972245,0.02702702702702675,0.04470588235294137,66.2921348314607,0.012540701867212789,0.0,0.0,0.0030876669990724803,-0.0023759103344327404,0.031852159531523316,0.019004638038591093,4.36666666666667,0.15964831096714494,0.1438692098092642,0.09252306700317803,0.24739314525733902
28420,"Kennewick-Richland, WA",2025,3,4.64,,394741.0,"Kennewick, WA",msa,WA,438203.963244328,-0.000944407967263694,-0.0059294224006027,"Kennewick, WA",1713.54483098892,4.33333333333333,"Kennewick, WA",1083.66666666667,"Kennewick-Richland, WA",324334.0,0.0125407018672128,0.0419934267805682,-0.0030876669990724,6427.73875,4.64,,,,,False,21.78477690288714,False,False,False,4.927740678180923,0.3962164413216005,-0.000944407967263694,-0.005929422400602347,0.016271490311238868,-0.0006495756777797901,-0.017525253728972984,0.10213776722090251,0.0,47.71929824561403,0.012540701867212789,0.0,0.0,0.0,0.0,0.034732965801226534,0.024990891271163607,4.36666666666667,0.29728651237031567,0.238685088137208,0.1595155481803856,0.24344959483489204
28420,"Kennewick-Richland, WA",2025,4,4.34,,394741.0,"Kennewick, WA",msa,WA,438822.415263786,-0.001341871240774,0.0014113336969368,"Kennewick, WA",1708.60606362636,5.5,"Kennewick, WA",1038.66666666667,"Kennewick-Richland, WA",324334.0,0.0125407018672128,0.0419934267805682,-0.0030876669990724,6777.5671875,4.34,,,,,False,3.5799522673030992,False,False,False,4.936659360252433,0.2945304292801554,-0.0013418712407740063,0.0014113336969368007,0.018364858476217716,0.001809892738674268,-0.015481773420215119,0.009302325581395321,0.041162227602905554,44.29530201342282,0.012540701867212789,0.0,0.0,0.0,0.0,0.028873585322747086,0.023026038343382682,4.66666666666667,-0.041525684404798424,-0.033846153846154525,0.14737055805338306,0.3229933232101212
29420,"Lake Havasu City-Kingman, AZ",2019,2,2.66,,394765.0,"Lake Havasu City, AZ",msa,AZ,223541.944908812,0.109884312716298,0.0200183360854203,"Lake Havasu City, AZ",1006.9987001438,6.06666666666667,"Lake Havasu City, AZ",1628.66666666667,"Lake Havasu City-Kingman, AZ",212181.0,0.0138036809815951,0.0329532841314042,0.0028142453313828,2882.32777777778,2.66,,45587.0,1297.0,4.903633599684384,False,19.819819819819816,False,False,False,4.655159503556812,1.0835148681736744,0.10988431271629806,0.02001833608541803,0.09259107790051768,0.024565765387840832,-0.00021401895485754835,0.05555555555555558,0.05439330543933041,16.129032258064523,0.013803680981595123,0.0,0.0,-0.0028142453313828586,-0.003175870717296858,0.08276106828032126,0.06915138463198822,5.76666666666667,0.041346973572039536,-0.15048471290081877,0.06629220382021028,0.12725771232385252
29420,"Lake Havasu City-Kingman, AZ",2019,3,2.65,,394765.0,"Lake Havasu City, AZ",msa,AZ,227592.285446079,0.0970187115327974,0.0181189285926575,"Lake Havasu City, AZ",1022.43999782778,6.23333333333333,"Lake Havasu City, AZ",1507.33333333333,"Lake Havasu City-Kingman, AZ",212181.0,0.0138036809815951,0.0329532841314042,0.0028142453313828,2957.8528125,2.65,,45587.0,1297.0,4.992482186721632,False,18.30357142857142,False,False,False,4.795089920521195,1.1193001053584144,0.0970187115327974,0.01811892859265951,0.10059794998560623,0.03005920997067202,0.0015301925230383462,0.015325670498084198,0.09205020920502083,19.72477064220182,0.013803680981595123,0.0,0.0,0.0,0.0,0.07988182966429425,0.07253832317161524,6.03333333333333,-0.0744985673352474,-0.17995084269663064,0.037988254372415486,0.15500598332389925
29420,"Lake Havasu City-Kingman, AZ",2019,4,2.7,,394765.0,"Lake Havasu City, AZ",msa,AZ,232669.62387387,0.0887321893649382,0.022308921490197,"Lake Havasu City, AZ",1033.28854597732,5.86666666666667,"Lake Havasu City, AZ",1442.0,"Lake Havasu City-Kingman, AZ",212181.0,0.0138036809815951,0.0329532841314042,0.0028142453313828,3082.755625,2.7,,45587.0,1297.0,5.103859079866409,True,18.42105263157896,True,True,False,4.939373625247677,1.1964963696364528,0.08873218936493821,0.022308921490196587,0.11085176195985924,0.03008988509454258,0.0037653647560464904,0.022727272727272707,0.06451612903225823,17.85714285714286,0.013803680981595123,0.0,0.0,0.0,0.0,0.08594827236683633,0.055262197331590324,5.93333333333333,-0.04334365325077194,-0.0475272960822094,0.14221561000009708,0.036741721225998614
29420,"Lake Havasu City-Kingman, AZ",2020,2,2.76,,394765.0,"Lake Havasu City, AZ",msa,AZ,239751.044344285,0.0725103266059759,0.0129816752590157,"Lake Havasu City, AZ",1072.94680123061,16.5,"Lake Havasu City, AZ",1302.0,"Lake Havasu City-Kingman, AZ",214167.0,0.0093599332645242,0.0345382263292386,-0.0044437477170709,2931.68761904762,2.76,,47686.0,1355.0,5.027702980838925,True,15.481171548117146,True,True,False,4.903633599684384,0.9471774379975217,0.0725103266059759,0.012981675259016834,0.10988431271629806,0.02001833608541803,0.006826381924770674,0.037593984962405846,0.05555555555555558,19.819819819819816,0.009359933264524223,0.0,0.0,0.0044437477170709005,-0.0028142453313828586,0.0654897579087168,0.08276106828032126,6.06666666666667,-0.03721962040916704,0.041346973572039536,0.017124992393438232,0.06629220382021028
29420,"Lake Havasu City-Kingman, AZ",2025,2,6.54,,394765.0,"Lake Havasu City, AZ",msa,AZ,345920.66083176,-0.0089021292144082,-0.0044443173813314,"Lake Havasu City, AZ",1526.29529475179,4.9,"Lake Havasu City, AZ",1670.0,"Lake Havasu City-Kingman, AZ",228102.0,0.0081321653658148,0.0331127627484815,-0.0038363836488819,5732.06048387097,6.54,,,,,False,36.25000000000001,False,False,False,6.050685648885514,1.1470520492011298,-0.00890212921440825,-0.004444317381331775,0.016189459355922198,0.008763914234842352,-0.03219738516499985,0.058252427184465994,0.12773722627737216,79.65116279069765,0.008132165365814847,0.0,0.0,0.003836383648881947,0.0006904814711472529,0.02245833843735867,0.037300643740694195,4.26666666666667,0.11780455153949121,0.031341107871720064,0.09252306700317803,0.24739314525733902
29420,"Lake Havasu City-Kingman, AZ",2025,3,6.37,,394765.0,"Lake Havasu City, AZ",msa,AZ,344410.161107102,-0.0126245429299688,-0.0043666074209805,"Lake Havasu City, AZ",1532.46823073842,5.43333333333333,"Lake Havasu City, AZ",1673.33333333333,"Lake Havasu City-Kingman, AZ",228102.0,0.0081321653658148,0.0331127627484815,-0.0038363836488819,6427.73875,6.37,,,,,False,20.188679245283026,False,False,False,6.046976208162107,1.0544940214404752,-0.01262454292996884,-0.004366607420979163,0.007192868029617161,-0.0006130612196140195,-0.026570076240476456,0.06166666666666676,0.06194690265486713,61.725067385444746,0.008132165365814847,0.0,0.0,0.0,0.0,0.02142391807030597,0.032750119757174456,4.93333333333333,0.0019960079840299905,-0.028975265017667895,0.1595155481803856,0.24344959483489204
29420,"Lake Havasu City-Kingman, AZ",2025,4,5.91,,394765.0,"Lake Havasu City, AZ",msa,AZ,346323.731471711,-0.0062216806396022,0.0055560798742349,"Lake Havasu City, AZ",1534.25064977054,5.1,"Lake Havasu City, AZ",1669.33333333333,"Lake Havasu City-Kingman, AZ",228102.0,0.0081321653658148,0.0331127627484815,-0.0038363836488819,6777.5671875,5.91,,,,,False,2.249134948096887,False,False,False,6.04139686930967,0.9375377894432608,-0.006221680639602267,0.005556079874234454,0.009181234154328699,-0.0009226659177038465,-0.020182054455563203,-0.08229813664596275,0.05057096247960846,65.97938144329898,0.008132165365814847,0.0,0.0,0.0,0.0,0.0125198315566446,0.03554988287361738,4.7,-0.0023904382470119057,0.04415332362930857,0.14737055805338306,0.3229933232101212
29460,"Lakeland-Winter Haven, FL",2019,2,2.83,265.02,394766.0,"Lakeland, FL",msa,FL,192257.88838458,0.0846960296762859,0.0115151276561565,"Lakeland, FL",1250.49928601534,3.6,"Lakeland, FL",3831.0,"Lakeland-Winter Haven, FL",724777.0,0.0257289515806038,0.0885430512313332,-0.0052456489259853,2882.32777777778,2.83,,50584.0,745.0,3.80076483442551,False,15.51020408163264,False,False,False,3.6545539620542065,1.1346941429432427,0.08469602967628598,0.011515127656157809,0.09824422914576991,0.022596058328266277,0.0010798779372289174,0.025362318840579823,0.10399999999999987,18.454935622317592,0.025728951580603843,0.0,0.0,0.005245648925985336,-0.0016199521991562271,0.05408103712238388,0.059219810022190345,4.03333333333333,0.03224357822884949,0.021389305347325305,0.06629220382021028,0.12725771232385252
29460,"Lakeland-Winter Haven, FL",2019,3,2.8,272.29,394766.0,"Lakeland, FL",msa,FL,194475.533425496,0.0723920711419392,0.0115347414847258,"Lakeland, FL",1267.40831389638,3.96666666666667,"Lakeland, FL",3557.66666666667,"Lakeland-Winter Haven, FL",724777.0,0.0257289515806038,0.0885430512313332,-0.0052456489259853,2957.8528125,2.8,,50584.0,745.0,3.844605674234856,False,13.360323886639659,False,False,False,3.7391220252374433,1.1037461798021453,0.07239207114193924,0.011534741484728883,0.09813816975379686,0.0231404609321193,0.0008913252994917695,0.0035842293906809264,0.05681818181818188,22.368421052631593,0.025728951580603843,0.0,0.0,0.0,0.0,0.053238083206195386,0.06494989859996547,4.2,-0.07134777690768201,0.004207848126041691,0.037988254372415486,0.15500598332389925
29460,"Lakeland-Winter Haven, FL",2019,4,2.84,277.29,394766.0,"Lakeland, FL",msa,FL,197761.594677227,0.0657099095597129,0.0168970419766985,"Lakeland, FL",1274.64235328807,3.36666666666667,"Lakeland, FL",3710.0,"Lakeland-Winter Haven, FL",724777.0,0.0257289515806038,0.0885430512313332,-0.0052456489259853,3082.755625,2.84,,50584.0,745.0,3.909568137696248,False,14.979757085020218,False,False,False,3.8261431338508456,1.0863752672537403,0.0657099095597129,0.01689704197669628,0.09645224250238815,0.02327313953009491,0.000693826403598329,0.021582733812949728,0.03345724907063197,16.806722689075638,0.025728951580603843,0.0,0.0,0.0,0.0,0.05280556204344511,0.06402075177676814,3.73333333333333,0.0428183266185691,0.023192360163709624,0.14221561000009708,0.036741721225998614
29460,"Lakeland-Winter Haven, FL",2020,1,2.92,279.8,394766.0,"Lakeland, FL",msa,FL,202147.412541133,0.0635462998162526,0.022177298231562,"Lakeland, FL",1289.09614010588,3.8,"Lakeland, FL",3459.33333333333,"Lakeland-Winter Haven, FL",730148.0,0.0074105552466483,0.0653371619334431,-0.0183183963339555,3055.86919354839,2.92,,51535.0,861.0,3.922526681694635,False,12.741312741312738,False,False,False,3.757496779343765,0.9260176835499512,0.0635462998162526,0.022177298231561338,0.09657864139066064,0.024256749556228252,0.0005263336320461143,0.017421602787456303,0.04744525547445244,16.666666666666675,0.007410555246648354,-0.01831839633395549,-0.005245648925985336,-0.01831839633395549,-0.005245648925985336,0.04842464773094268,0.06689287485239093,3.83333333333333,-0.06756513926325336,0.060380952380951314,0.12306660146926007,-0.004562795426326538
29460,"Lakeland-Winter Haven, FL",2020,2,2.87,287.89,394766.0,"Lakeland, FL",msa,FL,205152.218908448,0.0670678879925854,0.0148644315034392,"Lakeland, FL",1321.2146183592,15.0333333333333,"Lakeland, FL",3301.66666666667,"Lakeland-Winter Haven, FL",730148.0,0.0074105552466483,0.0653371619334431,-0.0183183963339555,2931.68761904762,2.87,,51535.0,861.0,3.9808328108750946,False,14.800000000000013,False,False,False,3.80076483442551,0.8988522220596042,0.06706788799258545,0.014864431503438524,0.08469602967628598,0.011515127656157809,4.7386008294869205e-06,0.014134275618374659,0.025362318840579823,15.51020408163264,0.007410555246648354,0.0,0.0,0.01831839633395549,0.005245648925985336,0.05654967830424851,0.05408103712238388,3.6,-0.04557718250144338,0.03224357822884949,0.017124992393438232,0.06629220382021028
29460,"Lakeland-Winter Haven, FL",2020,3,2.96,294.67,394766.0,"Lakeland, FL",msa,FL,208885.53373859,0.0740967259956868,0.0181977794342443,"Lakeland, FL",1330.22469741539,10.9333333333333,"Lakeland, FL",2997.66666666667,"Lakeland-Winter Haven, FL",730148.0,0.0074105552466483,0.0653371619334431,-0.0183183963339555,3319.8340625,2.96,,51535.0,861.0,4.053275128332007,False,12.12121212121211,False,False,False,3.844605674234856,0.8784370942977868,0.07409672599568684,0.01819777943424561,0.07239207114193924,0.011534741484728883,-0.0010295214122071675,0.05714285714285716,0.0035842293906809264,13.360323886639659,0.007410555246648354,0.0,0.0,0.0,0.0,0.04956286212601402,0.053238083206195386,3.96666666666667,-0.09207470974255416,-0.07134777690768201,0.12237973724394036,0.037988254372415486
29460,"Lakeland-Winter Haven, FL",2020,4,3.08,312.22,394766.0,"Lakeland, FL",msa,FL,216646.848266857,0.0954950511015713,0.0371558259174591,"Lakeland, FL",1366.96705782038,7.0,"Lakeland, FL",2701.33333333333,"Lakeland-Winter Haven, FL",730148.0,0.0074105552466483,0.0653371619334431,-0.0183183963339555,3554.5015625,3.08,,51535.0,861.0,4.203877913395886,False,14.498141263940534,False,False,False,3.909568137696248,0.8851047637737155,0.0954950511015713,0.03715582591746114,0.0657099095597129,0.01689704197669628,-0.001959140325733758,0.08450704225352124,0.021582733812949728,14.979757085020218,0.007410555246648354,0.0,0.0,0.0,0.0,0.07243185062394097,0.05280556204344511,3.36666666666667,-0.09885466473924387,0.0428183266185691,0.15302735438200687,0.14221561000009708
29460,"Lakeland-Winter Haven, FL",2021,1,3.14,329.73,394766.0,"Lakeland, FL",msa,FL,225669.873493633,0.1163629089128888,0.0416485413887149,"Lakeland, FL",1382.71464374225,6.06666666666667,"Lakeland, FL",2380.0,"Lakeland-Winter Haven, FL",755803.0,0.0351367120090722,0.069637997330869,0.0277261567624238,3865.7068852459,3.14,,55099.0,846.0,4.095716319599866,False,14.598540145985407,False,False,False,3.922526681694635,0.8422878803407126,0.11636290891288881,0.0416485413887111,0.0635462998162526,0.022177298231561338,-0.002819271389886252,0.07534246575342474,0.017421602787456303,12.741312741312738,0.0351367120090722,0.027726156762423848,-0.01831839633395549,0.027726156762423848,-0.01831839633395549,0.07262336820640902,0.04842464773094268,3.8,-0.11895360315893277,-0.06756513926325336,0.26501058795554977,0.12306660146926007
29460,"Lakeland-Winter Haven, FL",2021,2,3.36,352.27,394766.0,"Lakeland, FL",msa,FL,236474.377357182,0.1526776488959738,0.0478774756075424,"Lakeland, FL",1448.4954898874,5.76666666666667,"Lakeland, FL",2139.0,"Lakeland-Winter Haven, FL",755803.0,0.0351367120090722,0.069637997330869,0.0277261567624238,4183.62634920635,3.36,,55099.0,846.0,4.291808877786929,False,21.739130434782616,False,False,False,3.9808328108750946,0.8517043404463842,0.1526776488959738,0.047877475607544184,0.06706788799258545,0.014864431503438524,-0.0033135315388109245,0.1707317073170731,0.014134275618374659,14.800000000000013,0.0351367120090722,0.0,0.0,-0.027726156762423848,0.01831839633395549,0.09633625737979545,0.05654967830424851,15.0333333333333,-0.10126050420168065,-0.04557718250144338,0.42703687869904483,0.017124992393438232
29460,"Lakeland-Winter Haven, FL",2021,3,3.63,370.98,394766.0,"Lakeland, FL",msa,FL,250295.147379143,0.1982406962292329,0.0584451058775208,"Lakeland, FL",1555.19003994409,5.43333333333333,"Lakeland, FL",2237.33333333333,"Lakeland-Winter Haven, FL",755803.0,0.0351367120090722,0.069637997330869,0.0277261567624238,4421.670625,3.63,,55099.0,846.0,4.542644102055264,False,30.107526881720425,False,False,False,4.053275128332007,0.849385766772488,0.1982406962292329,0.0584451058775195,0.07409672599568684,0.01819777943424561,-0.0032880207172869256,0.22635135135135132,0.05714285714285716,12.12121212121211,0.0351367120090722,0.0,0.0,0.0,0.0,0.16911830231825098,0.04956286212601402,10.9333333333333,0.04597163783699387,-0.09207470974255416,0.3318950711862574,0.12237973724394036
29460,"Lakeland-Winter Haven, FL",2021,4,3.81,393.9,394766.0,"Lakeland, FL",msa,FL,263370.877587428,0.2156690932471734,0.0522412453665244,"Lakeland, FL",1627.76425654564,4.23333333333333,"Lakeland, FL",2250.33333333333,"Lakeland-Winter Haven, FL",755803.0,0.0351367120090722,0.069637997330869,0.0277261567624238,4602.10890625,3.81,,55099.0,846.0,4.779957487203543,False,37.05035971223023,False,False,False,4.203877913395886,0.9261103120766703,0.21566909324717343,0.052241245366527744,0.0954950511015713,0.03715582591746114,-0.002441196202542345,0.2370129870129869,0.08450704225352124,14.498141263940534,0.0351367120090722,0.0,0.0,0.0,0.0,0.19078528427824692,0.07243185062394097,7.0,0.005810488676996517,-0.09885466473924387,0.2947269329692408,0.15302735438200687
29460,"Lakeland-Winter Haven, FL",2022,1,4.09,417.82,394766.0,"Lakeland, FL",msa,FL,282460.442366977,0.2516533022071565,0.0724816842105571,"Lakeland, FL",1665.23735260583,3.9,"Lakeland, FL",2056.0,"Lakeland-Winter Haven, FL",790796.0,0.0462991017500591,0.0910887072851374,0.0111623897409869,4463.85548387097,4.09,,60901.0,1004.0,4.6380263438527605,False,42.50871080139371,False,False,False,4.095716319599866,0.8180103941437888,0.25165330220715654,0.07248168421055601,0.11636290891288881,0.0416485413887111,-0.0006946025319277418,0.30254777070063676,0.07534246575342474,14.598540145985407,0.046299101750059135,0.011162389740986933,0.027726156762423848,0.011162389740986933,0.027726156762423848,0.20432466680105876,0.07262336820640902,6.06666666666667,-0.08635757665530885,-0.11895360315893277,0.154732010569141,0.26501058795554977
29460,"Lakeland-Winter Haven, FL",2022,2,4.84,442.91,394766.0,"Lakeland, FL",msa,FL,306512.074999566,0.2961745725905678,0.0851504459563983,"Lakeland, FL",1723.35849876579,3.5,"Lakeland, FL",2429.66666666667,"Lakeland-Winter Haven, FL",790796.0,0.0462991017500591,0.0910887072851374,0.0111623897409869,4105.66709677419,4.84,,60901.0,1004.0,5.032956355389337,True,71.02473498233215,True,True,False,4.291808877786929,0.951286850488374,0.2961745725905678,0.08515044595639609,0.1526776488959738,0.047877475607544184,0.0024489946106304532,0.44047619047619047,0.1707317073170731,21.739130434782616,0.046299101750059135,0.0,0.0,-0.011162389740986933,-0.027726156762423848,0.1897575869564887,0.09633625737979545,5.76666666666667,0.18174448767834162,-0.10126050420168065,-0.018634372653033138,0.42703687869904483
29460,"Lakeland-Winter Haven, FL",2023,2,6.19,457.54,394766.0,"Lakeland, FL",msa,FL,313727.614827938,0.0235408012176427,-0.0056960792321193,"Lakeland, FL",1783.32430566531,3.43333333333333,"Lakeland, FL",3453.33333333333,"Lakeland-Winter Haven, FL",824794.0,0.0429921243911198,0.129625774500512,-0.0033069773589393,4206.07290322581,6.19,,63644.0,868.0,4.929413846206053,False,115.67944250871082,False,False,False,5.032956355389337,1.5235580264354796,0.023540801217642793,-0.005696079232118456,0.2961745725905678,0.08515044595639609,0.021372140809348832,0.27892561983471076,0.44047619047619047,71.02473498233215,0.04299212439111977,0.0,0.0,0.003306977358939367,-0.011162389740986933,0.034795898208332954,0.1897575869564887,3.5,-0.01754385964912375,0.18174448767834162,0.02445541834858167,-0.018634372653033138
29460,"Lakeland-Winter Haven, FL",2023,3,6.19,470.76,394766.0,"Lakeland, FL",msa,FL,315739.184960364,-0.0167522699852922,0.0064118363744596,"Lakeland, FL",1794.2421410788,4.03333333333333,"Lakeland, FL",3381.0,"Lakeland-Winter Haven, FL",824794.0,0.0429921243911198,0.129625774500512,-0.0033069773589393,4458.13746031746,6.19,,63644.0,868.0,4.961020441209918,False,109.12162162162163,False,False,False,5.272797676628085,1.6818434679345127,-0.016752269985292223,0.006411836374458746,0.28295995614290415,0.04765416274312084,0.023873833491291744,0.16572504708097946,0.4628099173553719,89.64285714285714,0.04299212439111977,0.0,0.0,0.0,0.0,0.01774556478650169,0.13359616502446836,3.63333333333333,-0.02094594594594501,0.30539168610234557,0.12003623683289799,-0.0998083232963558
29460,"Lakeland-Winter Haven, FL",2023,4,6.46,482.85,394766.0,"Lakeland, FL",msa,FL,316717.766562778,-0.0125113806072126,0.0030993353027644,"Lakeland, FL",1779.22019883694,3.83333333333333,"Lakeland, FL",3675.33333333333,"Lakeland-Winter Haven, FL",824794.0,0.0429921243911198,0.129625774500512,-0.0033069773589393,4464.90761904762,6.46,,63644.0,868.0,4.9763963070010995,False,109.74025974025975,False,False,False,5.266424993477431,1.586247979065606,-0.012511380607212685,0.0030993353027652937,0.2177904841483469,-0.0012085961839388704,0.022092770709909476,0.12347826086956526,0.5091863517060367,102.4647887323944,0.04299212439111977,0.0,0.0,0.0,0.0,0.012418189161996773,0.07963822733909232,3.33333333333333,0.08705511189983128,0.10131371518654642,0.15912210409729033,-0.1629981883235685
29460,"Lakeland-Winter Haven, FL",2024,1,7.58,495.28,394766.0,"Lakeland, FL",msa,FL,318075.188161484,0.0080827818150401,0.0042859029142499,"Lakeland, FL",1793.87339940571,3.9,"Lakeland, FL",4068.66666666667,"Lakeland-Winter Haven, FL",851434.0,0.0322989740468529,0.126529002928012,-0.0106931503442669,4992.54098360656,7.58,,65978.0,1143.0,4.820928008752675,False,141.40127388535032,False,False,False,4.957653030674125,1.3838528656034241,0.008082781815040185,0.004285902914249684,0.11705861125250672,-0.016230692921021417,0.015275558705812197,0.2549668874172186,0.47677261613691946,106.84931506849318,0.03229897404685289,-0.010693150344266877,-0.003306977358939367,-0.010693150344266877,-0.003306977358939367,0.016053938117124522,0.060227055426326226,3.33333333333333,0.10701977144930375,0.006298310907529414,0.248115115012689,-0.10389918970668588
29460,"Lakeland-Winter Haven, FL",2024,2,6.56,482.38,394766.0,"Lakeland, FL",msa,FL,319028.329371901,0.0168959131852963,0.0029965908876015,"Lakeland, FL",1810.70648305542,4.03333333333333,"Lakeland, FL",4646.0,"Lakeland-Winter Haven, FL",851434.0,0.0322989740468529,0.126529002928012,-0.0106931503442669,5246.62650793651,6.56,,65978.0,1143.0,4.835374357693489,False,95.23809523809523,False,False,False,4.929413846206053,1.2748598841518466,0.016895913185296374,0.0029965908876019576,0.023540801217642793,-0.005696079232118456,0.004647368075967764,0.05977382875605808,0.27892561983471076,115.67944250871082,0.03229897404685289,0.0,0.0,0.010693150344266877,0.003306977358939367,0.015354569723028844,0.034795898208332954,3.43333333333333,0.14189742749467382,-0.01754385964912375,0.24739314525733902,0.02445541834858167
29460,"Lakeland-Winter Haven, FL",2024,3,6.82,477.46,394766.0,"Lakeland, FL",msa,FL,316517.080271073,0.0024637274933316,-0.0078715551868749,"Lakeland, FL",1805.59938784529,4.7,"Lakeland, FL",5298.33333333333,"Lakeland-Winter Haven, FL",851434.0,0.0322989740468529,0.126529002928012,-0.0106931503442669,5543.46921875,6.82,,65978.0,1143.0,4.797312441587696,False,87.87878787878789,False,False,False,4.961020441209918,1.2218984159724746,0.00246372749333168,-0.007871555186876766,-0.016752269985292223,0.006411836374458746,-0.006906678202974849,0.10177705977382878,0.16572504708097946,109.12162162162163,0.03229897404685289,0.0,0.0,0.0,0.0,0.006329829461959591,0.01774556478650169,4.03333333333333,0.14040751901277027,-0.02094594594594501,0.24344959483489204,0.12003623683289799
29460,"Lakeland-Winter Haven, FL",2024,4,7.31,473.96,394766.0,"Lakeland, FL",msa,FL,314095.019891529,-0.008281021616541,-0.0076522264690106,"Lakeland, FL",1792.73455172616,4.23333333333333,"Lakeland, FL",4928.33333333333,"Lakeland-Winter Haven, FL",851434.0,0.0322989740468529,0.126529002928012,-0.0106931503442669,5907.04296875,7.31,,65978.0,1143.0,4.760602320342069,False,91.86351706036744,False,False,False,4.9763963070010995,1.1502531731502539,-0.008281021616541095,-0.00765222646900976,-0.012511380607212685,0.0030993353027652937,-0.0166896545466121,0.13157894736842102,0.12347826086956526,109.74025974025975,0.03229897404685289,0.0,0.0,0.0,0.0,0.007595660670924431,0.012418189161996773,3.83333333333333,-0.06983328090594532,0.08705511189983128,0.3229933232101212,0.15912210409729033
29460,"Lakeland-Winter Haven, FL",2025,1,7.58,465.38,394766.0,"Lakeland, FL",msa,FL,312057.39631633,-0.0189194004094994,-0.0064872839305212,"Lakeland, FL",1812.99168700894,4.26666666666667,"Lakeland, FL",5169.66666666667,"Lakeland-Winter Haven, FL",874790.0,0.0274313687261725,0.106214497797156,-0.0048676053206804,5894.81783333333,7.58,,,,,False,85.33007334963325,False,False,False,4.820928008752675,1.0634312294089105,-0.018919400409499465,-0.006487283930521004,0.008082781815040185,0.004285902914249684,-0.023976718996509938,0.0,0.2549668874172186,141.40127388535032,0.027431368726172467,-0.004867605320680424,-0.010693150344266877,-0.004867605320680424,-0.010693150344266877,0.010657545627001275,0.016053938117124522,3.9,0.048968549205276934,0.10701977144930375,0.18072497605717697,0.248115115012689
29460,"Lakeland-Winter Haven, FL",2025,2,7.41,462.87,394766.0,"Lakeland, FL",msa,FL,307638.640244559,-0.0357011841229457,-0.0141600747937145,"Lakeland, FL",1827.14919547093,4.46666666666667,"Lakeland, FL",5634.66666666667,"Lakeland-Winter Haven, FL",874790.0,0.0274313687261725,0.106214497797156,-0.0048676053206804,5732.06048387097,7.41,,,,,False,53.09917355371903,False,False,False,4.835374357693489,1.0346095232679788,-0.03570118412294576,-0.014160074793714506,0.016895913185296374,0.0029965908876019576,-0.02851694317001401,0.12957317073170738,0.05977382875605808,95.23809523809523,0.027431368726172467,0.0,0.0,0.004867605320680424,0.010693150344266877,0.009080827052523777,0.015354569723028844,4.03333333333333,0.0899477722612676,0.14189742749467382,0.09252306700317803,0.24739314525733902
29460,"Lakeland-Winter Haven, FL",2025,3,6.88,455.99,394766.0,"Lakeland, FL",msa,FL,302524.798767054,-0.0442070345525608,-0.0166228841521339,"Lakeland, FL",1823.74968740413,5.2,"Lakeland, FL",5539.0,"Lakeland-Winter Haven, FL",874790.0,0.0274313687261725,0.106214497797156,-0.0048676053206804,6427.73875,6.88,,,,,False,29.566854990583803,False,False,False,4.797312441587696,0.95270676735284,-0.04420703455256081,-0.016622884152132866,0.00246372749333168,-0.007871555186876766,-0.030591681175189005,0.008797653958944274,0.10177705977382878,87.87878787878789,0.027431368726172467,0.0,0.0,0.0,0.0,0.010052229570425286,0.006329829461959591,4.7,-0.016978230004733086,0.14040751901277027,0.1595155481803856,0.24344959483489204
29460,"Lakeland-Winter Haven, FL",2025,4,6.84,455.93,394766.0,"Lakeland, FL",msa,FL,299976.215828167,-0.0449507415566087,-0.0084243769412405,"Lakeland, FL",1814.21965622828,5.7,"Lakeland, FL",5247.66666666667,"Lakeland-Winter Haven, FL",874790.0,0.0274313687261725,0.106214497797156,-0.0048676053206804,6777.5671875,6.84,,,,,False,18.956521739130427,False,False,False,4.760602320342069,0.851034182645821,-0.04495074155660872,-0.008424376941241873,-0.008281021616541095,-0.00765222646900976,-0.030918409185621235,-0.06429548563611487,0.13157894736842102,91.86351706036744,0.027431368726172467,0.0,0.0,0.0,0.0,0.011984543100055145,0.007595660670924431,4.23333333333333,-0.05259673828007405,-0.06983328090594532,0.14737055805338306,0.3229933232101212
29740,"Las Cruces, NM",2019,2,2.15,,394773.0,"Las Cruces, NM",msa,NM,178602.909867246,0.0405627588190222,-0.0113332335668005,"Las Cruces, NM",942.653225462028,6.06666666666667,"Las Cruces, NM",812.666666666667,"Las Cruces, NM",218195.0,0.0042203996723091,0.0164536971904801,-0.000886597468882755,2882.32777777778,2.15,,40973.0,1947.0,4.359039120085081,False,-2.714932126696834,False,False,False,4.382613878995762,-0.06415662985131032,0.04056275881902227,-0.011333233566803713,0.02934560493629146,0.0036805316583123915,0.002272805951841792,0.018957345971563955,-0.045248868778280604,4.455445544554459,0.004220399672309139,0.0,0.0,0.0008865974688827549,0.0019319429649278241,0.034064208903359816,0.026785936650304487,5.7,-0.017331721080209195,-0.05736025753584728,0.06629220382021028,0.12725771232385252
29740,"Las Cruces, NM",2019,3,2.11,,394773.0,"Las Cruces, NM",msa,NM,179902.768784194,0.0314080832957859,0.0072779268709239,"Las Cruces, NM",963.173629523938,5.96666666666667,"Las Cruces, NM",815.0,"Las Cruces, NM",218195.0,0.0042203996723091,0.0164536971904801,-0.000886597468882755,2957.8528125,2.11,,40973.0,1947.0,4.390763888028555,False,2.9268292682926855,False,False,False,4.453692975804361,-0.02574913404516277,0.03140808329578593,0.007277926870923768,0.02534360961273996,0.016218425526659974,0.0022308786899951976,-0.004716981132075526,-0.07423580786026196,1.435406698564612,0.004220399672309139,0.0,0.0,0.0,0.0,0.045664385128154183,0.03165534344432919,5.7,0.0028712059064803785,-0.08009934802856511,0.037988254372415486,0.15500598332389925
29740,"Las Cruces, NM",2019,4,2.11,,394773.0,"Las Cruces, NM",msa,NM,181498.082184722,0.0102296345051793,0.0088676422898281,"Las Cruces, NM",966.946866162746,5.4,"Las Cruces, NM",742.333333333333,"Las Cruces, NM",218195.0,0.0042203996723091,0.0164536971904801,-0.000886597468882755,3082.755625,2.11,,40973.0,1947.0,4.42969961156669,False,0.4761904761904745,False,False,False,4.587381875205112,0.1367488403181003,0.01022963450517933,0.008867642289828837,0.05435220705709587,0.030017538282733902,0.003639531507766012,-0.045248868778280604,-0.0045045045045045695,1.3761467889908063,0.004220399672309139,0.0,0.0,0.0,0.0,0.04820896050600676,0.034116953238741976,5.5,-0.08916155419222938,-0.06884913938575765,0.14221561000009708,0.036741721225998614
29740,"Las Cruces, NM",2020,1,2.15,,394773.0,"Las Cruces, NM",msa,NM,185462.492917105,0.0266383862574475,0.0218427141745094,"Las Cruces, NM",980.109800987951,7.03333333333333,"Las Cruces, NM",641.666666666667,"Las Cruces, NM",220059.0,0.0085428172047938,0.017971633961531,0.0043224175324847,3055.86919354839,2.15,,44024.0,2292.0,4.21275878877669,False,-6.926406926406936,False,False,False,4.409007431099504,0.05228015978385869,0.02663838625744752,0.021842714174512112,0.056364609850457326,0.005510611604417237,0.004884647083856465,-0.0358744394618834,-0.008888888888888946,1.82648401826484,0.008542817204793884,0.004322417532484746,-0.0008865974688827549,0.004322417532484746,-0.0008865974688827549,0.053450178643744906,0.03128890213944646,6.33333333333333,-0.13560844185002174,-0.10076114534251568,0.12306660146926007,-0.004562795426326538
29740,"Las Cruces, NM",2020,2,2.12,,394773.0,"Las Cruces, NM",msa,NM,187792.897370915,0.0514548587730168,0.0125653678927544,"Las Cruces, NM",992.169595977675,8.86666666666667,"Las Cruces, NM",611.0,"Las Cruces, NM",220059.0,0.0085428172047938,0.017971633961531,0.0043224175324847,2931.68761904762,2.12,,44024.0,2292.0,4.265693652801086,False,-4.072398190045245,False,False,False,4.359039120085081,0.022504487711400678,0.05145485877301681,0.012565367892750201,0.04056275881902227,-0.011333233566803713,0.005164955177554806,-0.013953488372092981,0.018957345971563955,-2.714932126696834,0.008542817204793884,0.0,0.0,-0.004322417532484746,0.0008865974688827549,0.05252872337160608,0.034064208903359816,6.06666666666667,-0.047792207792208274,-0.017331721080209195,0.017124992393438232,0.06629220382021028
29740,"Las Cruces, NM",2020,3,2.13,,394773.0,"Las Cruces, NM",msa,NM,191741.944942674,0.0658087490175425,0.0210287376521927,"Las Cruces, NM",1011.5909486269,8.5,"Las Cruces, NM",556.333333333333,"Las Cruces, NM",220059.0,0.0085428172047938,0.017971633961531,0.0043224175324847,3319.8340625,2.13,,44024.0,2292.0,4.355395805530483,False,-6.986899563318783,False,False,False,4.390763888028555,0.0217637456172195,0.06580874901754252,0.02102873765219737,0.03140808329578593,0.007277926870923768,0.004539054774471643,0.009478672985782088,-0.004716981132075526,2.9268292682926855,0.008542817204793884,0.0,0.0,0.0,0.0,0.050268526482492026,0.045664385128154183,5.96666666666667,-0.08947081287506864,0.0028712059064803785,0.12237973724394036,0.037988254372415486
29740,"Las Cruces, NM",2020,4,2.19,,394773.0,"Las Cruces, NM",msa,NM,198968.062698443,0.096254353233004,0.0376866822641746,"Las Cruces, NM",1049.52730557962,7.46666666666667,"Las Cruces, NM",507.0,"Las Cruces, NM",220059.0,0.0085428172047938,0.017971633961531,0.0043224175324847,3554.5015625,2.19,,44024.0,2292.0,4.51953622338822,False,-1.3513513513513598,False,False,False,4.42969961156669,0.10544725456895421,0.09625435323300402,0.0376866822641726,0.01022963450517933,0.008867642289828837,0.002845994520608171,0.03791469194312791,-0.045248868778280604,0.4761904761904745,0.008542817204793884,0.0,0.0,0.0,0.0,0.08540328564752264,0.04820896050600676,5.4,-0.08867585380467291,-0.08916155419222938,0.15302735438200687,0.14221561000009708
29740,"Las Cruces, NM",2021,1,2.27,,394773.0,"Las Cruces, NM",msa,NM,206381.433473989,0.1127933752418284,0.0372590991489006,"Las Cruces, NM",1069.99243897149,8.0,"Las Cruces, NM",454.0,"Las Cruces, NM",221734.0,0.0076115950722306,0.0205082889201853,-0.000931222132563247,3865.7068852459,2.27,,47151.0,2190.0,4.377031949990223,False,0.8888888888888946,False,False,False,4.21275878877669,-0.023811856165888656,0.11279337524182842,0.037259099148900576,0.02663838625744752,0.021842714174512112,0.001635625061919852,0.05581395348837215,-0.0358744394618834,-6.926406926406936,0.007611595072230637,-0.0009312221325632475,0.004322417532484746,-0.0009312221325632475,0.004322417532484746,0.09170670254795654,0.053450178643744906,7.03333333333333,-0.10453648915187375,-0.13560844185002174,0.26501058795554977,0.12306660146926007
29740,"Las Cruces, NM",2021,2,2.4,,394773.0,"Las Cruces, NM",msa,NM,214000.023867504,0.1395533423440749,0.036915095826562,"Las Cruces, NM",1089.85314319212,7.7,"Las Cruces, NM",417.333333333333,"Las Cruces, NM",221734.0,0.0076115950722306,0.0205082889201853,-0.000931222132563247,4183.62634920635,2.4,,47151.0,2190.0,4.538610503860024,False,13.744075829383885,False,False,False,4.265693652801086,0.02941261062470346,0.1395533423440749,0.036915095826559385,0.05145485877301681,0.012565367892750201,0.0014149879346630513,0.13207547169811318,-0.013953488372092981,-4.072398190045245,0.007611595072230637,0.0,0.0,0.0009312221325632475,-0.004322417532484746,0.09845448561461745,0.05252872337160608,8.86666666666667,-0.08076358296622688,-0.047792207792208274,0.42703687869904483,0.017124992393438232
29740,"Las Cruces, NM",2021,3,2.57,,394773.0,"Las Cruces, NM",msa,NM,223149.648025919,0.1638019427237746,0.0427552483081919,"Las Cruces, NM",1138.04612405509,7.03333333333333,"Las Cruces, NM",511.666666666667,"Las Cruces, NM",221734.0,0.0076115950722306,0.0205082889201853,-0.000931222132563247,4421.670625,2.57,,47151.0,2190.0,4.7326599229267465,False,21.2264150943396,False,False,False,4.355395805530483,0.05145848221230942,0.16380194272377469,0.0427552483081961,0.06580874901754252,0.02102873765219737,0.0019397871375336155,0.20657276995305174,0.009478672985782088,-6.986899563318783,0.007611595072230637,0.0,0.0,0.0,0.0,0.12500623458507243,0.050268526482492026,8.5,0.22603833865814882,-0.08947081287506864,0.3318950711862574,0.12237973724394036
29740,"Las Cruces, NM",2021,4,2.69,,394773.0,"Las Cruces, NM",msa,NM,230449.594117567,0.1582240435583752,0.0327132314849123,"Las Cruces, NM",1164.78424733918,5.56666666666667,"Las Cruces, NM",516.666666666667,"Las Cruces, NM",221734.0,0.0076115950722306,0.0205082889201853,-0.000931222132563247,4602.10890625,2.69,,47151.0,2190.0,4.887480522524803,False,21.71945701357465,False,False,False,4.51953622338822,0.20890276702801636,0.15822404355837527,0.03271323148490968,0.09625435323300402,0.0376866822641726,0.0033354256626222096,0.22831050228310512,0.03791469194312791,-1.3513513513513598,0.007611595072230637,0.0,0.0,0.0,0.0,0.1098179543750959,0.08540328564752264,7.46666666666667,0.009771986970683821,-0.08867585380467291,0.2947269329692408,0.15302735438200687
29740,"Las Cruces, NM",2022,1,2.89,,394773.0,"Las Cruces, NM",msa,NM,241918.740600655,0.1721923650227232,0.0497685688143894,"Las Cruces, NM",1218.60157913083,5.5,"Las Cruces, NM",404.333333333333,"Las Cruces, NM",223385.0,0.0074458585512371,0.023786062925365,-0.000165736520993498,4463.85548387097,2.89,,51232.0,2122.0,4.722024137270749,False,29.596412556053806,False,False,False,4.377031949990223,0.07504514414225749,0.17219236502272328,0.04976856881438829,0.11279337524182842,0.037259099148900576,0.0054154462860275384,0.2731277533039649,0.05581395348837215,0.8888888888888946,0.007445858551237139,-0.000165736520993498,-0.0009312221325632475,-0.000165736520993498,-0.0009312221325632475,0.13888802831372127,0.09170670254795654,8.0,-0.2174193548387109,-0.10453648915187375,0.154732010569141,0.26501058795554977
29740,"Las Cruces, NM",2022,2,3.34,,394773.0,"Las Cruces, NM",msa,NM,255566.262906364,0.1942347402007549,0.0564136630003245,"Las Cruces, NM",1265.49518459942,4.86666666666667,"Las Cruces, NM",400.666666666667,"Las Cruces, NM",223385.0,0.0074458585512371,0.023786062925365,-0.000165736520993498,4105.66709677419,3.34,,51232.0,2122.0,4.988410815630153,False,55.348837209302324,False,False,False,4.538610503860024,0.2398422244853471,0.19423474020075493,0.056413663000327574,0.1395533423440749,0.036915095826559385,0.007917079743222607,0.3916666666666666,0.13207547169811318,13.744075829383885,0.007445858551237139,0.0,0.0,0.000165736520993498,0.0009312221325632475,0.1611612009420409,0.09845448561461745,7.7,-0.009068425391589363,-0.08076358296622688,-0.018634372653033138,0.42703687869904483
29740,"Las Cruces, NM",2022,3,3.58,,394773.0,"Las Cruces, NM",msa,NM,262442.481115342,0.1760828817657784,0.026905813509106,"Las Cruces, NM",1280.3588148286,4.23333333333333,"Las Cruces, NM",455.0,"Las Cruces, NM",223385.0,0.0074458585512371,0.023786062925365,-0.000165736520993498,3980.35109375,3.58,,51232.0,2122.0,5.122628066742309,True,69.66824644549764,True,True,False,4.7326599229267465,0.3970372228675787,0.17608288176577847,0.026905813509106924,0.16380194272377469,0.0427552483081961,0.010398759319840618,0.3929961089494165,0.20657276995305174,21.2264150943396,0.007445858551237139,0.0,0.0,0.0,0.0,0.1250500201752991,0.12500623458507243,7.03333333333333,0.13560732113144658,0.22603833865814882,-0.0998083232963558,0.3318950711862574
29740,"Las Cruces, NM",2023,2,3.9,,394773.0,"Las Cruces, NM",msa,NM,275797.169586449,0.0791611007259487,0.0284009225005115,"Las Cruces, NM",1328.39671216921,4.46666666666667,"Las Cruces, NM",488.333333333333,"Las Cruces, NM",225966.0,0.0115540434675561,0.026842801248756,0.0041081849163189,4206.07290322581,3.9,,55663.0,2067.0,4.954766534079173,False,83.96226415094338,False,False,False,4.988410815630153,0.7252981957617681,0.07916110072594873,0.028400922500511516,0.19423474020075493,0.056413663000327574,0.01737540427783657,0.16766467065868262,0.3916666666666666,55.348837209302324,0.011554043467556063,0.0,0.0,-0.004108184916318924,0.000165736520993498,0.049705070659514794,0.1611612009420409,4.86666666666667,0.08841010401188543,-0.009068425391589363,0.02445541834858167,-0.018634372653033138
29740,"Las Cruces, NM",2023,3,4.25,,394773.0,"Las Cruces, NM",msa,NM,282381.069787068,0.0759731754820711,0.0238722544197663,"Las Cruces, NM",1370.66284930216,4.5,"Las Cruces, NM",550.333333333333,"Las Cruces, NM",225966.0,0.0115540434675561,0.026842801248756,0.0041081849163189,4458.13746031746,4.25,,55663.0,2067.0,5.073047981371252,True,99.5305164319249,True,True,False,5.122628066742309,0.773465351859838,0.07597317548207116,0.023872254419765815,0.17608288176577847,0.026905813509106924,0.01702585544539519,0.1871508379888267,0.3929961089494165,69.66824644549764,0.011554043467556063,0.0,0.0,0.0,0.0,0.0705302556031131,0.1250500201752991,4.23333333333333,0.12696245733788425,0.13560732113144658,0.12003623683289799,-0.0998083232963558
29740,"Las Cruces, NM",2024,2,4.71,,394773.0,"Las Cruces, NM",msa,NM,286535.521571896,0.0389356859664256,0.0106261291810874,"Las Cruces, NM",1394.05936419274,5.0,"Las Cruces, NM",726.333333333333,"Las Cruces, NM",228104.0,0.0094616004177619,0.0287281156701273,-0.0020924430497941,5246.62650793651,4.71,,56848.0,2642.0,5.040379988247537,True,96.25000000000001,True,True,False,4.954766534079173,0.5721526550834115,0.038935685966425604,0.010626129181089405,0.07916110072594873,0.028400922500511516,0.0027321042496505467,0.20769230769230762,0.16766467065868262,83.96226415094338,0.009461600417761895,0.0,0.0,0.002092443049794168,-0.004108184916318924,0.04943000191283664,0.049705070659514794,4.46666666666667,0.11800923550538633,0.08841010401188543,0.24739314525733902,0.02445541834858167
29740,"Las Cruces, NM",2025,2,5.15,,394773.0,"Las Cruces, NM",msa,NM,289152.060679374,0.0091316395716802,-0.0015853419379977,"Las Cruces, NM",1417.56411504307,4.8,"Las Cruces, NM",815.666666666667,"Las Cruces, NM",229091.0,0.0043269736611371,0.0255433444501645,-0.0051346267566247,5732.06048387097,5.15,,,,,False,54.191616766467085,False,False,False,5.040379988247537,0.6813408681624562,0.009131639571680283,-0.001585341937997975,0.038935685966425604,0.010626129181089405,-0.01352925208871107,0.09341825902335454,0.20769230769230762,96.25000000000001,0.004326973661137101,0.0,0.0,0.005134626756624794,0.002092443049794168,0.016860652748414973,0.04943000191283664,5.0,0.16746183206106857,0.11800923550538633,0.09252306700317803,0.24739314525733902
29740,"Las Cruces, NM",2025,3,5.26,,394773.0,"Las Cruces, NM",msa,NM,288368.436516188,0.0019856211797604,-0.0027100763568676,"Las Cruces, NM",1433.1950524432,4.93333333333333,"Las Cruces, NM",925.0,"Las Cruces, NM",229091.0,0.0043269736611371,0.0255433444501645,-0.0051346267566247,6427.73875,5.26,,,,,False,46.927374301675975,False,False,False,5.062570024200816,0.6718061361722603,0.0019856211797604217,-0.002710076356864932,0.0191794405792991,0.004402452990651229,-0.015470591741856584,0.14347826086956528,0.08235294117647052,78.98832684824903,0.004326973661137101,0.0,0.0,0.0,0.0,0.017887502054711124,0.027246987987267657,5.16666666666667,0.13404168369431924,0.1335474988526848,0.1595155481803856,0.24344959483489204
29740,"Las Cruces, NM",2025,4,4.49,,394773.0,"Las Cruces, NM",msa,NM,287425.150159315,-0.0070534252704681,-0.0032711151340564,"Las Cruces, NM",1430.76275567091,5.05,"Las Cruces, NM",916.333333333333,"Las Cruces, NM",229091.0,0.0043269736611371,0.0255433444501645,-0.0051346267566247,6777.5671875,4.49,,,,,False,13.959390862944176,False,False,False,5.091944891432557,0.6622452798658669,-0.00705342527046815,-0.0032711151340590883,0.017318615061919784,0.005802362652036264,-0.016725696309521036,0.04418604651162794,-0.11522633744855981,59.85130111524164,0.004326973661137101,0.0,0.0,0.0,0.0,0.023306159488032163,0.018776611757015393,4.46666666666667,-0.009369369369369718,-0.051417004048582626,0.14737055805338306,0.3229933232101212
29820,"Las Vegas-Henderson-North Las Vegas, NV",2019,2,0.81,248.69,394775.0,"Las Vegas, NV",msa,NV,294955.778871246,0.0968878949243745,0.0087747508222044,"Las Vegas, NV",1249.3058363027,4.3,"Las Vegas, NV",14771.6666666667,"Las Vegas-Henderson-Paradise, NV",2266715.0,0.0182380514932967,0.0597890628360473,-0.0021503269476432,2882.32777777778,0.81,,59340.0,538.0,4.9706063173448936,False,19.11764705882353,False,False,False,4.734030353776276,1.8610230169384003,0.09688789492437455,0.008774750822201138,0.15278986941666162,0.03315791042425986,0.007971755549596518,0.025316455696202445,0.09722222222222232,21.53846153846155,0.018238051493296714,0.0,0.0,0.0021503269476432774,-0.000377961559982376,0.0684268337573799,0.06898867861626967,4.63333333333333,0.13581607545622876,-0.028845898681100213,0.06629220382021028,0.12725771232385252
29820,"Las Vegas-Henderson-North Las Vegas, NV",2019,3,0.79,249.05,394775.0,"Las Vegas, NV",msa,NV,295645.246626224,0.0576321301836657,0.0023375292310465,"Las Vegas, NV",1267.76369920282,4.4,"Las Vegas, NV",15147.3333333333,"Las Vegas-Henderson-Paradise, NV",2266715.0,0.0182380514932967,0.0597890628360473,-0.0021503269476432,2957.8528125,0.79,,59340.0,538.0,4.982225254907719,False,17.910447761194035,False,False,False,4.921218380320358,1.778198527814201,0.05763213018366575,0.002337529231047908,0.15597035954163285,0.0395409434573577,0.009313150467585485,-0.024691358024691357,0.1095890410958904,24.615384615384617,0.018238051493296714,0.0,0.0,0.0,0.0,0.06284116036522636,0.07057243799740531,4.6,0.025431569446006774,-0.08875286916603164,0.037988254372415486,0.15500598332389925
29820,"Las Vegas-Henderson-North Las Vegas, NV",2019,4,0.79,253.07,394775.0,"Las Vegas, NV",msa,NV,296480.719794277,0.0294592022625959,0.0028259313403047,"Las Vegas, NV",1267.62295633227,4.06666666666667,"Las Vegas, NV",13801.3333333333,"Las Vegas-Henderson-Paradise, NV",2266715.0,0.0182380514932967,0.0597890628360473,-0.0021503269476432,3082.755625,0.79,,59340.0,538.0,4.996304681400017,False,16.176470588235283,False,False,False,5.070183630345674,1.727697148184855,0.029459202262595907,0.0028259313403040665,0.14500817207831074,0.030269993833441422,0.009846404183221155,-0.04819277108433728,0.12162162162162149,16.901408450704224,0.018238051493296714,0.0,0.0,0.0,0.0,0.053923354287900294,0.07295174784106062,4.3,-0.08886052550503964,0.10432409739714821,0.14221561000009708,0.036741721225998614
29820,"Las Vegas-Henderson-North Las Vegas, NV",2020,1,0.8,257.13,394775.0,"Las Vegas, NV",msa,NV,299990.610406817,0.0259943182677486,0.011838512180403,"Las Vegas, NV",1275.65852503914,5.56666666666667,"Las Vegas, NV",11584.0,"Las Vegas-Henderson-North Las Vegas, NV",2275833.0,0.0040225612836197,0.043177708461773,-0.0142154902096769,3055.86919354839,0.8,,61048.0,519.0,4.914012095512007,False,11.111111111111116,False,False,False,4.927369874487446,1.4339339096539137,0.025994318267748673,0.011838512180405658,0.12340084301879117,0.015255590622071269,0.009287137381615688,-0.04761904761904756,0.07692307692307687,18.309859154929576,0.004022561283619774,-0.01421549020967694,-0.0021503269476432774,-0.01421549020967694,-0.0021503269476432774,0.048368195134219194,0.07101503627307859,4.46666666666667,-0.16066080571925212,0.05944008472044393,0.12306660146926007,-0.004562795426326538
29820,"Las Vegas-Henderson-North Las Vegas, NV",2020,2,0.8,259.05,394775.0,"Las Vegas, NV",msa,NV,303081.200841381,0.0275479327824321,0.0103022905629406,"Las Vegas, NV",1276.90890747059,28.4,"Las Vegas, NV",11571.6666666667,"Las Vegas-Henderson-North Las Vegas, NV",2275833.0,0.0040225612836197,0.043177708461773,-0.0142154902096769,2931.68761904762,0.8,,61048.0,519.0,4.964637675949761,False,11.111111111111116,False,False,False,4.9706063173448936,1.3823357014816322,0.027547932782432172,0.010302290562937522,0.09688789492437455,0.008774750822201138,0.007303791774215215,-0.012345679012345734,0.025316455696202445,19.11764705882353,0.004022561283619774,0.0,0.0,0.01421549020967694,0.0021503269476432774,0.022094726820120147,0.0684268337573799,4.3,-0.0010646869244905766,0.13581607545622876,0.017124992393438232,0.06629220382021028
29820,"Las Vegas-Henderson-North Las Vegas, NV",2020,3,0.81,263.9,394775.0,"Las Vegas, NV",msa,NV,304379.332958286,0.0295424547890812,0.0042831165816328,"Las Vegas, NV",1311.31291666051,17.1666666666667,"Las Vegas, NV",11852.6666666667,"Las Vegas-Henderson-North Las Vegas, NV",2275833.0,0.0040225612836197,0.043177708461773,-0.0142154902096769,3319.8340625,0.81,,61048.0,519.0,4.9859017979014215,False,10.95890410958904,False,False,False,4.982225254907719,1.2968532201948708,0.02954245478908124,0.004283116581633051,0.05763213018366575,0.002337529231047908,0.0030074406792690257,0.025316455696202445,-0.024691358024691357,17.910447761194035,0.004022561283619774,0.0,0.0,0.0,0.0,0.03435121031235888,0.06284116036522636,4.4,0.024283450957799158,0.025431569446006774,0.12237973724394036,0.037988254372415486
29820,"Las Vegas-Henderson-North Las Vegas, NV",2020,4,0.82,274.12,394775.0,"Las Vegas, NV",msa,NV,311542.291018901,0.0508011827382062,0.0235329974311902,"Las Vegas, NV",1349.14636268986,11.7333333333333,"Las Vegas, NV",10917.6666666667,"Las Vegas-Henderson-North Las Vegas, NV",2275833.0,0.0040225612836197,0.043177708461773,-0.0142154902096769,3554.5015625,0.82,,61048.0,519.0,5.103235012103607,True,10.81081081081081,True,True,False,4.996304681400017,1.2639418561872646,0.05080118273820622,0.023532997431191083,0.029459202262595907,0.0028259313403040665,-0.002697352543136545,0.03797468354430378,-0.04819277108433728,16.176470588235283,0.004022561283619774,0.0,0.0,0.0,0.0,0.0643120306005418,0.053923354287900294,4.06666666666667,-0.07888520164238688,-0.08886052550503964,0.15302735438200687,0.14221561000009708
29820,"Las Vegas-Henderson-North Las Vegas, NV",2025,2,2.62,393.53,394775.0,"Las Vegas, NV",msa,NV,441043.332891884,0.0261356753867165,-0.0044276824187121,"Las Vegas, NV",1742.87115241555,5.5,"Las Vegas, NV",12037.6666666667,"Las Vegas-Henderson-North Las Vegas, NV",2407226.0,0.009003473127483,0.036192747331742,-0.0057723166614074,5732.06048387097,2.62,,,,,False,78.23129251700682,False,False,False,5.6204880128307355,0.649881695485842,0.026135675386716573,-0.004427682418713164,0.05921082703964853,0.0172552254807945,-0.02798846695037812,0.19090909090909092,0.07843137254901977,134.04255319148942,0.009003473127483064,0.0,0.0,0.005772316661407428,-0.0027821346360696886,0.010646602326328969,0.020534704605978282,5.53333333333333,0.15613394800871117,0.08010633584404125,0.09252306700317803,0.24739314525733902
29820,"Las Vegas-Henderson-North Las Vegas, NV",2025,3,2.52,403.67,394775.0,"Las Vegas, NV",msa,NV,436370.716005422,0.0012195765935323,-0.0105944621264863,"Las Vegas, NV",1738.87190657032,5.76666666666667,"Las Vegas, NV",13037.6666666667,"Las Vegas-Henderson-North Las Vegas, NV",2407226.0,0.009003473127483,0.036192747331742,-0.0057723166614074,6427.73875,2.52,,,,,False,43.18181818181819,False,False,False,5.69933016982578,0.7171049149180613,0.0012195765935323344,-0.010594462126485515,0.063575605488422,0.01402763546778485,-0.025428261460561215,0.09565217391304359,0.09004739336492884,127.7227722772277,0.009003473127483064,0.0,0.0,0.0,0.0,0.002323220752603161,0.023002561966105173,5.9,0.0830725777420871,0.13836245795389246,0.1595155481803856,0.24344959483489204
29820,"Las Vegas-Henderson-North Las Vegas, NV",2025,4,2.41,394.61,394775.0,"Las Vegas, NV",msa,NV,433283.034173001,-0.0154456822217201,-0.0070758227332162,"Las Vegas, NV",1723.85403209492,5.35,"Las Vegas, NV",12850.0,"Las Vegas-Henderson-North Las Vegas, NV",2407226.0,0.009003473127483,0.036192747331742,-0.0057723166614074,6777.5671875,2.41,,,,,False,25.52083333333335,False,False,False,5.754790979832801,0.7584862984327847,-0.015445682221720158,-0.007075822733216164,0.0562932872565689,0.00973111021022266,-0.020810676330150237,0.016877637130801704,0.08219178082191791,119.44444444444441,0.009003473127483064,0.0,0.0,0.0,0.0,0.0041029014727651525,0.018649770077227013,5.56666666666667,-0.014394191189632588,0.10687903138625665,0.14737055805338306,0.3229933232101212
34820,"Myrtle Beach-Conway-North Myrtle Beach, SC",2019,2,3.51,,394898.0,"Myrtle Beach, SC",msa,SC,215004.199173214,0.0547887255255481,0.0150538352962091,"Myrtle Beach, SC",1161.84271253373,3.13333333333333,"Myrtle Beach, SC",8921.66666666667,"Myrtle Beach-Conway-North Myrtle Beach, SC-NC",496901.0,0.0330904290154579,0.110797899570123,-0.0046020678670526,2882.32777777778,3.51,,52660.0,722.0,4.082875031773908,False,7.999999999999985,False,False,False,4.091783156784306,0.3256426316238281,0.05478872552554814,0.015053835296206852,0.054490287310592356,0.013616461500671306,0.0012928357668594678,0.023323615160349753,0.03625377643504546,9.584664536741228,0.03309042901545789,0.0,0.0,0.004602067867052639,-0.0015296040299184188,0.03912231984598802,0.05030310330282117,3.26666666666667,0.17421251206457877,0.01988304093567206,0.06629220382021028,0.12725771232385252
34820,"Myrtle Beach-Conway-North Myrtle Beach, SC",2019,3,3.51,,394898.0,"Myrtle Beach, SC",msa,SC,217526.283997958,0.0545260814533585,0.0117303979849803,"Myrtle Beach, SC",1180.62629679868,2.53333333333333,"Myrtle Beach, SC",8807.0,"Myrtle Beach-Conway-North Myrtle Beach, SC-NC",496901.0,0.0330904290154579,0.110797899570123,-0.0046020678670526,2957.8528125,3.51,,52660.0,722.0,4.13076878081956,False,7.339449541284404,False,False,False,4.140812470580195,0.3138620184979959,0.05452608145335858,0.011730397984981433,0.05520615865214662,0.011982383209774072,0.0015989056259137207,-0.0028409090909091717,0.014409221902017322,10.691823899371066,0.03309042901545789,0.0,0.0,0.0,0.0,0.04368028233104004,0.04315301274669747,3.6,-0.012852606015318901,-0.05702309395760763,0.037988254372415486,0.15500598332389925
34820,"Myrtle Beach-Conway-North Myrtle Beach, SC",2019,4,3.51,,394898.0,"Myrtle Beach, SC",msa,SC,219967.224247199,0.0502051209240326,0.0112213577337794,"Myrtle Beach, SC",1178.67416218408,3.03333333333333,"Myrtle Beach, SC",8950.33333333333,"Myrtle Beach-Conway-North Myrtle Beach, SC-NC",496901.0,0.0330904290154579,0.110797899570123,-0.0046020678670526,3082.755625,3.51,,52660.0,722.0,4.177121615024667,False,11.428571428571432,False,False,False,4.204506131623033,0.31479015767985663,0.05020512092403262,0.011221357733780302,0.0554544593429771,0.015381923594794733,0.0019084946716553316,0.0028571428571428914,0.023391812865497075,5.740181268882183,0.03309042901545789,0.0,0.0,0.0,0.0,0.043139548968219366,0.04321034747228891,4.0,0.016274932818590937,-0.04327769856579722,0.14221561000009708,0.036741721225998614
34820,"Myrtle Beach-Conway-North Myrtle Beach, SC",2020,1,3.65,,394898.0,"Myrtle Beach, SC",msa,SC,222347.504159762,0.0497222274439355,0.0108210662779837,"Myrtle Beach, SC",1199.59523329199,4.43333333333333,"Myrtle Beach, SC",8572.33333333333,"Myrtle Beach-Conway-North Myrtle Beach, SC",353774.0,-0.288039267379216,-0.236756602821058,-0.321129696394674,3055.86919354839,3.65,,53832.0,1091.0,4.13039649576018,False,7.669616519174038,False,False,False,4.022323634275485,0.09975160982853959,0.04972222744393551,0.010821066277983515,0.05329508487204082,0.0112860644362478,0.002262297115190675,0.03693181818181812,0.005714285714285783,6.024096385542177,-0.28803926737921637,-0.32112969639467426,-0.004602067867052639,-0.32112969639467426,-0.004602067867052639,0.051308662313867215,0.04286627661302478,4.86666666666667,-0.04223306394547688,-0.0008766546857197355,0.12306660146926007,-0.004562795426326538
34820,"Myrtle Beach-Conway-North Myrtle Beach, SC",2020,2,3.54,,394898.0,"Myrtle Beach, SC",msa,SC,224161.870749323,0.0425929893989247,0.0081600492724986,"Myrtle Beach, SC",1213.88551137361,14.4333333333333,"Myrtle Beach, SC",8431.0,"Myrtle Beach-Conway-North Myrtle Beach, SC",353774.0,-0.288039267379216,-0.236756602821058,-0.321129696394674,2931.68761904762,3.54,,53832.0,1091.0,4.1641007346805425,False,6.9486404833836835,False,False,False,4.082875031773908,0.11241617041194374,0.04259298939892475,0.008160049272499803,0.05478872552554814,0.015053835296206852,0.0025276427589538217,0.008547008547008517,0.023323615160349753,7.999999999999985,-0.28803926737921637,0.0,0.0,0.32112969639467426,0.004602067867052639,0.044793325532322514,0.03912231984598802,3.13333333333333,-0.01648714857876077,0.17421251206457877,0.017124992393438232,0.06629220382021028
34820,"Myrtle Beach-Conway-North Myrtle Beach, SC",2020,3,3.58,,394898.0,"Myrtle Beach, SC",msa,SC,227674.396660844,0.0466523515060885,0.0156695958138615,"Myrtle Beach, SC",1223.50385741462,7.46666666666667,"Myrtle Beach, SC",7215.0,"Myrtle Beach-Conway-North Myrtle Beach, SC",353774.0,-0.288039267379216,-0.236756602821058,-0.321129696394674,3319.8340625,3.58,,53832.0,1091.0,4.229350510121192,False,3.170028818443793,False,False,False,4.13076878081956,0.1170456120370682,0.046652351506088596,0.015669595813861736,0.05452608145335858,0.011730397984981433,0.0023429208100227855,0.019943019943019946,-0.0028409090909091717,7.339449541284404,-0.28803926737921637,0.0,0.0,0.0,0.0,0.03631763982574698,0.04368028233104004,2.53333333333333,-0.14422962875103784,-0.012852606015318901,0.12237973724394036,0.037988254372415486
34820,"Myrtle Beach-Conway-North Myrtle Beach, SC",2020,4,3.71,,394898.0,"Myrtle Beach, SC",msa,SC,236298.132612472,0.0742424623539383,0.0378774955730938,"Myrtle Beach, SC",1229.43367738068,6.06666666666667,"Myrtle Beach, SC",6019.0,"Myrtle Beach-Conway-North Myrtle Beach, SC",353774.0,-0.288039267379216,-0.236756602821058,-0.321129696394674,3554.5015625,3.71,,53832.0,1091.0,4.389547715345371,False,8.479532163742686,False,False,False,4.177121615024667,0.12495494109758276,0.07424246235393839,0.037877495573094055,0.05020512092403262,0.011221357733780302,0.0018199841326330497,0.056980056980056926,0.0028571428571428914,11.428571428571432,-0.28803926737921637,0.0,0.0,0.0,0.0,0.04306492568102338,0.043139548968219366,3.03333333333333,-0.16576576576576574,0.016274932818590937,0.15302735438200687,0.14221561000009708
34820,"Myrtle Beach-Conway-North Myrtle Beach, SC",2021,1,3.77,,394898.0,"Myrtle Beach, SC",msa,SC,245510.363040381,0.1041741348442388,0.0389856251763852,"Myrtle Beach, SC",1273.49329290366,6.3,"Myrtle Beach, SC",5087.33333333333,"Myrtle Beach-Conway-North Myrtle Beach, SC",366100.0,0.0348414524526959,-0.238853602503197,0.322880719831912,3865.7068852459,3.77,,57489.0,1222.0,4.270562421339404,False,7.714285714285718,False,False,False,4.13039649576018,0.11621896715305713,0.10417413484423887,0.03898562517638271,0.04972222744393551,0.010821066277983515,0.0010795739528065339,0.03287671232876721,0.03693181818181812,7.669616519174038,0.034841452452695876,0.32288071983191224,-0.32112969639467426,0.32288071983191224,-0.32112969639467426,0.06160249520905059,0.051308662313867215,4.43333333333333,-0.15478761699064125,-0.04223306394547688,0.26501058795554977,0.12306660146926007
34820,"Myrtle Beach-Conway-North Myrtle Beach, SC",2021,2,4.05,,394898.0,"Myrtle Beach, SC",msa,SC,256692.539795088,0.1451213310141561,0.0455466588710465,"Myrtle Beach, SC",1333.21396094007,4.7,"Myrtle Beach, SC",3824.0,"Myrtle Beach-Conway-North Myrtle Beach, SC",366100.0,0.0348414524526959,-0.238853602503197,0.322880719831912,4183.62634920635,4.05,,57489.0,1222.0,4.46507227113166,False,18.075801749271125,False,False,False,4.1641007346805425,0.11353798554772432,0.14512133101415614,0.045546658871046475,0.04259298939892475,0.008160049272499803,8.414614540727145e-05,0.14406779661016933,0.008547008547008517,6.9486404833836835,0.034841452452695876,0.0,0.0,-0.32288071983191224,0.32112969639467426,0.0983028864323705,0.044793325532322514,14.4333333333333,-0.24832918359323763,-0.01648714857876077,0.42703687869904483,0.017124992393438232
34820,"Myrtle Beach-Conway-North Myrtle Beach, SC",2021,3,4.36,,394898.0,"Myrtle Beach, SC",msa,SC,272859.350406653,0.1984630437524293,0.0629812250269159,"Myrtle Beach, SC",1431.91386928491,4.4,"Myrtle Beach, SC",3523.0,"Myrtle Beach-Conway-North Myrtle Beach, SC",366100.0,0.0348414524526959,-0.238853602503197,0.322880719831912,4421.670625,4.36,,57489.0,1222.0,4.746287992601245,False,23.863636363636374,False,False,False,4.229350510121192,0.1338927819829534,0.1984630437524293,0.06298122502691594,0.046652351506088596,0.015669595813861736,-0.0004533562252860834,0.2178770949720672,0.019943019943019946,3.170028818443793,0.034841452452695876,0.0,0.0,0.0,0.0,0.17033866350914528,0.03631763982574698,7.46666666666667,-0.07871338912133896,-0.14422962875103784,0.3318950711862574,0.12237973724394036
34820,"Myrtle Beach-Conway-North Myrtle Beach, SC",2021,4,4.6,,394898.0,"Myrtle Beach, SC",msa,SC,287717.228270061,0.2176026322726643,0.0544525149725099,"Myrtle Beach, SC",1492.48910901351,3.83333333333333,"Myrtle Beach, SC",3304.0,"Myrtle Beach-Conway-North Myrtle Beach, SC",366100.0,0.0348414524526959,-0.238853602503197,0.322880719831912,4602.10890625,4.6,,57489.0,1222.0,5.004735310582216,True,31.428571428571427,True,True,False,4.389547715345371,0.2426595176032853,0.2176026322726643,0.05445251497251147,0.07424246235393839,0.037877495573094055,0.00019024714550820205,0.23989218328840956,0.056980056980056926,8.479532163742686,0.034841452452695876,0.0,0.0,0.0,0.0,0.2139647192626708,0.04306492568102338,6.06666666666667,-0.062162929321600946,-0.16576576576576574,0.2947269329692408,0.15302735438200687
34820,"Myrtle Beach-Conway-North Myrtle Beach, SC",2022,2,5.58,,394898.0,"Myrtle Beach, SC",msa,SC,326162.425233659,0.270634610160573,0.0703430008702031,"Myrtle Beach, SC",1613.67608223105,3.33333333333333,"Myrtle Beach, SC",3279.0,"Myrtle Beach-Conway-North Myrtle Beach, SC",383626.0,0.0478721660748429,-0.227962914141851,0.013030713622147,4105.66709677419,5.58,,63296.0,1438.0,5.152970570551994,True,58.974358974358985,True,True,False,4.46507227113166,0.39844574337484673,0.270634610160573,0.07034300087020307,0.14512133101415614,0.045546658871046475,0.005235005517923242,0.37777777777777777,0.14406779661016933,18.075801749271125,0.0478721660748429,0.0,0.0,-0.013030713622147028,-0.32288071983191224,0.21036542483640197,0.0983028864323705,4.7,0.20212635952584468,-0.24832918359323763,-0.018634372653033138,0.42703687869904483
34820,"Myrtle Beach-Conway-North Myrtle Beach, SC",2025,2,8.16,,394898.0,"Myrtle Beach, SC",msa,SC,339793.325989848,-0.0242122359444203,-0.0098164432008539,"Myrtle Beach, SC",1697.6531554498,4.53333333333333,"Myrtle Beach, SC",8703.33333333333,"Myrtle Beach-Conway-North Myrtle Beach, SC",427551.0,0.0319666334384889,0.114499538613128,-0.0071806932415379,5732.06048387097,8.16,,,,,False,46.23655913978495,False,False,False,5.206707875549073,1.1238328437751646,-0.024212235944420346,-0.009816443200854175,0.02288591841159482,0.004067110726880596,-0.025605580535128222,0.09677419354838701,0.03765690376569042,83.70370370370372,0.031966633438488934,0.0,0.0,0.0071806932415379165,0.00014354515869108297,0.0059074836289656485,0.014527276029543623,4.33333333333333,0.13823619163869405,0.16120623562483982,0.09252306700317803,0.24739314525733902
34820,"Myrtle Beach-Conway-North Myrtle Beach, SC",2025,3,8.43,,394898.0,"Myrtle Beach, SC",msa,SC,336744.290246581,-0.0291981699452617,-0.0089732066819885,"Myrtle Beach, SC",1689.76746643728,5.23333333333333,"Myrtle Beach, SC",8408.66666666667,"Myrtle Beach-Conway-North Myrtle Beach, SC",427551.0,0.0319666334384889,0.114499538613128,-0.0071806932415379,6427.73875,8.43,,,,,False,27.921092564491644,False,False,False,5.186488149097712,1.0557193682781518,-0.0291981699452617,-0.008973206681987866,0.006351456762837104,-0.003883399440616553,-0.027475365050141917,0.11213720316622688,0.048409405255878335,73.8532110091743,0.031966633438488934,0.0,0.0,0.0,0.0,-0.015947561360872498,0.02357293672748728,5.06666666666667,-0.03385675986212111,0.024472908138561955,0.1595155481803856,0.24344959483489204
34820,"Myrtle Beach-Conway-North Myrtle Beach, SC",2025,4,8.15,,394898.0,"Myrtle Beach, SC",msa,SC,336357.335597558,-0.0252636596884164,-0.001149105301056,"Myrtle Beach, SC",1697.65874808273,5.95,"Myrtle Beach, SC",7825.66666666667,"Myrtle Beach-Conway-North Myrtle Beach, SC",427551.0,0.0319666334384889,0.114499538613128,-0.0071806932415379,6777.5671875,8.15,,,,,False,12.880886426592797,False,False,False,5.159617194465923,0.982495579441256,-0.025263659688416484,-0.0011491053010569408,-0.003198077596782256,-0.0051809536355468255,-0.027499020380587665,0.08811748998664881,-0.0209150326797386,62.82608695652176,0.031966633438488934,0.0,0.0,0.0,0.0,-0.0048215181881019475,0.02567160897211096,4.83333333333333,-0.06933322762229444,-0.011643394199784773,0.14737055805338306,0.3229933232101212
34980,"Nashville-Davidson--Murfreesboro--Franklin, TN",2019,2,1.12,348.28,394902.0,"Nashville, TN",msa,TN,296750.633969418,0.0426989374488691,0.0099555383890936,"Nashville, TN",1369.69072598056,2.6,"Nashville, TN",9466.66666666667,"Nashville-Davidson--Murfreesboro--Franklin, TN",1934317.0,0.0155355678454538,0.0505204492058302,-0.000581134341511857,2882.32777777778,1.12,,66347.0,620.0,4.472706135460805,False,19.14893617021278,False,False,False,4.537749563548743,1.0983895900583556,0.0426989374488691,0.009955538389093022,0.09267058349809387,0.021638873397615166,-0.0014460026546079337,0.02752293577981657,0.058252427184465994,25.287356321839095,0.015535567845453846,0.0,0.0,0.0005811343415118575,0.0019255007420613257,0.03867442555960543,0.025757098644705323,2.7,0.1456232351754747,0.18477889912729717,0.06629220382021028,0.12725771232385252
34980,"Nashville-Davidson--Murfreesboro--Franklin, TN",2019,3,1.12,354.22,394902.0,"Nashville, TN",msa,TN,299157.061919387,0.0367226799036632,0.0081092596763143,"Nashville, TN",1384.73990284661,2.66666666666667,"Nashville, TN",10447.3333333333,"Nashville-Davidson--Murfreesboro--Franklin, TN",1934317.0,0.0155355678454538,0.0505204492058302,-0.000581134341511857,2957.8528125,1.12,,66347.0,620.0,4.5089764709691025,False,19.14893617021278,False,False,False,4.600917638684269,1.1064877436489988,0.03672267990366329,0.008109259676314595,0.0867931312534389,0.013920573238097811,-0.002924075047544238,0.009009009009008917,0.06730769230769229,24.71910112359552,0.015535567845453846,0.0,0.0,0.0,0.0,0.04120956068829873,0.025403124143071443,2.9,0.10359154929577064,0.16110448129706612,0.037988254372415486,0.15500598332389925
34980,"Nashville-Davidson--Murfreesboro--Franklin, TN",2019,4,1.13,360.07,394902.0,"Nashville, TN",msa,TN,303050.317964119,0.0415601985108975,0.013014087047631,"Nashville, TN",1376.58999888393,2.53333333333333,"Nashville, TN",9509.33333333333,"Nashville-Davidson--Murfreesboro--Franklin, TN",1934317.0,0.0155355678454538,0.0505204492058302,-0.000581134341511857,3082.755625,1.13,,66347.0,620.0,4.567656683258008,False,16.494845360824726,False,False,False,4.639147356440591,1.0895723370998391,0.04156019851089754,0.01301408704762963,0.07093942033427614,0.008309150643099672,-0.004111791543134596,0.008928571428571175,0.05660377358490565,21.739130434782616,0.015535567845453846,0.0,0.0,0.0,0.0,0.0366760898188041,0.03443114881220777,2.56666666666667,-0.08978367685533517,-0.014105472072582281,0.14221561000009708,0.036741721225998614
34980,"Nashville-Davidson--Murfreesboro--Franklin, TN",2020,1,1.15,365.51,394902.0,"Nashville, TN",msa,TN,308744.258376353,0.0507744146055155,0.0187887623761149,"Nashville, TN",1394.53153025085,2.73333333333333,"Nashville, TN",7892.66666666667,"Nashville-Davidson--Murfreesboro--Franklin, TN",2021837.0,0.0452459446926228,0.0785920624801615,0.0297103768471689,3055.86919354839,1.15,,68406.0,620.0,4.513409033949552,False,11.650485436893199,False,False,False,4.428616870198954,0.8464073101215561,0.05077441460551557,0.018788762376115153,0.054761053587839115,0.00985502771259461,-0.005394846229415851,0.00877192982456143,0.036363636363636154,19.999999999999996,0.045245944692622775,0.02971037684716893,-0.0005811343415118575,0.02971037684716893,-0.0005811343415118575,0.045937941175328456,0.02795719159179222,2.73333333333333,-0.17000841278743628,-0.10885038464303753,0.12306660146926007,-0.004562795426326538
34980,"Nashville-Davidson--Murfreesboro--Franklin, TN",2020,2,1.14,371.9,394902.0,"Nashville, TN",msa,TN,313129.69469873,0.0551946949875765,0.0142041064842442,"Nashville, TN",1408.31114328462,12.7666666666667,"Nashville, TN",8490.0,"Nashville-Davidson--Murfreesboro--Franklin, TN",2021837.0,0.0452459446926228,0.0785920624801615,0.0297103768471689,2931.68761904762,1.14,,68406.0,620.0,4.5775179764747245,False,10.679611650485432,False,False,False,4.472706135460805,0.83898300160492,0.055194694987576565,0.014204106484245083,0.0426989374488691,0.009955538389093022,-0.006683320044474148,0.01785714285714257,0.02752293577981657,19.14893617021278,0.045245944692622775,0.0,0.0,-0.02971037684716893,0.0005811343415118575,0.028196450900557446,0.03867442555960543,2.6,0.07568206774220765,0.1456232351754747,0.017124992393438232,0.06629220382021028
34980,"Nashville-Davidson--Murfreesboro--Franklin, TN",2020,3,1.16,384.92,394902.0,"Nashville, TN",msa,TN,316536.097500732,0.0580933489246129,0.0108785684004826,"Nashville, TN",1416.55573684093,8.03333333333333,"Nashville, TN",8925.0,"Nashville-Davidson--Murfreesboro--Franklin, TN",2021837.0,0.0452459446926228,0.0785920624801615,0.0297103768471689,3319.8340625,1.16,,68406.0,620.0,4.627314818886238,False,11.538461538461519,False,False,False,4.5089764709691025,0.8142922837279323,0.05809334892461293,0.010878568400481292,0.03672267990366329,0.008109259676314595,-0.007739549755866444,0.03571428571428559,0.009009009009008917,19.14893617021278,0.045245944692622775,0.0,0.0,0.0,0.0,0.022976036098126595,0.04120956068829873,2.66666666666667,0.051236749116607694,0.10359154929577064,0.12237973724394036,0.037988254372415486
34980,"Nashville-Davidson--Murfreesboro--Franklin, TN",2020,4,1.19,400.77,394902.0,"Nashville, TN",msa,TN,326575.717060984,0.0776286897004687,0.0317171394969527,"Nashville, TN",1410.83947386196,4.96666666666667,"Nashville, TN",7595.0,"Nashville-Davidson--Murfreesboro--Franklin, TN",2021837.0,0.0452459446926228,0.0785920624801615,0.0297103768471689,3554.5015625,1.19,,68406.0,620.0,4.774080008493173,False,12.264150943396213,False,False,False,4.567656683258008,0.8113199532444293,0.07762868970046877,0.03171713949695354,0.04156019851089754,0.01301408704762963,-0.008124186847202397,0.053097345132743445,0.008928571428571175,16.494845360824726,0.045245944692622775,0.0,0.0,0.0,0.0,0.024879938838577642,0.0366760898188041,2.53333333333333,-0.14901960784313728,-0.08978367685533517,0.15302735438200687,0.14221561000009708
34980,"Nashville-Davidson--Murfreesboro--Franklin, TN",2021,1,1.23,419.39,394902.0,"Nashville, TN",msa,TN,338603.504837255,0.0967119084835066,0.0368300126063124,"Nashville, TN",1425.42342530035,4.56666666666667,"Nashville, TN",5401.33333333333,"Nashville-Davidson--Murfreesboro--Franklin, TN",2034309.0,0.0061686476209506,0.0680323574099371,-0.0390772970716722,3865.7068852459,1.23,,72537.0,612.0,4.668010874963881,False,11.818181818181817,False,False,False,4.513409033949552,0.7517251478113205,0.09671190848350664,0.0368300126063108,0.05077441460551557,0.018788762376115153,-0.007622006775171871,0.06956521739130439,0.00877192982456143,11.650485436893199,0.006168647620950596,-0.03907729707167218,0.02971037684716893,-0.03907729707167218,0.02971037684716893,0.022152166788185212,0.045937941175328456,2.73333333333333,-0.288830370858021,-0.17000841278743628,0.26501058795554977,0.12306660146926007
34980,"Nashville-Davidson--Murfreesboro--Franklin, TN",2021,2,1.33,441.68,394902.0,"Nashville, TN",msa,TN,354716.982613661,0.132811702687422,0.0475880419021364,"Nashville, TN",1490.05061097651,4.3,"Nashville, TN",4476.66666666667,"Nashville-Davidson--Murfreesboro--Franklin, TN",2034309.0,0.0061686476209506,0.0680323574099371,-0.0390772970716722,4183.62634920635,1.33,,72537.0,612.0,4.890152372081296,False,22.018348623853214,False,False,False,4.5775179764747245,0.7252697669911634,0.13281170268742204,0.04758804190213772,0.055194694987576565,0.014204106484245083,-0.006471171168783824,0.16666666666666674,0.01785714285714257,10.679611650485432,0.006168647620950596,0.0,0.0,0.03907729707167218,-0.02971037684716893,0.058040773220929154,0.028196450900557446,12.7666666666667,-0.17119229819797477,0.07568206774220765,0.42703687869904483,0.017124992393438232
34980,"Nashville-Davidson--Murfreesboro--Franklin, TN",2021,3,1.42,468.84,394902.0,"Nashville, TN",msa,TN,375411.566581187,0.1859992258239011,0.0583411141328569,"Nashville, TN",1591.19114732441,3.63333333333333,"Nashville, TN",5453.66666666667,"Nashville-Davidson--Murfreesboro--Franklin, TN",2034309.0,0.0061686476209506,0.0680323574099371,-0.0390772970716722,4421.670625,1.42,,72537.0,612.0,5.1754493097479495,True,27.92792792792791,True,True,False,4.627314818886238,0.6679107007808667,0.18599922582390116,0.058341114132856475,0.05809334892461293,0.010878568400481292,-0.00511471520286812,0.22413793103448287,0.03571428571428559,11.538461538461519,0.006168647620950596,0.0,0.0,0.0,0.0,0.12328170783659775,0.022976036098126595,8.03333333333333,0.2182427401340281,0.051236749116607694,0.3318950711862574,0.12237973724394036
34980,"Nashville-Davidson--Murfreesboro--Franklin, TN",2025,2,2.59,594.05,394902.0,"Nashville, TN",msa,TN,458383.63489755,0.0040875244325837,-0.0017009897095542,"Nashville, TN",1801.00854212417,2.86666666666667,"Nashville, TN",9350.0,"Nashville-Davidson--Murfreesboro--Franklin, TN",2197416.0,0.0160249089357201,0.0570476384725209,-0.0056929217755563,5732.06048387097,2.59,,,,,False,34.19689119170983,False,False,False,5.342699076864723,0.8699929414039183,0.004087524432583756,-0.0017009897095529025,0.0213187962491308,0.010091514398588686,-0.026609557929174688,0.11158798283261784,0.026431718061673992,75.18796992481202,0.01602490893572006,0.0,0.0,0.005692921775556359,-0.003456544522546734,0.005359568689959016,0.003565266532969291,2.7,0.22296825950470933,0.20705714755355764,0.09252306700317803,0.24739314525733902
34980,"Nashville-Davidson--Murfreesboro--Franklin, TN",2025,3,2.58,588.23,394902.0,"Nashville, TN",msa,TN,456120.786661954,-0.0010618918045569,-0.0049365816388748,"Nashville, TN",1807.92860689529,3.1,"Nashville, TN",10777.6666666667,"Nashville-Davidson--Murfreesboro--Franklin, TN",2197416.0,0.0160249089357201,0.0570476384725209,-0.0056929217755563,6427.73875,2.58,,,,,False,25.85365853658539,False,False,False,5.3437294751391855,0.834753004170083,-0.001061891804556958,-0.004936581638874893,0.015871249053387437,0.0001928609977164264,-0.026919958607818727,0.08860759493670889,0.02155172413793105,66.90140845070425,0.01602490893572006,0.0,0.0,0.0,0.0,0.004258308712036918,0.006770058505825238,3.1,0.1526916221033905,0.18284157966409498,0.1595155481803856,0.24344959483489204
34980,"Nashville-Davidson--Murfreesboro--Franklin, TN",2025,4,2.49,590.25,394902.0,"Nashville, TN",msa,TN,456182.042325833,-0.0018759175144651,0.000134297023222985,"Nashville, TN",1787.8706450373,2.95,"Nashville, TN",10208.6666666667,"Nashville-Davidson--Murfreesboro--Franklin, TN",2197416.0,0.0160249089357201,0.0570476384725209,-0.0056929217755563,6777.5671875,2.49,,,,,False,13.698630136986312,False,False,False,5.348805816013494,0.7811491327554858,-0.0018759175144651419,0.00013429702322342862,0.014364266581406104,0.0009499621749051723,-0.02527230696376836,0.01632653061224487,0.0652173913043479,61.184210526315795,0.01602490893572006,0.0,0.0,0.0,0.0,0.006811549017110119,0.00912672322021213,2.86666666666667,-0.052794358704728706,-0.01565737969145753,0.14737055805338306,0.3229933232101212
35840,"North Port-Bradenton-Sarasota, FL",2019,2,2.28,315.0,753906.0,"North Port, FL",msa,FL,276910.16912449,0.0296004796991034,-0.0027100306461977,"North Port, FL",1444.37816556537,3.16666666666667,"North Port, FL",10028.3333333333,"North Port-Sarasota-Bradenton, FL",836995.0,0.0198351195785145,0.0617169473616113,0.000547650596192328,2882.32777777778,2.28,,60810.0,825.0,4.5536946081975005,False,11.76470588235292,False,False,False,4.6768884187009006,0.9295391961103077,0.0296004796991034,-0.0027100306461970147,0.03512585921252076,0.00748203955395943,-0.007724900215003324,0.0,0.05069124423963123,23.913043478260843,0.01983511957851447,0.0,0.0,-0.0005476505961923284,0.0020801879072724905,0.03683638314492277,0.01997792739955262,3.5,0.010615069367459373,-0.02210901341857263,0.06629220382021028,0.12725771232385252
35840,"North Port-Bradenton-Sarasota, FL",2019,3,2.3,326.49,753906.0,"North Port, FL",msa,FL,277292.10621084,0.0171882634878859,0.0013792815466373,"North Port, FL",1464.51957275524,3.43333333333333,"North Port, FL",8149.0,"North Port-Sarasota-Bradenton, FL",836995.0,0.0198351195785145,0.0617169473616113,0.000547650596192328,2957.8528125,2.3,,60810.0,825.0,4.559975435139615,False,12.195121951219523,False,False,False,4.74048750220904,0.8419095772996115,0.017188263487885935,0.0013792815466386887,0.04102160541326483,0.013598589022101315,-0.00796144669185323,0.004366812227074135,0.017777777777777892,20.52631578947368,0.01983511957851447,0.0,0.0,0.0,0.0,0.03589615044304817,0.038039897644740694,3.66666666666667,-0.18740235998005372,-0.14072661650039187,0.037988254372415486,0.15500598332389925
35840,"North Port-Bradenton-Sarasota, FL",2019,4,2.29,330.04,753906.0,"North Port, FL",msa,FL,280245.866044359,0.0156577123040282,0.0106521598248193,"North Port, FL",1499.26361308711,2.96666666666667,"North Port, FL",7887.33333333333,"North Port-Sarasota-Bradenton, FL",836995.0,0.0198351195785145,0.0617169473616113,0.000547650596192328,3082.755625,2.29,,60810.0,825.0,4.608549022271978,False,10.6280193236715,False,False,False,4.798203733300003,0.7805665732734166,0.015657712304028237,0.010652159824820595,0.04398495506311084,0.012175167862813252,-0.00694880208921179,-0.01716738197424894,0.026431718061673992,13.658536585365866,0.01983511957851447,0.0,0.0,0.0,0.0,0.03824185052427187,0.029171598719886394,3.33333333333333,-0.03211027937988342,-0.006974163892851881,0.14221561000009708,0.036741721225998614
35840,"North Port-Bradenton-Sarasota, FL",2020,1,2.33,334.46,753906.0,"North Port, FL",msa,FL,284945.93638279,0.0262307269579826,0.0167712387867582,"North Port, FL",1510.60312196383,3.43333333333333,"North Port, FL",8450.0,"North Port-Bradenton-Sarasota, FL",837884.0,0.0010621329876523,0.040609250533417,-0.0187729865908621,3055.86919354839,2.33,,62438.0,1005.0,4.563662134962523,False,6.8807339449541205,False,False,False,4.566068794563411,0.5520908736697567,0.026230726957982675,0.01677123878675535,0.04012275575689572,0.006295683022333076,-0.0056605414601873785,-0.008510638297872353,0.03070175438596512,15.196078431372563,0.0010621329876523422,-0.01877298659086213,0.0005476505961923284,-0.01877298659086213,0.0005476505961923284,0.03659742740828964,0.029697218226723443,3.36666666666667,0.0713380103118928,0.1879090183559462,0.12306660146926007,-0.004562795426326538
35840,"North Port-Bradenton-Sarasota, FL",2020,2,2.3,342.09,753906.0,"North Port, FL",msa,FL,287136.432404524,0.0369298943132587,0.0076874092311725,"North Port, FL",1480.19010577866,12.1333333333333,"North Port, FL",8019.33333333333,"North Port-Bradenton-Sarasota, FL",837884.0,0.0010621329876523,0.040609250533417,-0.0187729865908621,2931.68761904762,2.3,,62438.0,1005.0,4.598744873386784,False,5.990783410138234,False,False,False,4.5536946081975005,0.4462944448667532,0.03692989431325877,0.00768740923117206,0.0296004796991034,-0.0027100306461970147,-0.004508718739058903,0.00877192982456143,0.0,11.76470588235292,0.0010621329876523422,0.0,0.0,0.01877298659086213,-0.0005476505961923284,0.02479401936907033,0.03683638314492277,3.16666666666667,-0.0509664694280082,0.010615069367459373,0.017124992393438232,0.06629220382021028
35840,"North Port-Bradenton-Sarasota, FL",2020,3,2.34,352.65,753906.0,"North Port, FL",msa,FL,289702.437130603,0.044755442516372,0.00893653481932,"North Port, FL",1508.9701306896,8.13333333333333,"North Port, FL",6882.0,"North Port-Bradenton-Sarasota, FL",837884.0,0.0010621329876523,0.040609250533417,-0.0187729865908621,3319.8340625,2.34,,62438.0,1005.0,4.639841717072985,False,4.0000000000000036,False,False,False,4.559975435139615,0.370679363971294,0.04475544251637209,0.008936534819322217,0.017188263487885935,0.0013792815466386887,-0.0038704483258403632,0.01739130434782621,0.004366812227074135,12.195121951219523,0.0010621329876523422,0.0,0.0,0.0,0.0,0.030351631184234673,0.03589615044304817,3.43333333333333,-0.14182392551334244,-0.18740235998005372,0.12237973724394036,0.037988254372415486
35840,"North Port-Bradenton-Sarasota, FL",2020,4,2.39,370.57,753906.0,"North Port, FL",msa,FL,300312.404614126,0.0716033347895692,0.0366236735479721,"North Port, FL",1582.20196547679,5.4,"North Port, FL",5934.66666666667,"North Port-Bradenton-Sarasota, FL",837884.0,0.0010621329876523,0.040609250533417,-0.0187729865908621,3554.5015625,2.39,,62438.0,1005.0,4.809769765433326,False,5.286343612334798,False,False,False,4.608549022271978,0.3376295878304738,0.07160333478956926,0.03662367354797169,0.015657712304028237,0.010652159824820595,-0.003623899017470224,0.04366812227074246,-0.01716738197424894,10.6280193236715,0.0010621329876523422,0.0,0.0,0.0,0.0,0.05531939257760232,0.03824185052427187,2.96666666666667,-0.13765378281507268,-0.03211027937988342,0.15302735438200687,0.14221561000009708
35840,"North Port-Bradenton-Sarasota, FL",2021,1,2.49,390.68,753906.0,"North Port, FL",msa,FL,313711.516868356,0.100951011447038,0.0446172454029892,"North Port, FL",1610.0603807914,4.7,"North Port, FL",5072.66666666667,"North Port-Bradenton-Sarasota, FL",862683.0,0.0295971757427043,0.0511346190399602,0.0285350427550519,3865.7068852459,2.49,,67508.0,965.0,4.647027268891923,False,9.21052631578949,False,False,False,4.563662134962523,0.28867322823502306,0.100951011447038,0.04461724540298828,0.026230726957982675,0.01677123878675535,-0.002911051922420758,0.06866952789699576,-0.008510638297872353,6.8807339449541205,0.029597175742704263,0.02853504275505192,-0.01877298659086213,0.02853504275505192,-0.01877298659086213,0.06583943683253635,0.03659742740828964,3.43333333333333,-0.145248258818243,0.0713380103118928,0.26501058795554977,0.12306660146926007
35840,"North Port-Bradenton-Sarasota, FL",2021,2,2.71,416.83,753906.0,"North Port, FL",msa,FL,332845.428866308,0.1591891216276872,0.060992061078782,"North Port, FL",1688.35988872958,4.3,"North Port, FL",4076.66666666667,"North Port-Bradenton-Sarasota, FL",862683.0,0.0295971757427043,0.0511346190399602,0.0285350427550519,4183.62634920635,2.71,,67508.0,965.0,4.930459039910944,False,18.85964912280702,False,False,False,4.598744873386784,0.24170853642285994,0.15918912162768728,0.060992061078781745,0.03692989431325877,0.00768740923117206,-0.0018072923867463887,0.17826086956521747,0.00877192982456143,5.990783410138234,0.029597175742704263,0.0,0.0,-0.02853504275505192,0.01877298659086213,0.1406371939240949,0.02479401936907033,12.1333333333333,-0.19634643185701117,-0.0509664694280082,0.42703687869904483,0.017124992393438232
35840,"North Port-Bradenton-Sarasota, FL",2021,3,2.96,444.28,753906.0,"North Port, FL",msa,FL,360532.931320922,0.2444939534919663,0.0831842652876997,"North Port, FL",1873.24516103059,4.26666666666667,"North Port, FL",3688.66666666667,"North Port-Bradenton-Sarasota, FL",862683.0,0.0295971757427043,0.0511346190399602,0.0285350427550519,4421.670625,2.96,,67508.0,965.0,5.340595652677045,True,29.257641921397372,True,True,False,4.639841717072985,0.14970646054023806,0.24449395349196634,0.08318426528770217,0.04475544251637209,0.008936534819322217,-0.000768733102101948,0.2649572649572651,0.01739130434782621,4.0000000000000036,0.029597175742704263,0.0,0.0,0.0,0.0,0.2414063889883069,0.030351631184234673,8.13333333333333,-0.09517579721995084,-0.14182392551334244,0.3318950711862574,0.12237973724394036
35840,"North Port-Bradenton-Sarasota, FL",2025,2,6.03,529.31,753906.0,"North Port, FL",msa,FL,428713.220110468,-0.0786055013324547,-0.0239743589620934,"North Port, FL",2174.44717552225,3.8,"North Port, FL",12427.3333333333,"North Port-Bradenton-Sarasota, FL",948158.0,0.0141323821187342,0.0588182743021395,-0.0048512554199975,5732.06048387097,6.03,,,,,False,43.57142857142857,False,False,False,5.754305233121545,1.2006106249240442,-0.0786055013324547,-0.023974358962092546,-0.00990670328863319,-0.0069181929042829715,-0.0373825399654311,0.0691489361702129,0.03486238532110075,108.11808118081179,0.014132382118734244,0.0,0.0,0.0048512554199975355,0.005628668390890823,-0.0036287602473070724,-0.011735304055549567,3.23333333333333,0.15170986376695228,0.1534157058624661,0.09252306700317803,0.24739314525733902
35840,"North Port-Bradenton-Sarasota, FL",2025,3,6.32,527.75,753906.0,"North Port, FL",msa,FL,415623.738598361,-0.088909764784145,-0.0305320221026402,"North Port, FL",2151.52763505595,4.53333333333333,"North Port, FL",10850.6666666667,"North Port-Bradenton-Sarasota, FL",948158.0,0.0141323821187342,0.0588182743021395,-0.0048512554199975,6427.73875,6.32,,,,,False,32.21757322175731,False,False,False,5.641707767139193,1.0817323319995786,-0.08890976478414503,-0.0305320221026405,-0.03164853026100756,-0.01956751708863913,-0.040854508921606476,0.06040268456375841,0.03114186851211076,101.35135135135135,0.014132382118734244,0.0,0.0,0.0,0.0,-0.014338472755359821,-0.004617177286839413,3.93333333333333,-0.12687087602595915,0.0002930450638187754,0.1595155481803856,0.24344959483489204
35840,"North Port-Bradenton-Sarasota, FL",2025,4,6.64,530.06,753906.0,"North Port, FL",msa,FL,407425.446063144,-0.0910547205767643,-0.019725274987575,"North Port, FL",2144.50241085661,5.05,"North Port, FL",9635.66666666667,"North Port-Bradenton-Sarasota, FL",948158.0,0.0141323821187342,0.0588182743021395,-0.0048512554199975,6777.5671875,6.64,,,,,False,23.880597014925353,False,False,False,5.543474386068861,0.9349253637968831,-0.09105472057676434,-0.019725274987575703,-0.04867411516259201,-0.017411993872228693,-0.04156793690560034,0.035881435257410166,0.08094435075885342,99.68847352024923,0.014132382118734244,0.0,0.0,0.0,0.0,-0.026486798852305538,0.0021353190583697224,3.73333333333333,-0.11197468665520038,-0.17798899775397636,0.14737055805338306,0.3229933232101212
36100,"Ocala, FL",2019,2,3.52,,394927.0,"Ocala, FL",msa,FL,167353.645470994,0.0663191717922933,0.0137696664869684,"Ocala, FL",1040.95437736733,3.73333333333333,"Ocala, FL",3026.66666666667,"Ocala, FL",365579.0,0.0181500687903482,0.052119757445988,0.0019531587407923,2882.32777777778,3.52,,45371.0,898.0,3.688559773225056,False,16.9435215946844,False,False,False,3.6195007418901777,0.9777777675654367,0.0663191717922933,0.013769666486968646,0.0989256816821602,0.018243480559489322,0.001128383673542232,0.06666666666666665,0.031249999999999778,13.013698630136993,0.018150068790348195,0.0,0.0,-0.0019531587407923823,0.0006966833357533453,0.04917318297061102,0.08064252543950712,4.26666666666667,0.06025221858944407,-0.020440251572328205,0.06629220382021028,0.12725771232385252
36100,"Ocala, FL",2019,3,3.53,,394927.0,"Ocala, FL",msa,FL,168992.425877225,0.0607638719390775,0.0097923197407416,"Ocala, FL",1046.30248580562,3.96666666666667,"Ocala, FL",2721.33333333333,"Ocala, FL",365579.0,0.0181500687903482,0.052119757445988,0.0019531587407923,2957.8528125,3.53,,45371.0,898.0,3.72467932990732,False,14.983713355048867,False,False,False,3.674085266220221,0.9547910940931583,0.06076387193907751,0.00979231974074346,0.09084971348721016,0.015080677757103533,0.0005538991140591613,0.03823529411764692,0.05263157894736836,14.093959731543615,0.018150068790348195,0.0,0.0,0.0,0.0,0.05304434404978364,0.0464506744861477,4.33333333333333,-0.10088105726872465,-0.05331346021554695,0.037988254372415486,0.15500598332389925
36100,"Ocala, FL",2019,4,3.55,,394927.0,"Ocala, FL",msa,FL,171889.832578416,0.0619619788547336,0.0171451867511283,"Ocala, FL",1049.61548565711,3.43333333333333,"Ocala, FL",2567.0,"Ocala, FL",365579.0,0.0181500687903482,0.052119757445988,0.0019531587407923,3082.755625,3.55,,45371.0,898.0,3.788539652606643,False,16.77631578947367,False,False,False,3.73286196772104,0.970256781042993,0.061961978854733646,0.017145186751126973,0.07914791384683872,0.015997642199873763,-0.00020812791199467334,0.044117647058823595,0.027190332326283873,13.712374581939791,0.018150068790348195,0.0,0.0,0.0,0.0,0.056039390340341555,0.02968422142729943,3.9,-0.05671239588436916,0.0013322029792914858,0.14221561000009708,0.036741721225998614
36100,"Ocala, FL",2020,1,3.63,,394927.0,"Ocala, FL",msa,FL,175328.90935489,0.06208101689089,0.0200074473567573,"Ocala, FL",1062.96923656027,4.03333333333333,"Ocala, FL",2501.33333333333,"Ocala, FL",377432.0,0.0324225406820413,0.0681866422896991,0.0142724718916931,3055.86919354839,3.63,,46587.0,1434.0,3.763472843387426,False,11.009174311926607,False,False,False,3.6384594007503472,0.8475519068339534,0.06208101689089007,0.020007447356754415,0.07102488934753848,0.01989312492610429,-0.0005999071674148795,0.028328611898017053,0.047477744807121525,16.5016501650165,0.03242254068204131,0.014272471891693117,0.0019531587407923823,0.014272471891693117,0.0019531587407923823,0.05336716384598539,0.04310072529339637,4.1,-0.02558109336449943,0.035800677310112494,0.12306660146926007,-0.004562795426326538
36100,"Ocala, FL",2020,2,3.59,,394927.0,"Ocala, FL",msa,FL,176992.267072246,0.0575943330910146,0.0094870704636012,"Ocala, FL",1083.49617815937,10.5333333333333,"Ocala, FL",2243.0,"Ocala, FL",377432.0,0.0324225406820413,0.0681866422896991,0.0142724718916931,2931.68761904762,3.59,,46587.0,1434.0,3.799177175440488,False,12.187499999999996,False,False,False,3.688559773225056,0.8514786623022821,0.05759433309101469,0.009487070463600089,0.0663191717922933,0.013769666486968646,-0.0010684563106831866,0.019886363636363535,0.06666666666666665,16.9435215946844,0.03242254068204131,0.0,0.0,-0.014272471891693117,-0.0019531587407923823,0.04086807425665673,0.04917318297061102,3.73333333333333,-0.10327825159914583,0.06025221858944407,0.017124992393438232,0.06629220382021028
36100,"Ocala, FL",2020,3,3.68,,394927.0,"Ocala, FL",msa,FL,180045.351729946,0.0654048593914562,0.0172498194876116,"Ocala, FL",1125.88701861882,8.26666666666667,"Ocala, FL",1973.66666666667,"Ocala, FL",377432.0,0.0324225406820413,0.0681866422896991,0.0142724718916931,3319.8340625,3.68,,46587.0,1434.0,3.864712295918304,False,13.931888544891645,False,False,False,3.72467932990732,0.8194132072322651,0.06540485939145624,0.01724981948761517,0.06076387193907751,0.00979231974074346,-0.0021920872355828728,0.04249291784702569,0.03823529411764692,14.983713355048867,0.03242254068204131,0.0,0.0,0.0,0.0,0.07606264334918644,0.05304434404978364,3.96666666666667,-0.12007727745578689,-0.10088105726872465,0.12237973724394036,0.037988254372415486
36100,"Ocala, FL",2020,4,3.74,,394927.0,"Ocala, FL",msa,FL,187588.158936708,0.0913278355258762,0.0418939291366738,"Ocala, FL",1162.09860270402,5.96666666666667,"Ocala, FL",1815.33333333333,"Ocala, FL",377432.0,0.0324225406820413,0.0681866422896991,0.0142724718916931,3554.5015625,3.74,,46587.0,1434.0,4.0266202789771395,False,12.990936555891253,False,False,False,3.788539652606643,0.8292534624032064,0.0913278355258762,0.041893929136674446,0.061961978854733646,0.017145186751126973,-0.003077032937412777,0.05352112676056353,0.044117647058823595,16.77631578947367,0.03242254068204131,0.0,0.0,0.0,0.0,0.10716602278070453,0.056039390340341555,3.43333333333333,-0.0802229353149837,-0.05671239588436916,0.15302735438200687,0.14221561000009708
36100,"Ocala, FL",2021,1,3.85,,394927.0,"Ocala, FL",msa,FL,195825.927138788,0.1169060930072245,0.0439141161615622,"Ocala, FL",1193.92085220476,5.56666666666667,"Ocala, FL",1772.33333333333,"Ocala, FL",385203.0,0.020589139235677,0.0728035826681743,-0.0118334014463644,3865.7068852459,3.85,,50808.0,1465.0,3.854234119406157,False,14.243323442136502,False,False,False,3.763472843387426,0.7833893718199763,0.11690609300722454,0.04391411616156127,0.06208101689089007,0.020007447356754415,-0.00384182204471624,0.06060606060606055,0.028328611898017053,11.009174311926607,0.020589139235676956,-0.011833401446364356,0.014272471891693117,-0.011833401446364356,0.014272471891693117,0.12319417264439814,0.05336716384598539,4.03333333333333,-0.023687109805361817,-0.02558109336449943,0.26501058795554977,0.12306660146926007
36100,"Ocala, FL",2021,2,4.12,,394927.0,"Ocala, FL",msa,FL,205764.803771571,0.1625638067429262,0.0507536299099918,"Ocala, FL",1227.56593878791,5.16666666666667,"Ocala, FL",1657.66666666667,"Ocala, FL",385203.0,0.020589139235677,0.0728035826681743,-0.0118334014463644,4183.62634920635,4.12,,50808.0,1465.0,4.049850491488958,False,24.84848484848485,False,False,False,3.799177175440488,0.7742015470032242,0.16256380674292625,0.05075362990999133,0.05759433309101469,0.009487070463600089,-0.004320545294518825,0.14763231197771587,0.019886363636363535,12.187499999999996,0.020589139235676956,0.0,0.0,0.011833401446364356,-0.014272471891693117,0.1329674839031587,0.04086807425665673,10.5333333333333,-0.0646981380477677,-0.10327825159914583,0.42703687869904483,0.017124992393438232
36100,"Ocala, FL",2021,3,4.41,,394927.0,"Ocala, FL",msa,FL,220036.354474302,0.2221162743725779,0.0693585610422232,"Ocala, FL",1322.36915842588,5.06666666666667,"Ocala, FL",1662.33333333333,"Ocala, FL",385203.0,0.020589139235677,0.0728035826681743,-0.0118334014463644,4421.670625,4.41,,50808.0,1465.0,4.330742294014762,False,29.70588235294118,False,False,False,3.864712295918304,0.7418967498545159,0.22211627437257797,0.06935856104222049,0.06540485939145624,0.01724981948761517,-0.004081337652231062,0.19836956521739135,0.04249291784702569,13.931888544891645,0.020589139235676956,0.0,0.0,0.0,0.0,0.17451319409303956,0.07606264334918644,8.26666666666667,0.0028152020912890485,-0.12007727745578689,0.3318950711862574,0.12237973724394036
36100,"Ocala, FL",2021,4,4.76,,394927.0,"Ocala, FL",msa,FL,232620.008422473,0.240056993687745,0.0571889766953928,"Ocala, FL",1411.83294853017,4.06666666666667,"Ocala, FL",1702.0,"Ocala, FL",385203.0,0.020589139235677,0.0728035826681743,-0.0118334014463644,4602.10890625,4.76,,50808.0,1465.0,4.578413014140943,False,39.99999999999999,False,False,False,4.0266202789771395,0.8229401572503092,0.24005699368774502,0.05718897669539724,0.0913278355258762,0.041893929136674446,-0.0026257683987551722,0.2727272727272727,0.05352112676056353,12.990936555891253,0.020589139235676956,0.0,0.0,0.0,0.0,0.2148994459205591,0.10716602278070453,5.96666666666667,0.023862041307401327,-0.0802229353149837,0.2947269329692408,0.15302735438200687
36100,"Ocala, FL",2022,1,5.13,,394927.0,"Ocala, FL",msa,FL,249587.083668037,0.2745354372362898,0.0729390191352324,"Ocala, FL",1452.3960799976,3.9,"Ocala, FL",1503.66666666667,"Ocala, FL",397075.0,0.0308201130313108,0.0861537451549459,0.0102309737956339,4463.85548387097,5.13,,55265.0,1592.0,4.516187164897078,False,45.3257790368272,False,False,False,3.854234119406157,0.6445332651110336,0.2745354372362898,0.07293901913522949,0.11690609300722454,0.04391411616156127,9.516469463234818e-05,0.33246753246753236,0.06060606060606055,14.243323442136502,0.030820113031310825,0.010230973795633869,-0.011833401446364356,0.010230973795633869,-0.011833401446364356,0.21649276609544543,0.12319417264439814,5.56666666666667,-0.11652957305131029,-0.023687109805361817,0.154732010569141,0.26501058795554977
36100,"Ocala, FL",2022,2,5.75,,394927.0,"Ocala, FL",msa,FL,271823.281516371,0.3210387614109873,0.0890919414640419,"Ocala, FL",1506.21851910126,3.43333333333333,"Ocala, FL",1602.66666666667,"Ocala, FL",397075.0,0.0308201130313108,0.0861537451549459,0.0102309737956339,4105.66709677419,5.75,,55265.0,1592.0,4.918543047432752,False,63.35227272727273,False,False,False,4.049850491488958,0.7981519625273497,0.3210387614109873,0.0890919414640432,0.16256380674292625,0.05075362990999133,0.004394538884589147,0.395631067961165,0.14763231197771587,24.84848484848485,0.030820113031310825,0.0,0.0,-0.010230973795633869,0.011833401446364356,0.2269960183063482,0.1329674839031587,5.16666666666667,0.0658390600753711,-0.0646981380477677,-0.018634372653033138,0.42703687869904483
36100,"Ocala, FL",2022,3,6.34,,394927.0,"Ocala, FL",msa,FL,286495.5150009,0.3020371823800587,0.0539771038105341,"Ocala, FL",1521.80948242436,3.6,"Ocala, FL",1948.0,"Ocala, FL",397075.0,0.0308201130313108,0.0861537451549459,0.0102309737956339,3980.35109375,6.34,,55265.0,1592.0,5.184031756100606,True,79.60339943342775,True,True,False,4.330742294014762,1.0183429743136823,0.3020371823800587,0.053977103810533444,0.22211627437257797,0.06935856104222049,0.010172281281784705,0.43764172335600904,0.19836956521739135,29.70588235294118,0.030820113031310825,0.0,0.0,0.0,0.0,0.1508204594213991,0.17451319409303956,5.06666666666667,0.21547420965057995,0.0028152020912890485,-0.0998083232963558,0.3318950711862574
36100,"Ocala, FL",2023,2,6.56,,394927.0,"Ocala, FL",msa,FL,284859.906361782,0.0479599273935842,-0.0047185438432759,"Ocala, FL",1551.52449164508,3.43333333333333,"Ocala, FL",2321.0,"Ocala, FL",412300.0,0.0383428823270162,0.0923822039466713,0.0075227692957053,4206.07290322581,6.56,,58535.0,1504.0,4.866488534411583,False,82.72980501392757,False,False,False,4.918543047432752,1.5152232648253978,0.047959927393584234,-0.004718543843277856,0.3210387614109873,0.0890919414640432,0.025040844591421578,0.14086956521739125,0.395631067961165,63.35227272727273,0.038342882327016214,0.0,0.0,-0.007522769295705389,-0.010230973795633869,0.03007928263347437,0.2269960183063482,3.43333333333333,0.023970588235292523,0.0658390600753711,0.02445541834858167,-0.018634372653033138
36100,"Ocala, FL",2023,3,6.93,,394927.0,"Ocala, FL",msa,FL,285758.517845012,-0.0025724561722569,0.0031545733996312,"Ocala, FL",1541.67946874822,4.03333333333333,"Ocala, FL",2276.66666666667,"Ocala, FL",412300.0,0.0383428823270162,0.0923822039466713,0.0075227692957053,4458.13746031746,6.93,,58535.0,1504.0,4.881840229691843,False,88.31521739130433,False,False,False,5.184031756100606,1.7038115825272335,-0.002572456172256987,0.0031545733996301006,0.3020371823800587,0.053977103810533444,0.02727733695885883,0.09305993690851744,0.43764172335600904,79.60339943342775,0.038342882327016214,0.0,0.0,0.0,0.0,0.013056815950578393,0.1508204594213991,3.6,-0.01910096222892277,0.21547420965057995,0.12003623683289799,-0.0998083232963558
36100,"Ocala, FL",2023,4,7.03,,394927.0,"Ocala, FL",msa,FL,286688.392943214,-0.0064832989310295,0.0032540590748226,"Ocala, FL",1524.16067617439,3.76666666666667,"Ocala, FL",2506.0,"Ocala, FL",412300.0,0.0383428823270162,0.0923822039466713,0.0075227692957053,4464.90761904762,7.03,,58535.0,1504.0,4.897726026193115,False,87.96791443850267,False,False,False,5.221373537529268,1.6471363699966926,-0.006483298931029502,0.0032540590748244558,0.24047458560610124,0.007203231613062133,0.02551327060079971,0.029282576866764387,0.43487394957983194,92.3943661971831,0.038342882327016214,0.0,0.0,0.0,0.0,0.006249754894527726,0.07285653745877418,3.23333333333333,0.10073206442166738,0.119952087611227,0.15912210409729033,-0.1629981883235685
36100,"Ocala, FL",2024,1,7.86,,394927.0,"Ocala, FL",msa,FL,286486.166149487,0.0009634990607891858,-0.000705388842744514,"Ocala, FL",1515.27773577883,4.0,"Ocala, FL",2810.0,"Ocala, FL",427995.0,0.0380669415474169,0.111089477496281,-0.00027594077959936,4992.54098360656,7.86,,61010.0,1361.0,4.695724736100426,False,104.15584415584416,False,False,False,4.889560138298488,1.3349086124164966,0.0009634990607891858,-0.0007053888427461796,0.14673563426854175,-0.008139770926192336,0.018900930872999832,0.20183486238532122,0.2748538011695907,80.16528925619835,0.038066941547416855,-0.0002759407795993596,0.007522769295705389,-0.0002759407795993596,0.007522769295705389,-0.010223422474915478,0.05407133186950608,3.4,0.1213088587390263,0.03896103896103886,0.248115115012689,-0.10389918970668588
36100,"Ocala, FL",2024,2,6.99,,394927.0,"Ocala, FL",msa,FL,286350.398489658,0.0052323689455371,-0.000473906512326261,"Ocala, FL",1550.98853819887,3.96666666666667,"Ocala, FL",3124.66666666667,"Ocala, FL",427995.0,0.0380669415474169,0.111089477496281,-0.00027594077959936,5246.62650793651,6.99,,61010.0,1361.0,4.693499401567907,False,69.66019417475728,False,False,False,4.866488534411583,1.2469877925214052,0.005232368945537136,-0.00047390651232404046,0.047959927393584234,-0.004718543843277856,0.007693594992129271,0.06554878048780499,0.14086956521739125,82.72980501392757,0.038066941547416855,0.0,0.0,0.0002759407795993596,-0.007522769295705389,-0.00034543666509689874,0.03007928263347437,3.43333333333333,0.1119810201660747,0.023970588235292523,0.24739314525733902,0.02445541834858167
36100,"Ocala, FL",2024,3,6.96,,394927.0,"Ocala, FL",msa,FL,285522.068584105,-0.0008274443144867805,-0.0028927143455077,"Ocala, FL",1567.31118272447,4.66666666666667,"Ocala, FL",3342.0,"Ocala, FL",427995.0,0.0380669415474169,0.111089477496281,-0.00027594077959936,5543.46921875,6.96,,61010.0,1361.0,4.679922448518358,False,57.82312925170068,False,False,False,4.881840229691843,1.207754963471622,-0.0008274443144867805,-0.002892714345508196,-0.002572456172256987,0.0031545733996301006,-0.005034896713649166,0.0043290043290042934,0.09305993690851744,88.31521739130433,0.038066941547416855,0.0,0.0,0.0,0.0,0.01662583857140021,0.013056815950578393,4.03333333333333,0.06955408576914746,-0.01910096222892277,0.24344959483489204,0.12003623683289799
36100,"Ocala, FL",2024,4,7.52,,394927.0,"Ocala, FL",msa,FL,284591.356075714,-0.0073146905110852,-0.0032596867660916,"Ocala, FL",1571.49718916315,4.2,"Ocala, FL",3020.33333333333,"Ocala, FL",427995.0,0.0380669415474169,0.111089477496281,-0.00027594077959936,5907.04296875,7.52,,61010.0,1361.0,4.664667367246582,False,57.98319327731092,False,False,False,4.897726026193115,1.1648640584720749,-0.007314690511085242,-0.003259686766092673,-0.006483298931029502,0.0032540590748244558,-0.016260122508489176,0.06970128022759581,0.029282576866764387,87.96791443850267,0.038066941547416855,0.0,0.0,0.0,0.0,0.031057429658645885,0.006249754894527726,3.76666666666667,-0.09624975064831542,0.10073206442166738,0.3229933232101212,0.15912210409729033
36100,"Ocala, FL",2025,1,7.95,,394927.0,"Ocala, FL",msa,FL,283331.112133007,-0.0110129367113446,-0.0044282579769295,"Ocala, FL",1578.97334845666,4.36666666666667,"Ocala, FL",3293.0,"Ocala, FL",442660.0,0.0342644189768573,0.114801989548574,-0.0038025225705595,5894.81783333333,7.95,,,,,False,54.970760233918135,False,False,False,4.695724736100426,1.057265335350079,-0.011012936711344623,-0.0044282579769279184,0.0009634990607891858,-0.0007053888427461796,-0.025352290981366446,0.011450381679389388,0.20183486238532122,104.15584415584416,0.03426441897685728,-0.0038025225705595744,-0.0002759407795993596,-0.0038025225705595744,-0.0002759407795993596,0.04203560256568495,-0.010223422474915478,4.0,0.09027701136740007,0.1213088587390263,0.18072497605717697,0.248115115012689
36100,"Ocala, FL",2025,2,7.49,,394927.0,"Ocala, FL",msa,FL,279754.158570423,-0.0230355534828188,-0.0126246409568487,"Ocala, FL",1591.33082620596,4.46666666666667,"Ocala, FL",3615.0,"Ocala, FL",442660.0,0.0342644189768573,0.114801989548574,-0.0038025225705595,5732.06048387097,7.49,,,,,False,30.260869565217384,False,False,False,4.693499401567907,1.0049396283428509,-0.023035553482818827,-0.01262464095684901,0.005232368945537136,-0.00047390651232404046,-0.03139413415637932,0.07153075822603716,0.06554878048780499,69.66019417475728,0.03426441897685728,0.0,0.0,0.0038025225705595744,0.0002759407795993596,0.0260106938339717,-0.00034543666509689874,3.96666666666667,0.09778317643486178,0.1119810201660747,0.09252306700317803,0.24739314525733902
36100,"Ocala, FL",2025,3,7.62,,394927.0,"Ocala, FL",msa,FL,276600.087671788,-0.0312479555663098,-0.0112744379377669,"Ocala, FL",1599.02604593631,5.23333333333333,"Ocala, FL",3642.33333333333,"Ocala, FL",442660.0,0.0342644189768573,0.114801989548574,-0.0038025225705595,6427.73875,7.62,,,,,False,20.189274447949536,False,False,False,4.679922448518358,0.9552431186110377,-0.031247955566309882,-0.011274437937769055,-0.0008274443144867805,-0.002892714345508196,-0.03386189688062302,0.09482758620689657,0.0043290043290042934,57.82312925170068,0.03426441897685728,0.0,0.0,0.0,0.0,0.02023520508333898,0.01662583857140021,4.66666666666667,0.007561088059012455,0.06955408576914746,0.1595155481803856,0.24344959483489204
36100,"Ocala, FL",2025,4,7.45,,394927.0,"Ocala, FL",msa,FL,274426.276963509,-0.0357181583178536,-0.0078590383921326,"Ocala, FL",1601.6398034011,5.9,"Ocala, FL",3651.33333333333,"Ocala, FL",442660.0,0.0342644189768573,0.114801989548574,-0.0038025225705595,6777.5671875,7.45,,,,,False,9.077598828696921,False,False,False,4.664667367246582,0.8761277146399391,-0.03571815831785363,-0.007859038392129647,-0.007314690511085242,-0.003259686766092673,-0.034204634848542505,-0.00930851063829774,0.06970128022759581,57.98319327731092,0.03426441897685728,0.0,0.0,0.0,0.0,0.019180826059257194,0.031057429658645885,4.2,0.0024709435343643893,-0.09624975064831542,0.14737055805338306,0.3229933232101212
36260,"Ogden, UT",2019,2,0.97,,394931.0,"Ogden, UT",msa,UT,312932.743084599,0.0995154967977307,0.0261955429296556,"Ogden, UT",1122.19223507014,2.5,"Ogden, UT",2247.33333333333,"Ogden-Clearfield, UT",683864.0,0.0151471068491524,0.0481059839748894,0.00066002775753149,2882.32777777778,0.97,,75062.0,844.0,4.168990209221696,False,19.753086419753085,False,False,False,3.959180791066647,0.885915681519259,0.09951549679773075,0.026195542929654314,0.09634874305314756,0.02914624445359415,0.0011653306091457235,0.021052631578947434,0.0674157303370786,25.0,0.015147106849152436,0.0,0.0,-0.0006600277575314895,0.003236178162285608,0.06245818123189939,0.07474751881617281,2.9,0.15663063990392678,0.19605425400739818,0.06629220382021028,0.12725771232385252
36260,"Ogden, UT",2019,3,0.97,,394931.0,"Ogden, UT",msa,UT,317499.473866741,0.0843117832844222,0.0145933299824326,"Ogden, UT",1137.75182437826,2.36666666666667,"Ogden, UT",2617.33333333333,"Ogden-Clearfield, UT",683864.0,0.0151471068491524,0.0481059839748894,0.00066002775753149,2957.8528125,0.97,,75062.0,844.0,4.229829659038408,False,21.249999999999993,False,False,False,4.073282338124433,0.9307245673537934,0.08431178328442224,0.014593329982434788,0.10265584587885734,0.028819483898093523,-0.00012696214757704975,0.0,0.07777777777777772,22.784810126582265,0.015147106849152436,0.0,0.0,0.0,0.0,0.06616773241092022,0.06253870382254978,2.86666666666667,0.16463957282705444,0.22096219931271666,0.037988254372415486,0.15500598332389925
36260,"Ogden, UT",2019,4,0.99,,394931.0,"Ogden, UT",msa,UT,323684.225167114,0.0838746235314884,0.0194795639345497,"Ogden, UT",1141.24447379297,2.03333333333333,"Ogden, UT",2462.66666666667,"Ogden-Clearfield, UT",683864.0,0.0151471068491524,0.0481059839748894,0.00066002775753149,3082.755625,0.99,,75062.0,844.0,4.3122248963139,False,20.731707317073166,False,False,False,4.1543029836484155,0.9599343860412461,0.08387462353148845,0.019479563934549526,0.1048675779893633,0.019890751192388034,-0.000648865368731262,0.010204081632652962,0.07692307692307687,20.987654320987637,0.015147106849152436,0.0,0.0,0.0,0.0,0.05910717682471578,0.07559881510845834,2.53333333333333,-0.05909322465613598,0.024204897269911152,0.14221561000009708,0.036741721225998614
36260,"Ogden, UT",2020,1,1.0,,394931.0,"Ogden, UT",msa,UT,331715.080167905,0.0877881727411034,0.0248107704249245,"Ogden, UT",1158.45163776731,2.66666666666667,"Ogden, UT",1767.33333333333,"Ogden, UT",639140.0,-0.0653989682159026,-0.0374977410999338,-0.0805460750650551,3055.86919354839,1.0,,78680.0,1310.0,4.216002544076068,False,9.890109890109876,False,False,False,4.062569008358556,0.897448574453882,0.0877881727411034,0.024810770424925188,0.10267702100659082,0.02112379580881485,-0.0006470343546245285,0.010101010101010166,0.04210526315789487,20.731707317073166,-0.06539896821590263,-0.08054607506505507,0.0006600277575314895,-0.08054607506505507,0.0006600277575314895,0.062449207531678264,0.06825534156812152,3.16666666666667,-0.2823497563616699,-0.19909315746084089,0.12306660146926007,-0.004562795426326538
36260,"Ogden, UT",2020,2,1.01,,394931.0,"Ogden, UT",msa,UT,339743.705718498,0.0856764375936551,0.0242033782320952,"Ogden, UT",1171.9398309777,7.33333333333333,"Ogden, UT",1935.0,"Ogden, UT",639140.0,-0.0653989682159026,-0.0374977410999338,-0.0805460750650551,2931.68761904762,1.01,,78680.0,1310.0,4.318044048277809,False,13.483146067415719,False,False,False,4.168990209221696,0.9690426730899939,0.08567643759365517,0.024203378232093398,0.09951549679773075,0.026195542929654314,-0.0004536239302926559,0.04123711340206193,0.021052631578947434,19.753086419753085,-0.06539896821590263,0.0,0.0,0.08054607506505507,-0.0006600277575314895,0.04433072547900019,0.06245818123189939,2.5,0.09486986043002843,0.15663063990392678,0.017124992393438232,0.06629220382021028
36260,"Ogden, UT",2020,3,1.04,,394931.0,"Ogden, UT",msa,UT,346694.329924264,0.0919524549189536,0.020458434074788,"Ogden, UT",1200.73268520263,4.43333333333333,"Ogden, UT",1741.0,"Ogden, UT",639140.0,-0.0653989682159026,-0.0374977410999338,-0.0805460750650551,3319.8340625,1.04,,78680.0,1310.0,4.40638446777153,False,15.555555555555568,False,False,False,4.229829659038408,0.9968486183273679,0.09195245491895365,0.020458434074787757,0.08431178328442224,0.014593329982434788,-0.0008225292480701589,0.07216494845360821,0.0,21.249999999999993,-0.06539896821590263,0.0,0.0,0.0,0.0,0.055355534902162606,0.06616773241092022,2.36666666666667,-0.10025839793281655,0.16463957282705444,0.12237973724394036,0.037988254372415486
36260,"Ogden, UT",2020,4,1.08,,394931.0,"Ogden, UT",msa,UT,364773.874925779,0.1269436276588733,0.0521483723297804,"Ogden, UT",1219.57364793626,3.2,"Ogden, UT",1268.0,"Ogden, UT",639140.0,-0.0653989682159026,-0.0374977410999338,-0.0805460750650551,3554.5015625,1.08,,78680.0,1310.0,4.636170245625051,False,18.681318681318682,False,False,False,4.3122248963139,1.060164769921065,0.12694362765887335,0.052148372329782644,0.08387462353148845,0.019479563934549526,-0.0011315812799171721,0.09090909090909105,0.010204081632652962,20.731707317073166,-0.06539896821590263,0.0,0.0,0.0,0.0,0.06863487705045346,0.05910717682471578,2.03333333333333,-0.27168294083859845,-0.05909322465613598,0.15302735438200687,0.14221561000009708
36260,"Ogden, UT",2021,1,1.13,,394931.0,"Ogden, UT",msa,UT,387537.350778281,0.1682837891545969,0.0624043480557221,"Ogden, UT",1251.57422660935,3.26666666666667,"Ogden, UT",1081.33333333333,"Ogden, UT",646856.0,0.0120724723847669,-0.039788617403438,0.0774714406006696,3865.7068852459,1.13,,82990.0,1032.0,4.669687321102313,False,18.947368421052623,False,False,False,4.216002544076068,0.9549483882908332,0.16828378915459696,0.06240434805571993,0.0877881727411034,0.024810770424925188,-0.0011576383710578259,0.1299999999999999,0.010101010101010166,9.890109890109876,0.012072472384766941,0.07747144060066957,-0.08054607506505507,0.07747144060066957,-0.08054607506505507,0.08038539185072557,0.062449207531678264,2.66666666666667,-0.14721345951630116,-0.2823497563616699,0.26501058795554977,0.12306660146926007
36260,"Ogden, UT",2021,2,1.28,,394931.0,"Ogden, UT",msa,UT,415805.165309705,0.2238789367130451,0.0729421679604656,"Ogden, UT",1313.73608763123,2.8,"Ogden, UT",1291.66666666667,"Ogden, UT",646856.0,0.0120724723847669,-0.039788617403438,0.0774714406006696,4183.62634920635,1.28,,82990.0,1032.0,5.010304438001024,True,34.73684210526318,True,True,False,4.318044048277809,0.9893218402705641,0.22387893671304515,0.0729421679604676,0.08567643759365517,0.024203378232093398,-0.0012149733398549166,0.26732673267326734,0.04123711340206193,13.483146067415719,0.012072472384766941,0.0,0.0,-0.07747144060066957,0.08054607506505507,0.12099277872929304,0.04433072547900019,7.33333333333333,0.19451294697904475,0.09486986043002843,0.42703687869904483,0.017124992393438232
36260,"Ogden, UT",2023,2,2.44,,394931.0,"Ogden, UT",msa,UT,481250.011703183,-0.059351964085566,-0.0027941855956318,"Ogden, UT",1573.30859912893,2.5,"Ogden, UT",1864.66666666667,"Ogden, UT",660366.0,0.0109953703703705,0.0332102512751511,0.0012126675740757,4206.07290322581,2.44,,98361.0,1364.0,4.892691327896046,False,141.58415841584159,False,False,False,5.620788270454561,1.8342461727730939,-0.05935196408556609,-0.002794185595631382,0.2304209582683936,0.060177372744631974,0.019804958820929325,0.2512820512820513,0.5234375,101.03092783505154,0.01099537037037046,0.0,0.0,-0.0012126675740757875,0.002289769588472268,0.03435575983122052,0.1578061424567596,2.3,-0.12702871410736427,0.5003012048192697,0.02445541834858167,-0.018634372653033138
36260,"Ogden, UT",2023,3,2.36,,394931.0,"Ogden, UT",msa,UT,485948.889785291,-0.048458165427798,0.0097639022708353,"Ogden, UT",1575.81512494057,2.66666666666667,"Ogden, UT",1959.33333333333,"Ogden, UT",660366.0,0.0109953703703705,0.0332102512751511,0.0012126675740757,4458.13746031746,2.36,,98361.0,1364.0,4.940463087862984,False,126.92307692307692,False,False,False,5.610690770897804,1.73730539373511,-0.04845816542779802,0.009763902270834901,0.1533451298302353,-0.0017964561322889594,0.015785451935934714,0.07762557077625565,0.5869565217391306,125.77319587628865,0.01099537037037046,0.0,0.0,0.0,0.0,0.022465089839029506,0.10945738022943119,2.26666666666667,0.05076868072934926,0.5669544268219284,0.12003623683289799,-0.0998083232963558
36260,"Ogden, UT",2023,4,2.5,,394931.0,"Ogden, UT",msa,UT,490751.51117193,-0.0040323775241695,0.0098829763532548,"Ogden, UT",1562.15755035768,2.53333333333333,"Ogden, UT",1939.0,"Ogden, UT",660366.0,0.0109953703703705,0.0332102512751511,0.0012126675740757,4464.90761904762,2.5,,98361.0,1364.0,4.989289567734468,False,131.4814814814815,False,False,False,5.4133991616968204,1.4708772396360406,-0.004032377524169517,0.009882976353255968,0.07151094192668173,-0.03516351502105941,0.008115854712412642,0.046025104602510414,0.6258503401360545,141.41414141414143,0.01099537037037046,0.0,0.0,0.0,0.0,0.024348032004239295,0.06698345447153686,2.16666666666667,-0.01037767948281565,0.05855221012171552,0.15912210409729033,-0.1629981883235685
36260,"Ogden, UT",2024,1,2.71,,394931.0,"Ogden, UT",msa,UT,491907.37913433,0.0192891152046568,0.0023553018912572,"Ogden, UT",1564.33242054072,3.03333333333333,"Ogden, UT",1616.66666666667,"Ogden, UT",667789.0,0.0112407361978055,0.0323611437476039,0.000245365827435062,4992.54098360656,2.71,,101203.0,1354.0,4.860600764150569,False,139.82300884955757,False,False,False,4.90640072212019,1.059347096453315,0.019289115204656815,0.002355301891256101,4.8083342577331933e-05,-0.02057874256782144,-0.0020379660827546733,0.10612244897959178,0.5217391304347827,145.00000000000003,0.011240736197805523,0.0002453658274350623,0.0012126675740757875,0.0002453658274350623,0.0012126675740757875,0.019621247507528805,0.03777585149971752,2.53333333333333,-0.1662368918686591,-0.224400871459695,0.248115115012689,-0.10389918970668588
36260,"Ogden, UT",2024,2,2.51,,394931.0,"Ogden, UT",msa,UT,495072.580347508,0.0287222198611607,0.0064345471270395,"Ogden, UT",1584.67595633526,3.1,"Ogden, UT",1745.66666666667,"Ogden, UT",667789.0,0.0112407361978055,0.0323611437476039,0.000245365827435062,5246.62650793651,2.51,,101203.0,1354.0,4.891876528833216,False,96.09374999999997,False,False,False,4.892691327896046,0.9335105368293992,0.028722219861160747,0.006434547127038837,-0.05935196408556609,-0.002794185595631382,-0.013958824989213428,0.0286885245901638,0.2512820512820513,141.58415841584159,0.011240736197805523,0.0,0.0,-0.0002453658274350623,-0.0012126675740757875,0.007225128758988397,0.03435575983122052,2.5,0.0797938144329895,-0.12702871410736427,0.24739314525733902,0.02445541834858167
36260,"Ogden, UT",2024,3,2.47,,394931.0,"Ogden, UT",msa,UT,494916.792176791,0.0184544148160568,-0.000314677437009081,"Ogden, UT",1594.87570019735,3.26666666666667,"Ogden, UT",2147.33333333333,"Ogden, UT",667789.0,0.0112407361978055,0.0323611437476039,0.000245365827435062,5543.46921875,2.47,,101203.0,1354.0,4.890337165664961,False,78.98550724637683,False,False,False,4.940463087862984,0.8671807497385506,0.018454414816056808,-0.00031467743700863693,-0.04845816542779802,0.009763902270834901,-0.024161233497690462,0.04661016949152552,0.07762557077625565,126.92307692307692,0.011240736197805523,0.0,0.0,0.0,0.0,0.012095692543564462,0.022465089839029506,2.66666666666667,0.23009356501813594,0.05076868072934926,0.24344959483489204,0.12003623683289799
36260,"Ogden, UT",2024,4,2.42,,394931.0,"Ogden, UT",msa,UT,500602.367533626,0.0200730026040507,0.0114879419060083,"Ogden, UT",1582.13282848255,2.96666666666667,"Ogden, UT",2209.33333333333,"Ogden, UT",667789.0,0.0112407361978055,0.0323611437476039,0.000245365827435062,5907.04296875,2.42,,101203.0,1354.0,4.946517074924913,False,64.62585034013605,False,False,False,4.989289567734468,0.8349865840860522,0.02007300260405076,0.011487941906008325,-0.004032377524169517,0.009882976353255968,-0.030082557554236136,-0.03200000000000003,0.046025104602510414,131.4814814814815,0.011240736197805523,0.0,0.0,0.0,0.0,0.012786980493930455,0.024348032004239295,2.53333333333333,0.02887302080099352,-0.01037767948281565,0.3229933232101212,0.15912210409729033
36260,"Ogden, UT",2025,1,2.76,,394931.0,"Ogden, UT",msa,UT,506588.801853914,0.0298459086859412,0.0119584618622204,"Ogden, UT",1589.16185375498,3.33333333333333,"Ogden, UT",1990.66666666667,"Ogden, UT",672784.0,0.0074799075755964,0.0300068587105624,-0.003760828622209,5894.81783333333,2.76,,,,,False,71.4285714285714,False,False,False,4.860600764150569,0.7980317557920129,0.02984590868594128,0.01195846186222016,0.019289115204656815,0.002355301891256101,-0.0323118867512448,0.01845018450184499,0.10612244897959178,139.82300884955757,0.007479907575596467,-0.003760828622209056,0.0002453658274350623,-0.003760828622209056,0.0002453658274350623,0.015872223121015105,0.019621247507528805,3.03333333333333,-0.09897404948702182,-0.1662368918686591,0.18072497605717697,0.248115115012689
36260,"Ogden, UT",2025,2,2.75,,394931.0,"Ogden, UT",msa,UT,505523.944392226,0.0211107713486815,-0.0021020153974812,"Ogden, UT",1611.31611010829,3.33333333333333,"Ogden, UT",2365.66666666667,"Ogden, UT",672784.0,0.0074799075755964,0.0300068587105624,-0.003760828622209,5732.06048387097,2.75,,,,,False,41.025641025641036,False,False,False,4.891876528833216,0.7228863196115203,0.021110771348681556,-0.002102015397480228,0.028722219861160747,0.006434547127038837,-0.030609431272095262,0.09561752988047822,0.0286885245901638,96.09374999999997,0.007479907575596467,0.0,0.0,0.003760828622209056,-0.0002453658274350623,0.01681110492433957,0.007225128758988397,3.1,0.18837910247823153,0.0797938144329895,0.09252306700317803,0.24739314525733902
36260,"Ogden, UT",2025,3,2.6,,394931.0,"Ogden, UT",msa,UT,505742.57659013,0.0218739484787411,0.000432486334879467,"Ogden, UT",1619.92154476715,3.5,"Ogden, UT",2697.33333333333,"Ogden, UT",672784.0,0.0074799075755964,0.0300068587105624,-0.003760828622209,6427.73875,2.6,,,,,False,18.72146118721463,False,False,False,4.890337165664961,0.6605075066265522,0.021873948478741134,0.0004324863348794672,0.018454414816056808,-0.00031467743700863693,-0.025513772150014023,0.05263157894736836,0.04661016949152552,78.98550724637683,0.007479907575596467,0.0,0.0,0.0,0.0,0.015703947691159126,0.012095692543564462,3.26666666666667,0.14020008454276134,0.23009356501813594,0.1595155481803856,0.24344959483489204
36260,"Ogden, UT",2025,4,2.46,,394931.0,"Ogden, UT",msa,UT,514046.688093401,0.0268562864095363,0.0164196409154638,"Ogden, UT",1604.17481552283,3.5,"Ogden, UT",2506.0,"Ogden, UT",672784.0,0.0074799075755964,0.0300068587105624,-0.003760828622209,6777.5671875,2.46,,,,,False,2.9288702928870203,False,False,False,4.946517074924913,0.6342921786110134,0.0268562864095363,0.016419640915463107,0.02007300260405076,0.011487941906008325,-0.019298264885292703,0.016528925619834656,-0.03200000000000003,64.62585034013605,0.007479907575596467,0.0,0.0,0.0,0.0,0.013931818266751161,0.012786980493930455,2.96666666666667,-0.07093425605536208,0.02887302080099352,0.14737055805338306,0.3229933232101212
36500,"Olympia-Lacey-Tumwater, WA",2019,2,2.36,,394937.0,"Olympia, WA",msa,WA,335241.968176826,0.0716829431090435,0.0126004865536444,"Olympia, WA",1406.03075314815,5.2,"Olympia, WA",869.333333333333,"Olympia-Lacey-Tumwater, WA",290536.0,0.0156612691221298,0.0614583104992803,-0.0049867511726584,2882.32777777778,2.36,,72003.0,1398.0,4.655944449214977,False,17.41293532338308,False,False,False,4.495031560207237,0.9209990104586789,0.07168294310904355,0.012600486553644874,0.08510933345973748,0.02285251188171311,0.0023473931103209543,0.004255319148936065,0.08294930875576045,25.668449197860955,0.01566126912212984,0.0,0.0,0.004986751172658455,0.0033003345573565657,0.0551612356433937,0.07424850698758223,4.9,0.17371737173717272,0.221219931271478,0.06629220382021028,0.12725771232385252
36500,"Olympia-Lacey-Tumwater, WA",2019,3,2.33,,394937.0,"Olympia, WA",msa,WA,339991.839835652,0.0576707829876059,0.0141684875693169,"Olympia, WA",1427.10156431934,5.03333333333333,"Olympia, WA",1045.0,"Olympia-Lacey-Tumwater, WA",290536.0,0.0156612691221298,0.0614583104992803,-0.0049867511726584,2957.8528125,2.33,,72003.0,1398.0,4.7219121402671,False,14.215686274509798,False,False,False,4.619113866086303,0.9862276821366489,0.05767078298760597,0.014168487569314658,0.09711935973458519,0.027604323622000493,0.00147874121987418,-0.012711864406779627,0.058295964125560484,21.649484536082465,0.01566126912212984,0.0,0.0,0.0,0.0,0.0640673845087214,0.06443187959198804,4.7,0.20207055214723968,0.2849103060147762,0.037988254372415486,0.15500598332389925
36500,"Olympia-Lacey-Tumwater, WA",2019,4,2.36,,394937.0,"Olympia, WA",msa,WA,348447.325647573,0.0643490709948351,0.0248696728015823,"Olympia, WA",1431.44126456739,4.53333333333333,"Olympia, WA",805.0,"Olympia-Lacey-Tumwater, WA",290536.0,0.0156612691221298,0.0614583104992803,-0.0049867511726584,3082.755625,2.36,,72003.0,1398.0,4.839344550193367,False,15.121951219512209,False,False,False,4.704286165720944,1.0393548860969748,0.06434907099483511,0.024869672801583365,0.09581324571851324,0.018439099382238755,0.0009109671707913721,0.004255319148936065,0.049107142857142794,15.196078431372563,0.01566126912212984,0.0,0.0,0.0,0.0,0.05981130581771166,0.05946510200171473,5.0,-0.2296650717703349,-0.12099644128114384,0.14221561000009708,0.036741721225998614
36500,"Olympia-Lacey-Tumwater, WA",2020,1,2.43,,394937.0,"Olympia, WA",msa,WA,359064.18934298,0.0845556563518141,0.0304690635110361,"Olympia, WA",1451.12977997027,5.33333333333333,"Olympia, WA",530.666666666667,"Olympia-Lacey-Tumwater, WA",296013.0,0.0188513643748107,0.0561746036843176,0.0031900952526808,3055.86919354839,2.43,,75867.0,1706.0,4.732811226791358,False,10.95890410958904,False,False,False,4.598007319808175,0.9017519916500008,0.08455565635181417,0.030469063511037398,0.0825331459504488,0.011270176881647442,0.00022700397050878486,0.01673640167364021,0.021367521367521514,18.31683168316831,0.01885136437481072,0.00319009525268088,-0.004986751172658455,0.00319009525268088,-0.004986751172658455,0.06245846650084097,0.06274985576598446,6.06666666666667,-0.3407867494824013,-0.30800373715353235,0.12306660146926007,-0.004562795426326538
36500,"Olympia-Lacey-Tumwater, WA",2020,2,2.42,,394937.0,"Olympia, WA",msa,WA,369004.502081381,0.1007109404832828,0.027683943521603,"Olympia, WA",1482.08518275158,13.3,"Olympia, WA",630.0,"Olympia-Lacey-Tumwater, WA",296013.0,0.0188513643748107,0.0561746036843176,0.0031900952526808,2931.68761904762,2.42,,75867.0,1706.0,4.863834105492256,False,11.520737327188947,False,False,False,4.655944449214977,0.9181068446751612,0.10071094048328288,0.027683943521602306,0.07168294310904355,0.012600486553644874,-0.0006514364090444345,0.025423728813559254,0.004255319148936065,17.41293532338308,0.01885136437481072,0.0,0.0,-0.00319009525268088,0.004986751172658455,0.0540915832979767,0.0551612356433937,5.2,0.18718592964824055,0.17371737173717272,0.017124992393438232,0.06629220382021028
36500,"Olympia-Lacey-Tumwater, WA",2020,3,2.51,,394937.0,"Olympia, WA",msa,WA,379527.143961214,0.1162830971021919,0.0285162967402286,"Olympia, WA",1530.89732514496,8.33333333333333,"Olympia, WA",710.333333333333,"Olympia-Lacey-Tumwater, WA",296013.0,0.0188513643748107,0.0561746036843176,0.0031900952526808,3319.8340625,2.51,,75867.0,1706.0,5.002532642139718,True,12.556053811659185,True,True,False,4.7219121402671,0.9530911948651157,0.11628309710219198,0.02851629674022882,0.05767078298760597,0.014168487569314658,-0.0017617115153344845,0.07725321888411996,-0.012711864406779627,14.215686274509798,0.01885136437481072,0.0,0.0,0.0,0.0,0.07273186675758825,0.0640673845087214,5.03333333333333,0.12751322751322713,0.20207055214723968,0.12237973724394036,0.037988254372415486
36500,"Olympia-Lacey-Tumwater, WA",2025,2,5.76,,394937.0,"Olympia, WA",msa,WA,529036.707587504,0.0097974052967759,-0.0074135244738702,"Olympia, WA",2010.71452224838,3.86666666666667,"Olympia, WA",739.333333333333,"Olympia-Lacey-Tumwater, WA",304261.0,0.0070465889081594,0.0191086429346587,-0.0027630014286419,5732.06048387097,5.76,,,,,False,33.025404157043866,False,False,False,5.4255129773106985,0.7695685280957214,0.009797405296775974,-0.007413524473869559,0.04667585544379027,0.015867566785864762,-0.02258373433961989,0.1013384321223707,-0.0224299065420559,76.0942760942761,0.007046588908159457,0.0,0.0,0.0027630014286419424,-0.007662589439147327,0.026139633337922685,0.03189992756821547,4.0,0.37849596022374166,0.3852520692249819,0.09252306700317803,0.24739314525733902
36500,"Olympia-Lacey-Tumwater, WA",2025,3,5.7,,394937.0,"Olympia, WA",msa,WA,527211.574155347,0.0008673030433252737,-0.0034499183251005,"Olympia, WA",2054.7065970451,4.3,"Olympia, WA",1041.66666666667,"Olympia-Lacey-Tumwater, WA",304261.0,0.0070465889081594,0.0191086429346587,-0.0027630014286419,6427.73875,5.7,,,,,False,22.055674518201297,False,False,False,5.455036796549186,0.7331246562820866,0.0008673030433252737,-0.003449918325100554,0.037253228590180765,0.005441664108436495,-0.01671117121913417,0.047794117647058876,0.08366533864541847,71.06918238993711,0.007046588908159457,0.0,0.0,0.0,0.0,0.03961479124090572,0.027841007283050834,4.3,0.4089269612263351,0.2998370450841932,0.1595155481803856,0.24344959483489204
36500,"Olympia-Lacey-Tumwater, WA",2025,4,5.36,,394937.0,"Olympia, WA",msa,WA,531545.410114737,0.0025567357873457,0.0082202974514233,"Olympia, WA",2046.52219151359,4.85,"Olympia, WA",950.0,"Olympia-Lacey-Tumwater, WA",304261.0,0.0070465889081594,0.0191086429346587,-0.0027630014286419,6777.5671875,5.36,,,,,False,-2.1897810218978075,False,False,False,5.490610842030986,0.6512662918376186,0.002556735787345721,0.008220297451423164,0.03482822129797558,0.0065213209018688545,-0.011429097333444122,-0.01831501831501825,-0.023255813953488302,64.45783132530121,0.007046588908159457,0.0,0.0,0.0,0.0,0.04292433075647151,0.024160280678680923,4.26666666666667,-0.08800000000000285,-0.10990388633514447,0.14737055805338306,0.3229933232101212
36740,"Orlando-Kissimmee-Sanford, FL",2019,2,1.23,285.07,394943.0,"Orlando, FL",msa,FL,254140.679639943,0.0715909463561101,0.0138627446082649,"Orlando, FL",1388.52208614077,2.96666666666667,"Orlando, FL",13699.3333333333,"Orlando-Kissimmee-Sanford, FL",2608147.0,0.0129363478401359,0.0621294413587323,-0.0097268983488634,2882.32777777778,1.23,,58368.0,558.0,4.354109780015471,False,14.953271028037385,False,False,False,4.304601611307378,1.2663214565817538,0.07159094635611019,0.013862744608262423,0.08950970908783429,0.0216521410223256,0.0011428435371293507,0.03361344537815136,0.053097345132743445,17.821782178217816,0.012936347840135864,0.0,0.0,0.009726898348863422,0.002664344041100941,0.051951265703544136,0.06192686810932657,3.33333333333333,0.05214920252937727,0.04538536045385633,0.06629220382021028,0.12725771232385252
36740,"Orlando-Kissimmee-Sanford, FL",2019,3,1.23,287.99,394943.0,"Orlando, FL",msa,FL,256345.342080746,0.0606417363031115,0.0086749686981468,"Orlando, FL",1403.6156288218,3.2,"Orlando, FL",13220.6666666667,"Orlando-Kissimmee-Sanford, FL",2608147.0,0.0129363478401359,0.0621294413587323,-0.0097268983488634,2957.8528125,1.23,,58368.0,558.0,4.391881546065412,False,13.888888888888884,False,False,False,4.38676662325957,1.1995709861509214,0.06064173630311154,0.008674968698149765,0.08555452753104853,0.019087715745020217,0.0005206853102784429,0.016528925619834656,0.025423728813559254,18.627450980392158,0.012936347840135864,0.0,0.0,0.0,0.0,0.04460979991553993,0.06180986704386027,3.43333333333333,-0.03494087303517934,0.03695565850429894,0.037988254372415486,0.15500598332389925
36740,"Orlando-Kissimmee-Sanford, FL",2019,4,1.23,295.27,394943.0,"Orlando, FL",msa,FL,259226.335325305,0.0535570675785568,0.0112387189140009,"Orlando, FL",1405.94378201827,2.76666666666667,"Orlando, FL",12919.6666666667,"Orlando-Kissimmee-Sanford, FL",2608147.0,0.0129363478401359,0.0621294413587323,-0.0097268983488634,3082.755625,1.23,,58368.0,558.0,4.441240668265231,False,12.844036697247695,False,False,False,4.465898703291043,1.1323462084887774,0.05355706757855683,0.0112387189140013,0.08150799284099053,0.018038816929967894,7.005035742454652e-06,-0.008064516129032251,0.03333333333333344,16.981132075471695,0.012936347840135864,0.0,0.0,0.0,0.0,0.04185826020938044,0.06152729295238735,3.13333333333333,-0.022767384398164392,0.0020933854126752305,0.14221561000009708,0.036741721225998614
36740,"Orlando-Kissimmee-Sanford, FL",2020,1,1.23,301.16,394943.0,"Orlando, FL",msa,FL,264183.922280979,0.0539290164197396,0.0191245497856274,"Orlando, FL",1413.67989472289,3.23333333333333,"Orlando, FL",11475.6666666667,"Orlando-Kissimmee-Sanford, FL",2680430.0,0.0277143121150762,0.0646018293121273,0.0147779642749404,3055.86919354839,1.23,,61229.0,623.0,4.314686215371458,False,7.8947368421052655,False,False,False,4.294575181079187,0.8461877581487727,0.053929016419739684,0.01912454978562539,0.07982386222098281,0.01876488401173715,-0.00045229213122581366,-0.023809523809523836,0.016129032258064502,16.66666666666665,0.027714312115076245,0.01477796427494038,-0.009726898348863422,0.01477796427494038,-0.009726898348863422,0.038008546178659675,0.05122881871646334,3.2,-0.11176758946309218,-0.004891345884390996,0.12306660146926007,-0.004562795426326538
36740,"Orlando-Kissimmee-Sanford, FL",2020,2,1.21,301.85,394943.0,"Orlando, FL",msa,FL,267760.534737443,0.0535917945792705,0.0135383426273006,"Orlando, FL",1417.99944817587,18.5666666666667,"Orlando, FL",11642.6666666667,"Orlando-Kissimmee-Sanford, FL",2680430.0,0.0277143121150762,0.0646018293121273,0.0147779642749404,2931.68761904762,1.21,,61229.0,623.0,4.373099915684447,False,7.079646017699126,False,False,False,4.354109780015471,0.8126676411268821,0.053591794579270546,0.013538342627300581,0.07159094635611019,0.013862744608262423,-0.0010146824640123262,-0.016260162601625994,0.03361344537815136,14.953271028037385,0.027714312115076245,0.0,0.0,-0.01477796427494038,0.009726898348863422,0.021229307282413235,0.051951265703544136,2.96666666666667,0.014552531443343897,0.05214920252937727,0.017124992393438232,0.06629220382021028
36740,"Orlando-Kissimmee-Sanford, FL",2020,3,1.24,305.84,394943.0,"Orlando, FL",msa,FL,270607.326678484,0.0556358250240631,0.0106318578420528,"Orlando, FL",1428.34215496796,12.5333333333333,"Orlando, FL",11885.0,"Orlando-Kissimmee-Sanford, FL",2680430.0,0.0277143121150762,0.0646018293121273,0.0147779642749404,3319.8340625,1.24,,61229.0,623.0,4.419594092317104,False,5.084745762711873,False,False,False,4.391881546065412,0.7852533492191225,0.05563582502406317,0.010631857842054337,0.06064173630311154,0.008674968698149765,-0.0017625618636964808,0.008130081300812941,0.016528925619834656,13.888888888888884,0.027714312115076245,0.0,0.0,0.0,0.0,0.017616308652045554,0.04460979991553993,3.2,0.02081424644983665,-0.03494087303517934,0.12237973724394036,0.037988254372415486
36740,"Orlando-Kissimmee-Sanford, FL",2020,4,1.25,321.87,394943.0,"Orlando, FL",msa,FL,278524.797792687,0.0744463807782656,0.0292581550225732,"Orlando, FL",1432.7277260094,7.36666666666667,"Orlando, FL",11040.6666666667,"Orlando-Kissimmee-Sanford, FL",2680430.0,0.0277143121150762,0.0646018293121273,0.0147779642749404,3554.5015625,1.25,,61229.0,623.0,4.548903261406965,False,4.166666666666674,False,False,False,4.441240668265231,0.7742736153261673,0.0744463807782656,0.029258155022572563,0.05355706757855683,0.0112387189140013,-0.0026705664896894393,0.016260162601626105,-0.008064516129032251,12.844036697247695,0.027714312115076245,0.0,0.0,0.0,0.0,0.019050508515127795,0.04185826020938044,2.76666666666667,-0.07104192960313838,-0.022767384398164392,0.15302735438200687,0.14221561000009708
36740,"Orlando-Kissimmee-Sanford, FL",2021,1,1.29,334.29,394943.0,"Orlando, FL",msa,FL,288023.81861207,0.0902397697984644,0.0341047579772531,"Orlando, FL",1457.94576560067,6.03333333333333,"Orlando, FL",9726.66666666667,"Orlando-Kissimmee-Sanford, FL",2699589.0,0.0071477337591356,0.0484500384101836,-0.0205665783559406,3865.7068852459,1.29,,65086.0,626.0,4.425280684203515,False,4.0322580645161255,False,False,False,4.314686215371458,0.5964863476933697,0.09023976979846449,0.0341047579772531,0.053929016419739684,0.01912454978562539,-0.0034790982924131895,0.04878048780487809,-0.023809523809523836,7.8947368421052655,0.007147733759135688,-0.020566578355940557,0.01477796427494038,-0.020566578355940557,0.01477796427494038,0.03131251356337428,0.038008546178659675,3.23333333333333,-0.11901455226133928,-0.11176758946309218,0.26501058795554977,0.12306660146926007
36740,"Orlando-Kissimmee-Sanford, FL",2021,2,1.41,347.89,394943.0,"Orlando, FL",msa,FL,300210.099549238,0.1211887511489095,0.0423099762925556,"Orlando, FL",1526.67564000961,5.53333333333333,"Orlando, FL",8958.0,"Orlando-Kissimmee-Sanford, FL",2699589.0,0.0071477337591356,0.0484500384101836,-0.0205665783559406,4183.62634920635,1.41,,65086.0,626.0,4.61251420504007,False,18.487394957983195,False,False,False,4.373099915684447,0.5941995104912872,0.12118875114890959,0.04230997629255562,0.053591794579270546,0.013538342627300581,-0.003976524237629208,0.165289256198347,-0.016260162601625994,7.079646017699126,0.007147733759135688,0.0,0.0,0.020566578355940557,-0.01477796427494038,0.07664050361482322,0.021229307282413235,18.5666666666667,-0.07902673063742316,0.014552531443343897,0.42703687869904483,0.017124992393438232
36740,"Orlando-Kissimmee-Sanford, FL",2021,3,1.51,368.95,394943.0,"Orlando, FL",msa,FL,315159.941147261,0.1646393503665597,0.0497979302510805,"Orlando, FL",1645.41833037553,4.86666666666667,"Orlando, FL",9230.66666666667,"Orlando-Kissimmee-Sanford, FL",2699589.0,0.0071477337591356,0.0484500384101836,-0.0205665783559406,4421.670625,1.51,,65086.0,626.0,4.842207865704776,False,24.79338842975207,False,False,False,4.419594092317104,0.5707409747545631,0.16463935036655974,0.049797930251080924,0.05563582502406317,0.010631857842054337,-0.0040842924622823875,0.217741935483871,0.008130081300812941,5.084745762711873,0.007147733759135688,0.0,0.0,0.0,0.0,0.15197771391998138,0.017616308652045554,12.5333333333333,0.03043834189179173,0.02081424644983665,0.3318950711862574,0.12237973724394036
36740,"Orlando-Kissimmee-Sanford, FL",2021,4,1.6,388.57,394943.0,"Orlando, FL",msa,FL,328816.547414256,0.1805647110064592,0.0433323036464646,"Orlando, FL",1734.41461921136,3.8,"Orlando, FL",8446.66666666667,"Orlando-Kissimmee-Sanford, FL",2699589.0,0.0071477337591356,0.0484500384101836,-0.0205665783559406,4602.10890625,1.6,,65086.0,626.0,5.052031887260794,True,29.03225806451615,True,True,False,4.548903261406965,0.6066911469622056,0.1805647110064592,0.043332303646464565,0.0744463807782656,0.029258155022572563,-0.003264344096502616,0.28,0.016260162601626105,4.166666666666674,0.007147733759135688,0.0,0.0,0.0,0.0,0.2105681964027133,0.019050508515127795,7.36666666666667,-0.08493427704752277,-0.07104192960313838,0.2947269329692408,0.15302735438200687
36740,"Orlando-Kissimmee-Sanford, FL",2022,2,2.12,432.9,394943.0,"Orlando, FL",msa,FL,378846.534308874,0.2619380056757174,0.0811999055629309,"Orlando, FL",1856.43614569523,2.93333333333333,"Orlando, FL",7670.0,"Orlando-Kissimmee-Sanford, FL",2786534.0,0.0322067544355826,0.0683960681664031,0.0250590206764469,4105.66709677419,2.12,,71551.0,791.0,5.294776233859401,True,72.35772357723577,True,True,False,4.61251420504007,0.6211788833500957,0.26193800567571746,0.08119990556292955,0.12118875114890959,0.04230997629255562,0.0011621209766578368,0.5035460992907803,0.165289256198347,18.487394957983195,0.03220675443558263,0.0,0.0,-0.02505902067644694,0.020566578355940557,0.21599906164975824,0.07664050361482322,5.53333333333333,0.11829315707620469,-0.07902673063742316,-0.018634372653033138,0.42703687869904483
36740,"Orlando-Kissimmee-Sanford, FL",2025,2,3.32,480.02,394943.0,"Orlando, FL",msa,FL,397873.514920958,-0.0255305143328183,-0.0136089002507563,"Orlando, FL",1946.33007085005,3.56666666666667,"Orlando, FL",16899.3333333333,"Orlando-Kissimmee-Sanford, FL",2957672.0,0.0129076138140578,0.0614160817704001,-0.006763428502202,5732.06048387097,3.32,,,,,False,56.603773584905646,False,False,False,5.199057232899048,0.8449474528835772,-0.025530514332818388,-0.013608900250757672,0.03636783610060279,0.006019539096088211,-0.02150573310889393,0.0744336569579287,0.13186813186813184,119.14893617021276,0.012907613814057806,0.0,0.0,0.006763428502202018,0.008003839813295999,0.008160819000380792,0.002565569010712032,3.16666666666667,0.12392480269575024,0.15564019923820038,0.09252306700317803,0.24739314525733902
36740,"Orlando-Kissimmee-Sanford, FL",2025,3,3.25,476.95,394943.0,"Orlando, FL",msa,FL,390879.778867692,-0.0400727255800029,-0.0175777873896812,"Orlando, FL",1944.64111698977,4.13333333333333,"Orlando, FL",17250.3333333333,"Orlando-Kissimmee-Sanford, FL",2957672.0,0.0129076138140578,0.0614160817704001,-0.006763428502202,6427.73875,3.25,,,,,False,28.968253968253975,False,False,False,5.185046845040963,0.7931652989755511,-0.040072725580002966,-0.017577787389681965,0.020761286070656304,-0.002694793927142891,-0.023989442384766718,0.09060402684563762,0.06428571428571428,97.35099337748345,0.012907613814057806,0.0,0.0,0.0,0.0,0.001680415492196774,0.008288470692023875,3.63333333333333,0.020770050100595627,0.18672988185183348,0.1595155481803856,0.24344959483489204
36740,"Orlando-Kissimmee-Sanford, FL",2025,4,3.41,479.44,394943.0,"Orlando, FL",msa,FL,387736.449818974,-0.044059150138729,-0.0080416773101537,"Orlando, FL",1925.50036649735,4.65,"Orlando, FL",16279.3333333333,"Orlando-Kissimmee-Sanford, FL",2957672.0,0.0129076138140578,0.0614160817704001,-0.006763428502202,6777.5671875,3.41,,,,,False,22.222222222222232,False,False,False,5.164798956121286,0.7235582878560551,-0.044059150138729075,-0.00804167731015304,0.007226387836985371,-0.003905054192334223,-0.02526370433077896,0.00887573964497057,0.14965986394557818,111.24999999999999,0.012907613814057806,0.0,0.0,0.0,0.0,0.004577910082293135,0.009183786604836541,3.33333333333333,-0.05628876736681432,-0.07392056743649256,0.14737055805338306,0.3229933232101212
37340,"Palm Bay-Melbourne-Titusville, FL",2019,2,2.07,,394957.0,"Palm Bay, FL",msa,FL,223808.076261496,0.0435493041658976,0.002836862881888,"Palm Bay, FL",1281.46962643932,3.2,"Palm Bay, FL",4823.66666666667,"Palm Bay-Melbourne-Titusville, FL",601942.0,0.0113221875561784,0.0434548965632009,-0.0013256383754376,2882.32777777778,2.07,,56775.0,1142.0,3.942018075940044,False,18.965517241379292,False,False,False,3.945402565945989,1.3068130357372416,0.04354930416589764,0.0028368628818875585,0.1034842716423181,0.020364725945543727,-0.0005338862433346595,0.024752475247524774,0.05759162303664933,25.46583850931676,0.01132218755617842,0.0,0.0,0.0013256383754376433,0.006238447327362451,0.04961636860134089,0.07056043320683991,3.6,-0.012959552554395404,0.0636342752124972,0.06629220382021028,0.12725771232385252
37340,"Palm Bay-Melbourne-Titusville, FL",2019,3,2.08,,394957.0,"Palm Bay, FL",msa,FL,225007.02152977,0.0328103668009949,0.0053570241445304,"Palm Bay, FL",1294.50327573995,3.36666666666667,"Palm Bay, FL",4340.0,"Palm Bay-Melbourne-Titusville, FL",601942.0,0.0113221875561784,0.0434548965632009,-0.0013256383754376,2957.8528125,2.08,,56775.0,1142.0,3.9631355619510344,False,17.514124293785315,False,False,False,4.007781383313251,1.280772788713509,0.03281036680099492,0.005357024144531541,0.08741071841675496,0.015810507628720494,-0.0021095781703647535,0.02970297029702973,0.025380710659898442,23.17073170731707,0.01132218755617842,0.0,0.0,0.0,0.0,0.04251102732154122,0.07017774046607306,3.63333333333333,-0.10026950452629457,0.015910727141829284,0.037988254372415486,0.15500598332389925
37340,"Palm Bay-Melbourne-Titusville, FL",2019,4,2.1,,394957.0,"Palm Bay, FL",msa,FL,227955.463871721,0.0319628499291535,0.0131037792594433,"Palm Bay, FL",1304.1572410216,3.03333333333333,"Palm Bay, FL",4287.33333333333,"Palm Bay-Melbourne-Titusville, FL",601942.0,0.0113221875561784,0.0434548965632009,-0.0013256383754376,3082.755625,2.1,,56775.0,1142.0,4.015067615530093,False,16.666666666666675,False,False,False,4.063633054382954,1.2522307380726443,0.03196284992915355,0.013103779259443726,0.0757450368193564,0.013935807801854327,-0.0030808249274573147,0.01449275362318847,0.045454545454545414,21.052631578947366,0.01132218755617842,0.0,0.0,0.0,0.0,0.03682557873432879,0.06545710720786957,3.33333333333333,-0.012135176651306367,-0.0021968676918728836,0.14221561000009708,0.036741721225998614
37340,"Palm Bay-Melbourne-Titusville, FL",2020,1,2.14,,394957.0,"Palm Bay, FL",msa,FL,232868.523503688,0.0434348191328068,0.021552717133958,"Palm Bay, FL",1314.45379571999,3.46666666666667,"Palm Bay, FL",4359.33333333333,"Palm Bay-Melbourne-Titusville, FL",608765.0,0.0113349791175894,0.0357215164460869,1.27915614109853e-05,3055.86919354839,2.14,,59359.0,1230.0,3.923053344963493,False,12.631578947368439,False,False,False,3.9308667459747424,1.0636782559312223,0.04343481913280689,0.021552717133956234,0.06178875066074374,0.010321329129663992,-0.004264357828859034,0.01904761904761898,0.02941176470588247,22.09302325581397,0.011334979117589405,1.2791561410985253e-05,-0.0013256383754376433,1.2791561410985253e-05,-0.0013256383754376433,0.042390762669199056,0.056258313609527155,3.5,0.016793655730057644,0.04126420454545521,0.12306660146926007,-0.004562795426326538
37340,"Palm Bay-Melbourne-Titusville, FL",2020,2,2.1,,394957.0,"Palm Bay, FL",msa,FL,236219.05519302,0.0554536687810278,0.0143880831935581,"Palm Bay, FL",1322.9719240232,11.1666666666667,"Palm Bay, FL",4404.0,"Palm Bay-Melbourne-Titusville, FL",608765.0,0.0113349791175894,0.0357215164460869,1.27915614109853e-05,2931.68761904762,2.1,,59359.0,1230.0,3.9794985628635926,False,9.947643979057608,False,False,False,3.942018075940044,1.0005819101283575,0.055453668781027865,0.014388083193557666,0.04354930416589764,0.0028368628818875585,-0.005850498030523316,0.01449275362318847,0.024752475247524774,18.965517241379292,0.011334979117589405,0.0,0.0,-1.2791561410985253e-05,0.0013256383754376433,0.03238648558467805,0.04961636860134089,3.2,0.01024621501758749,-0.012959552554395404,0.017124992393438232,0.06629220382021028
37340,"Palm Bay-Melbourne-Titusville, FL",2020,3,2.12,,394957.0,"Palm Bay, FL",msa,FL,239725.180870725,0.0654120002162139,0.0148426877537029,"Palm Bay, FL",1354.50400444575,7.86666666666667,"Palm Bay, FL",4045.33333333333,"Palm Bay-Melbourne-Titusville, FL",608765.0,0.0113349791175894,0.0357215164460869,1.27915614109853e-05,3319.8340625,2.12,,59359.0,1230.0,4.038565017448491,False,7.614213197969555,False,False,False,3.9631355619510344,0.9620595572900394,0.06541200021621396,0.01484268775370401,0.03281036680099492,0.005357024144531541,-0.007474645510344916,0.019230769230769162,0.02970297029702973,17.514124293785315,0.011334979117589405,0.0,0.0,0.0,0.0,0.046350387697167594,0.04251102732154122,3.36666666666667,-0.08144111413866262,-0.10026950452629457,0.12237973724394036,0.037988254372415486
37340,"Palm Bay-Melbourne-Titusville, FL",2020,4,2.16,,394957.0,"Palm Bay, FL",msa,FL,249259.045700197,0.0934550173382302,0.0397699765825335,"Palm Bay, FL",1384.20174128811,5.33333333333333,"Palm Bay, FL",3132.33333333333,"Palm Bay-Melbourne-Titusville, FL",608765.0,0.0113349791175894,0.0357215164460869,1.27915614109853e-05,3554.5015625,2.16,,59359.0,1230.0,4.199178653619451,False,9.090909090909104,False,False,False,4.015067615530093,0.9739103590058678,0.09345501733823025,0.03976997658253212,0.03196284992915355,0.013103779259443726,-0.008766863447855947,0.028571428571428692,0.01449275362318847,16.666666666666675,0.011334979117589405,0.0,0.0,0.0,0.0,0.061376418232979235,0.03682557873432879,3.03333333333333,-0.2256921555702045,-0.012135176651306367,0.15302735438200687,0.14221561000009708
37340,"Palm Bay-Melbourne-Titusville, FL",2021,1,2.23,,394957.0,"Palm Bay, FL",msa,FL,261404.619526292,0.1225416625366806,0.0487267123725694,"Palm Bay, FL",1411.74819935129,4.9,"Palm Bay, FL",2783.66666666667,"Palm Bay-Melbourne-Titusville, FL",618088.0,0.0153146123709478,0.0384490669569877,0.0039796332533583,3865.7068852459,2.23,,63632.0,1363.0,4.108068574401119,False,9.313725490196067,False,False,False,3.923053344963493,0.8253186501576066,0.12254166253668064,0.04872671237257098,0.04343481913280689,0.021552717133956234,-0.009190101079167562,0.04205607476635498,0.01904761904761898,12.631578947368439,0.015314612370947778,0.003979633253358372,1.2791561410985253e-05,0.003979633253358372,1.2791561410985253e-05,0.07401888445839755,0.042390762669199056,3.46666666666667,-0.11131212088964348,0.016793655730057644,0.26501058795554977,0.12306660146926007
37340,"Palm Bay-Melbourne-Titusville, FL",2021,2,2.44,,394957.0,"Palm Bay, FL",msa,FL,274987.186742565,0.1641194082241446,0.0519599356770613,"Palm Bay, FL",1482.70897033458,4.36666666666667,"Palm Bay, FL",2479.33333333333,"Palm Bay-Melbourne-Titusville, FL",618088.0,0.0153146123709478,0.0384490669569877,0.0039796332533583,4183.62634920635,2.44,,63632.0,1363.0,4.321523553283961,False,20.79207920792079,False,False,False,3.9794985628635926,0.7997573606470576,0.16411940822414461,0.05195993567706214,0.055453668781027865,0.014388083193557666,-0.008411135536353606,0.16190476190476177,0.01449275362318847,9.947643979057608,0.015314612370947778,0.0,0.0,-0.003979633253358372,-1.2791561410985253e-05,0.12074107047231553,0.03238648558467805,11.1666666666667,-0.10932822416477306,0.01024621501758749,0.42703687869904483,0.017124992393438232
37340,"Palm Bay-Melbourne-Titusville, FL",2021,3,2.63,,394957.0,"Palm Bay, FL",msa,FL,290915.161334966,0.2135361011234189,0.0579226064351579,"Palm Bay, FL",1591.11227911887,4.16666666666667,"Palm Bay, FL",2675.33333333333,"Palm Bay-Melbourne-Titusville, FL",618088.0,0.0153146123709478,0.0384490669569877,0.0039796332533583,4421.670625,2.63,,63632.0,1363.0,4.5718374612610955,False,30.1980198019802,False,False,False,4.038565017448491,0.7597531816346939,0.21353610112341892,0.05792260643515834,0.06541200021621396,0.01484268775370401,-0.0066864533112225965,0.24056603773584895,0.019230769230769162,7.614213197969555,0.015314612370947778,0.0,0.0,0.0,0.0,0.17468259517618612,0.046350387697167594,7.86666666666667,0.07905350900779795,-0.08144111413866262,0.3318950711862574,0.12237973724394036
37340,"Palm Bay-Melbourne-Titusville, FL",2021,4,2.82,,394957.0,"Palm Bay, FL",msa,FL,303066.379881777,0.2158691333766005,0.0417689421584324,"Palm Bay, FL",1665.45378345354,3.4,"Palm Bay, FL",2652.66666666667,"Palm Bay-Melbourne-Titusville, FL",618088.0,0.0153146123709478,0.0384490669569877,0.0039796332533583,4602.10890625,2.82,,63632.0,1363.0,4.762798275738261,False,36.23188405797102,False,False,False,4.199178653619451,0.8137516494210244,0.21586913337660052,0.04176894215843152,0.09345501733823025,0.03976997658253212,-0.00366430605789522,0.30555555555555536,0.028571428571428692,9.090909090909104,0.015314612370947778,0.0,0.0,0.0,0.0,0.20318717552233556,0.061376418232979235,5.33333333333333,-0.00847246449040362,-0.2256921555702045,0.2947269329692408,0.15302735438200687
37340,"Palm Bay-Melbourne-Titusville, FL",2022,1,3.05,,394957.0,"Palm Bay, FL",msa,FL,321724.254976517,0.2307519873196353,0.0615636584368671,"Palm Bay, FL",1703.02890729302,3.26666666666667,"Palm Bay, FL",2236.33333333333,"Palm Bay-Melbourne-Titusville, FL",631833.0,0.0222379337570056,0.0496576082080997,0.0069233213860577,4463.85548387097,3.05,,71308.0,1222.0,4.511755412808058,False,45.238095238095234,False,False,False,4.108068574401119,0.6977342201119217,0.2307519873196353,0.06156365843686862,0.12254166253668064,0.04872671237257098,0.0005553578760125012,0.3677130044843049,0.04205607476635498,9.313725490196067,0.022237933757005557,0.006923321386057779,0.003979633253358372,0.006923321386057779,0.003979633253358372,0.20632624718457304,0.07401888445839755,4.9,-0.15694898215632314,-0.11131212088964348,0.154732010569141,0.26501058795554977
37340,"Palm Bay-Melbourne-Titusville, FL",2022,2,3.7,,394957.0,"Palm Bay, FL",msa,FL,347516.743006043,0.2637561303224578,0.08016954777441,"Palm Bay, FL",1776.14516535518,2.9,"Palm Bay, FL",2423.33333333333,"Palm Bay-Melbourne-Titusville, FL",631833.0,0.0222379337570056,0.0496576082080997,0.0069233213860577,4105.66709677419,3.7,,71308.0,1222.0,4.873460803921622,False,78.74396135265702,False,False,False,4.321523553283961,0.8298421886856313,0.2637561303224578,0.0801695477744091,0.16411940822414461,0.05195993567706214,0.005857847697464835,0.5163934426229508,0.16190476190476177,20.79207920792079,0.022237933757005557,0.0,0.0,-0.006923321386057779,-0.003979633253358372,0.19790545608851673,0.12074107047231553,4.36666666666667,0.08361901922790294,-0.10932822416477306,-0.018634372653033138,0.42703687869904483
37340,"Palm Bay-Melbourne-Titusville, FL",2022,3,4.19,,394957.0,"Palm Bay, FL",msa,FL,362800.20853739,0.2470996935070495,0.0439790768040229,"Palm Bay, FL",1836.32784565056,3.0,"Palm Bay, FL",2989.33333333333,"Palm Bay-Melbourne-Titusville, FL",631833.0,0.0222379337570056,0.0496576082080997,0.0069233213860577,3980.35109375,4.19,,71308.0,1222.0,5.08779111091869,True,101.44230769230771,True,True,False,4.5718374612610955,0.9827986252593721,0.24709969350704952,0.0439790768040238,0.21353610112341892,0.05792260643515834,0.011906341563658579,0.5931558935361219,0.24056603773584895,30.1980198019802,0.022237933757005557,0.0,0.0,0.0,0.0,0.15411581555230414,0.17468259517618612,4.16666666666667,0.233562585969739,0.07905350900779795,-0.0998083232963558,0.3318950711862574
37340,"Palm Bay-Melbourne-Titusville, FL",2023,2,4.74,,394957.0,"Palm Bay, FL",msa,FL,356514.160846621,0.0258906024577396,-0.0023909991981339,"Palm Bay, FL",1856.91150081211,2.8,"Palm Bay, FL",3084.33333333333,"Palm Bay-Melbourne-Titusville, FL",646015.0,0.0224458045084699,0.0611894573439669,0.000207870751464334,4206.07290322581,4.74,,75817.0,932.0,4.702298440278842,False,125.71428571428571,False,False,False,4.873460803921622,1.1022055641855544,0.025890602457739664,-0.00239099919813357,0.2637561303224578,0.0801695477744091,0.02325932470591321,0.2810810810810811,0.5163934426229508,78.74396135265702,0.02244580450846989,0.0,0.0,-0.0002078707514643341,-0.006923321386057779,0.04547282341124337,0.19790545608851673,2.9,-0.025179098187948834,0.08361901922790294,0.02445541834858167,-0.018634372653033138
37340,"Palm Bay-Melbourne-Titusville, FL",2023,3,4.64,,394957.0,"Palm Bay, FL",msa,FL,360045.001588095,-0.0075942816030962,0.0099037882060264,"Palm Bay, FL",1867.70561710962,3.3,"Palm Bay, FL",3117.33333333333,"Palm Bay-Melbourne-Titusville, FL",646015.0,0.0224458045084699,0.0611894573439669,0.000207870751464334,4458.13746031746,4.64,,75817.0,932.0,4.74886900811289,False,118.86792452830188,False,False,False,5.08779111091869,1.2002842776567375,-0.007594281603096276,0.009903788206025999,0.24709969350704952,0.0439790768040238,0.023533538366010236,0.10739856801909298,0.5931558935361219,101.44230769230771,0.02244580450846989,0.0,0.0,0.0,0.0,0.01708723828012526,0.15411581555230414,3.0,0.01069923268129247,0.233562585969739,0.12003623683289799,-0.0998083232963558
37340,"Palm Bay-Melbourne-Titusville, FL",2023,4,4.85,,394957.0,"Palm Bay, FL",msa,FL,362933.33076068,0.001253036313225,0.0080221337884007,"Palm Bay, FL",1843.09497636116,3.16666666666667,"Palm Bay, FL",3493.66666666667,"Palm Bay-Melbourne-Titusville, FL",646015.0,0.0224458045084699,0.0611894573439669,0.000207870751464334,4464.90761904762,4.85,,75817.0,932.0,4.7869650706395666,False,124.53703703703702,False,False,False,5.083288428317187,1.0988613351525638,0.0012530363132250422,0.008022133788401886,0.19603874038367852,-0.0008849975369155105,0.020306818959313105,0.10227272727272707,0.5602836879432627,109.52380952380953,0.02244580450846989,0.0,0.0,0.0,0.0,0.005078861020756165,0.10107015482899206,2.76666666666667,0.12072284003421974,0.04293041926851271,0.15912210409729033,-0.1629981883235685
37340,"Palm Bay-Melbourne-Titusville, FL",2024,1,5.55,,394957.0,"Palm Bay, FL",msa,FL,363958.409366173,0.0184397282817379,0.0028244267434587,"Palm Bay, FL",1851.05840874933,3.26666666666667,"Palm Bay, FL",3883.33333333333,"Palm Bay-Melbourne-Titusville, FL",656254.0,0.0158494771793225,0.0617484888883137,-0.0065963273291473,4992.54098360656,5.55,,78476.0,1054.0,4.637830793697092,False,148.87892376681611,False,False,False,4.71356857897151,0.8469094661823129,0.0184397282817379,0.002824426743458508,0.1107916901632664,-0.014098749014834877,0.013175436148119161,0.1808510638297871,0.5409836065573772,119.62616822429908,0.015849477179322502,-0.006596327329147389,0.0002078707514643341,-0.006596327329147389,0.0002078707514643341,0.008729005713732585,0.07751566832183343,2.86666666666667,0.11153515885888532,0.014861541751308716,0.248115115012689,-0.10389918970668588
37340,"Palm Bay-Melbourne-Titusville, FL",2024,2,4.74,,394957.0,"Palm Bay, FL",msa,FL,363440.872074338,0.0194289932586915,-0.0014219682208638,"Palm Bay, FL",1865.70292970707,3.3,"Palm Bay, FL",4366.0,"Palm Bay-Melbourne-Titusville, FL",656254.0,0.0158494771793225,0.0617484888883137,-0.0065963273291473,5246.62650793651,4.74,,78476.0,1054.0,4.631235945694709,False,94.26229508196722,False,False,False,4.702298440278842,0.7568958743328529,0.019428993258691518,-0.001421968220864156,0.025890602457739664,-0.00239099919813357,0.002853911164215981,0.0,0.2810810810810811,125.71428571428571,0.015849477179322502,0.0,0.0,0.006596327329147389,-0.0002078707514643341,0.004734436127470376,0.04547282341124337,2.8,0.12429184549356331,-0.025179098187948834,0.24739314525733902,0.02445541834858167
37340,"Palm Bay-Melbourne-Titusville, FL",2024,3,4.9,,394957.0,"Palm Bay, FL",msa,FL,359729.343195328,-0.0008767192750201991,-0.0102121945113843,"Palm Bay, FL",1878.98090221778,3.8,"Palm Bay, FL",4574.0,"Palm Bay-Melbourne-Titusville, FL",656254.0,0.0158494771793225,0.0617484888883137,-0.0065963273291473,5543.46921875,4.9,,78476.0,1054.0,4.583940863389164,False,86.31178707224336,False,False,False,4.74886900811289,0.741087624799639,-0.0008767192750201991,-0.010212194511383554,-0.007594281603096276,0.009903788206025999,-0.008096107817467607,0.056034482758620774,0.10739856801909298,118.86792452830188,0.015849477179322502,0.0,0.0,0.0,0.0,0.006036971246897727,0.01708723828012526,3.3,0.04764086120018329,0.01069923268129247,0.24344959483489204,0.12003623683289799
37340,"Palm Bay-Melbourne-Titusville, FL",2024,4,5.01,,394957.0,"Palm Bay, FL",msa,FL,357246.332469019,-0.0156695398566495,-0.0069024414418151,"Palm Bay, FL",1885.57625886702,3.53333333333333,"Palm Bay, FL",4425.33333333333,"Palm Bay-Melbourne-Titusville, FL",656254.0,0.0158494771793225,0.0617484888883137,-0.0065963273291473,5907.04296875,5.01,,78476.0,1054.0,4.552300480006868,False,77.65957446808511,False,False,False,4.7869650706395666,0.7233320162566121,-0.01566953985664954,-0.006902441441816953,0.0012530363132250422,0.008022133788401886,-0.01692062930507999,0.03298969072164959,0.10227272727272707,124.53703703703702,0.015849477179322502,0.0,0.0,0.0,0.0,0.02304888410565331,0.005078861020756165,3.16666666666667,-0.0325025506485942,0.12072284003421974,0.3229933232101212,0.15912210409729033
37340,"Palm Bay-Melbourne-Titusville, FL",2025,1,5.29,,394957.0,"Palm Bay, FL",msa,FL,355050.91862849,-0.0244739247904594,-0.0061453782474291,"Palm Bay, FL",1881.7037121726,3.73333333333333,"Palm Bay, FL",4786.33333333333,"Palm Bay-Melbourne-Titusville, FL",663982.0,0.0117759282229137,0.0508821160021715,-0.0040735489564087,5894.81783333333,5.29,,,,,False,73.4426229508197,False,False,False,4.637830793697092,0.7069640477223498,-0.0244739247904594,-0.006145378247429223,0.0184397282817379,0.002824426743458508,-0.023117234844148658,-0.04684684684684681,0.1808510638297871,148.87892376681611,0.011775928222913734,-0.004073548956408768,-0.006596327329147389,-0.004073548956408768,-0.006596327329147389,0.016555557230619966,0.008729005713732585,3.26666666666667,0.08157577583609532,0.11153515885888532,0.18072497605717697,0.248115115012689
37340,"Palm Bay-Melbourne-Titusville, FL",2025,2,5.05,,394957.0,"Palm Bay, FL",msa,FL,349985.625418943,-0.0370218313053213,-0.0142663853092231,"Palm Bay, FL",1890.3931111066,3.83333333333333,"Palm Bay, FL",5288.66666666667,"Palm Bay-Melbourne-Titusville, FL",663982.0,0.0117759282229137,0.0508821160021715,-0.0040735489564087,5732.06048387097,5.05,,,,,False,36.48648648648647,False,False,False,4.631235945694709,0.6892178697546654,-0.03702183130532133,-0.014266385309221308,0.019428993258691518,-0.001421968220864156,-0.02665790864477882,0.06540084388185652,0.0,94.26229508196722,0.011775928222913734,0.0,0.0,0.004073548956408768,0.006596327329147389,0.013233715296468107,0.004734436127470376,3.3,0.10495159830071876,0.12429184549356331,0.09252306700317803,0.24739314525733902
37340,"Palm Bay-Melbourne-Titusville, FL",2025,3,5.4,,394957.0,"Palm Bay, FL",msa,FL,344274.530165132,-0.0429623363301899,-0.0163180851984275,"Palm Bay, FL",1892.19338828563,4.43333333333333,"Palm Bay, FL",5124.66666666667,"Palm Bay-Melbourne-Titusville, FL",663982.0,0.0117759282229137,0.0508821160021715,-0.0040735489564087,6427.73875,5.4,,,,,False,28.878281622911683,False,False,False,4.583940863389164,0.6208053014381294,-0.042962336330189976,-0.0163180851984267,-0.0008767192750201991,-0.010212194511383554,-0.02772153699173542,0.1020408163265305,0.056034482758620774,86.31178707224336,0.011775928222913734,0.0,0.0,0.0,0.0,0.007031729834111156,0.006036971246897727,3.8,-0.031009706290180294,0.04764086120018329,0.1595155481803856,0.24344959483489204
37340,"Palm Bay-Melbourne-Titusville, FL",2025,4,5.04,,394957.0,"Palm Bay, FL",msa,FL,341858.16195372,-0.0430743974583238,-0.0070187248828801,"Palm Bay, FL",1893.83692515684,5.0,"Palm Bay, FL",4796.0,"Palm Bay-Melbourne-Titusville, FL",663982.0,0.0117759282229137,0.0508821160021715,-0.0040735489564087,6777.5671875,5.04,,,,,False,14.545454545454529,False,False,False,4.552300480006868,0.537232864476775,-0.043074397458323865,-0.007018724882880578,-0.01566953985664954,-0.006902441441816953,-0.02774868270341119,0.005988023952095967,0.03298969072164959,77.65957446808511,0.011775928222913734,0.0,0.0,0.0,0.0,0.004380977036051226,0.02304888410565331,3.53333333333333,-0.06413425263431827,-0.0325025506485942,0.14737055805338306,0.3229933232101212
37460,"Panama City-Panama City Beach, FL",2019,2,4.75,,394960.0,"Panama City, FL",msa,FL,215971.940228279,0.0443372129898407,-0.0163582974501678,"Panama City, FL",1373.87091907677,3.66666666666667,"Panama City, FL",2333.33333333333,"Panama City, FL",174705.0,-0.0619362113402062,-0.0486238931788231,-0.0700775589930731,2882.32777777778,4.75,,54316.0,1400.0,3.9762121700471136,False,17.866004962779147,False,False,False,4.03352532665263,0.6836398843967708,0.044337212989840724,-0.016358297450168702,0.0833602392435675,0.02648110547002358,0.0009381078439924296,0.0674157303370786,-0.011111111111111072,15.58441558441559,-0.061936211340206215,0.0,0.0,0.07007755899307311,-0.0021402803123962144,0.2980881752337501,0.0515410717973519,3.5,0.07941403238241751,0.01927710843373487,0.06629220382021028,0.12725771232385252
37460,"Panama City-Panama City Beach, FL",2019,3,4.69,,394960.0,"Panama City, FL",msa,FL,219274.777583145,0.0278061423558457,0.0152929003248059,"Panama City, FL",1400.17755850175,3.56666666666667,"Panama City, FL",2384.66666666667,"Panama City, FL",174705.0,-0.0619362113402062,-0.0486238931788231,-0.0700775589930731,2957.8528125,4.69,,54316.0,1400.0,4.037019986433924,False,17.25000000000001,False,False,False,4.161076328185095,0.7644126301956344,0.027806142355845775,0.015292900324805903,0.08586815033874062,0.0316227099628299,0.0018726050942596182,0.058690744920993465,0.03263403263403264,11.027568922305742,-0.061936211340206215,0.0,0.0,0.0,0.0,0.2928196369663567,0.059383149106521316,3.43333333333333,0.022000000000003128,-0.04439190964013795,0.037988254372415486,0.15500598332389925
37460,"Panama City-Panama City Beach, FL",2019,4,4.8,,394960.0,"Panama City, FL",msa,FL,224535.466592468,0.0228560537210533,0.0239913092937853,"Panama City, FL",1368.24958627744,3.06666666666667,"Panama City, FL",2499.66666666667,"Panama City, FL",174705.0,-0.0619362113402062,-0.0486238931788231,-0.0700775589930731,3082.755625,4.8,,54316.0,1400.0,4.1338733815536495,False,14.832535885167463,False,False,False,4.281526555144858,0.8642081957819245,0.02285605372105337,0.023991309293784235,0.09742293715888128,0.028946891972130295,0.0037139321412110854,-0.12408759124087598,0.24263038548752847,36.658354114713234,-0.061936211340206215,0.0,0.0,0.0,0.0,0.2330378152743382,0.0833946650222821,5.5,0.04822476935979858,-0.10417811984606651,0.14221561000009708,0.036741721225998614
37460,"Panama City-Panama City Beach, FL",2020,1,4.8,,394960.0,"Panama City, FL",msa,FL,234513.154950389,0.0680874504433819,0.0444370259600484,"Panama City, FL",1307.66647745908,3.5,"Panama City, FL",2569.33333333333,"Panama City-Panama City Beach, FL",199875.0,0.144071434704216,0.0819493764074137,0.206007646044422,3055.86919354839,4.8,,56483.0,1516.0,4.1519245604941135,False,15.384615384615374,False,False,False,4.042337936404927,0.5632002893791257,0.06808745044338194,0.04443702596004795,0.08982001687650909,0.00020717806409398243,0.004922553477173114,-0.008264462809917328,0.06373626373626373,14.420803782505898,0.14407143470421557,0.2060076460444218,-0.07007755899307311,0.2060076460444218,-0.07007755899307311,-0.0006948326481245326,0.26100469319610076,4.9,0.027870382717692932,-0.005062902730899044,0.12306660146926007,-0.004562795426326538
37460,"Panama City-Panama City Beach, FL",2020,2,4.75,,394960.0,"Panama City, FL",msa,FL,241137.08764305,0.1165204488516973,0.0282454632195885,"Panama City, FL",1311.97591316685,10.1,"Panama City, FL",2766.33333333333,"Panama City-Panama City Beach, FL",199875.0,0.144071434704216,0.0819493764074137,0.206007646044422,2931.68761904762,4.75,,56483.0,1516.0,4.269197592958058,False,5.555555555555558,False,False,False,3.9762121700471136,0.39986007506142585,0.11652044885169732,0.028245463219588984,0.044337212989840724,-0.016358297450168702,0.003973905522367377,0.0,0.0674157303370786,17.866004962779147,0.14407143470421557,0.0,0.0,-0.2060076460444218,0.07007755899307311,-0.04505154381716803,0.2980881752337501,3.66666666666667,0.07667358588479511,0.07941403238241751,0.017124992393438232,0.06629220382021028
37460,"Panama City-Panama City Beach, FL",2020,3,4.83,,394960.0,"Panama City, FL",msa,FL,244461.118092837,0.1148620045921231,0.0137848162730865,"Panama City, FL",1343.28590677962,6.66666666666667,"Panama City, FL",2688.66666666667,"Panama City-Panama City Beach, FL",199875.0,0.144071434704216,0.0819493764074137,0.206007646044422,3319.8340625,4.83,,56483.0,1516.0,4.328047697410495,False,12.587412587412583,False,False,False,4.037019986433924,0.42299231947467897,0.11486200459212315,0.01378481627308803,0.027806142355845775,0.015292900324805903,0.0023450359760376904,0.02985074626865658,0.058690744920993465,17.25000000000001,0.14407143470421557,0.0,0.0,0.0,0.0,-0.040631740865070265,0.2928196369663567,3.56666666666667,-0.028075671767680332,0.022000000000003128,0.12237973724394036,0.037988254372415486
37460,"Panama City-Panama City Beach, FL",2020,4,5.0,,394960.0,"Panama City, FL",msa,FL,252719.172839257,0.1255200644891545,0.0337806470445925,"Panama City, FL",1367.40198895869,5.0,"Panama City, FL",2333.33333333333,"Panama City-Panama City Beach, FL",199875.0,0.144071434704216,0.0819493764074137,0.206007646044422,3554.5015625,5.0,,56483.0,1516.0,4.47425194906887,False,13.378684807256235,False,False,False,4.1338733815536495,0.5159460513027616,0.12552006448915454,0.03378064704459027,0.02285605372105337,0.023991309293784235,0.0002950783143566813,0.04166666666666674,-0.12408759124087598,14.832535885167463,0.14407143470421557,0.0,0.0,0.0,0.0,-0.0006194756623723041,0.2330378152743382,3.06666666666667,-0.1321596826184006,0.04822476935979858,0.15302735438200687,0.14221561000009708
37460,"Panama City-Panama City Beach, FL",2021,1,5.07,,394960.0,"Panama City, FL",msa,FL,263532.064106798,0.1237410718496703,0.0427861928561226,"Panama City, FL",1391.26005775408,4.9,"Panama City, FL",2088.33333333333,"Panama City-Panama City Beach, FL",204406.0,0.0226691682301439,0.0975408075601374,-0.121402266474072,3865.7068852459,5.07,,60473.0,1830.0,4.357846710214442,False,11.428571428571432,False,False,False,4.1519245604941135,0.5009786263620368,0.12374107184967031,0.042786192856125504,0.06808745044338194,0.04443702596004795,-0.0006864564301333022,0.05625000000000013,-0.008264462809917328,15.384615384615374,0.022669168230143866,-0.12140226647407171,0.2060076460444218,-0.12140226647407171,0.2060076460444218,0.06392576527420846,-0.0006948326481245326,3.5,-0.1050000000000002,0.027870382717692932,0.26501058795554977,0.12306660146926007
37460,"Panama City-Panama City Beach, FL",2021,2,5.38,,394960.0,"Panama City, FL",msa,FL,275533.066756584,0.1426407669169895,0.0455390606469925,"Panama City, FL",1460.70632845809,4.26666666666667,"Panama City, FL",1540.33333333333,"Panama City-Panama City Beach, FL",204406.0,0.0226691682301439,0.0975408075601374,-0.121402266474072,4183.62634920635,5.38,,60473.0,1830.0,4.556298955841185,False,20.89887640449437,False,False,False,4.269197592958058,0.5576168575380636,0.14264076691698957,0.045539060646990315,0.11652044885169732,0.028245463219588984,0.00017331073253815108,0.13263157894736843,0.0,5.555555555555558,0.022669168230143866,0.0,0.0,0.12140226647407171,-0.2060076460444218,0.11336367824942317,-0.04505154381716803,10.1,-0.2624102154828415,0.07667358588479511,0.42703687869904483,0.017124992393438232
37460,"Panama City-Panama City Beach, FL",2021,3,5.67,,394960.0,"Panama City, FL",msa,FL,289628.92848831,0.1847648032858952,0.0511585121076523,"Panama City, FL",1537.85116570625,4.03333333333333,"Panama City, FL",1612.0,"Panama City-Panama City Beach, FL",204406.0,0.0226691682301439,0.0975408075601374,-0.121402266474072,4421.670625,5.67,,60473.0,1830.0,4.7893924311396825,False,27.990970654627546,False,False,False,4.328047697410495,0.5515910097389849,0.18476480328589528,0.051158512107654985,0.11486200459212315,0.01378481627308803,0.0010754844145156304,0.17391304347826075,0.02985074626865658,12.587412587412583,0.022669168230143866,0.0,0.0,0.0,0.0,0.14484277542453983,-0.040631740865070265,6.66666666666667,0.04652672581692485,-0.028075671767680332,0.3318950711862574,0.12237973724394036
37460,"Panama City-Panama City Beach, FL",2021,4,6.13,,394960.0,"Panama City, FL",msa,FL,303330.314794933,0.2002663327323701,0.0473066912830045,"Panama City, FL",1593.23445415986,3.4,"Panama City, FL",1686.33333333333,"Panama City-Panama City Beach, FL",204406.0,0.0226691682301439,0.0975408075601374,-0.121402266474072,4602.10890625,6.13,,60473.0,1830.0,5.015962740312752,True,11.861313868613133,True,True,False,4.47425194906887,0.6376966671796294,0.20026633273237016,0.04730669128300158,0.12552006448915454,0.03378064704459027,0.0024540526818669197,0.22599999999999998,0.04166666666666674,13.378684807256235,0.022669168230143866,0.0,0.0,0.0,0.0,0.1651544074271436,-0.0006194756623723041,5.0,0.04611248966087467,-0.1321596826184006,0.2947269329692408,0.15302735438200687
37460,"Panama City-Panama City Beach, FL",2022,2,7.23,,394960.0,"Panama City, FL",msa,FL,347738.225865067,0.2620562386883012,0.076158904472311,"Panama City, FL",1654.52124472773,2.76666666666667,"Panama City, FL",1919.0,"Panama City-Panama City Beach, FL",211491.0,0.0346614091562869,0.21056065939727,0.011992240926143,4105.66709677419,7.23,,65999.0,2086.0,5.26884082887721,True,52.21052631578949,True,True,False,4.556298955841185,0.7051075688680206,0.2620562386883012,0.07615890447230989,0.14264076691698957,0.045539060646990315,0.0062072049024043795,0.34386617100371764,0.13263157894736843,20.89887640449437,0.034661409156286904,0.0,0.0,-0.011992240926143038,0.12140226647407171,0.13268575106005698,0.11336367824942317,4.26666666666667,0.2931266846361187,-0.2624102154828415,-0.018634372653033138,0.42703687869904483
37460,"Panama City-Panama City Beach, FL",2024,4,9.59,,394960.0,"Panama City, FL",msa,FL,351946.825952014,-0.0330176333111716,-0.0123367206287103,"Panama City, FL",1682.16162685261,3.43333333333333,"Panama City, FL",3297.66666666667,"Panama City-Panama City Beach, FL",226600.0,0.0372893149129794,0.10857802608534,0.004365928102193,5907.04296875,9.59,,71514.0,1839.0,4.921369605280281,False,56.443719412724306,False,False,False,5.36551077260996,1.083984217465102,-0.03301763331117169,-0.012336720628712716,0.010250481845998083,-0.002570187385819711,-0.013713265283064269,-0.030333670374115385,0.23316708229426442,97.80000000000003,0.03728931491297938,0.0,0.0,0.0,0.0,0.003119028393856693,0.008057763308988442,3.13333333333333,-0.041932984698817455,0.05693905643849062,0.3229933232101212,0.15912210409729033
37460,"Panama City-Panama City Beach, FL",2025,1,10.72,,394960.0,"Panama City, FL",msa,FL,351742.917993413,-0.0376780976290885,-0.000579371494684788,"Panama City, FL",1660.52546906072,3.66666666666667,"Panama City, FL",3269.66666666667,"Panama City-Panama City Beach, FL",231174.0,0.0201853486319505,0.0930677901187285,-0.0171039662810288,5894.81783333333,10.72,,,,,False,68.55345911949686,False,False,False,5.111094626338885,1.0687566899339584,-0.03767809762908858,-0.0005793714946837891,0.012042147092370392,0.004260759615564824,-0.01991911155617046,0.022900763358778553,0.15929203539823034,106.70611439842207,0.02018534863195054,-0.017103966281028837,0.004365928102193051,-0.017103966281028837,0.004365928102193051,0.0024726893800670613,-0.00325571505124167,3.36666666666667,-0.008490852117658987,0.05316125976793873,0.18072497605717697,0.248115115012689
37460,"Panama City-Panama City Beach, FL",2025,2,9.98,,394960.0,"Panama City, FL",msa,FL,348653.285341966,-0.0421086907872884,-0.0087837806915119,"Panama City, FL",1692.37009035254,3.56666666666667,"Panama City, FL",3684.66666666667,"Panama City-Panama City Beach, FL",231174.0,0.0201853486319505,0.0930677901187285,-0.0171039662810288,5732.06048387097,9.98,,,,,False,38.035961272475795,False,False,False,5.089632895733772,1.1134207256866588,-0.042108690787288405,-0.008783780691512977,0.00045542672553589014,-0.004199047791937582,-0.02493041250985509,0.10765815760266384,-0.03533190578158463,67.4721189591078,0.02018534863195054,0.0,0.0,0.017103966281028837,-0.004365928102193051,-0.007807362426023201,0.0020728183426566016,3.13333333333333,0.1269242532368231,0.11253513209668475,0.09252306700317803,0.24739314525733902
37460,"Panama City-Panama City Beach, FL",2025,3,10.79,,394960.0,"Panama City, FL",msa,FL,342561.482247262,-0.0386746747113725,-0.0174723811615008,"Panama City, FL",1713.51629804162,4.2,"Panama City, FL",3663.0,"Panama City-Panama City Beach, FL",231174.0,0.0201853486319505,0.0930677901187285,-0.0171039662810288,6427.73875,10.79,,,,,False,32.71832718327181,False,False,False,4.982841529162709,0.945821542728785,-0.038674674711372536,-0.01747238116149985,-0.02345560379482725,-0.020982135403238678,-0.027952336479432415,0.07043650793650791,0.07234042553191489,77.77777777777779,0.02018534863195054,0.0,0.0,0.0,0.0,-0.006868003384827848,0.018546748237360244,3.6,-0.0058802243531762555,0.04345189975747665,0.1595155481803856,0.24344959483489204
37460,"Panama City-Panama City Beach, FL",2025,4,10.54,,394960.0,"Panama City, FL",msa,FL,338895.447632502,-0.0370833812301278,-0.010701829612338,"Panama City, FL",1690.24567872308,5.05,"Panama City, FL",3260.66666666667,"Panama City-Panama City Beach, FL",231174.0,0.0201853486319505,0.0930677901187285,-0.0171039662810288,6777.5671875,10.54,,,,,False,31.421446384039896,False,False,False,4.921369605280281,0.7874962237266319,-0.03708338123012789,-0.010701829612337677,-0.03301763331117169,-0.012336720628712716,-0.02918132907738097,0.09906152241918664,-0.030333670374115385,56.443719412724306,0.02018534863195054,0.0,0.0,0.0,0.0,0.004805752159259269,0.003119028393856693,3.43333333333333,-0.10983710983710893,-0.041932984698817455,0.14737055805338306,0.3229933232101212
38060,"Phoenix-Mesa-Chandler, AZ",2019,2,0.68,356.47,394976.0,"Phoenix, AZ",msa,AZ,286585.38536601,0.0681782182564707,0.0127013377471197,"Phoenix, AZ",1211.06304185114,4.16666666666667,"Phoenix, AZ",27507.6666666667,"Phoenix-Mesa-Chandler, AZ",4948203.0,0.02041446347229,0.0588160149409329,0.001405051753073,2882.32777777778,0.68,,63883.0,287.0,4.4860977938733315,False,13.333333333333353,False,False,False,4.398544255057627,1.0166255952500634,0.06817821825647075,0.012701337747119235,0.07568500003477907,0.020288955473775072,-0.0012837036392771236,0.014925373134328401,0.046875,17.543859649122815,0.020414463472290034,0.0,0.0,-0.0014050517530730389,-0.0007329599511438634,0.07956467340758455,0.06676468254962775,4.03333333333333,0.0638520046409694,0.03076904119379309,0.06629220382021028,0.12725771232385252
38060,"Phoenix-Mesa-Chandler, AZ",2019,3,0.67,364.56,394976.0,"Phoenix, AZ",msa,AZ,289592.23711974,0.0562022659406304,0.0104919926390881,"Phoenix, AZ",1234.80700240633,4.23333333333333,"Phoenix, AZ",23465.3333333333,"Phoenix-Mesa-Chandler, AZ",4948203.0,0.02041446347229,0.0588160149409329,0.001405051753073,2957.8528125,0.67,,63883.0,287.0,4.533165898904873,False,13.559322033898313,False,False,False,4.495090763016837,0.9298706486106596,0.05620226594063049,0.010491992639086511,0.08016495220952025,0.021949650238984653,-0.0019520434730877037,-0.02898550724637672,0.078125,16.94915254237288,0.020414463472290034,0.0,0.0,0.0,0.0,0.0801301892807984,0.0721490343639184,4.3,-0.14695297068696234,-0.08106395696353741,0.037988254372415486,0.15500598332389925
38060,"Phoenix-Mesa-Chandler, AZ",2019,4,0.68,375.9,394976.0,"Phoenix, AZ",msa,AZ,295001.150316224,0.0579375475286481,0.0186776871171703,"Phoenix, AZ",1249.3858925162,3.8,"Phoenix, AZ",21119.3333333333,"Phoenix-Mesa-Chandler, AZ",4948203.0,0.02041446347229,0.0588160149409329,0.001405051753073,3082.755625,0.68,,63883.0,287.0,4.617834953214846,False,13.333333333333353,False,False,False,4.571537879337121,0.8667274112007068,0.0579375475286481,0.01867768711717077,0.08020653575166459,0.017006801497591262,-0.0016240362077760088,-0.02857142857142847,0.07692307692307687,14.754098360655732,0.020414463472290034,0.0,0.0,0.0,0.0,0.07974033774251388,0.07833964269042015,4.06666666666667,-0.0999772714358772,-0.002445719340697816,0.14221561000009708,0.036741721225998614
38060,"Phoenix-Mesa-Chandler, AZ",2020,1,0.7,385.96,394976.0,"Phoenix, AZ",msa,AZ,303511.940272402,0.0725143836052011,0.0288500229475535,"Phoenix, AZ",1273.64321592441,4.23333333333333,"Phoenix, AZ",19923.6666666667,"Phoenix-Mesa-Chandler, AZ",4875256.0,-0.0147421195128817,0.024482910210837,-0.0351565829851718,3055.86919354839,0.7,,67068.0,362.0,4.525435979489504,False,9.375,False,False,False,4.429832988917756,0.6343842300730742,0.07251438360520113,0.028850022947554343,0.07618149393308915,0.014866641128979952,-0.0005322208626408409,0.0,0.04477611940298498,14.754098360655732,-0.014742119512881735,-0.03515658298517177,0.0014050517530730389,-0.03515658298517177,0.0014050517530730389,0.08339607869037069,0.07997441199336919,4.33333333333333,-0.056614792133587,0.011593484696342138,0.12306660146926007,-0.004562795426326538
38060,"Phoenix-Mesa-Chandler, AZ",2020,2,0.7,394.85,394976.0,"Phoenix, AZ",msa,AZ,312571.5578032,0.0906751487135393,0.0298492952951586,"Phoenix, AZ",1283.17399694707,10.9,"Phoenix, AZ",20745.3333333333,"Phoenix-Mesa-Chandler, AZ",4875256.0,-0.0147421195128817,0.024482910210837,-0.0351565829851718,2931.68761904762,0.7,,67068.0,362.0,4.6605170543806285,False,9.375,False,False,False,4.4860977938733315,0.6225321609914145,0.09067514871353932,0.029849295295160116,0.06817821825647075,0.012701337747119235,0.000301234492875613,0.02941176470588225,0.014925373134328401,13.333333333333353,-0.014742119512881735,0.0,0.0,0.03515658298517177,-0.0014050517530730389,0.059543518878840906,0.07956467340758455,4.16666666666667,0.0412407354737212,0.0638520046409694,0.017124992393438232,0.06629220382021028
38060,"Phoenix-Mesa-Chandler, AZ",2020,3,0.72,410.72,394976.0,"Phoenix, AZ",msa,AZ,319451.668742025,0.1031085360549177,0.0220113147439898,"Phoenix, AZ",1316.36403509191,7.93333333333333,"Phoenix, AZ",19045.0,"Phoenix-Mesa-Chandler, AZ",4875256.0,-0.0147421195128817,0.024482910210837,-0.0351565829851718,3319.8340625,0.72,,67068.0,362.0,4.763101162134326,False,12.5,False,False,False,4.533165898904873,0.6518192321792302,0.10310853605491777,0.02201131474398843,0.05620226594063049,0.010491992639086511,0.0003407472397597608,0.07462686567164178,-0.02898550724637672,13.559322033898313,-0.014742119512881735,0.0,0.0,0.0,0.0,0.06604840475203466,0.0801301892807984,4.23333333333333,-0.0819622083681456,-0.14695297068696234,0.12237973724394036,0.037988254372415486
38060,"Phoenix-Mesa-Chandler, AZ",2020,4,0.75,432.09,394976.0,"Phoenix, AZ",msa,AZ,334913.125883129,0.1352943048666817,0.0483999886492699,"Phoenix, AZ",1357.54527459829,6.06666666666667,"Phoenix, AZ",19000.3333333333,"Phoenix-Mesa-Chandler, AZ",4875256.0,-0.0147421195128817,0.024482910210837,-0.0351565829851718,3554.5015625,0.75,,67068.0,362.0,4.993635204316948,False,15.384615384615374,False,False,False,4.617834953214846,0.7204136127228189,0.1352943048666817,0.04839998864926898,0.0579375475286481,0.01867768711717077,7.846833728808574e-06,0.10294117647058809,-0.02857142857142847,13.333333333333353,-0.014742119512881735,0.0,0.0,0.0,0.0,0.08657003631140925,0.07974033774251388,3.8,-0.0023453224818430485,-0.0999772714358772,0.15302735438200687,0.14221561000009708
38060,"Phoenix-Mesa-Chandler, AZ",2021,1,0.78,457.79,394976.0,"Phoenix, AZ",msa,AZ,353205.512481794,0.1637285576468325,0.0546183030313607,"Phoenix, AZ",1397.47685977691,5.76666666666667,"Phoenix, AZ",15805.6666666667,"Phoenix-Mesa-Chandler, AZ",4949187.0,0.0151645370007236,0.0206173831649656,0.0299066565136054,3865.7068852459,0.78,,72211.0,483.0,4.891297897575079,False,16.417910447761198,False,False,False,4.525435979489504,0.6211513354078626,0.16372855764683258,0.054618303031360727,0.07251438360520113,0.028850022947554343,-0.0002859415549110905,0.11428571428571432,0.0,9.375,0.015164537000723621,0.029906656513605356,-0.03515658298517177,0.029906656513605356,-0.03515658298517177,0.09722789106415619,0.08339607869037069,4.23333333333333,-0.16813740109822306,-0.056614792133587,0.26501058795554977,0.12306660146926007
38060,"Phoenix-Mesa-Chandler, AZ",2021,2,0.87,490.48,394976.0,"Phoenix, AZ",msa,AZ,379458.839458122,0.2139903007331054,0.0743287577587868,"Phoenix, AZ",1483.67943003157,5.26666666666667,"Phoenix, AZ",16426.6666666667,"Phoenix-Mesa-Chandler, AZ",4949187.0,0.0151645370007236,0.0206173831649656,0.0299066565136054,4183.62634920635,0.87,,72211.0,483.0,5.254861994130008,True,29.850746268656714,True,True,False,4.6605170543806285,0.6844236589777655,0.21399030073310543,0.07432875775878833,0.09067514871353932,0.029849295295160116,0.000148201289645715,0.24285714285714288,0.02941176470588225,9.375,0.015164537000723621,0.0,0.0,-0.029906656513605356,0.03515658298517177,0.15625740044728387,0.059543518878840906,10.9,0.03928970622350625,0.0412407354737212,0.42703687869904483,0.017124992393438232
38060,"Phoenix-Mesa-Chandler, AZ",2025,2,2.0,619.54,394976.0,"Phoenix, AZ",msa,AZ,455287.94550923,-0.0272047780024471,-0.0128113808483808,"Phoenix, AZ",1728.43635783749,3.7,"Phoenix, AZ",26043.0,"Phoenix-Mesa-Chandler, AZ",5228938.0,0.0114248454459134,0.0405616910750828,-0.004740241998518,5732.06048387097,2.0,,,,,False,42.85714285714286,False,False,False,5.300283516818621,0.8141857229452896,-0.02720477800244714,-0.012811380848380294,0.04204650942549826,0.00815264284770989,-0.0357098826079282,0.11731843575418988,0.017045454545454586,105.74712643678161,0.011424845445913379,0.0,0.0,0.00474024199851808,-0.003723571227177702,-0.004322590108662427,0.0003738872336767063,3.06666666666667,0.16076840791584956,0.1078789764330692,0.09252306700317803,0.24739314525733902
38060,"Phoenix-Mesa-Chandler, AZ",2025,3,2.02,615.08,394976.0,"Phoenix, AZ",msa,AZ,449932.191533037,-0.0358870852063281,-0.0117634433966901,"Phoenix, AZ",1718.06686940475,4.26666666666667,"Phoenix, AZ",24154.6666666667,"Phoenix-Mesa-Chandler, AZ",5228938.0,0.0114248454459134,0.0405616910750828,-0.004740241998518,6427.73875,2.02,,,,,False,26.249999999999996,False,False,False,5.285104082408942,0.7519381835040697,-0.035887085206328107,-0.011763443396689777,0.02393854424120012,-0.0028638910280009977,-0.031074665553578303,0.10382513661202175,0.016666666666666607,92.63157894736844,0.011424845445913379,0.0,0.0,0.0,0.0,-0.011248666972406451,0.0006551514620791732,3.7,-0.07250828757567485,-0.006300898623983864,0.1595155481803856,0.24344959483489204
38060,"Phoenix-Mesa-Chandler, AZ",2025,4,1.89,623.24,394976.0,"Phoenix, AZ",msa,AZ,448433.61610641,-0.0341744694746902,-0.0033306694982655,"Phoenix, AZ",1706.631205707,3.65,"Phoenix, AZ",23340.3333333333,"Phoenix-Mesa-Chandler, AZ",5228938.0,0.0114248454459134,0.0405616910750828,-0.004740241998518,6777.5671875,1.89,,,,,False,11.176470588235299,False,False,False,5.258160738597887,0.6403257853830411,-0.03417446947469027,-0.0033306694982658813,0.005276968678470162,-0.005097977899949813,-0.024876186787750783,0.04999999999999982,-0.027027027027027084,76.47058823529412,0.011424845445913379,0.0,0.0,0.0,0.0,-0.00740022789578576,0.0013855324666098845,3.43333333333333,-0.033713292117467986,0.07536605613155434,0.14737055805338306,0.3229933232101212
38860,"Portland-South Portland, ME",2019,2,1.94,,394997.0,"Portland, ME",msa,ME,315388.433675779,0.0503930181771241,0.0100699995673377,"Portland, ME",1530.83460733087,2.26666666666667,"Portland, ME",2997.0,"Portland-South Portland, ME",538500.0,0.006105763482004,0.0181277792903167,-0.000160463752865603,2882.32777777778,1.94,,70266.0,875.0,4.488492779947328,False,12.790697674418606,False,False,False,4.441942563535697,0.44456709339839806,0.05039301817712416,0.010069999567338561,0.0657048660156514,0.019405850818887016,0.002996657051098368,0.01041666666666674,0.026737967914438387,16.36363636363636,0.00610576348200409,0.0,0.0,0.00016046375286560277,-0.0006187849382306432,0.05884406801111042,0.03827148062345431,2.6,0.02742543709290368,0.2178030303030316,0.06629220382021028,0.12725771232385252
38860,"Portland-South Portland, ME",2019,3,1.91,,394997.0,"Portland, ME",msa,ME,317681.753587716,0.0364684934728529,0.0072714141264116,"Portland, ME",1535.50370690076,2.03333333333333,"Portland, ME",3773.66666666667,"Portland-South Portland, ME",538500.0,0.006105763482004,0.0181277792903167,-0.000160463752865603,2957.8528125,1.91,,70266.0,875.0,4.521130469753736,False,9.770114942528728,False,False,False,4.5343513514909315,0.4599991473750542,0.03646849347285297,0.007271414126412079,0.06764377665623367,0.020803688168736345,0.0015979138224728252,-0.00520833333333337,0.026737967914438387,12.941176470588234,0.00610576348200409,0.0,0.0,0.0,0.0,0.04859797477155836,0.033398564483277715,2.46666666666667,0.2591480369258159,0.27449455676516066,0.037988254372415486,0.15500598332389925
38860,"Portland-South Portland, ME",2019,4,1.94,,394997.0,"Portland, ME",msa,ME,321789.896292905,0.0384477898952873,0.0129316294020478,"Portland, ME",1504.4209427538,2.26666666666667,"Portland, ME",3606.66666666667,"Portland-South Portland, ME",538500.0,0.006105763482004,0.0181277792903167,-0.000160463752865603,3082.755625,1.94,,70266.0,875.0,4.579596053466897,False,11.494252873563227,False,False,False,4.584233601748373,0.4730702407589016,0.0384477898952873,0.012931629402047617,0.06510061286979152,0.011000967148485197,0.0005648893858884117,0.01041666666666674,0.02127659574468077,10.344827586206895,0.00610576348200409,0.0,0.0,0.0,0.0,0.03880306915899334,0.03919305192589695,2.53333333333333,-0.04425404116244147,-0.032772596530984965,0.14221561000009708,0.036741721225998614
38860,"Portland-South Portland, ME",2020,1,1.97,,394997.0,"Portland, ME",msa,ME,328374.601009927,0.0516597873750568,0.020462745390331,"Portland, ME",1542.43258731573,3.26666666666667,"Portland, ME",2468.33333333333,"Portland-South Portland, ME",552591.0,0.02616713091922,0.0389021223954171,0.0200613674372159,3055.86919354839,1.97,,72552.0,1234.0,4.526058565028214,False,4.232804232804233,False,False,False,4.44374427700057,0.36629339239413916,0.05165978737505683,0.020462745390328774,0.0601015660773363,0.007642676217628264,-0.00026531671636871617,-0.005050505050505083,-0.005025125628140725,12.5,0.02616713091921996,0.02006136743721587,-0.00016046375286560277,0.02006136743721587,-0.00016046375286560277,0.061657768641347976,0.046541963919801255,2.93333333333333,-0.3156192236598907,-0.21140848878075158,0.12306660146926007,-0.004562795426326538
38860,"Portland-South Portland, ME",2020,2,1.96,,394997.0,"Portland, ME",msa,ME,336189.661524431,0.0659543141966829,0.0237992234797331,"Portland, ME",1599.97483432131,8.53333333333333,"Portland, ME",2508.0,"Portland-South Portland, ME",552591.0,0.02616713091922,0.0389021223954171,0.0200613674372159,2931.68761904762,1.96,,72552.0,1234.0,4.633775244299689,False,4.8128342245989275,False,False,False,4.488492779947328,0.3747995324971036,0.06595431419668296,0.023799223479734843,0.05039301817712416,0.010069999567338561,-0.001414314927670945,0.010309278350515427,0.01041666666666674,12.790697674418606,0.02616713091921996,0.0,0.0,-0.02006136743721587,0.00016046375286560277,0.04516505353311251,0.05884406801111042,2.26666666666667,0.016070222822418767,0.02742543709290368,0.017124992393438232,0.06629220382021028
38860,"Portland-South Portland, ME",2020,3,2.01,,394997.0,"Portland, ME",msa,ME,343578.182492707,0.0815168910789854,0.0219772402719758,"Portland, ME",1637.74599159209,4.36666666666667,"Portland, ME",2911.33333333333,"Portland-South Portland, ME",552591.0,0.02616713091922,0.0389021223954171,0.0200613674372159,3319.8340625,2.01,,72552.0,1234.0,4.735612836209987,False,7.486631016042766,False,False,False,4.521130469753736,0.35130421293296,0.08151689107898541,0.021977240271973786,0.03646849347285297,0.007271414126412079,-0.002882999514979791,0.05235602094240832,-0.00520833333333337,9.770114942528728,0.02616713091921996,0.0,0.0,0.0,0.0,0.06658550170334276,0.04859797477155836,2.03333333333333,0.16081871345029097,0.2591480369258159,0.12237973724394036,0.037988254372415486
38860,"Portland-South Portland, ME",2020,4,2.09,,394997.0,"Portland, ME",msa,ME,361101.369331863,0.1221650321897469,0.0510020360199315,"Portland, ME",1650.86611441009,3.26666666666667,"Portland, ME",2279.0,"Portland-South Portland, ME",552591.0,0.02616713091922,0.0389021223954171,0.0200613674372159,3554.5015625,2.09,,72552.0,1234.0,4.977138732658824,False,11.170212765957444,False,False,False,4.579596053466897,0.40292894892875974,0.12216503218974695,0.051002036019932584,0.0384477898952873,0.012931629402047617,-0.0039723808175864085,0.07731958762886593,0.01041666666666674,11.494252873563227,0.02616713091921996,0.0,0.0,0.0,0.0,0.09734321524946732,0.03880306915899334,2.26666666666667,-0.2171971605220966,-0.04425404116244147,0.15302735438200687,0.14221561000009708
38860,"Portland-South Portland, ME",2021,1,2.16,,394997.0,"Portland, ME",msa,ME,381916.408175078,0.1630510002919878,0.0576432010815369,"Portland, ME",1681.67286396232,5.13333333333333,"Portland, ME",1393.33333333333,"Portland-South Portland, ME",558391.0,0.0104960088021702,0.0432690870501016,-0.0156711221170498,3865.7068852459,2.16,,77759.0,1111.0,4.911539605384303,False,8.5427135678392,False,False,False,4.526058565028214,0.3863391752847347,0.16305100029198782,0.05764320108153709,0.05165978737505683,0.020462745390328774,-0.003935476298534832,0.09644670050761439,-0.005050505050505083,4.232804232804233,0.010496008802170165,-0.015671122117049796,0.02006136743721587,-0.015671122117049796,0.02006136743721587,0.09027316836511323,0.061657768641347976,3.26666666666667,-0.3886207400906845,-0.3156192236598907,0.26501058795554977,0.12306660146926007
38860,"Portland-South Portland, ME",2021,2,2.36,,394997.0,"Portland, ME",msa,ME,405441.130128729,0.2059892867921087,0.0615965207309637,"Portland, ME",1753.81165024783,4.5,"Portland, ME",1642.66666666667,"Portland-South Portland, ME",558391.0,0.0104960088021702,0.0432690870501016,-0.0156711221170498,4183.62634920635,2.36,,77759.0,1111.0,5.214073356508301,True,22.916666666666675,True,True,False,4.633775244299689,0.4474484832017094,0.2059892867921087,0.06159652073096278,0.06595431419668296,0.023799223479734843,-0.0028000974665058896,0.20408163265306123,0.010309278350515427,4.8128342245989275,0.010496008802170165,0.0,0.0,0.015671122117049796,-0.02006136743721587,0.09614952224656426,0.04516505353311251,8.53333333333333,0.17894736842105763,0.016070222822418767,0.42703687869904483,0.017124992393438232
38860,"Portland-South Portland, ME",2025,2,4.6,,394997.0,"Portland, ME",msa,ME,532197.697495686,0.0112969442711929,-0.000124759700222521,"Portland, ME",2275.09762934151,2.63333333333333,"Portland, ME",1655.33333333333,"Portland-South Portland, ME",577635.0,0.0072715858857994,0.0235748169070988,-0.000469249878443323,5732.06048387097,4.6,,,,,False,38.13813813813813,False,False,False,5.709277468174267,1.2207846882269386,0.011296944271192988,-0.00012475970022207683,0.07084780391355538,0.015877443012555448,-0.014603111849687041,0.09785202863961806,-0.027842227378190088,77.54237288135594,0.007271585885799459,0.0,0.0,0.000469249878443323,0.0006389980566885445,0.03561668909048765,0.04199634275986819,2.3,0.3106360517286857,0.1568276684555725,0.09252306700317803,0.24739314525733902
38860,"Portland-South Portland, ME",2025,3,4.6,,394997.0,"Portland, ME",msa,ME,531009.388495017,0.0044941012110144,-0.0022328337876322,"Portland, ME",2312.99683877522,2.56666666666667,"Portland, ME",2251.66666666667,"Portland-South Portland, ME",577635.0,0.0072715858857994,0.0235748169070988,-0.000469249878443323,6427.73875,4.6,,,,,False,30.311614730878176,False,False,False,5.7351088184903825,1.2139783487366467,0.004494101211014456,-0.0022328337876333926,0.044904403283912764,0.004524451729682077,-0.011983545008761838,0.11650485436893199,0.0,63.49206349206349,0.007271585885799459,0.0,0.0,0.0,0.0,0.03556016481583257,0.03752925433023235,2.36666666666667,0.3602496979460379,0.4750000000000063,0.1595155481803856,0.24344959483489204
38860,"Portland-South Portland, ME",2025,4,4.27,,394997.0,"Portland, ME",msa,ME,532551.194419538,0.001696765072368,0.0029035379748942,"Portland, ME",2269.59881999247,2.85,"Portland, ME",2028.0,"Portland-South Portland, ME",577635.0,0.0072715858857994,0.0235748169070988,-0.000469249878443323,6777.5671875,4.27,,,,,False,6.483790523690769,False,False,False,5.767823279388283,1.188227225921386,0.001696765072368045,0.002903537974894954,0.03135930728628766,0.005704244144841164,-0.01083598500817978,0.036407766990291135,0.045685279187817285,56.65399239543727,0.007271585885799459,0.0,0.0,0.0,0.0,0.03352319892863509,0.04174960495099045,2.73333333333333,-0.09933382679496805,-0.014328149571906201,0.14737055805338306,0.3229933232101212
38940,"Port St. Lucie, FL",2019,2,3.21,,394995.0,"Port St. Lucie, FL",msa,FL,239742.971149807,0.051880747816638,0.0082666052767648,"Port St. Lucie, FL",1430.81580132351,3.7,"Port St. Lucie, FL",5191.66666666667,"Port St. Lucie, FL",489297.0,0.0168964205774711,0.0547671759098582,-0.000662539292597186,2882.32777777778,3.21,,55153.0,1248.0,4.346870907290755,False,20.676691729323295,False,False,False,4.328194504392678,1.4962577286929593,0.051880747816638095,0.00826660527676748,0.08653742944047993,0.020073452822398474,-0.0065232263701341655,0.025559105431310014,0.06462585034013602,30.41666666666667,0.016896420577471094,0.0,0.0,0.0006625392925971862,0.001783946114311652,0.04295883089358177,0.05697817196855315,4.16666666666667,0.07718376097932089,-0.004882745340761274,0.06629220382021028,0.12725771232385252
38940,"Port St. Lucie, FL",2019,3,3.28,,394995.0,"Port St. Lucie, FL",msa,FL,241051.254039321,0.0409660696887923,0.0054570229243406,"Port St. Lucie, FL",1447.2017978568,4.03333333333333,"Port St. Lucie, FL",4668.66666666667,"Port St. Lucie, FL",489297.0,0.0168964205774711,0.0547671759098582,-0.000662539292597186,2957.8528125,3.28,,55153.0,1248.0,4.37059188148099,False,20.146520146520142,False,False,False,4.397442948642112,1.44755270775048,0.04096606968879235,0.005457022924340471,0.0855954141188009,0.015999383618077845,-0.00799376827481449,0.03144654088050314,0.0635451505016722,25.69169960474309,0.016896420577471094,0.0,0.0,0.0,0.0,0.03729660317533012,0.053187702120931935,4.36666666666667,-0.10073836276083459,-0.09944713199723443,0.037988254372415486,0.15500598332389925
38940,"Port St. Lucie, FL",2019,4,3.3,,394995.0,"Port St. Lucie, FL",msa,FL,243242.514228053,0.0367512917321914,0.0090904326445624,"Port St. Lucie, FL",1474.95120012576,3.36666666666667,"Port St. Lucie, FL",4371.33333333333,"Port St. Lucie, FL",489297.0,0.0168964205774711,0.0547671759098582,-0.000662539292597186,3082.755625,3.3,,55153.0,1248.0,4.410322452596469,False,18.705035971223015,False,False,False,4.455457353525494,1.3902620601962572,0.03675129173219149,0.00909043264456355,0.076715459127636,0.013192758964910789,-0.008320799235841904,0.034482758620689724,0.029032258064516148,22.222222222222232,0.016896420577471094,0.0,0.0,0.0,0.0,0.048984216880360254,0.049251106121220856,3.83333333333333,-0.06368699128944866,-0.008287928785204457,0.14221561000009708,0.036741721225998614
38940,"Port St. Lucie, FL",2020,1,3.34,,394995.0,"Port St. Lucie, FL",msa,FL,247557.543982086,0.0411316890099902,0.0177396199333304,"Port St. Lucie, FL",1474.81829816538,3.9,"Port St. Lucie, FL",4663.33333333333,"Port St. Lucie, FL",490109.0,0.0016595237657293,0.0364692596602829,-0.0152368968117418,3055.86919354839,3.34,,58039.0,1215.0,4.265365426387188,False,16.376306620209057,False,False,False,4.311231656926242,1.1512949957054435,0.0411316890099902,0.017739619933328843,0.06419831894381667,0.013457641094606787,-0.008052371284359571,0.018292682926829285,0.03797468354430378,22.388059701492512,0.0016595237657293094,-0.015236896811741785,-0.0006625392925971862,-0.015236896811741785,-0.0006625392925971862,0.033303518554309575,0.051302817898342123,3.93333333333333,0.06679884093335375,0.11885785034434715,0.12306660146926007,-0.004562795426326538
38940,"Port St. Lucie, FL",2020,2,3.32,,394995.0,"Port St. Lucie, FL",msa,FL,249662.513926297,0.0413757397304115,0.0085029521231778,"Port St. Lucie, FL",1482.15721899655,11.9666666666667,"Port St. Lucie, FL",4552.0,"Port St. Lucie, FL",490109.0,0.0016595237657293,0.0364692596602829,-0.0152368968117418,2931.68761904762,3.32,,58039.0,1215.0,4.301633624395613,False,12.925170068027203,False,False,False,4.346870907290755,1.1079715687390856,0.04137573973041153,0.008502952123177199,0.051880747816638095,0.00826660527676748,-0.007370682745492977,0.03426791277258556,0.025559105431310014,20.676691729323295,0.0016595237657293094,0.0,0.0,0.015236896811741785,0.0006625392925971862,0.03588261859112052,0.04295883089358177,3.7,-0.023874195854180935,0.07718376097932089,0.017124992393438232,0.06629220382021028
38940,"Port St. Lucie, FL",2020,3,3.38,,394995.0,"Port St. Lucie, FL",msa,FL,251919.506765485,0.0450868956043313,0.0090401750895359,"Port St. Lucie, FL",1517.79568257242,8.7,"Port St. Lucie, FL",4031.0,"Port St. Lucie, FL",490109.0,0.0016595237657293,0.0364692596602829,-0.0152368968117418,3319.8340625,3.38,,58039.0,1215.0,4.340521145531195,False,13.043478260869556,False,False,False,4.37059188148099,1.0631630842165638,0.04508689560433132,0.00904017508953836,0.04096606968879235,0.005457022924340471,-0.006899418426080092,0.030487804878048808,0.03144654088050314,20.146520146520142,0.0016595237657293094,0.0,0.0,0.0,0.0,0.0487795722892026,0.03729660317533012,4.03333333333333,-0.11445518453427062,-0.10073836276083459,0.12237973724394036,0.037988254372415486
38940,"Port St. Lucie, FL",2020,4,3.5,,394995.0,"Port St. Lucie, FL",msa,FL,261004.742360223,0.0730227122858833,0.0360640416908897,"Port St. Lucie, FL",1588.88213000705,5.7,"Port St. Lucie, FL",3537.66666666667,"Port St. Lucie, FL",490109.0,0.0016595237657293,0.0364692596602829,-0.0152368968117418,3554.5015625,3.5,,58039.0,1215.0,4.497057881083806,False,12.903225806451601,False,False,False,4.410322452596469,1.0343597743250923,0.0730227122858833,0.036064041690886395,0.03675129173219149,0.00909043264456355,-0.0067094300812096585,0.06060606060606055,0.034482758620689724,18.705035971223015,0.0016595237657293094,0.0,0.0,0.0,0.0,0.0772438639811106,0.048984216880360254,3.36666666666667,-0.12238485074009675,-0.06368699128944866,0.15302735438200687,0.14221561000009708
38940,"Port St. Lucie, FL",2021,1,3.62,,394995.0,"Port St. Lucie, FL",msa,FL,273647.745216061,0.1053904511019989,0.0484397438203963,"Port St. Lucie, FL",1650.42081675463,5.16666666666667,"Port St. Lucie, FL",3297.33333333333,"Port St. Lucie, FL",504627.0,0.0296219820488912,0.0487564608545474,0.0279624582831619,3865.7068852459,3.62,,62757.0,1551.0,4.360433819590819,False,14.556962025316444,False,False,False,4.265365426387188,0.8354967872819885,0.10539045110199896,0.048439743820397396,0.0411316890099902,0.017739619933328843,-0.0064006998682398395,0.08383233532934131,0.018292682926829285,16.376306620209057,0.029621982048891216,0.027962458283161906,-0.015236896811741785,0.027962458283161906,-0.015236896811741785,0.11906722259121238,0.033303518554309575,3.9,-0.06793555073966084,0.06679884093335375,0.26501058795554977,0.12306660146926007
38940,"Port St. Lucie, FL",2021,2,3.93,,394995.0,"Port St. Lucie, FL",msa,FL,290121.810492596,0.1620559527740837,0.0602017212439567,"Port St. Lucie, FL",1698.18496708061,4.86666666666667,"Port St. Lucie, FL",2539.0,"Port St. Lucie, FL",504627.0,0.0296219820488912,0.0487564608545474,0.0279624582831619,4183.62634920635,3.93,,62757.0,1551.0,4.622939440900553,False,25.559105431309902,False,False,False,4.301633624395613,0.7848628298707392,0.1620559527740837,0.060201721243958284,0.04137573973041153,0.008502952123177199,-0.005969052440783784,0.1837349397590362,0.03426791277258556,12.925170068027203,0.029621982048891216,0.0,0.0,-0.027962458283161906,0.015236896811741785,0.14575224902950246,0.03588261859112052,11.9666666666667,-0.2299838253133838,-0.023874195854180935,0.42703687869904483,0.017124992393438232
38940,"Port St. Lucie, FL",2021,3,4.27,,394995.0,"Port St. Lucie, FL",msa,FL,313140.575788198,0.2430183744353882,0.0793417263476996,"Port St. Lucie, FL",1834.75072882737,4.76666666666667,"Port St. Lucie, FL",2273.66666666667,"Port St. Lucie, FL",504627.0,0.0296219820488912,0.0487564608545474,0.0279624582831619,4421.670625,4.27,,62757.0,1551.0,4.98973143694246,False,34.27672955974841,False,False,False,4.340521145531195,0.6848760289303479,0.2430183744353882,0.07934172634769698,0.04508689560433132,0.00904017508953836,-0.005490038953583662,0.2633136094674555,0.030487804878048808,13.043478260869556,0.029621982048891216,0.0,0.0,0.0,0.0,0.20882589790857886,0.0487795722892026,8.7,-0.1045030852041472,-0.11445518453427062,0.3318950711862574,0.12237973724394036
38940,"Port St. Lucie, FL",2021,4,4.53,,394995.0,"Port St. Lucie, FL",msa,FL,331470.579650989,0.2699791454115163,0.0585360227324503,"Port St. Lucie, FL",1977.72853180664,3.76666666666667,"Port St. Lucie, FL",2218.33333333333,"Port St. Lucie, FL",504627.0,0.0296219820488912,0.0487564608545474,0.0279624582831619,4602.10890625,4.53,,62757.0,1551.0,5.281810469764153,True,42.00626959247651,True,True,False,4.497057881083806,0.673470738269665,0.26997914541151635,0.05853602273245184,0.0730227122858833,0.036064041690886395,-0.003907802803516538,0.29428571428571426,0.06060606060606055,12.903225806451601,0.029621982048891216,0.0,0.0,0.0,0.0,0.24472954566986327,0.0772438639811106,5.7,-0.024336607535555,-0.12238485074009675,0.2947269329692408,0.15302735438200687
38940,"Port St. Lucie, FL",2025,2,7.59,,394995.0,"Port St. Lucie, FL",msa,FL,392749.95883093,-0.0383541286721071,-0.0166689866853107,"Port St. Lucie, FL",2263.75684468645,4.1,"Port St. Lucie, FL",6001.66666666667,"Port St. Lucie, FL",568721.0,0.0214208486442022,0.0872584968207419,-0.0062232224057483,5732.06048387097,7.59,,,,,False,39.01098901098901,False,False,False,5.481041613368762,1.1341707060780069,-0.03835412867210719,-0.01666898668531036,0.02821429522412955,0.0007568526741554837,-0.032518594516937935,0.1552511415525113,0.017027863777089758,67.17557251908397,0.02142084864420224,0.0,0.0,0.006223222405748352,0.008178502256516174,0.02007909498700511,0.014463963620104048,3.63333333333333,0.08804689388445786,0.1283018867924528,0.09252306700317803,0.24739314525733902
38940,"Port St. Lucie, FL",2025,3,7.06,,394995.0,"Port St. Lucie, FL",msa,FL,385854.607216195,-0.0502409699520447,-0.0175565941120923,"Port St. Lucie, FL",2287.6385339008,4.8,"Port St. Lucie, FL",5490.0,"Port St. Lucie, FL",568721.0,0.0214208486442022,0.0872584968207419,-0.0062232224057483,6427.73875,7.06,,,,,False,20.4778156996587,False,False,False,5.452207569122111,1.0816156876411211,-0.050240969952044745,-0.01755659411209065,0.014485144348416634,-0.005260686978971751,-0.03384322215414476,0.06646525679758297,0.02003081664098616,55.03512880562062,0.02142084864420224,0.0,0.0,0.0,0.0,0.019282620677274265,0.009641574903549,4.2,-0.08525409608442147,-0.017837235228538972,0.1595155481803856,0.24344959483489204
38940,"Port St. Lucie, FL",2025,4,7.02,,394995.0,"Port St. Lucie, FL",msa,FL,382945.188384154,-0.0506639789665837,-0.0075401946163894,"Port St. Lucie, FL",2302.86869904094,5.25,"Port St. Lucie, FL",5120.0,"Port St. Lucie, FL",568721.0,0.0214208486442022,0.0872584968207419,-0.0062232224057483,6777.5671875,7.02,,,,,False,13.776337115072934,False,False,False,5.413507961562324,1.0031855089658555,-0.0506639789665837,-0.00754019461639055,-0.003363574192464025,-0.0070979703302122,-0.03303071490004415,-0.004255319148936176,0.04599406528189909,55.62913907284768,0.02142084864420224,0.0,0.0,0.0,0.0,0.020778988160235823,0.014877157138415864,3.8,-0.06739526411657559,0.010854143019296325,0.14737055805338306,0.3229933232101212
39300,"Providence-Warwick, RI-MA",2019,2,0.9,244.96,395005.0,"Providence, RI",msa,RI,312282.282183572,0.0396943169978936,0.0112483246562061,"Providence, RI",1330.82062540251,3.4,"Providence, RI",6658.66666666667,"Providence-Warwick, RI-MA",1624578.0,0.0013554169525122,0.0060303187931931,-0.0022106786027655,2882.32777777778,0.9,,67818.0,769.0,4.604710875926332,False,7.14285714285714,False,False,False,4.675004804714621,0.5797327107891466,0.03969431699789361,0.011248324656205844,0.062747815847771,0.016809306692497028,0.00239657396405884,-0.04255319148936165,0.03296703296703285,17.499999999999982,0.0013554169525122894,0.0,0.0,0.002210678602765581,-0.0024675347071443365,0.052512554993248584,0.05599772459928576,3.93333333333333,0.12725015518311666,0.21377641965877192,0.06629220382021028,0.12725771232385252
39300,"Providence-Warwick, RI-MA",2019,3,0.89,247.79,395005.0,"Providence, RI",msa,RI,314675.975425633,0.0313687627885979,0.0076651586677396,"Providence, RI",1336.23257023305,3.6,"Providence, RI",7377.33333333333,"Providence-Warwick, RI-MA",1624578.0,0.0013554169525122,0.0060303187931931,-0.0022106786027655,2957.8528125,0.89,,67818.0,769.0,4.640006715409376,False,8.536585365853666,False,False,False,4.748866932771043,0.5798110110005856,0.031368762788597904,0.007665158667739869,0.06278180235930364,0.01579936944277227,0.0010973811016646736,-0.043010752688172116,0.0219780219780219,12.048192771084354,0.0013554169525122894,0.0,0.0,0.0,0.0,0.05197727413163533,0.06352827785408466,3.96666666666667,0.10792951541850115,0.2349732508129665,0.037988254372415486,0.15500598332389925
39300,"Providence-Warwick, RI-MA",2019,4,0.9,253.1,395005.0,"Providence, RI",msa,RI,317502.186026263,0.0323738896299212,0.0089813357909085,"Providence, RI",1334.0493304629,3.1,"Providence, RI",6856.0,"Providence-Warwick, RI-MA",1624578.0,0.0013554169525122,0.0060303187931931,-0.0022106786027655,3082.755625,0.9,,67818.0,769.0,4.6816801737925475,False,7.14285714285714,False,False,False,4.786853043919702,0.5775252088623342,0.03237388962992127,0.00898133579091076,0.05707804570009878,0.007998984112720375,3.828268234667185e-05,-0.021739130434782594,0.01098901098901095,9.523809523809534,0.0013554169525122894,0.0,0.0,0.0,0.0,0.05117104490326185,0.07054522203218672,3.53333333333333,-0.07066690764503847,-0.032489594835640845,0.14221561000009708,0.036741721225998614
39300,"Providence-Warwick, RI-MA",2020,1,0.91,258.37,395005.0,"Providence, RI",msa,RI,323883.289399601,0.0488152946088515,0.0200978250046153,"Providence, RI",1360.32450816681,4.5,"Providence, RI",5268.33333333333,"Providence-Warwick, RI-MA",1673210.0,0.0299351585457885,0.0350089755501313,0.0285797415932763,3055.86919354839,0.91,,70676.0,794.0,4.582648839770233,False,-2.1505376344086002,False,False,False,4.5534917227099445,0.3251265166976989,0.04881529460885159,0.020097825004613323,0.04541172713256536,0.004106599909748709,-0.0010008790020617404,-0.042105263157894646,-0.030612244897959218,11.764705882352944,0.029935158545788543,0.028579741593276253,-0.002210678602765581,0.028579741593276253,-0.002210678602765581,0.04893133774157188,0.047910270260986154,4.53333333333333,-0.2315733177751852,-0.22211492032834412,0.12306660146926007,-0.004562795426326538
39300,"Providence-Warwick, RI-MA",2020,2,0.9,255.79,395005.0,"Providence, RI",msa,RI,329447.83053509,0.0549680508016379,0.0171806984726024,"Providence, RI",1387.81165018719,16.6,"Providence, RI",5049.0,"Providence-Warwick, RI-MA",1673210.0,0.0299351585457885,0.0350089755501313,0.0285797415932763,2931.68761904762,0.9,,70676.0,794.0,4.661381947692145,False,-1.098901098901095,False,False,False,4.604710875926332,0.313026408463859,0.05496805080163791,0.017180698472601952,0.03969431699789361,0.011248324656205844,-0.002062516988177094,0.0,-0.04255319148936165,7.14285714285714,0.029935158545788543,0.0,0.0,-0.028579741593276253,0.002210678602765581,0.0428239716884784,0.052512554993248584,3.4,-0.04163239481176784,0.12725015518311666,0.017124992393438232,0.06629220382021028
39300,"Providence-Warwick, RI-MA",2020,3,0.92,268.97,395005.0,"Providence, RI",msa,RI,333201.486374756,0.0588717042159485,0.0113937792019112,"Providence, RI",1409.42981979118,11.1333333333333,"Providence, RI",5298.33333333333,"Providence-Warwick, RI-MA",1673210.0,0.0299351585457885,0.0350089755501313,0.0285797415932763,3319.8340625,0.92,,70676.0,794.0,4.71449270437993,False,1.098901098901095,False,False,False,4.640006715409376,0.3196024000282467,0.05887170421594856,0.011393779201912757,0.031368762788597904,0.007665158667739869,-0.003141947363544947,0.03370786516853941,-0.043010752688172116,8.536585365853666,0.029935158545788543,0.0,0.0,0.0,0.0,0.05477882457644623,0.05197727413163533,3.6,0.04938271604938205,0.10792951541850115,0.12237973724394036,0.037988254372415486
39300,"Providence-Warwick, RI-MA",2020,4,0.95,287.46,395005.0,"Providence, RI",msa,RI,348095.71436364,0.0963569061374789,0.044700364788087,"Providence, RI",1439.05703058932,7.03333333333333,"Providence, RI",4691.0,"Providence-Warwick, RI-MA",1673210.0,0.0299351585457885,0.0350089755501313,0.0285797415932763,3554.5015625,0.95,,70676.0,794.0,4.925232248056483,False,4.39560439560438,False,False,False,4.6816801737925475,0.34999400366046274,0.09635690613747894,0.04470036478808592,0.03237388962992127,0.00898133579091076,-0.004008695105112138,0.05555555555555558,-0.021739130434782594,7.14285714285714,0.029935158545788543,0.0,0.0,0.0,0.0,0.07871350611148964,0.05117104490326185,3.1,-0.11462724127083934,-0.07066690764503847,0.15302735438200687,0.14221561000009708
39300,"Providence-Warwick, RI-MA",2021,1,0.98,296.38,395005.0,"Providence, RI",msa,RI,366393.055309379,0.1312502598963365,0.0525641086365813,"Providence, RI",1471.99967263935,7.36666666666667,"Providence, RI",3240.66666666667,"Providence-Warwick, RI-MA",1677080.0,0.0023129194781288,0.0337165360251828,-0.0276222390676597,3865.7068852459,0.98,,74422.0,881.0,4.923182060538268,False,0.0,False,False,False,4.582648839770233,0.26795648582576614,0.13125025989633654,0.05256410863658201,0.04881529460885159,0.020097825004613323,-0.003922903849717143,0.07692307692307687,-0.042105263157894646,-2.1505376344086002,0.0023129194781288387,-0.027622239067659704,0.028579741593276253,-0.027622239067659704,0.028579741593276253,0.08209450304106847,0.04893133774157188,4.5,-0.30917359482697293,-0.2315733177751852,0.26501058795554977,0.12306660146926007
39300,"Providence-Warwick, RI-MA",2021,2,1.08,310.81,395005.0,"Providence, RI",msa,RI,385712.865012926,0.1707858703651201,0.0527297377054088,"Providence, RI",1543.08462914249,6.06666666666667,"Providence, RI",3135.0,"Providence-Warwick, RI-MA",1677080.0,0.0023129194781288,0.0337165360251828,-0.0276222390676597,4183.62634920635,1.08,,74422.0,881.0,5.182780159266427,True,14.893617021276606,True,True,False,4.661381947692145,0.29796610090212194,0.17078587036512016,0.05272973770540901,0.05496805080163791,0.017180698472601952,-0.003130775838842181,0.19999999999999996,0.0,-1.098901098901095,0.0023129194781288387,0.0,0.0,0.027622239067659704,-0.028579741593276253,0.11188332288056269,0.0428239716884784,16.6,-0.03260645957621988,-0.04163239481176784,0.42703687869904483,0.017124992393438232
39300,"Providence-Warwick, RI-MA",2025,2,2.27,427.68,395005.0,"Providence, RI",msa,RI,505035.627683421,0.0463184721068565,0.0015574109100875,"Providence, RI",2087.25981957902,4.3,"Providence, RI",2848.33333333333,"Providence-Warwick, RI-MA",1708161.0,0.0040446017116524,0.0168393682141448,-0.0042019839411258,5732.06048387097,2.27,,,,,False,41.87499999999999,False,False,False,5.5454812536973,0.940770377770968,0.04631847210685658,0.0015574109100873201,0.08472997367643176,0.02199867410108558,-0.00989727023006037,0.09134615384615374,0.02970297029702973,92.59259259259258,0.00404460171165244,0.0,0.0,0.004201983941125809,-0.003786724699003763,0.05122042374445401,0.06602140447824811,4.06666666666667,0.2595813679245287,0.178714859437751,0.09252306700317803,0.24739314525733902
39300,"Providence-Warwick, RI-MA",2025,3,2.3,432.29,395005.0,"Providence, RI",msa,RI,506855.316212326,0.0302343072302078,0.0036030894241099,"Providence, RI",2095.51551790831,4.53333333333333,"Providence, RI",3450.66666666667,"Providence-Warwick, RI-MA",1708161.0,0.0040446017116524,0.0168393682141448,-0.0042019839411258,6427.73875,2.3,,,,,False,30.681818181818166,False,False,False,5.6523509065718756,1.0123441911624997,0.030234307230207813,0.0036030894241101397,0.07537588365026826,0.019271483931772915,-0.006358412854124063,0.13861386138613851,0.004975124378109541,75.65217391304348,0.00404460171165244,0.0,0.0,0.0,0.0,0.045824044562576605,0.055932771590080366,4.53333333333333,0.2114686951433613,0.27825099375354756,0.1595155481803856,0.24344959483489204
39300,"Providence-Warwick, RI-MA",2025,4,2.09,438.01,395005.0,"Providence, RI",msa,RI,512288.571451873,0.0251610370076429,0.0107195388225378,"Providence, RI",2108.20785992937,4.75,"Providence, RI",3283.33333333333,"Providence-Warwick, RI-MA",1708161.0,0.0040446017116524,0.0168393682141448,-0.0042019839411258,6777.5671875,2.09,,,,,False,5.555555555555558,False,False,False,5.741213446113212,1.0595332723206647,0.02516103700764294,0.010719538822536512,0.07094877014085021,0.015721341616993012,-0.004416751655216231,0.019512195121951237,0.04591836734693877,72.2689075630252,0.00404460171165244,0.0,0.0,0.0,0.0,0.050982197697935216,0.05775886588605861,4.2,-0.04849304482225858,-0.00921812527765209,0.14737055805338306,0.3229933232101212
39340,"Provo-Orem-Lehi, UT",2019,2,1.06,395.37,395006.0,"Provo, UT",msa,UT,349893.322939687,0.0899509401182427,0.0185638212022972,"Provo, UT",1293.45021019293,2.46666666666667,"Provo, UT",2256.0,"Provo-Orem, UT",648252.0,0.0238537848121059,0.078076979364847,-0.000601140879804785,2882.32777777778,1.06,,74387.0,867.0,4.703689124977308,False,19.10112359550562,False,False,False,4.574267191983186,1.0053622141212686,0.08995094011824278,0.018563821202297826,0.08959872879563435,0.025118633383223843,-0.0012049032679755755,0.0,0.07070707070707072,26.190476190476208,0.02385378481210587,0.0,0.0,0.0006011408798047846,0.003369602333846755,0.041193252842958605,0.05399763000484348,2.76666666666667,0.22675367047308326,0.3115942028985481,0.06629220382021028,0.12725771232385252
39340,"Provo-Orem-Lehi, UT",2019,3,1.06,404.3,395006.0,"Provo, UT",msa,UT,353582.341379852,0.074020892765048,0.0105432661851659,"Provo, UT",1303.31060878851,2.33333333333333,"Provo, UT",2569.33333333333,"Provo-Orem, UT",648252.0,0.0238537848121059,0.078076979364847,-0.000601140879804785,2957.8528125,1.06,,74387.0,867.0,4.753281371474209,False,20.45454545454546,False,False,False,4.691056482466393,0.9927637926415636,0.07402089276504809,0.010543266185164768,0.0973711766029175,0.025531803364676975,-0.0013295534563479076,-0.009345794392523366,0.07000000000000006,22.988505747126453,0.02385378481210587,0.0,0.0,0.0,0.0,0.04286908998398453,0.03800926667477045,2.73333333333333,0.13888888888888729,0.28571428571428825,0.037988254372415486,0.15500598332389925
39340,"Provo-Orem-Lehi, UT",2019,4,1.08,412.13,395006.0,"Provo, UT",msa,UT,358751.291517842,0.0664885767320895,0.014618801713395,"Provo, UT",1289.01886319375,1.96666666666667,"Provo, UT",2203.33333333333,"Provo-Orem, UT",648252.0,0.0238537848121059,0.078076979364847,-0.000601140879804785,3082.755625,1.08,,74387.0,867.0,4.822768649331764,False,18.681318681318682,False,False,False,4.793250096039157,0.9951706007312366,0.06648857673208952,0.014618801713395024,0.09970281455269037,0.0217847757652736,-0.0006680991833422112,0.009345794392523477,0.05940594059405946,20.2247191011236,0.02385378481210587,0.0,0.0,0.0,0.0,0.03544730361069237,0.041962894485524815,2.3,-0.1424494032174366,-0.027010435850216452,0.14221561000009708,0.036741721225998614
39340,"Provo-Orem-Lehi, UT",2020,1,1.08,423.75,395006.0,"Provo, UT",msa,UT,366457.334182085,0.0667828110468196,0.021480180967822,"Provo, UT",1305.03655260146,2.53333333333333,"Provo, UT",1596.66666666667,"Provo-Orem-Lehi, UT",675397.0,0.04187414770799,0.0928135137977624,0.0180203628958842,3055.86919354839,1.08,,76864.0,1004.0,4.7676068664405316,False,8.000000000000007,False,False,False,4.617962102193206,0.805848346524979,0.0667828110468196,0.021480180967821783,0.09696515321925969,0.021198441781602018,0.0003760387628738112,-0.018181818181818188,0.04761904761904767,23.59550561797754,0.04187414770799003,0.018020362895884157,-0.0006011408798047846,0.018020362895884157,-0.0006011408798047846,0.025684727781023486,0.04363515860076239,2.66666666666667,-0.2753403933434164,-0.1298107255520491,0.12306660146926007,-0.004562795426326538
39340,"Provo-Orem-Lehi, UT",2020,2,1.09,425.85,395006.0,"Provo, UT",msa,UT,373172.84245605,0.0665331916618934,0.0183254847087546,"Provo, UT",1318.22874885414,6.1,"Provo, UT",1880.66666666667,"Provo-Orem-Lehi, UT",675397.0,0.04187414770799,0.0928135137977624,0.0180203628958842,2931.68761904762,1.09,,76864.0,1004.0,4.8549755731688435,False,10.1010101010101,False,False,False,4.703689124977308,0.8494313570634793,0.06653319166189342,0.018325484708755058,0.08995094011824278,0.018563821202297826,0.0011658321507525787,0.028301886792452935,0.0,19.10112359550562,0.04187414770799003,0.0,0.0,-0.018020362895884157,0.0006011408798047846,0.01915693272608765,0.041193252842958605,2.46666666666667,0.1778705636743212,0.22675367047308326,0.017124992393438232,0.06629220382021028
39340,"Provo-Orem-Lehi, UT",2020,3,1.12,448.75,395006.0,"Provo, UT",msa,UT,379530.79906773,0.073387312235714,0.0170375651396137,"Provo, UT",1345.07941519838,4.0,"Provo, UT",1723.0,"Provo-Orem-Lehi, UT",675397.0,0.04187414770799,0.0928135137977624,0.0180203628958842,3319.8340625,1.12,,76864.0,1004.0,4.937692535747945,False,12.00000000000001,False,False,False,4.753281371474209,0.8654954027668369,0.07338731223571404,0.017037565139614408,0.07402089276504809,0.010543266185164768,0.0010496862632015914,0.05660377358490565,-0.009345794392523366,20.45454545454546,0.04187414770799003,0.0,0.0,0.0,0.0,0.03204823633615317,0.04286908998398453,2.33333333333333,-0.08383551931939193,0.13888888888888729,0.12237973724394036,0.037988254372415486
39340,"Provo-Orem-Lehi, UT",2020,4,1.16,471.31,395006.0,"Provo, UT",msa,UT,398431.176820639,0.1106055538780508,0.0497993253757951,"Provo, UT",1367.63355228191,2.9,"Provo, UT",1246.66666666667,"Provo-Orem-Lehi, UT",675397.0,0.04187414770799,0.0928135137977624,0.0180203628958842,3554.5015625,1.16,,76864.0,1004.0,5.1835862929412855,True,14.851485148514843,True,True,False,4.822768649331764,0.9043922101405428,0.11060555387805082,0.04979932537579401,0.06648857673208952,0.014618801713395024,0.00028759156590291407,0.07407407407407396,0.009345794392523477,18.681318681318682,0.04187414770799003,0.0,0.0,0.0,0.0,0.06098800516648728,0.03544730361069237,1.96666666666667,-0.27645579415747534,-0.1424494032174366,0.15302735438200687,0.14221561000009708
39340,"Provo-Orem-Lehi, UT",2025,2,2.92,669.92,395006.0,"Provo, UT",msa,UT,534442.323651644,0.0136607697409287,-0.0030348836947115,"Provo, UT",1768.7289817451,3.6,"Provo, UT",2645.0,"Provo-Orem-Lehi, UT",773426.0,0.0190173282458841,0.0774741088917186,-0.0078742557544622,5732.06048387097,2.92,,,,,False,35.813953488372086,False,False,False,5.235540016753475,0.5318508917761671,0.01366076974092878,-0.0030348836947112767,0.02052590845868818,0.0027187170727520638,-0.03231622599967957,0.09774436090225547,-0.03623188405797084,91.36690647482017,0.01901732824588409,0.0,0.0,0.007874255754462212,0.002784627385890248,0.010411396316444277,0.0188040777134848,3.5,0.25772705658582984,0.19038336582196225,0.09252306700317803,0.24739314525733902
39340,"Provo-Orem-Lehi, UT",2025,3,2.85,670.03,395006.0,"Provo, UT",msa,UT,535925.048221315,0.0203373963617781,0.0027743397258288,"Provo, UT",1786.75322343937,3.76666666666667,"Provo, UT",2980.0,"Provo-Orem-Lehi, UT",773426.0,0.0190173282458841,0.0774741088917186,-0.0078742557544622,6427.73875,2.85,,,,,False,16.803278688524603,False,False,False,5.2157111304353245,0.4624297589611155,0.020337396361778115,0.002774339725828634,0.01055777903634092,-0.0037873621927630996,-0.026767196295461936,0.036363636363636376,0.04166666666666652,84.56375838926175,0.01901732824588409,0.0,0.0,0.0,0.0,0.010853113821566174,0.01947615388829438,3.66666666666667,0.12665406427221182,0.2620087336244541,0.1595155481803856,0.24344959483489204
39340,"Provo-Orem-Lehi, UT",2025,4,2.59,680.52,395006.0,"Provo, UT",msa,UT,544228.958830657,0.0265542572463068,0.0154945372247519,"Provo, UT",1773.53110541879,3.7,"Provo, UT",2716.0,"Provo-Orem-Lehi, UT",773426.0,0.0190173282458841,0.0774741088917186,-0.0078742557544622,6777.5671875,2.59,,,,,False,-2.9962546816479474,False,False,False,5.264450149051796,0.44168149972003157,0.02655425724630689,0.01549453722475147,0.010833349625627209,0.009344654525068163,-0.020337715346307267,-0.018939393939394034,-0.03649635036496357,66.03773584905662,0.01901732824588409,0.0,0.0,0.0,0.0,0.016560204653647936,0.012793941455572666,3.2,-0.0885906040268456,-0.013408304498269907,0.14737055805338306,0.3229933232101212
39380,"Pueblo, CO",2019,2,2.65,,395007.0,"Pueblo, CO",msa,CO,189239.000674163,0.0991598798062223,0.0241845046822455,"Pueblo, CO",921.76125192682,3.76666666666667,"Pueblo, CO",719.333333333333,"Pueblo, CO",168424.0,0.0059848765395229,0.0221515530362799,-0.000864891626795927,2882.32777777778,2.65,,46783.0,1461.0,4.04503774179003,False,19.36936936936935,False,False,False,3.8573049001161896,1.0007210651650924,0.09915987980622232,0.024184504682244867,0.11370316832658633,0.02772598704931939,0.0027059408319413973,0.031128404669260812,0.05327868852459017,18.981481481481467,0.005984876539522954,0.0,0.0,0.0008648916267959272,0.002308230061556893,0.062260397267026146,0.033962392321491786,4.43333333333333,0.010772833723652564,0.050000000000000044,0.06629220382021028,0.12725771232385252
39380,"Pueblo, CO",2019,3,2.67,,395007.0,"Pueblo, CO",msa,CO,193439.973216046,0.0919607146089684,0.0221992957419839,"Pueblo, CO",959.007143743893,4.0,"Pueblo, CO",745.0,"Pueblo, CO",168424.0,0.0059848765395229,0.0221515530362799,-0.000864891626795927,2957.8528125,2.67,,46783.0,1461.0,4.134834730907509,False,15.086206896551735,False,False,False,3.9689296426536496,1.099784026846387,0.09196071460896849,0.02219929574198276,0.12195162446359342,0.028938532324498834,0.002219656809126928,0.02298850574712641,0.04819277108433728,17.567567567567544,0.005984876539522954,0.0,0.0,0.0,0.0,0.061722758795689,0.06241457202977907,4.83333333333333,0.0356811862835964,0.12290249433106526,0.037988254372415486,0.15500598332389925
39380,"Pueblo, CO",2019,4,2.7,,395007.0,"Pueblo, CO",msa,CO,197980.565000453,0.0935874891692813,0.0234728722761741,"Pueblo, CO",952.042292808527,3.76666666666667,"Pueblo, CO",722.666666666667,"Pueblo, CO",168424.0,0.0059848765395229,0.0221515530362799,-0.000864891626795927,3082.755625,2.7,,46783.0,1461.0,4.231891178429194,False,16.883116883116877,False,False,False,4.0560492250013445,1.179371532159422,0.09358748916928139,0.023472872276175227,0.11445870485136167,0.021950397258603482,0.002063527121498229,0.026615969581749166,0.07346938775510181,12.875536480686689,0.005984876539522954,0.0,0.0,0.0,0.0,0.05701769457395578,0.058980679613405806,4.46666666666667,-0.029977628635346365,-0.012520193861065843,0.14221561000009708,0.036741721225998614
39380,"Pueblo, CO",2020,1,2.75,,395007.0,"Pueblo, CO",msa,CO,202670.813368858,0.0968791098254389,0.0236904484457587,"Pueblo, CO",970.073814173933,5.0,"Pueblo, CO",636.0,"Pueblo, CO",168334.0,-0.000534365648601098,0.0123343937744689,-0.006519242188124,3055.86919354839,2.75,,49979.0,1415.0,4.055119417532524,False,14.583333333333348,False,False,False,3.949520543708099,1.0673778577358544,0.0968791098254389,0.02369044844575674,0.10296061621175623,0.020618459385675525,0.0017965466312694757,0.02230483271375472,0.05078125,14.468085106382977,-0.0005343656486010984,-0.0065192421881240525,-0.0008648916267959272,-0.0065192421881240525,-0.0008648916267959272,0.06413878015842256,0.06746076031100512,4.66666666666667,-0.119926199261993,-0.12678936605316937,0.12306660146926007,-0.004562795426326538
39380,"Pueblo, CO",2020,2,2.78,,395007.0,"Pueblo, CO",msa,CO,208100.832839036,0.0996720131562618,0.0267923110383712,"Pueblo, CO",996.779226707907,10.9333333333333,"Pueblo, CO",701.333333333333,"Pueblo, CO",168334.0,-0.000534365648601098,0.0123343937744689,-0.006519242188124,2931.68761904762,2.78,,49979.0,1415.0,4.163765438264791,False,13.934426229508201,False,False,False,4.04503774179003,1.108696433415679,0.09967201315626184,0.026792311038370542,0.09915987980622232,0.024184504682244867,0.001423944437377944,0.049056603773584895,0.031128404669260812,19.36936936936935,-0.0005343656486010984,0.0,0.0,0.0065192421881240525,0.0008648916267959272,0.08138547224053072,0.062260397267026146,3.76666666666667,0.10272536687630973,0.010772833723652564,0.017124992393438232,0.06629220382021028
39380,"Pueblo, CO",2020,3,2.84,,395007.0,"Pueblo, CO",msa,CO,215311.769315065,0.113067613355132,0.0346511658682596,"Pueblo, CO",1018.25081203534,7.23333333333333,"Pueblo, CO",765.0,"Pueblo, CO",168334.0,-0.000534365648601098,0.0123343937744689,-0.006519242188124,3319.8340625,2.84,,49979.0,1415.0,4.308044765102643,False,14.05622489959837,False,False,False,4.134834730907509,1.1619915827050744,0.11306761335513205,0.034651165868262446,0.09196071460896849,0.02219929574198276,0.0007287615044764673,0.06367041198501866,0.02298850574712641,15.086206896551735,-0.0005343656486010984,0.0,0.0,0.0,0.0,0.06177604481668819,0.061722758795689,4.0,0.09077946768060885,0.0356811862835964,0.12237973724394036,0.037988254372415486
39380,"Pueblo, CO",2020,4,2.92,,395007.0,"Pueblo, CO",msa,CO,227290.46838141,0.1480443465796248,0.0556342047833775,"Pueblo, CO",1043.09629425043,8.33333333333333,"Pueblo, CO",693.666666666667,"Pueblo, CO",168334.0,-0.000534365648601098,0.0123343937744689,-0.006519242188124,3554.5015625,2.92,,49979.0,1415.0,4.547719409780307,False,19.18367346938774,False,False,False,4.231891178429194,1.2528730417817933,0.14804434657962484,0.05563420478337444,0.09358748916928139,0.023472872276175227,0.00024065300894758675,0.08148148148148149,0.026615969581749166,16.883116883116877,-0.0005343656486010984,0.0,0.0,0.0,0.0,0.09564071063827795,0.05701769457395578,3.76666666666667,-0.09324618736383405,-0.029977628635346365,0.15302735438200687,0.14221561000009708
39380,"Pueblo, CO",2021,1,3.06,,395007.0,"Pueblo, CO",msa,CO,239355.500490105,0.1810062658330649,0.0530819976509049,"Pueblo, CO",1074.95573423298,9.1,"Pueblo, CO",534.666666666667,"Pueblo, CO",169383.0,0.0062316584884811,0.0117129170598846,0.0067660241370822,3865.7068852459,3.06,,53430.0,1537.0,4.479796003932342,False,19.53125,False,False,False,4.055119417532524,0.9896782548580578,0.1810062658330649,0.05308199765090471,0.0968791098254389,0.02369044844575674,-2.212725241751461e-05,0.11272727272727279,0.02230483271375472,14.583333333333348,0.006231658488481173,0.006766024137082272,-0.0065192421881240525,0.006766024137082272,-0.0065192421881240525,0.10811746335855821,0.06413878015842256,5.0,-0.22921672272945692,-0.119926199261993,0.26501058795554977,0.12306660146926007
39380,"Pueblo, CO",2021,2,3.33,,395007.0,"Pueblo, CO",msa,CO,254468.207620513,0.2228120577361731,0.0631391678881958,"Pueblo, CO",1103.97517691359,8.86666666666667,"Pueblo, CO",538.666666666667,"Pueblo, CO",169383.0,0.0062316584884811,0.0117129170598846,0.0067660241370822,4183.62634920635,3.33,,53430.0,1537.0,4.762646595929497,False,29.57198443579767,False,False,False,4.163765438264791,1.037007550661511,0.22281205773617319,0.06313916788819629,0.09967201315626184,0.026792311038370542,-0.0004683873333139797,0.19784172661870514,0.049056603773584895,13.934426229508201,0.006231658488481173,0.0,0.0,-0.006766024137082272,0.0065192421881240525,0.10754231963653815,0.08138547224053072,10.9333333333333,0.007481296758104827,0.10272536687630973,0.42703687869904483,0.017124992393438232
39380,"Pueblo, CO",2021,3,3.57,,395007.0,"Pueblo, CO",msa,CO,269980.053671657,0.2539029080040491,0.06095789409684,"Pueblo, CO",1148.70815331854,8.3,"Pueblo, CO",640.666666666667,"Pueblo, CO",169383.0,0.0062316584884811,0.0117129170598846,0.0067660241370822,4421.670625,3.57,,53430.0,1537.0,5.052967502744844,True,36.7816091954023,True,True,False,4.308044765102643,1.1114078182199951,0.25390290800404913,0.06095789409684027,0.11306761335513205,0.034651165868262446,-0.0004725319006166503,0.25704225352112675,0.06367041198501866,14.05622489959837,0.006231658488481173,0.0,0.0,0.0,0.0,0.1281190643221135,0.06177604481668819,7.23333333333333,0.1893564356435642,0.09077946768060885,0.3318950711862574,0.12237973724394036
39380,"Pueblo, CO",2022,2,4.49,,395007.0,"Pueblo, CO",msa,CO,302347.6170939,0.1881547794166462,0.047219774681563,"Pueblo, CO",1236.2899503246,4.2,"Pueblo, CO",630.0,"Pueblo, CO",169540.0,0.000926893489901603,0.0066261340426543,-0.0053047649985795,4105.66709677419,4.49,,59436.0,1906.0,5.086944227301635,True,69.43396226415095,True,True,False,4.762646595929497,1.394277224235164,0.18815477941664627,0.047219774681563687,0.22281205773617319,0.06313916788819629,0.007412388501578227,0.3483483483483485,0.19784172661870514,29.57198443579767,0.0009268934899016035,0.0,0.0,0.00530476499857957,-0.006766024137082272,0.11985303309167294,0.10754231963653815,8.86666666666667,0.024390243902439046,0.007481296758104827,-0.018634372653033138,0.42703687869904483
39380,"Pueblo, CO",2023,2,5.67,,395007.0,"Pueblo, CO",msa,CO,295530.944349093,-0.0225458126984011,-0.000122193480134647,"Pueblo, CO",1273.40845671714,4.36666666666667,"Pueblo, CO",835.0,"Pueblo, CO",169878.0,0.001993629821871,0.0091722409020162,0.0010667363319694,4206.07290322581,5.67,,62250.0,2088.0,4.747485049784626,False,103.95683453237412,False,False,False,5.086944227301635,1.439758420661637,-0.02254581269840117,-0.00012219348013742248,0.18815477941664627,0.047219774681563687,0.014237678605595794,0.26280623608017817,0.3483483483483485,69.43396226415095,0.0019936298218710125,0.0,0.0,-0.001066736331969409,0.00530476499857957,0.030024110753949174,0.11985303309167294,4.2,-0.02982184353214601,0.024390243902439046,0.02445541834858167,-0.018634372653033138
39380,"Pueblo, CO",2023,3,5.65,,395007.0,"Pueblo, CO",msa,CO,296600.420085306,-0.0287309767033634,0.0036188282704816,"Pueblo, CO",1291.68739025953,4.73333333333333,"Pueblo, CO",855.0,"Pueblo, CO",169878.0,0.001993629821871,0.0091722409020162,0.0010667363319694,4458.13746031746,5.65,,62250.0,2088.0,4.764665382896482,False,98.943661971831,False,False,False,5.137864538639159,1.4127241564752366,-0.028730976703363442,0.0036188282704827657,0.13109880735835922,0.010009999925738144,0.010061260938706363,0.13000000000000012,0.400560224089636,87.26591760299627,0.0019936298218710125,0.0,0.0,0.0,0.0,0.02938433748187297,0.0923709955524501,4.23333333333333,0.0239520958083832,0.3359788359788365,0.12003623683289799,-0.0998083232963558
39380,"Pueblo, CO",2023,4,5.5,,395007.0,"Pueblo, CO",msa,CO,293369.2228363,-0.0246333571405116,-0.010894108808332,"Pueblo, CO",1299.47653866906,4.83333333333333,"Pueblo, CO",854.0,"Pueblo, CO",169878.0,0.001993629821871,0.0091722409020162,0.0010667363319694,4464.90761904762,5.5,,62250.0,2088.0,4.712758599779919,False,88.35616438356165,False,False,False,5.06054251126277,1.2280385574169248,-0.024633357140511625,-0.010894108808330971,0.08405732215195871,-0.015049448422567502,0.003875806721169671,0.0073260073260073,0.47169811320754707,102.22222222222221,0.0019936298218710125,0.0,0.0,0.0,0.0,0.035067064986425533,0.059168772774071066,4.1,-0.0011695906432748204,0.1069306930693068,0.15912210409729033,-0.1629981883235685
39380,"Pueblo, CO",2024,1,6.06,,395007.0,"Pueblo, CO",msa,CO,290766.208905375,-0.0162428512833507,-0.0088728255328177,"Pueblo, CO",1304.58080125756,5.5,"Pueblo, CO",795.333333333333,"Pueblo, CO",170162.0,0.0016717879890273,0.0045990447683652,-0.000321841832843672,4992.54098360656,6.06,,64010.0,2208.0,4.542512246607951,False,98.03921568627449,False,False,False,4.748065232399293,0.994822686503563,-0.01624285128335079,-0.008872825532818318,0.023734447462403274,-0.017326190647782735,-0.004413494416018831,-0.05312500000000009,0.5686274509803921,132.72727272727275,0.0016717879890273402,-0.0003218418328436723,0.001066736331969409,-0.0003218418328436723,0.001066736331969409,0.01975285469510646,0.06619958039327645,4.66666666666667,-0.06869633099141337,-0.07620751341681575,0.248115115012689,-0.10389918970668588
39380,"Pueblo, CO",2024,2,5.9,,395007.0,"Pueblo, CO",msa,CO,291625.909556785,-0.0132136240450516,0.0029566731796195,"Pueblo, CO",1323.14812271607,5.36666666666667,"Pueblo, CO",886.333333333333,"Pueblo, CO",170162.0,0.0016717879890273,0.0045990447683652,-0.000321841832843672,5246.62650793651,5.9,,64010.0,2208.0,4.555942970735589,False,77.17717717717719,False,False,False,4.747485049784626,0.8901801496684367,-0.013213624045051664,0.002956673179619118,-0.02254581269840117,-0.00012219348013742248,-0.013844354272585235,0.040564373897707284,0.26280623608017817,103.95683453237412,0.0016717879890273402,0.0,0.0,0.0003218418328436723,-0.001066736331969409,0.03906026046596178,0.030024110753949174,4.36666666666667,0.11441743503772006,-0.02982184353214601,0.24739314525733902,0.02445541834858167
39380,"Pueblo, CO",2024,3,5.9,,395007.0,"Pueblo, CO",msa,CO,292253.139909265,-0.014657026361563,0.0021508046162046,"Pueblo, CO",1337.10038772111,6.0,"Pueblo, CO",1029.0,"Pueblo, CO",170162.0,0.0016717879890273,0.0045990447683652,-0.000321841832843672,5543.46921875,5.9,,64010.0,2208.0,4.565741913908218,False,65.26610644257704,False,False,False,4.764665382896482,0.795735740242832,-0.014657026361563075,0.0021508046162057592,-0.028730976703363442,0.0036188282704827657,-0.02204954402341718,0.04424778761061954,0.13000000000000012,98.943661971831,0.0016717879890273402,0.0,0.0,0.0,0.0,0.035157885572031145,0.02938433748187297,4.73333333333333,0.16096276795787934,0.0239520958083832,0.24344959483489204,0.12003623683289799
39380,"Pueblo, CO",2024,4,5.38,,395007.0,"Pueblo, CO",msa,CO,292933.217419528,-0.0014862002651698,0.0023270152391676,"Pueblo, CO",1320.0895519433,5.76666666666667,"Pueblo, CO",1114.66666666667,"Pueblo, CO",170162.0,0.0016717879890273,0.0045990447683652,-0.000321841832843672,5907.04296875,5.38,,64010.0,2208.0,4.576366464919981,False,45.01347708894878,False,False,False,4.712758599779919,0.6567093747785746,-0.0014862002651698791,0.002327015239166119,-0.024633357140511625,-0.010894108808330971,-0.027515682979749947,-0.021818181818181848,0.0073260073260073,88.35616438356165,0.0016717879890273402,0.0,0.0,0.0,0.0,0.015862551312663342,0.035067064986425533,4.83333333333333,0.08325234855847419,-0.0011695906432748204,0.3229933232101212,0.15912210409729033
39380,"Pueblo, CO",2025,1,6.37,,395007.0,"Pueblo, CO",msa,CO,292566.37678293,0.0061911178892897,-0.0012523012577047,"Pueblo, CO",1319.15710744368,5.8,"Pueblo, CO",1036.0,"Pueblo, CO",169277.0,-0.005200926176232,-0.0015512563406865,-0.0068727141652593,5894.81783333333,6.37,,,,,False,56.127450980392155,False,False,False,4.542512246607951,0.5929917028998521,0.006191117889289721,-0.0012523012577048132,-0.01624285128335079,-0.008872825532818318,-0.029953304725719904,0.051155115511551275,-0.05312500000000009,98.03921568627449,-0.005200926176232024,-0.006872714165259364,-0.0003218418328436723,-0.006872714165259364,-0.0003218418328436723,0.011173172387688668,0.01975285469510646,5.5,-0.07057416267942851,-0.06869633099141337,0.18072497605717697,0.248115115012689
39380,"Pueblo, CO",2025,2,6.28,,395007.0,"Pueblo, CO",msa,CO,291349.77811891,-0.0009468686725905284,-0.0041583680168502,"Pueblo, CO",1357.28883466975,5.26666666666667,"Pueblo, CO",1125.33333333333,"Pueblo, CO",169277.0,-0.005200926176232,-0.0015512563406865,-0.0068727141652593,5732.06048387097,6.28,,,,,False,39.86636971046771,False,False,False,4.555942970735589,0.5109052289455587,-0.0009468686725905284,-0.004158368016850655,-0.013213624045051664,0.002956673179619118,-0.028994790008072622,0.06440677966101682,0.040564373897707284,77.17717717717719,-0.005200926176232024,0.0,0.0,0.006872714165259364,0.0003218418328436723,0.025802637941697792,0.03906026046596178,5.36666666666667,0.0862290862290831,0.11441743503772006,0.09252306700317803,0.24739314525733902
39380,"Pueblo, CO",2025,3,6.01,,395007.0,"Pueblo, CO",msa,CO,290357.948837826,-0.0064847586309161,-0.0034042561744427,"Pueblo, CO",1378.27122791976,5.5,"Pueblo, CO",1219.66666666667,"Pueblo, CO",169277.0,-0.005200926176232,-0.0015512563406865,-0.0068727141652593,6427.73875,6.01,,,,,False,20.199999999999996,False,False,False,4.565741913908218,0.4309071830007083,-0.006484758630916132,-0.0034042561744431765,-0.014657026361563075,0.0021508046162057592,-0.02502804105419035,0.018644067796609987,0.04424778761061954,65.26610644257704,-0.005200926176232024,0.0,0.0,0.0,0.0,0.030791136235342353,0.035157885572031145,6.0,0.08382701421801553,0.16096276795787934,0.1595155481803856,0.24344959483489204
39380,"Pueblo, CO",2025,4,5.62,,395007.0,"Pueblo, CO",msa,CO,288971.622016797,-0.0135238858796178,-0.0047745440638979,"Pueblo, CO",1375.96856445311,5.4,"Pueblo, CO",1161.33333333333,"Pueblo, CO",169277.0,-0.005200926176232,-0.0015512563406865,-0.0068727141652593,6777.5671875,5.62,,,,,False,2.930402930402942,False,False,False,4.576366464919981,0.34447528649078674,-0.013523885879617836,-0.0047745440638972125,-0.0014862002651698791,0.002327015239166119,-0.020185362230448055,0.04460966542750944,-0.021818181818181848,45.01347708894878,-0.005200926176232024,0.0,0.0,0.0,0.0,0.04232971348614245,0.015862551312663342,5.76666666666667,-0.04782727521181174,0.08325234855847419,0.14737055805338306,0.3229933232101212
39460,"Punta Gorda, FL",2019,2,4.38,,395009.0,"Punta Gorda, FL",msa,FL,221609.72022497,0.0508921206708559,0.0075155219266285,"Punta Gorda, FL",1254.93539112738,3.86666666666667,"Punta Gorda, FL",2856.33333333333,"Punta Gorda, FL",188910.0,0.0219692830364244,0.06325736895723,0.003640926143045,2882.32777777778,4.38,,51499.0,1195.0,4.303184920580399,False,13.76623376623376,False,False,False,4.283955440062793,1.2596184739909329,0.05089212067085591,0.007515521926626967,0.06824862901066564,0.009198622935006728,-0.0058547007786546165,0.03791469194312791,0.03685503685503666,24.117647058823533,0.021969283036424425,0.0,0.0,-0.003640926143045009,0.003346536589518667,0.03518012190727737,0.03241132902969324,4.2,0.0008175659892535325,-0.04851752021563338,0.06629220382021028,0.12725771232385252
39460,"Punta Gorda, FL",2019,3,4.5,,395009.0,"Punta Gorda, FL",msa,FL,223010.545657132,0.0439405388344458,0.0063211371357694,"Punta Gorda, FL",1264.78630461842,4.16666666666667,"Punta Gorda, FL",2293.0,"Punta Gorda, FL",188910.0,0.0219692830364244,0.06325736895723,0.003640926143045,2957.8528125,4.5,,51499.0,1195.0,4.330385942583972,False,15.384615384615397,False,False,False,4.33974201614127,1.2017303679239326,0.04394053883444582,0.006321137135771648,0.06492034096669808,0.013022212032546054,-0.006322627246064212,0.03926096997690531,0.035885167464114964,21.97183098591551,0.021969283036424425,0.0,0.0,0.0,0.0,0.03383998303868885,0.0411216703531736,4.5,-0.1972225463881423,-0.18767705382436262,0.037988254372415486,0.15500598332389925
39460,"Punta Gorda, FL",2019,4,4.44,,395009.0,"Punta Gorda, FL",msa,FL,226323.183776009,0.0447652970540977,0.014854177003673,"Punta Gorda, FL",1304.28386181758,3.56666666666667,"Punta Gorda, FL",2223.0,"Punta Gorda, FL",188910.0,0.0219692830364244,0.06325736895723,0.003640926143045,3082.755625,4.44,,51499.0,1195.0,4.394710261869338,False,12.977099236641232,False,False,False,4.4007285461327985,1.1690184821937524,0.04476529705409771,0.014854177003674307,0.057470853280706446,0.01405303120892798,-0.005969935496608905,0.006802721088435382,0.030373831775700966,18.867924528301884,0.021969283036424425,0.0,0.0,0.0,0.0,0.0474584157796929,0.036928776215355175,4.1,-0.03052769297863056,0.009299622202846525,0.14221561000009708,0.036741721225998614
39460,"Punta Gorda, FL",2020,1,4.45,,395009.0,"Punta Gorda, FL",msa,FL,229890.33155076,0.0451620855940757,0.0157613007878241,"Punta Gorda, FL",1306.93034503118,4.06666666666667,"Punta Gorda, FL",2428.0,"Punta Gorda, FL",188023.0,-0.0046953575776824,0.0358138407465762,-0.0266646406141069,3055.86919354839,4.45,,52724.0,1452.0,4.360259683460283,False,9.336609336609335,False,False,False,4.271085483975087,0.9548243315011238,0.04516208559407575,0.01576130078782101,0.05264768428204225,0.01537567405196727,-0.005480860835390267,0.0,0.03248259860788871,18.666666666666675,-0.0046953575776824685,-0.026664640614106894,0.003640926143045009,-0.026664640614106894,0.003640926143045009,0.0416004561342882,0.03269842792529021,4.16666666666667,0.09221772379667126,0.23265188597754283,0.12306660146926007,-0.004562795426326538
39460,"Punta Gorda, FL",2020,2,4.48,,395009.0,"Punta Gorda, FL",msa,FL,230852.664262038,0.0417082067866196,0.0041860512566398,"Punta Gorda, FL",1299.08153423718,13.0666666666667,"Punta Gorda, FL",2310.66666666667,"Punta Gorda, FL",188023.0,-0.0046953575776824,0.0358138407465762,-0.0266646406141069,2931.68761904762,4.48,,52724.0,1452.0,4.37851195398752,False,10.073710073710075,False,False,False,4.303184920580399,0.9100197145278748,0.041708206786619684,0.004186051256642287,0.05089212067085591,0.007515521926626967,-0.004606628482306159,0.022831050228310668,0.03791469194312791,13.76623376623376,-0.0046953575776824685,0.0,0.0,0.026664640614106894,-0.003640926143045009,0.03517802065502429,0.03518012190727737,3.86666666666667,-0.048325096101041964,0.0008175659892535325,0.017124992393438232,0.06629220382021028
39460,"Punta Gorda, FL",2020,3,4.59,,395009.0,"Punta Gorda, FL",msa,FL,233880.680186429,0.048742692850092,0.0131166600743855,"Punta Gorda, FL",1358.52723568718,9.06666666666667,"Punta Gorda, FL",1992.66666666667,"Punta Gorda, FL",188023.0,-0.0046953575776824,0.0358138407465762,-0.0266646406141069,3319.8340625,4.59,,52724.0,1452.0,4.4359434069196,False,9.8086124401914,False,False,False,4.330385942583972,0.8519172202459853,0.04874269285009203,0.013116660074383946,0.04394053883444582,0.006321137135771648,-0.003905586825812959,0.020000000000000018,0.03926096997690531,15.384615384615397,-0.0046953575776824685,0.0,0.0,0.0,0.0,0.07411602317835131,0.03383998303868885,4.16666666666667,-0.13762261973456424,-0.1972225463881423,0.12237973724394036,0.037988254372415486
39460,"Punta Gorda, FL",2020,4,4.69,,395009.0,"Punta Gorda, FL",msa,FL,243715.851097993,0.0768488098824087,0.0420520878583237,"Punta Gorda, FL",1400.42456364689,5.96666666666667,"Punta Gorda, FL",1768.0,"Punta Gorda, FL",188023.0,-0.0046953575776824,0.0358138407465762,-0.0266646406141069,3554.5015625,4.69,,52724.0,1452.0,4.622484088801931,False,9.579439252336442,False,False,False,4.394710261869338,0.8460124995465543,0.07684880988240872,0.04205208785832282,0.04476529705409771,0.014854177003674307,-0.0031774187289157355,0.056306306306306286,0.006802721088435382,12.977099236641232,-0.0046953575776824685,0.0,0.0,0.0,0.0,0.07371148616017797,0.0474584157796929,3.56666666666667,-0.11274673803947954,-0.03052769297863056,0.15302735438200687,0.14221561000009708
39460,"Punta Gorda, FL",2021,1,4.92,,395009.0,"Punta Gorda, FL",msa,FL,254683.781786309,0.1078490342255851,0.0450029435463599,"Punta Gorda, FL",1431.88201958007,5.23333333333333,"Punta Gorda, FL",1625.66666666667,"Punta Gorda, FL",195048.0,0.0373624503385224,0.0551747642670504,0.0420578079162048,3865.7068852459,4.92,,57887.0,1415.0,4.3996714596767665,False,14.153132250580057,False,False,False,4.360259683460283,0.7259542276543431,0.10784903422558512,0.0450029435463597,0.04516208559407575,0.01576130078782101,-0.002589619702661878,0.10561797752808988,0.0,9.336609336609335,0.03736245033852237,0.04205780791620484,-0.026664640614106894,0.04205780791620484,-0.026664640614106894,0.0956069885621249,0.0416004561342882,4.06666666666667,-0.08050527903468896,0.09221772379667126,0.26501058795554977,0.12306660146926007
39460,"Punta Gorda, FL",2021,2,5.32,,395009.0,"Punta Gorda, FL",msa,FL,269685.964384906,0.1682168158942658,0.0589051351969636,"Punta Gorda, FL",1452.1112695056,4.93333333333333,"Punta Gorda, FL",1502.66666666667,"Punta Gorda, FL",195048.0,0.0373624503385224,0.0551747642670504,0.0420578079162048,4183.62634920635,5.32,,57887.0,1415.0,4.658834701831258,False,26.066350710900487,False,False,False,4.37851195398752,0.6681829153635706,0.16821681589426585,0.05890513519696561,0.041708206786619684,0.004186051256642287,-0.0024115569323619945,0.1875,0.022831050228310668,10.073710073710075,0.03736245033852237,0.0,0.0,-0.04205780791620484,0.026664640614106894,0.11779840697857269,0.03517802065502429,13.0666666666667,-0.07566126717244193,-0.048325096101041964,0.42703687869904483,0.017124992393438232
39460,"Punta Gorda, FL",2021,3,5.82,,395009.0,"Punta Gorda, FL",msa,FL,294744.836017722,0.2602359279217823,0.0929187089508696,"Punta Gorda, FL",1537.85587264897,5.0,"Punta Gorda, FL",1519.33333333333,"Punta Gorda, FL",195048.0,0.0373624503385224,0.0551747642670504,0.0420578079162048,4421.670625,5.82,,57887.0,1415.0,5.091727607540933,True,34.411085450346434,True,True,False,4.4359434069196,0.5982087463430701,0.2602359279217823,0.09291870895087073,0.04874269285009203,0.013116660074383946,-0.0022266245949948624,0.2679738562091505,0.020000000000000018,9.8086124401914,0.03736245033852237,0.0,0.0,0.0,0.0,0.13200223907994046,0.07411602317835131,9.06666666666667,0.01109139307896645,-0.13762261973456424,0.3318950711862574,0.12237973724394036
39460,"Punta Gorda, FL",2025,1,10.42,,395009.0,"Punta Gorda, FL",msa,FL,340356.91018502,-0.0838338842830431,-0.0225171915679281,"Punta Gorda, FL",1913.62246034346,4.36666666666667,"Punta Gorda, FL",4450.66666666667,"Punta Gorda, FL",217212.0,0.0272207929782082,0.0693987672069163,0.0047755039745625,5894.81783333333,10.42,,,,,False,53.23529411764707,False,False,False,5.310803234178393,1.0397177502033061,-0.08383388428304317,-0.022517191567930528,-0.022043630916938506,-0.009219452715621745,-0.03350978341005422,0.029644268774703608,0.05197505197505192,105.69105691056907,0.02722079297820823,0.0047755039745625005,0.00423894386096868,0.0047755039745625005,0.00423894386096868,-0.02130716266704613,-0.02301147136513293,3.73333333333333,0.2821202227770332,0.23598001110494016,0.18072497605717697,0.248115115012689
39460,"Punta Gorda, FL",2025,2,9.48,,395009.0,"Punta Gorda, FL",msa,FL,328773.025938794,-0.1042169169355672,-0.034034520527082,"Punta Gorda, FL",1900.37215467224,4.43333333333333,"Punta Gorda, FL",4987.66666666667,"Punta Gorda, FL",217212.0,0.0272207929782082,0.0693987672069163,0.0047755039745625,5732.06048387097,9.48,,,,,False,24.736842105263168,False,False,False,5.246784010484275,0.9435990899038753,-0.10421691693556723,-0.034034520527081225,-0.02817944473328693,-0.01205452751141567,-0.04119296539721757,0.025974025974025983,0.018743109151047488,73.68421052631578,0.02722079297820823,0.0,0.0,-0.0047755039745625005,-0.00423894386096868,-0.018210375739940776,-0.019988853501841097,3.7,0.12065608148591966,0.10566037735849054,0.09252306700317803,0.24739314525733902
39460,"Punta Gorda, FL",2025,3,9.31,,395009.0,"Punta Gorda, FL",msa,FL,313493.664932896,-0.1217181592806047,-0.0464738886721886,"Punta Gorda, FL",1876.83531912211,5.36666666666667,"Punta Gorda, FL",4218.0,"Punta Gorda, FL",217212.0,0.0272207929782082,0.0693987672069163,0.0047755039745625,6427.73875,9.31,,,,,False,10.43890865954924,False,False,False,5.102637656196249,0.7722517136122766,-0.1217181592806047,-0.04647388867218849,-0.05456872310593541,-0.02747327772593422,-0.044335032295172175,-0.031217481789802215,-0.017382413087934534,65.12027491408934,0.02722079297820823,0.0,0.0,0.0,0.0,-0.006322879448925844,-0.03641041420337532,4.53333333333333,-0.15431397447036077,-0.022753128555175528,0.1595155481803856,0.24344959483489204
39460,"Punta Gorda, FL",2025,4,9.15,,395009.0,"Punta Gorda, FL",msa,FL,303101.728427639,-0.1295116394639814,-0.0331487926796912,"Punta Gorda, FL",1874.87912855409,5.9,"Punta Gorda, FL",3750.0,"Punta Gorda, FL",217212.0,0.0272207929782082,0.0693987672069163,0.0047755039745625,6777.5671875,9.15,,,,,False,-10.20608439646712,False,False,False,4.977660914772401,0.5829506529030635,-0.12951163946398148,-0.03314879267969062,-0.07137030165320613,-0.024492576162464808,-0.044129267416193996,-0.15120593692022255,0.09441624365482237,71.1111111111111,0.02722079297820823,0.0,0.0,0.0,0.0,-0.020179615752666025,-0.014208298188109203,4.4,-0.11095305832147939,-0.13404290703475963,0.14737055805338306,0.3229933232101212
39660,"Rapid City, SD",2019,3,4.14,,395013.0,"Rapid City, SD",msa,SD,227790.549669247,0.0560639574688368,0.0125237994535583,"Rapid City, SD",1003.3114672992,2.5,"Rapid City, SD",807.0,"Rapid City, SD",142107.0,0.013934671860953,0.0414584096738733,0.0015831073294456,2957.8528125,4.14,,57615.0,1830.0,3.9536674419725246,False,7.8125,False,False,False,3.871516744325035,0.3258459619920453,0.056063957468836856,0.012523799453557416,0.04687650462410353,0.008306981645431089,0.0008150919121273278,0.004854368932038833,0.024875621890547484,9.574468085106403,0.013934671860952985,0.0,0.0,0.0,0.0,0.01159998485745839,0.030221477923480844,2.46666666666667,0.13608634443923084,0.07881773399014769,0.037988254372415486,0.15500598332389925
39660,"Rapid City, SD",2019,4,4.15,,395013.0,"Rapid City, SD",msa,SD,232302.791154445,0.0673318432080403,0.0198087299571876,"Rapid City, SD",992.248228445698,2.66666666666667,"Rapid City, SD",751.666666666667,"Rapid City, SD",142107.0,0.013934671860953,0.0414584096738733,0.0015831073294456,3082.755625,4.15,,57615.0,1830.0,4.031984572671092,False,8.92388451443571,False,False,False,3.906525122450085,0.3384906595678121,0.06733184320804031,0.019808729957190074,0.04248403006907431,0.009042548550607599,0.0007072982752575129,0.012195121951219745,0.012345679012345734,8.753315649867366,0.013934671860952985,0.0,0.0,0.0,0.0,0.011427202815724291,0.023359035951450835,2.76666666666667,-0.06856670797191211,-0.11529680365296802,0.14221561000009708,0.036741721225998614
39660,"Rapid City, SD",2020,1,4.27,,395013.0,"Rapid City, SD",msa,SD,237422.131304857,0.072072581512822,0.0220373596243568,"Rapid City, SD",1009.04533653608,3.0,"Rapid City, SD",593.0,"Rapid City, SD",147800.0,0.0400613622129804,0.0675796712027967,0.0261266903520274,3055.86919354839,4.27,,59076.0,2206.0,4.01892699750926,False,6.483790523690769,False,False,False,3.8438058558347823,0.3051833041340708,0.07207258151282203,0.02203735962435527,0.04626981775081562,0.0175178786272272,0.0011117588172171757,0.026442307692307487,0.012165450121654375,6.39386189258313,0.0400613622129804,0.026126690352027415,0.0015831073294456655,0.026126690352027415,0.0015831073294456655,0.03104971944796109,0.021783032312148176,3.43333333333333,-0.21108647450110896,-0.19225806451612903,0.12306660146926007,-0.004562795426326538
39660,"Rapid City, SD",2020,2,4.19,,395013.0,"Rapid City, SD",msa,SD,241677.060159904,0.074249021959792,0.0179213657617434,"Rapid City, SD",1020.83051593154,8.26666666666667,"Rapid City, SD",649.333333333333,"Rapid City, SD",147800.0,0.0400613622129804,0.0675796712027967,0.0261266903520274,2931.68761904762,4.19,,59076.0,2206.0,4.090951658201368,False,4.2288557213930655,False,False,False,3.904764948839972,0.3460832682468018,0.074249021959792,0.017921365761743413,0.05166580968724577,0.015859045771694058,0.001536912570231681,0.004796163069544557,0.029629629629629672,10.026385224274414,0.0400613622129804,0.0,0.0,-0.026126690352027415,-0.0015831073294456655,0.023710322581720344,0.015237651479111936,2.86666666666667,0.09499718943226476,0.13471778487752872,0.017124992393438232,0.06629220382021028
39660,"Rapid City, SD",2020,3,4.24,,395013.0,"Rapid City, SD",msa,SD,245322.279728092,0.0769642554719725,0.0150830184949122,"Rapid City, SD",1040.77245020732,4.23333333333333,"Rapid City, SD",597.0,"Rapid City, SD",147800.0,0.0400613622129804,0.0675796712027967,0.0261266903520274,3319.8340625,4.24,,59076.0,2206.0,4.152655557723813,False,5.472636815920406,False,False,False,3.9536674419725246,0.3437312644542745,0.0769642554719725,0.015083018494912892,0.056063957468836856,0.012523799453557416,0.0016458057704723502,0.024154589371980784,0.004854368932038833,7.8125,0.0400613622129804,0.0,0.0,0.0,0.0,0.0373373415226288,0.01159998485745839,2.5,-0.08059548254620075,0.13608634443923084,0.12237973724394036,0.037988254372415486
39660,"Rapid City, SD",2020,4,4.43,,395013.0,"Rapid City, SD",msa,SD,252620.197761011,0.0874608802830014,0.0297482888264697,"Rapid City, SD",1033.72267785165,3.2,"Rapid City, SD",386.333333333333,"Rapid City, SD",147800.0,0.0400613622129804,0.0675796712027967,0.0261266903520274,3554.5015625,4.43,,59076.0,2206.0,4.276189954651821,False,9.382716049382722,False,False,False,4.031984572671092,0.40799562052765825,0.08746088028300147,0.029748288826468627,0.06733184320804031,0.019808729957190074,0.0019772736750078247,0.06746987951807215,0.012195121951219745,8.92388451443571,0.0400613622129804,0.0,0.0,0.0,0.0,0.04179846153106204,0.011427202815724291,2.66666666666667,-0.35287548855388107,-0.06856670797191211,0.15302735438200687,0.14221561000009708
39660,"Rapid City, SD",2021,1,4.57,,395013.0,"Rapid City, SD",msa,SD,262347.688633993,0.1049841360287127,0.0385063861052968,"Rapid City, SD",1088.88316188971,3.23333333333333,"Rapid City, SD",251.0,"Rapid City, SD",150866.0,0.0207442489851151,0.0764302124805571,-0.0193171132278653,3865.7068852459,4.57,,63266.0,1606.0,4.146740565769813,False,11.19221411192215,False,False,False,4.01892699750926,0.3956871928847572,0.1049841360287127,0.038506386105297,0.07207258151282203,0.02203735962435527,0.002230329621902061,0.07025761124121788,0.026442307692307487,6.483790523690769,0.020744248985115066,-0.019317113227865335,0.026126690352027415,-0.019317113227865335,0.026126690352027415,0.07912213897910947,0.03104971944796109,3.0,-0.35030198446936955,-0.21108647450110896,0.26501058795554977,0.12306660146926007
39660,"Rapid City, SD",2021,2,5.13,,395013.0,"Rapid City, SD",msa,SD,275616.823155925,0.1404343588653593,0.0505784312071591,"Rapid City, SD",1115.47705488896,2.9,"Rapid City, SD",322.666666666667,"Rapid City, SD",150866.0,0.0207442489851151,0.0764302124805571,-0.0193171132278653,4183.62634920635,5.13,,63266.0,1606.0,4.356476198209545,False,26.66666666666666,False,False,False,4.090951658201368,0.4219193894154807,0.14043435886535938,0.05057843120716088,0.074249021959792,0.017921365761743413,0.0024112937563480277,0.22434367541766087,0.004796163069544557,4.2288557213930655,0.020744248985115066,0.0,0.0,0.019317113227865335,-0.026126690352027415,0.09271523282300409,0.023710322581720344,8.26666666666667,0.2855245683930958,0.09499718943226476,0.42703687869904483,0.017124992393438232
39660,"Rapid City, SD",2021,3,5.35,,395013.0,"Rapid City, SD",msa,SD,291069.627570527,0.1864785697130324,0.0560662598083144,"Rapid City, SD",1167.60411030466,2.33333333333333,"Rapid City, SD",442.666666666667,"Rapid City, SD",150866.0,0.0207442489851151,0.0764302124805571,-0.0193171132278653,4421.670625,5.35,,63266.0,1606.0,4.600727524587093,False,29.85436893203883,False,False,False,4.152655557723813,0.4335127968153949,0.18647856971303245,0.05606625980831326,0.0769642554719725,0.015083018494912892,0.0028211548645593627,0.2617924528301885,0.024154589371980784,5.472636815920406,0.020744248985115066,0.0,0.0,0.0,0.0,0.12186300672358819,0.0373373415226288,4.23333333333333,0.37190082644628064,-0.08059548254620075,0.3318950711862574,0.12237973724394036
39660,"Rapid City, SD",2021,4,5.66,,395013.0,"Rapid City, SD",msa,SD,301938.75312444,0.1952280767751055,0.0373420120973604,"Rapid City, SD",1200.07062504966,2.03333333333333,"Rapid City, SD",386.666666666667,"Rapid City, SD",150866.0,0.0207442489851151,0.0764302124805571,-0.0193171132278653,4602.10890625,5.66,,63266.0,1606.0,4.772527947466886,False,38.04878048780489,False,False,False,4.276189954651821,0.5183183277431294,0.19522807677510556,0.03734201209736088,0.08746088028300147,0.029748288826468627,0.00360766008122375,0.27765237020316036,0.06746987951807215,9.382716049382722,0.020744248985115066,0.0,0.0,0.0,0.0,0.1609212516685088,0.04179846153106204,3.2,-0.12650602409638545,-0.35287548855388107,0.2947269329692408,0.15302735438200687
39660,"Rapid City, SD",2022,1,6.24,,395013.0,"Rapid City, SD",msa,SD,318570.005474263,0.2143046013975256,0.0550815427888092,"Rapid City, SD",1273.4968695195,2.13333333333333,"Rapid City, SD",234.333333333333,"Rapid City, SD",153982.0,0.0206540903848449,0.0835637934795612,-9.01586002701737e-05,4463.85548387097,6.24,,68363.0,1917.0,4.659976968159135,False,50.0,False,False,False,4.146740565769813,0.3625584244784328,0.2143046013975256,0.05508154278880739,0.1049841360287127,0.038506386105297,0.004921973852434661,0.3654266958424508,0.07025761124121788,11.19221411192215,0.020654090384844892,-9.015860027017375e-05,-0.019317113227865335,-9.015860027017375e-05,-0.019317113227865335,0.1695440925997982,0.07912213897910947,3.23333333333333,-0.39396551724138074,-0.35030198446936955,0.154732010569141,0.26501058795554977
39660,"Rapid City, SD",2022,2,6.91,,395013.0,"Rapid City, SD",msa,SD,338089.428340997,0.2266647023564643,0.0612720046812774,"Rapid City, SD",1349.43934511629,1.93333333333333,"Rapid City, SD",286.333333333333,"Rapid City, SD",153982.0,0.0206540903848449,0.0835637934795612,-9.01586002701737e-05,4105.66709677419,6.91,,68363.0,1917.0,4.945503098766833,False,65.7074340527578,False,False,False,4.356476198209545,0.5412099688982175,0.2266647023564643,0.06127200468127869,0.14043435886535938,0.05057843120716088,0.007222947373136856,0.3469785575048734,0.22434367541766087,26.66666666666666,0.020654090384844892,0.0,0.0,9.015860027017375e-05,0.019317113227865335,0.20974191194871294,0.09271523282300409,2.9,0.221906116642959,0.2855245683930958,-0.018634372653033138,0.42703687869904483
39660,"Rapid City, SD",2022,3,6.96,,395013.0,"Rapid City, SD",msa,SD,345159.893184682,0.1858327372238408,0.0209130018598331,"Rapid City, SD",1392.7113697286,1.83333333333333,"Rapid City, SD",409.333333333333,"Rapid City, SD",153982.0,0.0206540903848449,0.0835637934795612,-9.01586002701737e-05,3980.35109375,6.96,,68363.0,1917.0,5.0489284142691515,True,68.11594202898551,True,True,False,4.600727524587093,0.7689557476447986,0.18583273722384086,0.02091300185983247,0.18647856971303245,0.05606625980831326,0.010464011824525494,0.3009345794392524,0.2617924528301885,29.85436893203883,0.020654090384844892,0.0,0.0,0.0,0.0,0.19279416493763724,0.12186300672358819,2.33333333333333,0.4295692665890576,0.37190082644628064,-0.0998083232963558,0.3318950711862574
39660,"Rapid City, SD",2023,2,7.7,,395013.0,"Rapid City, SD",msa,SD,344827.842275842,0.0199308625765386,0.0054868805166878,"Rapid City, SD",1353.02519476818,1.83333333333333,"Rapid City, SD",309.0,"Rapid City, SD",155898.0,0.0124430128196802,0.0547902571041949,-0.0082110775651647,4206.07290322581,7.7,,71985.0,1953.0,4.7902735608229765,False,83.7708830548926,False,False,False,4.945503098766833,1.0837347470882275,0.019930862576538644,0.0054868805166883305,0.2266647023564643,0.06127200468127869,0.01688997478670394,0.11432706222865407,0.3469785575048734,65.7074340527578,0.012443012819680188,0.0,0.0,0.008211077565164704,9.015860027017375e-05,0.0026572884990105905,0.20974191194871294,1.93333333333333,0.09445100354191394,0.221906116642959,0.02445541834858167,-0.018634372653033138
39660,"Rapid City, SD",2023,3,7.79,,395013.0,"Rapid City, SD",msa,SD,349219.66683168,0.0117620086434138,0.0127362817539669,"Rapid City, SD",1370.49861917096,1.66666666666667,"Rapid City, SD",377.0,"Rapid City, SD",155898.0,0.0124430128196802,0.0547902571041949,-0.0082110775651647,4458.13746031746,7.79,,71985.0,1953.0,4.851283834572202,False,83.72641509433963,False,False,False,5.0489284142691515,1.1380030206161895,0.011762008643413813,0.012736281753968237,0.18583273722384086,0.02091300185983247,0.016080595718437504,0.11925287356321834,0.3009345794392524,68.11594202898551,0.012443012819680188,0.0,0.0,0.0,0.0,-0.015949284999352442,0.19279416493763724,1.83333333333333,0.2200647249190939,0.4295692665890576,0.12003623683289799,-0.0998083232963558
39660,"Rapid City, SD",2023,4,8.04,,395013.0,"Rapid City, SD",msa,SD,349734.198140275,0.0172099764711191,0.001473374375686,"Rapid City, SD",1384.71086405584,1.76666666666667,"Rapid City, SD",380.333333333333,"Rapid City, SD",155898.0,0.0124430128196802,0.0547902571041949,-0.0082110775651647,4464.90761904762,8.04,,71985.0,1953.0,4.858431591863236,False,81.48984198645597,False,False,False,5.029286510291781,1.066368811219196,0.017209976471119104,0.0014733743756849549,0.13869819672129813,-0.003890311441504979,0.013063052347974098,0.062087186261558625,0.33745583038869253,82.40963855421685,0.012443012819680188,0.0,0.0,0.0,0.0,0.01630546441540459,0.13534547541039,1.93333333333333,0.008841732979663064,-0.09690553745928177,0.15912210409729033,-0.1629981883235685
39660,"Rapid City, SD",2024,1,8.38,,395013.0,"Rapid City, SD",msa,SD,351087.252753628,0.0237387567968754,0.0038688084280811,"Rapid City, SD",1377.47863001965,1.83333333333333,"Rapid City, SD",340.666666666667,"Rapid City, SD",156511.0,0.003932058140579,0.0374173107260749,-0.0085109546791011,4992.54098360656,8.38,,75255.0,2318.0,4.665301345473763,False,83.36980306345734,False,False,False,4.764133330473098,0.9649611781649892,0.023738756796875427,0.0038688084280802393,0.07651734909428676,-0.002533253506756039,0.007370360610512514,-0.015276145710928168,0.3637820512820511,99.29742388758784,0.0039320581405790644,-0.008510954679101124,-0.008211077565164704,-0.008510954679101124,-0.008211077565164704,0.028037219242318168,0.05215118839881283,1.86666666666667,-0.10429447852760554,-0.23624887285843277,0.248115115012689,-0.10389918970668588
39660,"Rapid City, SD",2024,2,8.11,,395013.0,"Rapid City, SD",msa,SD,354124.181616507,0.0269593640679064,0.008650068719554,"Rapid City, SD",1404.72734590848,1.83333333333333,"Rapid City, SD",400.333333333333,"Rapid City, SD",156511.0,0.003932058140579,0.0374173107260749,-0.0085109546791011,5246.62650793651,8.11,,75255.0,2318.0,4.705656522709548,False,58.089668615984394,False,False,False,4.7902735608229765,0.9506524783554102,0.026959364067906444,0.00865006871955587,0.019930862576538644,0.0054868805166883305,-0.00043088763410833135,0.0532467532467531,0.11432706222865407,83.7708830548926,0.0039320581405790644,0.0,0.0,0.008510954679101124,0.008211077565164704,0.0382122604517785,0.0026572884990105905,1.83333333333333,0.17514677103717968,0.09445100354191394,0.24739314525733902,0.02445541834858167
39660,"Rapid City, SD",2024,3,8.52,,395013.0,"Rapid City, SD",msa,SD,355438.768422152,0.0178085663012488,0.0037122198197368,"Rapid City, SD",1428.80971043396,1.7,"Rapid City, SD",483.0,"Rapid City, SD",156511.0,0.003932058140579,0.0374173107260749,-0.0085109546791011,5543.46921875,8.52,,75255.0,2318.0,4.723124954118025,False,59.25233644859813,False,False,False,4.851283834572202,0.9797670902471669,0.01780856630124883,0.003712219819737017,0.011762008643413813,0.012736281753968237,-0.008043055594951273,0.09370988446726569,0.11925287356321834,83.72641509433963,0.0039320581405790644,0.0,0.0,0.0,0.0,0.04254735498987472,-0.015949284999352442,1.66666666666667,0.20649458784346497,0.2200647249190939,0.24344959483489204,0.12003623683289799
39660,"Rapid City, SD",2024,4,8.61,,395013.0,"Rapid City, SD",msa,SD,360151.267338073,0.029785675101809,0.0132582580590197,"Rapid City, SD",1415.6318451184,1.83333333333333,"Rapid City, SD",482.333333333333,"Rapid City, SD",156511.0,0.003932058140579,0.0374173107260749,-0.0085109546791011,5907.04296875,8.61,,75255.0,2318.0,4.785745363604717,False,52.12014134275618,False,False,False,4.858431591863236,0.9519064694131512,0.029785675101809073,0.0132582580590197,0.017209976471119104,0.0014733743756849549,-0.014512607254027584,0.07089552238805985,0.062087186261558625,81.48984198645597,0.0039320581405790644,0.0,0.0,0.0,0.0,0.022330279818843835,0.01630546441540459,1.76666666666667,-0.0013802622498282346,0.008841732979663064,0.3229933232101212,0.15912210409729033
39660,"Rapid City, SD",2025,1,9.1,,395013.0,"Rapid City, SD",msa,SD,363151.919176593,0.0343637267611971,0.008331643147333,"Rapid City, SD",1415.94273618111,2.06666666666667,"Rapid City, SD",415.666666666667,"Rapid City, SD",156934.0,0.0027026854342506,0.0191710719434739,-0.0012293727063283,5894.81783333333,9.1,,,,,False,45.83333333333333,False,False,False,4.665301345473763,0.8214954896389806,0.034363726761197144,0.00833164314733148,0.023738756796875427,0.0038688084280802393,-0.01944327529107131,0.08591885441527425,-0.015276145710928168,83.36980306345734,0.0027026854342506734,-0.001229372706328391,-0.008510954679101124,-0.001229372706328391,-0.008510954679101124,0.027923559264880327,0.028037219242318168,1.83333333333333,-0.13821700069108367,-0.10429447852760554,0.18072497605717697,0.248115115012689
39660,"Rapid City, SD",2025,2,9.12,,395013.0,"Rapid City, SD",msa,SD,363669.047849319,0.0269534438152219,0.0014240009357469,"Rapid City, SD",1432.96558966633,2.0,"Rapid City, SD",515.666666666667,"Rapid City, SD",156934.0,0.0027026854342506,0.0191710719434739,-0.0012293727063283,5732.06048387097,9.12,,,,,False,31.982633863965248,False,False,False,4.705656522709548,0.8008915738695759,0.02695344381522191,0.0014240009357475714,0.026959364067906444,0.00865006871955587,-0.022070550547270872,0.12453760789149193,0.0532467532467531,58.089668615984394,0.0027026854342506734,0.0,0.0,0.001229372706328391,0.008510954679101124,0.020102295182121255,0.0382122604517785,1.83333333333333,0.2405773857257414,0.17514677103717968,0.09252306700317803,0.24739314525733902
39660,"Rapid City, SD",2025,3,9.06,,395013.0,"Rapid City, SD",msa,SD,363258.08303557,0.0219990482414993,-0.0011300516669736,"Rapid City, SD",1446.61593409147,1.93333333333333,"Rapid City, SD",653.333333333333,"Rapid City, SD",156934.0,0.0027026854342506,0.0191710719434739,-0.0012293727063283,6427.73875,9.06,,,,,False,30.17241379310345,False,False,False,4.723124954118025,0.7694575121455003,0.02199904824149934,-0.0011300516669741079,0.01780856630124883,0.003712219819737017,-0.022163329456682257,0.06338028169014098,0.09370988446726569,59.25233644859813,0.0027026854342506734,0.0,0.0,0.0,0.0,0.012462277885906925,0.04254735498987472,1.7,0.2669683257918538,0.20649458784346497,0.1595155481803856,0.24344959483489204
39660,"Rapid City, SD",2025,4,8.4,,395013.0,"Rapid City, SD",msa,SD,367126.044984268,0.0193662449052214,0.0106479721424917,"Rapid City, SD",1454.1678440847,2.15,"Rapid City, SD",607.666666666667,"Rapid City, SD",156934.0,0.0027026854342506,0.0191710719434739,-0.0012293727063283,6777.5671875,8.4,,,,,False,10.964332892998673,False,False,False,4.785745363604717,0.753760790933625,0.01936624490522143,0.010647972142492579,0.029785675101809073,0.0132582580590197,-0.020218234955475884,-0.024390243902438935,0.07089552238805985,52.12014134275618,0.0027026854342506734,0.0,0.0,0.0,0.0,0.02722176609630944,0.022330279818843835,1.83333333333333,-0.06989795918367259,-0.0013802622498282346,0.14737055805338306,0.3229933232101212
39820,"Redding, CA",2019,2,2.65,,395018.0,"Redding, CA",msa,CA,278082.043822308,0.0554296335501567,0.0253402927031696,"Redding, CA",1123.27801414959,4.33333333333333,"Redding, CA",997.0,"Redding, CA",180080.0,0.0020644486364065,0.0084504202810087,0.000252692849937342,2882.32777777778,2.65,,54667.0,1486.0,5.086835637995646,True,13.733905579399131,True,True,False,5.175868347181298,1.0193391324736547,0.05542963355015673,0.02534029270316629,0.07082253697029839,0.015167043702886795,0.001481063585589777,0.031128404669260812,0.04048582995951411,14.732142857142838,0.002064448636406535,0.0,0.0,-0.00025269284993734153,0.0027410551402771155,0.0813433035750013,0.04851154370742794,4.66666666666667,0.0868459302325586,0.14468864468864817,0.06629220382021028,0.12725771232385252
39820,"Redding, CA",2025,2,5.19,,395018.0,"Redding, CA",msa,CA,377413.857938574,0.0046039712447971,-0.0037971685260772,"Redding, CA",1623.03255476978,5.13333333333333,"Redding, CA",726.333333333333,"Redding, CA",181648.0,0.0014113081062008,0.0038185867360753,-0.0024460205415204,5732.06048387097,5.19,,,,,False,30.075187969924812,False,False,False,5.172149052797786,0.0853134148021395,0.004603971244797167,-0.0037971685260765886,0.015361604338826496,0.005887326849670638,-0.02093395275793784,0.10897435897435903,0.026315789473684292,49.04458598726114,0.001411308106200826,0.0,0.0,0.002446020541520433,-0.00530518642608846,0.05195376661441564,0.04262795148026899,4.9,0.1658640984483677,0.13162819713038165,0.09252306700317803,0.24739314525733902
39820,"Redding, CA",2025,3,5.27,,395018.0,"Redding, CA",msa,CA,375118.253292974,-0.0045355716484125,-0.0060824598708123,"Redding, CA",1629.71183302819,5.5,"Redding, CA",864.333333333333,"Redding, CA",181648.0,0.0014113081062008,0.0038185867360753,-0.0024460205415204,6427.73875,5.27,,,,,False,19.501133786848058,False,False,False,5.187887285616361,0.027266020302442406,-0.004535571648412562,-0.006082459870812684,0.005265735239699643,0.003042880755739441,-0.01679933565111155,0.06464646464646462,0.03556485355648542,47.76119402985075,0.001411308106200826,0.0,0.0,0.0,0.0,0.049589329518574976,0.03913891276656423,5.3,0.18999541073887105,0.1267916207276727,0.1595155481803856,0.24344959483489204
39820,"Redding, CA",2025,4,4.9,,395018.0,"Redding, CA",msa,CA,373547.50812579,-0.0116021857820485,-0.004187333336607,"Redding, CA",1645.47217054905,5.3,"Redding, CA",783.0,"Redding, CA",181648.0,0.0014113081062008,0.0038185867360753,-0.0024460205415204,6777.5671875,4.9,,,,,False,11.363636363636353,False,False,False,5.203099695154455,-0.012708169426462135,-0.011602185782048524,-0.00418733333660859,0.009660770491084048,0.0029322937644136182,-0.012382425650678094,0.016597510373443924,0.04103671706263512,38.90489913544668,0.001411308106200826,0.0,0.0,0.0,0.0,0.061983227636036364,0.04285995303284729,5.1,-0.09409949865021183,0.001956947162427447,0.14737055805338306,0.3229933232101212
41540,"Salisbury, MD",2019,2,4.77,,395051.0,"Salisbury, MD",msa,DE,282206.594385068,0.0367094006630546,0.0134095260197995,"Salisbury, MD",1256.43318712594,4.2,"Salisbury, MD",4452.0,"Salisbury, MD-DE",415726.0,0.0139683267520165,0.0427665573046785,-0.000491472087537526,2882.32777777778,4.77,,60446.0,1117.0,4.668738946912417,False,3.4707158351409806,False,False,False,4.629250026812697,0.15867067722488226,0.036709400663054614,0.013409526019802387,0.03383046476799256,0.009821951382069427,0.0017906111851987375,-0.0041753653444677186,0.06444444444444453,0.20920502092049986,0.013968326752016536,0.0,0.0,0.0004914720875375256,-0.0007168095449889833,0.02878432844579537,0.019499752508951085,4.9,0.06515671106148746,0.08688815969373875,0.06629220382021028,0.12725771232385252
41540,"Salisbury, MD",2019,3,4.66,,395051.0,"Salisbury, MD",msa,DE,284579.620258698,0.0395552423774412,0.0084088250269327,"Salisbury, MD",1273.5862456035,4.4,"Salisbury, MD",4345.33333333333,"Salisbury, MD-DE",415726.0,0.0139683267520165,0.0427665573046785,-0.000491472087537526,2957.8528125,4.66,,60446.0,1117.0,4.70799755581342,False,4.01785714285714,False,False,False,4.655397180892522,0.13504807272287422,0.039555242377441235,0.008408825026930522,0.030336382550473884,0.005648248404899414,0.0018725489956019545,0.028697571743929284,0.013422818791946511,-4.430379746835444,0.013968326752016536,0.0,0.0,0.0,0.0,0.045743057778312,0.026419575762767655,4.86666666666667,-0.02395926924228875,-0.03094534247436942,0.037988254372415486,0.15500598332389925
41540,"Salisbury, MD",2019,4,4.6,,395051.0,"Salisbury, MD",msa,DE,286808.644259493,0.0403174877755545,0.0078326901932341,"Salisbury, MD",1282.84156270786,4.0,"Salisbury, MD",3912.33333333333,"Salisbury, MD-DE",415726.0,0.0139683267520165,0.0427665573046785,-0.000491472087537526,3082.755625,4.6,,60446.0,1117.0,4.744873842098617,False,-1.0752688172043112,False,False,False,4.688423716307128,0.1164669039851054,0.04031748777555455,0.007832690193235514,0.02690901499285392,0.007094246555408468,0.001561881627061692,-0.03157894736842115,-0.0165631469979296,-2.4640657084188944,0.013968326752016536,0.0,0.0,0.0,0.0,0.047030401868295435,0.027721180248184485,4.66666666666667,-0.09964713102178602,-0.10826247809437262,0.14221561000009708,0.036741721225998614
41540,"Salisbury, MD",2020,1,4.85,,395051.0,"Salisbury, MD",msa,DE,291265.75471907,0.0459411520089934,0.0155403630566477,"Salisbury, MD",1312.63829588041,5.16666666666667,"Salisbury, MD",3445.33333333333,"Salisbury, MD",128134.0,-0.691782568326253,-0.682958270960399,-0.70575089507827,3055.86919354839,4.85,,62799.0,1135.0,4.63806357934155,False,2.972399150743099,False,False,False,4.606961773143219,0.055391481810224796,0.0459411520089934,0.01554036305664619,0.03303934205690995,0.010080153362854505,0.001477649829696822,-0.012219959266802527,0.0,3.586497890295348,-0.6917825683262533,-0.7057508950782698,-0.0004914720875375256,-0.7057508950782698,-0.0004914720875375256,0.05678207068763741,0.0326267645254219,5.26666666666667,-0.1193661071824147,-0.08734260135381022,0.12306660146926007,-0.004562795426326538
41540,"Salisbury, MD",2020,2,4.65,,395051.0,"Salisbury, MD",msa,DE,294414.332850666,0.0432581616039089,0.0108099839427849,"Salisbury, MD",1309.17278801265,9.63333333333333,"Salisbury, MD",3362.66666666667,"Salisbury, MD",128134.0,-0.691782568326253,-0.682958270960399,-0.70575089507827,2931.68761904762,4.65,,62799.0,1135.0,4.688200972159843,False,3.3333333333333437,False,False,False,4.668738946912417,0.08312542880227447,0.04325816160390894,0.010809983942783985,0.036709400663054614,0.013409526019802387,0.0013096230354732647,-0.0251572327044024,-0.0041753653444677186,3.4707158351409806,-0.6917825683262533,0.0,0.0,0.7057508950782698,0.0004914720875375256,0.0419756509356064,0.02878432844579537,4.2,-0.02399380804953355,0.06515671106148746,0.017124992393438232,0.06629220382021028
41540,"Salisbury, MD",2020,3,4.74,,395051.0,"Salisbury, MD",msa,DE,297775.874746697,0.0463710453896977,0.0114177250254162,"Salisbury, MD",1344.00737069491,7.0,"Salisbury, MD",2972.66666666667,"Salisbury, MD",128134.0,-0.691782568326253,-0.682958270960399,-0.70575089507827,3319.8340625,4.74,,62799.0,1135.0,4.741729561723865,False,6.040268456375841,False,False,False,4.70799755581342,0.08766163945539063,0.04637104538969772,0.011417725025418823,0.039555242377441235,0.008408825026930522,0.0009636334188200244,0.017167381974249052,0.028697571743929284,4.01785714285714,-0.6917825683262533,0.0,0.0,0.0,0.0,0.05529356597129409,0.045743057778312,4.4,-0.11597938144329889,-0.02395926924228875,0.12237973724394036,0.037988254372415486
41540,"Salisbury, MD",2020,4,4.95,,395051.0,"Salisbury, MD",msa,DE,310437.780173834,0.0823864147307997,0.0425215959416065,"Salisbury, MD",1349.47037665151,6.33333333333333,"Salisbury, MD",2420.66666666667,"Salisbury, MD",128134.0,-0.691782568326253,-0.682958270960399,-0.70575089507827,3554.5015625,4.95,,62799.0,1135.0,4.94335547021185,False,2.4844720496894457,False,False,False,4.744873842098617,0.07301015395749566,0.08238641473079977,0.04252159594160476,0.04031748777555455,0.007832690193235514,0.0004320512790531357,0.07608695652173925,-0.03157894736842115,-1.0752688172043112,-0.6917825683262533,0.0,0.0,0.0,0.0,0.051938459027635275,0.047030401868295435,4.0,-0.18569185916124675,-0.09964713102178602,0.15302735438200687,0.14221561000009708
41540,"Salisbury, MD",2021,1,4.87,,395051.0,"Salisbury, MD",msa,DE,327407.584038642,0.1240854056270066,0.054664106460578,"Salisbury, MD",1394.64872029736,6.93333333333333,"Salisbury, MD",1880.0,"Salisbury, MD",128168.0,0.000265347214634781,-0.687394359498438,0.692047915540888,3865.7068852459,4.87,,66491.0,1209.0,4.92408873439476,False,-0.8146639511201648,False,False,False,4.63806357934155,-0.06266039972450876,0.12408540562700665,0.05466410646057818,0.0459411520089934,0.01554036305664619,0.00036039187996873595,0.004123711340206171,-0.012219959266802527,2.972399150743099,0.0002653472146347813,0.6920479155408881,-0.7057508950782698,0.6920479155408881,-0.7057508950782698,0.06247754973653574,0.05678207068763741,5.16666666666667,-0.2233544478105216,-0.1193661071824147,0.26501058795554977,0.12306660146926007
41540,"Salisbury, MD",2021,2,5.16,,395051.0,"Salisbury, MD",msa,DE,345235.630536889,0.1726182865968035,0.0544521488425347,"Salisbury, MD",1504.97107146446,5.83333333333333,"Salisbury, MD",1894.66666666667,"Salisbury, MD",128168.0,0.000265347214634781,-0.687394359498438,0.692047915540888,4183.62634920635,5.16,,66491.0,1209.0,5.192215947073875,True,7.724425887265141,True,True,False,4.688200972159843,-0.035846503943014696,0.17261828659680356,0.05445214884253535,0.04325816160390894,0.010809983942783985,0.0004684699586037375,0.10967741935483866,-0.0251572327044024,3.3333333333333437,0.0002653472146347813,0.0,0.0,-0.6920479155408881,0.7057508950782698,0.1495587788293673,0.0419756509356064,9.63333333333333,0.007801418439718155,-0.02399380804953355,0.42703687869904483,0.017124992393438232
41540,"Salisbury, MD",2025,2,9.69,,395051.0,"Salisbury, MD",msa,DE,428282.782155323,0.0010601115975317,-0.0043290672905985,"Salisbury, MD",1875.52558948924,4.13333333333333,"Salisbury, MD",2803.0,"Salisbury, MD",131872.0,0.0036531904529957,0.0204046891322009,-0.0022570836244808,5732.06048387097,9.69,,,,,False,44.196428571428555,False,False,False,5.7969870114778725,1.1282480645654553,0.001060111597531721,-0.004329067290598676,0.02745914815418171,0.00651519126796285,-0.021324440767609053,0.10113636363636358,0.05011933174224348,70.54263565891475,0.003653190452995725,0.0,0.0,0.002257083624480849,0.004806636976030676,0.04082419483079236,0.019836686954902705,3.3,0.2567628157226145,0.17334542157751787,0.09252306700317803,0.24739314525733902
41540,"Salisbury, MD",2025,3,9.76,,395051.0,"Salisbury, MD",msa,DE,425972.861984101,-0.0023476700107085,-0.005393446263698,"Salisbury, MD",1913.8149102493,4.66666666666667,"Salisbury, MD",2985.0,"Salisbury, MD",131872.0,0.0036531904529957,0.0204046891322009,-0.0022570836244808,6427.73875,9.76,,,,,False,24.331210191082796,False,False,False,5.785415828771009,1.0774182729575887,-0.002347670010708569,-0.00539344626369842,0.010641619500376676,-0.0019960684203627066,-0.01943305809541244,0.100338218714769,-0.06925498426023091,57.26950354609927,0.003653190452995725,0.0,0.0,0.0,0.0,0.03396326965506824,0.04216498761838894,3.83333333333333,0.06493043168034252,0.08020398701900788,0.1595155481803856,0.24344959483489204
41540,"Salisbury, MD",2025,4,9.96,,395051.0,"Salisbury, MD",msa,DE,425576.171147304,-0.0090084894673119,-0.000931258472546381,"Salisbury, MD",1910.24026365855,4.2,"Salisbury, MD",2955.66666666667,"Salisbury, MD",131872.0,0.0036531904529957,0.0204046891322009,-0.0022570836244808,6777.5671875,9.96,,,,,False,27.040816326530614,False,False,False,5.818877812087166,1.0740039699885493,-0.00900848946731192,-0.00093125847254516,0.008510545067172304,0.0057838510327554715,-0.01654580155766527,0.056203605514316024,0.13751507840772015,61.472602739726035,0.003653190452995725,0.0,0.0,0.0,0.0,0.04072591197636499,0.05475864213797421,3.83333333333333,-0.00982691233947397,0.04077253218884125,0.14737055805338306,0.3229933232101212
41620,"Salt Lake City-Murray, UT",2019,2,0.8,477.08,395053.0,"Salt Lake City, UT",msa,UT,360085.893570627,0.0755434593549688,0.0138487594130958,"Salt Lake City, UT",1212.34242703165,2.6,"Salt Lake City, UT",4033.33333333333,"Salt Lake City, UT",1232696.0,0.0115001382642381,0.0404947662783053,-0.000521070749177399,2882.32777777778,0.8,,74842.0,709.0,4.811281012942292,False,19.402985074626855,False,False,False,4.700781634354938,0.9653819431798518,0.07554345935496887,0.013848759413096046,0.09223686628741623,0.019907241645037654,0.0009167732490865385,0.012658227848101333,0.08219178082191791,25.396825396825395,0.011500138264238124,0.0,0.0,0.0005210707491773992,0.004424857191201337,0.051916974238952696,0.0589890782575786,2.93333333333333,0.19282334384858069,0.2557817998994456,0.06629220382021028,0.12725771232385252
41620,"Salt Lake City-Murray, UT",2019,3,0.79,487.37,395053.0,"Salt Lake City, UT",msa,UT,362431.633553202,0.0604845203944874,0.0065143901065252,"Salt Lake City, UT",1229.58015104137,2.43333333333333,"Salt Lake City, UT",4580.0,"Salt Lake City, UT",1232696.0,0.0115001382642381,0.0404947662783053,-0.000521070749177399,2957.8528125,0.79,,74842.0,709.0,4.842623574372705,False,19.696969696969703,False,False,False,4.798590563844021,0.9140320256397843,0.060484520394487484,0.006514390106522994,0.09040563035982108,0.02080695022595025,-0.00024765335098057736,-0.024691358024691357,0.08000000000000007,24.615384615384617,0.011500138264238124,0.0,0.0,0.0,0.0,0.050921276210303956,0.05604163865708989,2.86666666666667,0.13553719008264564,0.2617355620058066,0.037988254372415486,0.15500598332389925
41620,"Salt Lake City-Murray, UT",2019,4,0.81,497.92,395053.0,"Salt Lake City, UT",msa,UT,368785.825379405,0.0580743512245776,0.0175321115430995,"Salt Lake City, UT",1216.25850623722,2.1,"Salt Lake City, UT",3993.66666666667,"Salt Lake City, UT",1232696.0,0.0115001382642381,0.0404947662783053,-0.000521070749177399,3082.755625,0.81,,74842.0,709.0,4.927524991039857,False,19.11764705882353,False,False,False,4.893842251834978,0.9178797124903988,0.0580743512245776,0.01753211154310086,0.08867491206506628,0.019849930250071868,-0.0003995508941746565,0.0,0.08000000000000007,20.895522388059696,0.011500138264238124,0.0,0.0,0.0,0.0,0.03685803284589784,0.05969031744128128,2.5,-0.12802037845705894,0.016024115500554492,0.14221561000009708,0.036741721225998614
41620,"Salt Lake City-Murray, UT",2020,1,0.81,513.66,395053.0,"Salt Lake City, UT",msa,UT,379516.520767116,0.0685571432446188,0.0290973639691041,"Salt Lake City, UT",1225.36543800177,2.7,"Salt Lake City, UT",2820.0,"Salt Lake City-Murray, UT",1260358.0,0.0224402447967706,0.0466307646953799,0.0109401065325325,3055.86919354839,0.81,,77102.0,910.0,4.922265580232886,False,9.459459459459474,False,False,False,4.745560882007175,0.786261503175941,0.06855714324461881,0.029097363969104117,0.08197061219969415,0.019001681484492883,-0.0002541741449668397,-0.012195121951219412,0.03797468354430378,20.58823529411764,0.022440244796770648,0.010940106532532523,-0.0005210707491773992,0.010940106532532523,-0.0005210707491773992,0.035156740400589914,0.05576415237266086,2.83333333333333,-0.2938819798013528,-0.2079950031230483,0.12306660146926007,-0.004562795426326538
41620,"Salt Lake City-Murray, UT",2020,2,0.82,517.98,395053.0,"Salt Lake City, UT",msa,UT,388936.766427951,0.0801221968770768,0.0248217011522822,"Salt Lake City, UT",1241.55531232102,8.93333333333333,"Salt Lake City, UT",3346.33333333333,"Salt Lake City-Murray, UT",1260358.0,0.0224402447967706,0.0466307646953799,0.0109401065325325,2931.68761904762,0.82,,77102.0,910.0,5.044444585457589,True,12.328767123287676,True,True,False,4.811281012942292,0.8118761256823497,0.08012219687707689,0.02482170115228155,0.07554345935496887,0.013848759413096046,-0.0001628555518647025,0.02499999999999991,0.012658227848101333,19.402985074626855,0.022440244796770648,0.0,0.0,-0.010940106532532523,0.0005210707491773992,0.02409623274580608,0.051916974238952696,2.6,0.18664302600472693,0.19282334384858069,0.017124992393438232,0.06629220382021028
41620,"Salt Lake City-Murray, UT",2025,2,2.21,796.72,395053.0,"Salt Lake City, UT",msa,UT,559534.218452196,0.0167191824866375,-0.0040339048619368,"Salt Lake City, UT",1631.47910634995,3.53333333333333,"Salt Lake City, UT",3788.66666666667,"Salt Lake City-Murray, UT",1308377.0,0.0046802459068005,0.0263591614206429,-0.0065849207566306,5732.06048387097,2.21,,,,,False,37.267080745341595,False,False,False,5.6108917849427415,0.7996107720004497,0.016719182486637507,-0.004033904861936444,0.025033893706176924,0.0072597546865862395,-0.029451011353734846,0.11055276381909551,-0.03398058252427183,93.20388349514563,0.004680245906800495,0.0,0.0,0.006584920756630641,-0.0010672886065190568,0.005988068851379591,0.008862694606312171,3.3,0.2702279839070181,0.1578947368421053,0.09252306700317803,0.24739314525733902
41620,"Salt Lake City-Murray, UT",2025,3,2.18,797.43,395053.0,"Salt Lake City, UT",msa,UT,559835.479541808,0.0163475545379063,0.000538414058832704,"Salt Lake City, UT",1637.80475463704,3.73333333333333,"Salt Lake City, UT",4394.33333333333,"Salt Lake City-Murray, UT",1308377.0,0.0046802459068005,0.0263591614206429,-0.0065849207566306,6427.73875,2.18,,,,,False,20.441988950276247,False,False,False,5.615965497736713,0.7733419233640086,0.016347554537906372,0.0005384140588315933,0.01768423060546609,0.0009042613881071748,-0.024255726975633243,0.06862745098039214,0.025125628140703515,83.78378378378378,0.004680245906800495,0.0,0.0,0.0,0.0,-0.00015019971308749547,0.01501082030120271,3.46666666666667,0.15986274854830018,0.2107226107226119,0.1595155481803856,0.24344959483489204
41620,"Salt Lake City-Murray, UT",2025,4,2.03,797.29,395053.0,"Salt Lake City, UT",msa,UT,567212.811006251,0.0200734865563749,0.0131776776107166,"Salt Lake City, UT",1616.02496321036,3.55,"Salt Lake City, UT",4196.0,"Salt Lake City-Murray, UT",1308377.0,0.0046802459068005,0.0263591614206429,-0.0065849207566306,6777.5671875,2.03,,,,,False,0.4950495049504955,False,False,False,5.669187628187514,0.7416626371476571,0.020073486556374975,0.013177677610716865,0.019371923947650638,0.00947693330243049,-0.018344605757470465,-0.004901960784313819,0.014925373134328401,72.88135593220339,0.004680245906800495,0.0,0.0,0.0,0.0,0.0030041264040689963,0.00983198869707591,3.13333333333333,-0.04513388454828127,0.0027916827108180886,0.14737055805338306,0.3229933232101212
42680,"Sebastian-Vero Beach-West Vero Corridor, FL",2019,2,5.97,,395079.0,"Sebastian, FL",msa,FL,242034.863735383,0.0525422549581262,0.0099205118272849,"Sebastian, FL",1284.73965188148,3.93333333333333,"Sebastian, FL",2507.0,"Sebastian-Vero Beach, FL",159923.0,0.017406019581772,0.0579786846962469,-0.0016939603198105,2882.32777777778,5.97,,54740.0,1707.0,4.421535691183467,False,20.36290322580645,False,False,False,4.393775485724435,1.2597315745868936,0.052542254958126255,0.00992051182728515,0.0891213231765342,0.017775869392015364,-0.0006845683909802773,0.03287197231833905,0.07434944237918217,28.159645232815976,0.017406019581772014,0.0,0.0,0.0016939603198105058,0.0012891467795943523,0.05575552060484679,0.053411476844164696,4.5,0.08543801414345342,0.0517214759919733,0.06629220382021028,0.12725771232385252
42680,"Sebastian-Vero Beach-West Vero Corridor, FL",2019,3,5.97,,395079.0,"Sebastian, FL",msa,FL,243107.785431281,0.0394647494852431,0.0044329220978334,"Sebastian, FL",1311.67190312381,4.43333333333333,"Sebastian, FL",2152.33333333333,"Sebastian-Vero Beach, FL",159923.0,0.017406019581772,0.0579786846962469,-0.0016939603198105,2957.8528125,5.97,,54740.0,1707.0,4.441136014455261,False,20.36290322580645,False,False,False,4.468775880723537,1.2288032705401184,0.039464749485243145,0.004432922097830527,0.08441738710595637,0.017069692168564687,-0.0018089845884475765,0.010152284263959421,0.06871609403254975,33.10810810810809,0.017406019581772014,0.0,0.0,0.0,0.0,0.049416634042907415,0.07028960843077026,4.9,-0.14147054912910662,-0.09453904873752339,0.037988254372415486,0.15500598332389925
42680,"Sebastian-Vero Beach-West Vero Corridor, FL",2019,4,6.17,,395079.0,"Sebastian, FL",msa,FL,245025.163594481,0.0342833996443381,0.007886946770538,"Sebastian, FL",1358.44662566879,3.66666666666667,"Sebastian, FL",1985.33333333333,"Sebastian-Vero Beach, FL",159923.0,0.017406019581772,0.0579786846962469,-0.0016939603198105,3082.755625,6.17,,54740.0,1707.0,4.476163017801992,False,22.420634920634907,False,False,False,4.526584237424316,1.1788622692628312,0.03428339964433813,0.007886946770538472,0.07338334010996861,0.012936060846134856,-0.0025983427824329535,0.03177257525083599,0.06785714285714306,21.544715447154484,0.017406019581772014,0.0,0.0,0.0,0.0,0.06701093215931997,0.03508502109127387,4.13333333333333,-0.07759021217283568,-0.014105058365758705,0.14221561000009708,0.036741721225998614
42680,"Sebastian-Vero Beach-West Vero Corridor, FL",2020,1,6.23,,395079.0,"Sebastian, FL",msa,FL,249078.611130343,0.0393114221470374,0.0165429847138878,"Sebastian, FL",1348.58624466836,4.06666666666667,"Sebastian, FL",2213.0,"Sebastian-Vero Beach-West Vero Corridor, FL",160454.0,0.0033203479174353,0.0402811185093457,-0.0140856716643367,3055.86919354839,6.23,,57945.0,2678.0,4.298535009583968,False,13.27272727272728,False,False,False,4.378102671846347,0.9220037083289991,0.03931142214703742,0.016542984713890263,0.060729132705290345,0.011625112271438143,-0.0036386250419052457,0.04006677796327218,0.06964285714285734,20.52313883299799,0.0033203479174352957,-0.014085671664336719,-0.0016939603198105058,-0.014085671664336719,-0.0016939603198105058,0.06023906788784106,0.021567424626446785,4.13333333333333,0.11467427803895425,0.13945074823220027,0.12306660146926007,-0.004562795426326538
42680,"Sebastian-Vero Beach-West Vero Corridor, FL",2020,2,6.2,,395079.0,"Sebastian, FL",msa,FL,250263.317837011,0.0339969786775189,0.0047563566429587,"Sebastian, FL",1365.79294659381,12.5666666666667,"Sebastian, FL",2220.66666666667,"Sebastian-Vero Beach-West Vero Corridor, FL",160454.0,0.0033203479174353,0.0402811185093457,-0.0140856716643367,2931.68761904762,6.2,,57945.0,2678.0,4.318980375131781,False,15.241635687732359,False,False,False,4.421535691183467,0.8730240783947565,0.03399697867751894,0.004756356642955817,0.052542254958126255,0.00992051182728515,-0.004492883342484879,0.03852596314907886,0.03287197231833905,20.36290322580645,0.0033203479174352957,0.0,0.0,0.014085671664336719,0.0016939603198105058,0.0630892761764057,0.05575552060484679,3.93333333333333,0.003464377165237398,0.08543801414345342,0.017124992393438232,0.06629220382021028
42680,"Sebastian-Vero Beach-West Vero Corridor, FL",2020,3,6.3,,395079.0,"Sebastian, FL",msa,FL,252658.466869504,0.0392857901332932,0.009570515779915,"Sebastian, FL",1393.4817584781,9.26666666666667,"Sebastian, FL",2115.33333333333,"Sebastian-Vero Beach-West Vero Corridor, FL",160454.0,0.0033203479174353,0.0402811185093457,-0.0140856716643367,3319.8340625,6.3,,57945.0,2678.0,4.360315244965122,False,13.924050632911378,False,False,False,4.441136014455261,0.8097601854356173,0.03928579013329325,0.009570515779914857,0.039464749485243145,0.004432922097830527,-0.005663136371270324,0.055276381909547645,0.010152284263959421,20.36290322580645,0.0033203479174352957,0.0,0.0,0.0,0.0,0.06237066995142304,0.049416634042907415,4.43333333333333,-0.047433203242272626,-0.14147054912910662,0.12237973724394036,0.037988254372415486
42680,"Sebastian-Vero Beach-West Vero Corridor, FL",2020,4,6.43,,395079.0,"Sebastian, FL",msa,FL,261089.362718535,0.0655614259710908,0.0333687445882647,"Sebastian, FL",1473.00817918062,6.13333333333333,"Sebastian, FL",1611.33333333333,"Sebastian-Vero Beach-West Vero Corridor, FL",160454.0,0.0033203479174353,0.0402811185093457,-0.0140856716643367,3554.5015625,6.43,,57945.0,2678.0,4.50581349069868,False,14.821428571428562,False,False,False,4.476163017801992,0.7799427957309875,0.06556142597109083,0.033368744588264665,0.03428339964433813,0.007886946770538472,-0.006804606261269409,0.04213938411669371,0.03177257525083599,22.420634920634907,0.0033203479174352957,0.0,0.0,0.0,0.0,0.0843327601888142,0.06701093215931997,3.66666666666667,-0.23826032146233878,-0.07759021217283568,0.15302735438200687,0.14221561000009708
42680,"Sebastian-Vero Beach-West Vero Corridor, FL",2021,1,6.67,,395079.0,"Sebastian, FL",msa,FL,271190.926350548,0.0887764514177156,0.0386900620034145,"Sebastian, FL",1489.86978474268,5.5,"Sebastian, FL",1335.0,"Sebastian-Vero Beach-West Vero Corridor, FL",163928.0,0.0216510651027708,0.0428852258774581,0.0183307171853355,3865.7068852459,6.67,,61594.0,1720.0,4.402878954939572,False,19.107142857142854,False,False,False,4.298535009583968,0.6132882767928853,0.08877645141771562,0.03869006200341785,0.03931142214703742,0.016542984713890263,-0.007235776122827106,0.07062600321027279,0.04006677796327218,13.27272727272728,0.021651065102770817,0.01833071718533552,-0.014085671664336719,0.01833071718533552,-0.014085671664336719,0.10476418592647296,0.06023906788784106,4.06666666666667,-0.17149358709143403,0.11467427803895425,0.26501058795554977,0.12306660146926007
42680,"Sebastian-Vero Beach-West Vero Corridor, FL",2021,2,7.21,,395079.0,"Sebastian, FL",msa,FL,283669.565273756,0.1334843944588852,0.0460142199119102,"Sebastian, FL",1550.22703506902,5.4,"Sebastian, FL",1035.0,"Sebastian-Vero Beach-West Vero Corridor, FL",163928.0,0.0216510651027708,0.0428852258774581,0.0183307171853355,4183.62634920635,7.21,,61594.0,1720.0,4.60547399541767,False,24.740484429065734,False,False,False,4.318980375131781,0.5607157448958096,0.13348439445888527,0.04601421991190735,0.03399697867751894,0.004756356642955817,-0.007308857508821445,0.16290322580645156,0.03852596314907886,15.241635687732359,0.021651065102770817,0.0,0.0,-0.01833071718533552,0.014085671664336719,0.13503810290950424,0.0630892761764057,12.5666666666667,-0.2247191011235955,0.003464377165237398,0.42703687869904483,0.017124992393438232
42680,"Sebastian-Vero Beach-West Vero Corridor, FL",2021,3,7.8,,395079.0,"Sebastian, FL",msa,FL,304981.381950872,0.2070894980471498,0.0751290208258635,"Sebastian, FL",1669.63919036406,5.26666666666667,"Sebastian, FL",855.333333333333,"Sebastian-Vero Beach-West Vero Corridor, FL",163928.0,0.0216510651027708,0.0428852258774581,0.0183307171853355,4421.670625,7.8,,61594.0,1720.0,4.951478747132383,False,31.979695431472077,False,False,False,4.360315244965122,0.4988664581508937,0.20708949804714982,0.07512902082586481,0.03928579013329325,0.009570515779914857,-0.006759818093759907,0.23809523809523814,0.055276381909547645,13.924050632911378,0.021651065102770817,0.0,0.0,0.0,0.0,0.19817800283770293,0.06237066995142304,9.26666666666667,-0.17359098228663472,-0.047433203242272626,0.3318950711862574,0.12237973724394036
42680,"Sebastian-Vero Beach-West Vero Corridor, FL",2021,4,8.14,,395079.0,"Sebastian, FL",msa,FL,323128.979054031,0.2376183222844556,0.0595039506578221,"Sebastian, FL",1768.08454762932,4.1,"Sebastian, FL",789.0,"Sebastian-Vero Beach-West Vero Corridor, FL",163928.0,0.0216510651027708,0.0428852258774581,0.0183307171853355,4602.10890625,8.14,,61594.0,1720.0,5.2461112941850025,True,36.12040133779264,True,True,False,4.50581349069868,0.5187598141665388,0.23761832228445567,0.05950395065782188,0.06556142597109083,0.033368744588264665,-0.004967079948489736,0.2659409020217731,0.04213938411669371,14.821428571428562,0.021651065102770817,0.0,0.0,0.0,0.0,0.20032228783199302,0.0843327601888142,6.13333333333333,-0.07755261106780953,-0.23826032146233878,0.2947269329692408,0.15302735438200687
42680,"Sebastian-Vero Beach-West Vero Corridor, FL",2025,2,12.71,,395079.0,"Sebastian, FL",msa,FL,375182.521712776,-0.0453870815125787,-0.019114679094868,"Sebastian, FL",2111.87582040201,4.26666666666667,"Sebastian, FL",2300.0,"Sebastian-Vero Beach-West Vero Corridor, FL",172799.0,0.0072219631615762,0.0307127945123771,-6.43642593223248e-05,5732.06048387097,12.71,,,,,False,24.363992172211347,False,False,False,5.347873600263134,0.9263379090796668,-0.04538708151257875,-0.01911467909486797,0.012791219843057533,-0.00023444538767447565,-0.029706298499033446,0.016800000000000148,0.12309074573225498,73.37031900138697,0.007221963161576195,0.0,0.0,6.436425932232481e-05,0.008633744156793188,0.021612620273267824,0.03211081176404207,3.7,0.067615658362991,0.14821156773211763,0.09252306700317803,0.24739314525733902
42680,"Sebastian-Vero Beach-West Vero Corridor, FL",2025,3,13.04,,395079.0,"Sebastian, FL",msa,FL,367406.87905159,-0.0578019684982097,-0.0207249597494273,"Sebastian, FL",2107.66878824189,5.16666666666667,"Sebastian, FL",2013.33333333333,"Sebastian-Vero Beach-West Vero Corridor, FL",172799.0,0.0072219631615762,0.0307127945123771,-6.43642593223248e-05,6427.73875,13.04,,,,,False,23.018867924528298,False,False,False,5.306045062599366,0.8649090481441046,-0.05780196849820973,-0.020724959749427452,-9.511605174405968e-05,-0.007821526982558002,-0.032294392588901814,0.0007674597083653367,0.11272416737830904,67.05128205128206,0.007221963161576195,0.0,0.0,0.0,0.0,0.017504982779748657,0.02203121917533757,4.5,-0.12463768115942175,-0.07456503728251851,0.1595155481803856,0.24344959483489204
42680,"Sebastian-Vero Beach-West Vero Corridor, FL",2025,4,13.74,,395079.0,"Sebastian, FL",msa,FL,364381.202817414,-0.0575630322947807,-0.0082352193349967,"Sebastian, FL",2115.85240091254,5.65,"Sebastian, FL",1960.66666666667,"Sebastian-Vero Beach-West Vero Corridor, FL",172799.0,0.0072219631615762,0.0307127945123771,-6.43642593223248e-05,6777.5671875,13.74,,,,,False,20.104895104895103,False,False,False,5.261014453574587,0.7848514357725946,-0.05756303229478077,-0.00823521933499538,-0.013079281598118886,-0.008486661627166603,-0.032545360377117624,0.10539018503620268,0.021364009860312283,52.702702702702695,0.007221963161576195,0.0,0.0,0.0,0.0,-0.004591257743594701,0.007754792418214196,4.0,-0.026158940397347785,-0.026499552372429624,0.14737055805338306,0.3229933232101212
44060,"Spokane-Spokane Valley, WA",2019,2,1.4,,395113.0,"Spokane, WA",msa,WA,261830.74346553,0.1177873696814442,0.0383017558173842,"Spokane, WA",1023.20916046001,5.4,"Spokane, WA",2393.66666666667,"Spokane-Spokane Valley, WA",568521.0,0.0173470501604254,0.0508123394266491,0.0017762007967621,2882.32777777778,1.4,,56410.0,867.0,4.64156609582574,False,21.739130434782616,False,False,False,4.32752375398873,0.9126517914211933,0.11778736968144421,0.038301755817385486,0.10596760433165553,0.03592018499511429,0.003915676912325639,0.06870229007633566,0.07377049180327866,22.429906542056077,0.01734705016042537,0.0,0.0,-0.0017762007967621063,0.0014873544327991262,0.058031600168975794,0.09844967149853878,5.06666666666667,0.29224401655569965,0.2780970625798229,0.06629220382021028,0.12725771232385252
44060,"Spokane-Spokane Valley, WA",2019,3,1.39,,395113.0,"Spokane, WA",msa,WA,269183.662302691,0.1134637330828087,0.0280827176359797,"Spokane, WA",1046.01887492522,5.06666666666667,"Spokane, WA",3106.33333333333,"Spokane-Spokane Valley, WA",568521.0,0.0173470501604254,0.0508123394266491,0.0017762007967621,2957.8528125,1.39,,56410.0,867.0,4.771913885883549,False,23.008849557522137,False,False,False,4.466328279479659,1.023380545029978,0.11346373308280877,0.02808271763597947,0.11813322997972242,0.03207481538674184,0.003289059735410462,0.05303030303030298,0.07317073170731714,18.918918918918905,0.01734705016042537,0.0,0.0,0.0,0.0,0.06663189003510905,0.08533087560954722,4.86666666666667,0.29773012115303943,0.2384461653759664,0.037988254372415486,0.15500598332389925
44060,"Spokane-Spokane Valley, WA",2019,4,1.41,,395113.0,"Spokane, WA",msa,WA,274013.862011677,0.1096384134259575,0.0179438813918615,"Spokane, WA",1041.09785788365,4.66666666666667,"Spokane, WA",2295.66666666667,"Spokane-Spokane Valley, WA",568521.0,0.0173470501604254,0.0508123394266491,0.0017762007967621,3082.755625,1.41,,56410.0,867.0,4.8575405426640135,False,22.608695652173914,False,False,False,4.562144854497764,1.103309504905817,0.10963841342595759,0.017943881391859984,0.12205864607351646,0.02145309726970357,0.003308837840688328,0.04444444444444429,0.09756097560975618,15.384615384615397,0.01734705016042537,0.0,0.0,0.0,0.0,0.06375504295210943,0.08357340717881012,5.26666666666667,-0.2609722073183799,-0.14059505799294103,0.14221561000009708,0.036741721225998614
44060,"Spokane-Spokane Valley, WA",2020,1,1.45,,395113.0,"Spokane, WA",msa,WA,283852.909995802,0.1256316616666368,0.0359071176614629,"Spokane, WA",1050.58059736747,5.86666666666667,"Spokane, WA",1439.0,"Spokane-Spokane Valley, WA",587729.0,0.0337859111624725,0.0680952060756843,0.0164388610020472,3055.86919354839,1.45,,59656.0,823.0,4.758161961844609,False,15.07936507936507,False,False,False,4.470344068879808,1.0421024859408599,0.12563166166663686,0.03590711766146226,0.1152234813221873,0.021188697550112545,0.0033667493658255006,0.013986013986013957,0.06716417910447747,21.18644067796611,0.03378591116247254,0.016438861002047167,0.0017762007967621063,0.016438861002047167,0.0017762007967621063,0.053866973711138355,0.07842328846790703,7.06666666666667,-0.3731668360679551,-0.34784649689003677,0.12306660146926007,-0.004562795426326538
44060,"Spokane-Spokane Valley, WA",2020,2,1.45,,395113.0,"Spokane, WA",msa,WA,294321.892951101,0.1240921866375424,0.036881717913172,"Spokane, WA",1084.17170155094,13.0,"Spokane, WA",1633.0,"Spokane-Spokane Valley, WA",587729.0,0.0337859111624725,0.0680952060756843,0.0164388610020472,2931.68761904762,1.45,,59656.0,823.0,4.933651149106561,False,18.852459016393453,False,False,False,4.64156609582574,1.1902085284462354,0.1240921866375424,0.03688171791317507,0.11778736968144421,0.038301755817385486,0.0034839592587410507,0.03571428571428581,0.06870229007633566,21.739130434782616,0.03378591116247254,0.0,0.0,-0.016438861002047167,-0.0017762007967621063,0.05957974522386289,0.058031600168975794,5.4,0.13481584433634475,0.29224401655569965,0.017124992393438232,0.06629220382021028
44060,"Spokane-Spokane Valley, WA",2020,3,1.51,,395113.0,"Spokane, WA",msa,WA,301128.678290736,0.1186736806936057,0.0231270099257139,"Spokane, WA",1119.41746233526,8.56666666666667,"Spokane, WA",1876.66666666667,"Spokane-Spokane Valley, WA",587729.0,0.0337859111624725,0.0680952060756843,0.0164388610020472,3319.8340625,1.51,,59656.0,823.0,5.047751748201958,True,22.764227642276435,True,True,False,4.771913885883549,1.3049933433108714,0.11867368069360573,0.023127009925713704,0.11346373308280877,0.02808271763597947,0.002959754589031315,0.08633093525179869,0.05303030303030298,23.008849557522137,0.03378591116247254,0.0,0.0,0.0,0.0,0.07016946746327823,0.06663189003510905,5.06666666666667,0.1492141253317023,0.29773012115303943,0.12237973724394036,0.037988254372415486
44060,"Spokane-Spokane Valley, WA",2025,2,3.44,,395113.0,"Spokane, WA",msa,WA,419108.846166863,0.0040496075303624,-0.0065230676432096,"Spokane, WA",1514.04538522738,3.83333333333333,"Spokane, WA",1992.66666666667,"Spokane-Spokane Valley, WA",608012.0,0.0055386223400473,0.0169397408192893,6.279215230931e-05,5732.06048387097,3.44,,,,,False,34.375,False,False,False,5.386878809710523,0.7453127138847826,0.004049607530362431,-0.006523067643211644,0.015633824311682032,0.008298747173131504,-0.028592619456263752,0.10256410256410242,0.04347826086956519,72.37569060773481,0.005538622340047317,0.0,0.0,-6.279215230931001e-05,0.0003547322625032656,0.02499490582188213,0.017177667150039433,3.86666666666667,0.2795376712328814,0.2679401135776982,0.09252306700317803,0.24739314525733902
44060,"Spokane-Spokane Valley, WA",2025,3,3.52,,395113.0,"Spokane, WA",msa,WA,417803.232165758,-0.0007281283206586053,-0.0031152146108258,"Spokane, WA",1513.21856002182,4.1,"Spokane, WA",2649.33333333333,"Spokane-Spokane Valley, WA",608012.0,0.0055386223400473,0.0169397408192893,6.279215230931e-05,6427.73875,3.52,,,,,False,29.411764705882337,False,False,False,5.395773128743276,0.6238592428597265,-0.0007281283206586053,-0.003115214610824979,0.009106054285009435,0.0016511080621899321,-0.023581808550083926,0.11746031746031749,0.03960396039603964,61.53846153846154,0.005538622340047317,0.0,0.0,0.0,0.0,0.015131784910980661,0.020815688965817092,4.26666666666667,0.3295416527266606,0.3585097719869712,0.1595155481803856,0.24344959483489204
44060,"Spokane-Spokane Valley, WA",2025,4,3.19,,395113.0,"Spokane, WA",msa,WA,420949.979151873,0.0017477100160143,0.0075316482589269,"Spokane, WA",1510.01985353593,4.8,"Spokane, WA",2538.66666666667,"Spokane-Spokane Valley, WA",608012.0,0.0055386223400473,0.0169397408192893,6.279215230931e-05,6777.5671875,3.19,,,,,False,6.688963210702337,False,False,False,5.422975998882833,0.56543545621882,0.00174771001601437,0.007531648258926271,0.012455239133560836,0.005041514809925429,-0.018108731592526062,0.0,0.039087947882736174,55.60975609756098,0.005538622340047317,0.0,0.0,0.0,0.0,0.02415668625352496,0.01866863603365454,4.26666666666667,-0.04177151484649966,-0.04810430091413165,0.14737055805338306,0.3229933232101212
44140,"Springfield, MA",2019,2,1.85,,395115.0,"Springfield, MA",msa,MA,233788.735858968,0.0345454535367657,0.0094544724382248,"Springfield, MA",1219.0457082494,4.13333333333333,"Springfield, MA",2201.0,"Springfield, MA",697382.0,-0.0039363668305391,-0.0034609690713399,-0.0050101643131917,2882.32777777778,1.85,,59419.0,764.0,3.934578768726636,False,5.714285714285716,False,False,False,3.998762803842868,0.2632390595685248,0.03454545353676575,0.009454472438229056,0.04614085750268049,0.012361349210001427,0.0016682807414700011,-0.02631578947368407,0.027027027027026973,13.095238095238093,-0.003936366830539106,0.0,0.0,0.0050101643131917895,-0.001669678615084047,0.057242487188467805,0.032770611059520505,4.86666666666667,0.11105502271580003,0.2148852825965304,0.06629220382021028,0.12725771232385252
44140,"Springfield, MA",2019,3,1.85,,395115.0,"Springfield, MA",msa,MA,235415.278133018,0.0275345837230958,0.0069573166905361,"Springfield, MA",1224.43124583404,4.46666666666667,"Springfield, MA",2436.33333333333,"Springfield, MA",697382.0,-0.0039363668305391,-0.0034609690713399,-0.0050101643131917,2957.8528125,1.85,,59419.0,764.0,3.961952879264512,False,6.936416184971095,False,False,False,4.054056847293862,0.2750995874081008,0.027534583723095807,0.006957316690532123,0.04994516144952321,0.013827787784225443,0.0013660903517975283,-0.015957446808510523,0.03296703296703285,6.818181818181812,-0.003936366830539106,0.0,0.0,0.0,0.0,0.030068948679585983,0.053062270742504136,4.93333333333333,0.10692109647129944,0.2048211269768172,0.037988254372415486,0.15500598332389925
44140,"Springfield, MA",2019,4,1.85,,395115.0,"Springfield, MA",msa,MA,238085.201101133,0.0317801715891439,0.0113413325986671,"Springfield, MA",1226.18157472053,3.7,"Springfield, MA",2228.66666666667,"Springfield, MA",697382.0,-0.0039363668305391,-0.0034609690713399,-0.0050101643131917,3082.755625,1.85,,59419.0,764.0,4.006886704608509,False,6.321839080459779,False,False,False,4.083164354538213,0.2863388653779353,0.031780171589143924,0.011341332598670206,0.04657187534011431,0.0071798468400314785,0.001454083818455087,0.0,0.016483516483516425,5.113636363636376,-0.003936366830539106,0.0,0.0,0.0,0.0,0.03249958717062951,0.04579233221618306,4.16666666666667,-0.08523737857435765,-0.04562253090353263,0.14221561000009708,0.036741721225998614
44140,"Springfield, MA",2020,1,1.88,,395115.0,"Springfield, MA",msa,MA,241843.578365177,0.0442337220150059,0.0157858499674139,"Springfield, MA",1252.55309625914,4.73333333333333,"Springfield, MA",1662.0,"Springfield, MA",463651.0,-0.335154907927076,-0.33706088331639,-0.331218541096537,3055.86919354839,1.88,,61360.0,846.0,3.9413881741391297,False,1.621621621621605,False,False,False,3.8977278085886167,0.1287404841012525,0.04423372201500597,0.015785849967413723,0.03752458358209121,0.0036715693827609197,0.0012543192303995207,-0.02083333333333337,-0.035175879396984966,4.918032786885229,-0.3351549079270758,-0.3312185410965367,-0.0050101643131917895,-0.3312185410965367,-0.0050101643131917895,0.04589565492912806,0.052580175588863964,5.03333333333333,-0.2542626383487897,-0.20643610628922304,0.12306660146926007,-0.004562795426326538
44140,"Springfield, MA",2020,2,1.85,,395115.0,"Springfield, MA",msa,MA,245053.273020429,0.0481825487445908,0.0132717795401034,"Springfield, MA",1271.90943308873,17.4333333333333,"Springfield, MA",1626.33333333333,"Springfield, MA",463651.0,-0.335154907927076,-0.33706088331639,-0.331218541096537,2931.68761904762,1.85,,61360.0,846.0,3.9936974090682695,False,0.0,False,False,False,3.934578768726636,0.1456666799913373,0.048182548744590825,0.013271779540102058,0.03454545353676575,0.009454472438229056,0.0008471541115562585,0.0,-0.02631578947368407,5.714285714285716,-0.3351549079270758,0.0,0.0,0.3312185410965367,0.0050101643131917895,0.04336484225455717,0.057242487188467805,4.13333333333333,-0.021460088247093778,0.11105502271580003,0.017124992393438232,0.06629220382021028
44140,"Springfield, MA",2020,3,1.89,,395115.0,"Springfield, MA",msa,MA,249109.175417985,0.058169110320994,0.0165511047763793,"Springfield, MA",1290.86056697723,12.9666666666667,"Springfield, MA",1657.66666666667,"Springfield, MA",463651.0,-0.335154907927076,-0.33706088331639,-0.331218541096537,3319.8340625,1.89,,61360.0,846.0,4.059797513330916,False,3.8461538461538325,False,False,False,3.961952879264512,0.16129835555018568,0.05816911032099403,0.01655110477638,0.027534583723095807,0.006957316690532123,6.326031539273286e-05,0.021621621621621623,-0.015957446808510523,6.936416184971095,-0.3351549079270758,0.0,0.0,0.0,0.0,0.054253206432951284,0.030068948679585983,4.46666666666667,0.01926624308260294,0.10692109647129944,0.12237973724394036,0.037988254372415486
44140,"Springfield, MA",2020,4,1.94,,395115.0,"Springfield, MA",msa,MA,259442.34421881,0.0897037825908591,0.0414804825373714,"Springfield, MA",1312.54179396635,9.03333333333333,"Springfield, MA",1534.0,"Springfield, MA",463651.0,-0.335154907927076,-0.33706088331639,-0.331218541096537,3554.5015625,1.94,,61360.0,846.0,4.228199873187908,False,6.593406593406592,False,False,False,4.006886704608509,0.22377374250686488,0.0897037825908591,0.041480482537372465,0.031780171589143924,0.011341332598670206,-0.000610353322591428,0.048648648648648596,0.0,6.321839080459779,-0.3351549079270758,0.0,0.0,0.0,0.0,0.07043020465015792,0.03249958717062951,3.7,-0.07460285541926581,-0.08523737857435765,0.15302735438200687,0.14221561000009708
44140,"Springfield, MA",2021,1,1.99,,395115.0,"Springfield, MA",msa,MA,270779.502745363,0.1196472719093395,0.0436981810378338,"Springfield, MA",1342.77482313808,8.53333333333333,"Springfield, MA",1116.0,"Springfield, MA",462628.0,-0.0022064009351862,-0.339233122612971,0.33294850699189,3865.7068852459,1.99,,64659.0,906.0,4.187808390871541,False,0.0,False,False,False,3.9413881741391297,0.16328619685364343,0.11964727190933955,0.04369818103783163,0.04423372201500597,0.015785849967413723,-0.0006468382522965592,0.0585106382978724,-0.02083333333333337,1.621621621621605,-0.0022064009351862035,0.3329485069918896,-0.3312185410965367,0.3329485069918896,-0.3312185410965367,0.07203026135051283,0.04589565492912806,4.73333333333333,-0.27249022164276404,-0.2542626383487897,0.26501058795554977,0.12306660146926007
44140,"Springfield, MA",2021,2,2.13,,395115.0,"Springfield, MA",msa,MA,282035.072725636,0.1509133065205947,0.0415672894962726,"Springfield, MA",1379.7181430219,7.36666666666667,"Springfield, MA",1228.33333333333,"Springfield, MA",462628.0,-0.0022064009351862,-0.339233122612971,0.33294850699189,4183.62634920635,2.13,,64659.0,906.0,4.361884234609815,False,12.10526315789473,False,False,False,3.9936974090682695,0.18730900933701955,0.15091330652059476,0.04156728949627175,0.048182548744590825,0.013271779540102058,-0.000385836023895437,0.15135135135135114,0.0,0.0,-0.0022064009351862035,0.0,0.0,-0.3329485069918896,0.3312185410965367,0.08476131014404475,0.04336484225455717,17.4333333333333,0.10065710872162192,-0.021460088247093778,0.42703687869904483,0.017124992393438232
44140,"Springfield, MA",2021,3,2.25,,395115.0,"Springfield, MA",msa,MA,289782.022131785,0.1632731778970173,0.0274680355577093,"Springfield, MA",1389.88221227953,6.66666666666667,"Springfield, MA",1511.66666666667,"Springfield, MA",462628.0,-0.0022064009351862,-0.339233122612971,0.33294850699189,4421.670625,2.25,,64659.0,906.0,4.48169662586469,False,19.680851063829795,False,False,False,4.059797513330916,0.20846520361591026,0.16327317789701734,0.02746803555770949,0.05816911032099403,0.01655110477638,0.00023061986137036143,0.19047619047619047,0.021621621621621623,3.8461538461538325,-0.0022064009351862035,0.0,0.0,0.0,0.0,0.07670979177416193,0.054253206432951284,12.9666666666667,0.230664857530535,0.01926624308260294,0.3318950711862574,0.12237973724394036
44140,"Springfield, MA",2021,4,2.32,,395115.0,"Springfield, MA",msa,MA,289673.738672324,0.1165245193283377,-0.000373672109348022,"Springfield, MA",1416.89623202619,4.96666666666667,"Springfield, MA",1440.33333333333,"Springfield, MA",462628.0,-0.0022064009351862,-0.339233122612971,0.33294850699189,4602.10890625,2.32,,64659.0,906.0,4.480021940833047,False,25.40540540540539,False,False,False,4.228199873187908,0.3327038420718136,0.11652451932833774,-0.0003736721093475781,0.0897037825908591,0.041480482537372465,0.001973347110359188,0.19587628865979378,0.048648648648648596,6.593406593406592,-0.0022064009351862035,0.0,0.0,0.0,0.0,0.07950561158475034,0.07043020465015792,9.03333333333333,-0.047188533627347096,-0.07460285541926581,0.2947269329692408,0.15302735438200687
44140,"Springfield, MA",2022,1,2.57,,395115.0,"Springfield, MA",msa,MA,297824.416637613,0.099877995262007,0.0281374418083122,"Springfield, MA",1463.78171593355,5.4,"Springfield, MA",1006.66666666667,"Springfield, MA",461294.0,-0.0028835262889406,-0.33853469117356,-0.000677125353754415,4463.85548387097,2.57,,70547.0,1306.0,4.2216453802091225,False,33.85416666666667,False,False,False,4.187808390871541,0.33145038819971306,0.09987799526200702,0.028137441808312902,0.11964727190933955,0.04369818103783163,0.004664961582953486,0.29145728643216073,0.0585106382978724,0.0,-0.002883526288940619,-0.0006771253537544153,0.3329485069918896,-0.0006771253537544153,0.3329485069918896,0.09011704025897327,0.07203026135051283,8.53333333333333,-0.3010877111779642,-0.27249022164276404,0.154732010569141,0.26501058795554977
44140,"Springfield, MA",2022,2,2.9,,395115.0,"Springfield, MA",msa,MA,313199.215675586,0.1104974024995342,0.0516237023530568,"Springfield, MA",1520.01484146632,4.56666666666667,"Springfield, MA",1237.33333333333,"Springfield, MA",461294.0,-0.0028835262889406,-0.33853469117356,-0.000677125353754415,4105.66709677419,2.9,,70547.0,1306.0,4.439582344757198,False,56.75675675675676,False,False,False,4.361884234609815,0.48409194420462187,0.11049740249953421,0.051623702353057244,0.15091330652059476,0.04156728949627175,0.008133210795026843,0.3615023474178405,0.15135135135135114,12.10526315789473,-0.002883526288940619,0.0,0.0,0.0006771253537544153,-0.3329485069918896,0.10168504281398949,0.08476131014404475,7.36666666666667,0.22913907284767476,0.10065710872162192,-0.018634372653033138,0.42703687869904483
44140,"Springfield, MA",2022,3,3.13,,395115.0,"Springfield, MA",msa,MA,319540.464513229,0.1026925071559845,0.0202466945007029,"Springfield, MA",1542.25509471386,4.93333333333333,"Springfield, MA",1563.66666666667,"Springfield, MA",461294.0,-0.0028835262889406,-0.33853469117356,-0.000677125353754415,3980.35109375,3.13,,70547.0,1306.0,4.529469212202205,False,69.18918918918916,False,False,False,4.48169662586469,0.5674117275530639,0.10269250715598455,0.0202466945007016,0.16327317789701734,0.02746803555770949,0.011517088113442073,0.39111111111111097,0.19047619047619047,19.680851063829795,-0.002883526288940619,0.0,0.0,0.0,0.0,0.10963006871238745,0.07670979177416193,6.66666666666667,0.26373922413793705,0.230664857530535,-0.0998083232963558,0.3318950711862574
44140,"Springfield, MA",2022,4,3.51,,395115.0,"Springfield, MA",msa,MA,317136.541851546,0.0948059817403317,-0.0075230617985896,"Springfield, MA",1591.60995815751,4.3,"Springfield, MA",1310.0,"Springfield, MA",461294.0,-0.0028835262889406,-0.33853469117356,-0.000677125353754415,3851.97349206349,3.51,,70547.0,1306.0,4.495393735404,False,89.7297297297297,False,False,False,4.480021940833047,0.5283809375040907,0.09480598174033172,-0.007523061798589414,0.11652451932833774,-0.0003736721093475781,0.01215710530398045,0.5129310344827587,0.19587628865979378,25.40540540540539,-0.002883526288940619,0.0,0.0,0.0,0.0,0.12330735461232445,0.07950561158475034,4.96666666666667,-0.16222553826476405,-0.047188533627347096,-0.1629981883235685,0.2947269329692408
44140,"Springfield, MA",2023,1,3.72,,395115.0,"Springfield, MA",msa,MA,318177.252442182,0.0683383720997394,0.0032815852268548,"Springfield, MA",1618.28734265355,4.96666666666667,"Springfield, MA",919.0,"Springfield, MA",462133.0,0.001818796689313,-0.0032740142909214,0.0047023229782536,4000.06451612903,3.72,,70535.0,1145.0,4.510913056527709,False,97.87234042553195,False,False,False,4.2216453802091225,0.3550540082463334,0.06833837209973948,0.003281585226855288,0.09987799526200702,0.028137441808312902,0.011256451705846155,0.44747081712062275,0.29145728643216073,33.85416666666667,0.0018187966893130625,0.004702322978253681,-0.0006771253537544153,0.004702322978253681,-0.0006771253537544153,0.10555236825147918,0.09011704025897327,5.4,-0.29847328244274807,-0.3010877111779642,-0.10389918970668588,0.154732010569141
44140,"Springfield, MA",2023,2,3.53,,395115.0,"Springfield, MA",msa,MA,324862.583727327,0.0372394548517067,0.0210113426834606,"Springfield, MA",1644.90260727785,4.03333333333333,"Springfield, MA",979.0,"Springfield, MA",462133.0,0.001818796689313,-0.0032740142909214,0.0047023229782536,4206.07290322581,3.53,,70535.0,1145.0,4.605693396573715,False,90.81081081081079,False,False,False,4.439582344757198,0.5337680290622098,0.037239454851706766,0.02101134268346172,0.11049740249953421,0.051623702353057244,0.010192784001641005,0.2172413793103447,0.3615023474178405,56.75675675675676,0.0018187966893130625,0.0,0.0,-0.004702322978253681,0.0006771253537544153,0.0821622015815675,0.10168504281398949,4.56666666666667,0.06528835690968449,0.22913907284767476,0.02445541834858167,-0.018634372653033138
44140,"Springfield, MA",2023,3,3.52,,395115.0,"Springfield, MA",msa,MA,332758.050416465,0.0413643571663795,0.0243040198675688,"Springfield, MA",1667.24754803964,4.5,"Springfield, MA",1048.0,"Springfield, MA",462133.0,0.001818796689313,-0.0032740142909214,0.0047023229782536,4458.13746031746,3.52,,70535.0,1145.0,4.717630260387963,False,86.24338624338625,False,False,False,4.529469212202205,0.5839938939872913,0.04136435716637954,0.024304019867566584,0.10269250715598455,0.0202466945007016,0.007979119604141128,0.12460063897763574,0.39111111111111097,69.18918918918916,0.0018187966893130625,0.0,0.0,0.0,0.0,0.08104525234132565,0.10963006871238745,4.93333333333333,0.0704800817160367,0.26373922413793705,0.12003623683289799,-0.0998083232963558
44140,"Springfield, MA",2023,4,3.6,,395115.0,"Springfield, MA",msa,MA,337811.974439939,0.0651941036743453,0.0151879842340346,"Springfield, MA",1696.05219418679,4.3,"Springfield, MA",1041.0,"Springfield, MA",462133.0,0.001818796689313,-0.0032740142909214,0.0047023229782536,4464.90761904762,3.6,,70535.0,1145.0,4.78928155440475,False,85.56701030927836,False,False,False,4.495393735404,0.5087822386239758,0.0651941036743453,0.015187984234036556,0.09480598174033172,-0.007523061798589414,0.0051295286885317,0.025641025641025772,0.5129310344827587,89.7297297297297,0.0018187966893130625,0.0,0.0,0.0,0.0,0.06562049671402237,0.12330735461232445,4.3,-0.006679389312977069,-0.16222553826476405,0.15912210409729033,-0.1629981883235685
44140,"Springfield, MA",2024,1,3.96,,395115.0,"Springfield, MA",msa,MA,341093.387513859,0.0720231722908641,0.0097137263395119,"Springfield, MA",1716.01783665057,5.23333333333333,"Springfield, MA",802.333333333333,"Springfield, MA",463418.0,0.0027805848100006,0.0017076355084431,0.00096178812068759,4992.54098360656,3.96,,71306.0,1758.0,4.783515938544569,False,98.99497487437185,False,False,False,4.510913056527709,0.5609767941809571,0.07202317229086419,0.009713726339512618,0.06833837209973948,0.003281585226855288,0.0013872833295212755,0.06451612903225801,0.44747081712062275,97.87234042553195,0.0027805848100006525,0.00096178812068759,0.004702322978253681,0.00096178812068759,0.004702322978253681,0.060391310876082516,0.10555236825147918,4.96666666666667,-0.22926673070765324,-0.29847328244274807,0.248115115012689,-0.10389918970668588
44140,"Springfield, MA",2024,2,4.05,,395115.0,"Springfield, MA",msa,MA,347437.362259997,0.0694902388377791,0.0185989379400691,"Springfield, MA",1760.2071374805,4.76666666666667,"Springfield, MA",940.666666666667,"Springfield, MA",463418.0,0.0027805848100006,0.0017076355084431,0.00096178812068759,5246.62650793651,4.05,,71306.0,1758.0,4.872484254620887,False,90.14084507042253,False,False,False,4.605693396573715,0.6069305927308468,0.06949023883777916,0.018598937940068394,0.037239454851706766,0.02101134268346172,-0.0035401460938710503,0.14730878186968832,0.2172413793103447,90.81081081081079,0.0027805848100006525,0.0,0.0,-0.00096178812068759,-0.004702322978253681,0.07009808951149243,0.0821622015815675,4.03333333333333,0.17241379310344906,0.06528835690968449,0.24739314525733902,0.02445541834858167
44140,"Springfield, MA",2024,3,3.65,,395115.0,"Springfield, MA",msa,MA,352886.998967745,0.0604912443923972,0.0156852350947521,"Springfield, MA",1767.53983317333,5.26666666666667,"Springfield, MA",1161.66666666667,"Springfield, MA",463418.0,0.0027805848100006,0.0017076355084431,0.00096178812068759,5543.46921875,3.65,,71306.0,1758.0,4.948910315650085,False,62.22222222222222,False,False,False,4.717630260387963,0.6635734130941016,0.06049124439239728,0.015685235094750283,0.04136435716637954,0.024304019867566584,-0.0077784656790101945,0.03693181818181812,0.12460063897763574,86.24338624338625,0.0027805848100006525,0.0,0.0,0.0,0.0,0.06015440553600704,0.08104525234132565,4.5,0.23493975903614772,0.0704800817160367,0.24344959483489204,0.12003623683289799
44140,"Springfield, MA",2024,4,3.74,,395115.0,"Springfield, MA",msa,MA,358332.850967541,0.0607464450057571,0.0154322828999807,"Springfield, MA",1790.8807225026,4.66666666666667,"Springfield, MA",1256.66666666667,"Springfield, MA",463418.0,0.0027805848100006,0.0017076355084431,0.00096178812068759,5907.04296875,3.74,,71306.0,1758.0,5.025283299687838,True,61.20689655172416,True,True,False,4.78928155440475,0.7061171998665365,0.0607464450057571,0.01543228289998222,0.0651941036743453,0.015187984234036556,-0.00954934660189375,0.03888888888888897,0.025641025641025772,85.56701030927836,0.0027805848100006525,0.0,0.0,0.0,0.0,0.055911326691969965,0.06562049671402237,4.3,0.08177905308464828,-0.006679389312977069,0.3229933232101212,0.15912210409729033
44140,"Springfield, MA",2025,2,4.54,,395115.0,"Springfield, MA",msa,MA,360803.601339123,0.0384709318312279,-0.000936118146190767,"Springfield, MA",1834.79523763294,5.16666666666667,"Springfield, MA",1113.33333333333,"Springfield, MA",464338.0,0.0019852487387197,0.0065988285128355,-0.000795336071280905,5732.06048387097,4.54,,,,,False,56.55172413793104,False,False,False,4.872484254620887,0.9379054858942513,0.03847093183122796,-0.0009361181461909895,0.06949023883777916,0.018598937940068394,-0.007844068836789203,0.12098765432098779,0.14730878186968832,90.14084507042253,0.001985248738719747,0.0,0.0,0.0007953360712809054,-0.00096178812068759,0.04237461521670838,0.07009808951149243,4.76666666666667,0.17192982456140005,0.17241379310344906,0.09252306700317803,0.24739314525733902
44140,"Springfield, MA",2025,3,4.09,,395115.0,"Springfield, MA",msa,MA,361063.987155684,0.0231716901213647,0.000721682975433513,"Springfield, MA",1858.55244997398,5.66666666666667,"Springfield, MA",1326.66666666667,"Springfield, MA",464338.0,0.0019852487387197,0.0065988285128355,-0.000795336071280905,6427.73875,4.09,,,,,False,30.670926517571885,False,False,False,4.948910315650085,0.9869574363855733,0.023171690121364774,0.0007216829754319587,0.06049124439239728,0.015685235094750283,-0.005377941440392198,0.1205479452054794,0.03693181818181812,62.22222222222222,0.001985248738719747,0.0,0.0,0.0,0.0,0.05149112630590724,0.06015440553600704,5.26666666666667,0.19161676646707226,0.23493975903614772,0.1595155481803856,0.24344959483489204
44140,"Springfield, MA",2025,4,3.99,,395115.0,"Springfield, MA",msa,MA,363614.391155442,0.0147392017607099,0.007063579006725,"Springfield, MA",1877.54020077889,5.5,"Springfield, MA",1299.66666666667,"Springfield, MA",464338.0,0.0019852487387197,0.0065988285128355,-0.000795336071280905,6777.5671875,3.99,,,,,False,13.675213675213694,False,False,False,5.025283299687838,1.018396595079329,0.014739201760709975,0.007063579006726828,0.0607464450057571,0.01543228289998222,-0.004308182881885543,0.0668449197860963,0.03888888888888897,61.20689655172416,0.001985248738719747,0.0,0.0,0.0,0.0,0.048389307667118686,0.055911326691969965,4.66666666666667,-0.020351758793969776,0.08177905308464828,0.14737055805338306,0.3229933232101212
45900,"Traverse City, MI",2024,2,6.56,,395163.0,"Traverse City, MI",msa,MI,395276.486093984,0.0577313949295505,0.0167523438088295,"Traverse City, MI",1727.08210723762,4.13333333333333,"Traverse City, MI",688.333333333333,"Traverse City, MI",156445.0,0.0015941509385644,0.0101502521420778,-0.0010955914495929,5246.62650793651,6.56,,80889.0,2176.0,4.886653143121858,False,113.68078175895766,False,False,False,4.822274214455604,0.8928877766198688,0.057731394929550595,0.016752343808829284,0.03995397943678802,0.02281431075649265,-0.0034949257183406342,-0.010558069381598867,0.3421052631578947,165.20000000000002,0.0015941509385644093,0.0,0.0,0.0010955914495929253,0.0031472982838771646,0.05067727786516829,0.12350222159662416,3.76666666666667,0.15816040381379715,0.09030100334448155,0.24739314525733902,0.02445541834858167
45900,"Traverse City, MI",2024,3,6.41,,395163.0,"Traverse City, MI",msa,MI,399230.778766451,0.0378524399374824,0.0100038651717991,"Traverse City, MI",1721.8800335364,4.1,"Traverse City, MI",938.0,"Traverse City, MI",156445.0,0.0015941509385644,0.0101502521420778,-0.0010955914495929,5543.46921875,6.41,,80889.0,2176.0,4.935538562307001,False,91.91616766467068,False,False,False,4.963805119718368,0.9703650272494624,0.03785243993748244,0.010003865171799742,0.04721024630351334,0.029349410458348046,-0.011086166362689798,0.05950413223140494,0.10200364298724951,130.91603053435114,0.0015941509385644093,0.0,0.0,0.0,0.0,0.032681929972022905,0.12715689729204027,3.5,0.36271186440678016,0.21384750219105952,0.24344959483489204,0.12003623683289799
45900,"Traverse City, MI",2024,4,6.43,,395163.0,"Traverse City, MI",msa,MI,404723.586564629,0.0439885883577972,0.0137584777785666,"Traverse City, MI",1660.09348512457,4.3,"Traverse City, MI",890.0,"Traverse City, MI",156445.0,0.0015941509385644,0.0101502521420778,-0.0010955914495929,5907.04296875,6.43,,80889.0,2176.0,5.00344405994176,True,82.67045454545455,True,True,False,5.002522848733544,0.9659435102751859,0.04398858835779729,0.013758477778566425,0.060421985824098856,0.007800009887852344,-0.016319111290399382,0.1260945709281962,-0.07754442649434579,113.05970149253727,0.0015941509385644093,0.0,0.0,0.0,0.0,0.055540859257699804,0.07679567525048947,3.3,-0.05117270788912576,-0.08519855595667802,0.3229933232101212,0.15912210409729033
45900,"Traverse City, MI",2025,2,7.56,,395163.0,"Traverse City, MI",msa,MI,406668.884534643,0.0288213411155204,0.000813136215521482,"Traverse City, MI",1798.36847738752,4.56666666666667,"Traverse City, MI",704.0,"Traverse City, MI",156972.0,0.0033685959922016,0.0076712223242199,0.0017744450536372,5732.06048387097,7.56,,,,,False,53.036437246963544,False,False,False,4.886653143121858,0.9017309332447541,0.028821341115520482,0.0008131362155197053,0.057731394929550595,0.016752343808829284,-0.019076945548466465,0.15243902439024382,-0.010558069381598867,113.68078175895766,0.0033685959922016284,0.0,0.0,-0.0017744450536372192,0.0010955914495929253,0.04127561153645387,0.05067727786516829,4.13333333333333,0.12880812399786157,0.15816040381379715,0.09252306700317803,0.24739314525733902
45900,"Traverse City, MI",2025,3,7.63,,395163.0,"Traverse City, MI",msa,MI,405790.765228932,0.0164315649278099,-0.0021592979918204,"Traverse City, MI",1841.88640616171,3.96666666666667,"Traverse City, MI",976.0,"Traverse City, MI",156972.0,0.0033685959922016,0.0076712223242199,0.0017744450536372,6427.73875,7.63,,,,,False,38.979963570127495,False,False,False,4.935538562307001,0.9185136543279953,0.01643156492780995,-0.0021592979918190203,0.03785243993748244,0.010003865171799742,-0.015660189765190638,0.19032761310452417,0.05950413223140494,91.91616766467068,0.0033685959922016284,0.0,0.0,0.0,0.0,0.06969496729620617,0.032681929972022905,4.1,0.38636363636363646,0.36271186440678016,0.1595155481803856,0.24344959483489204
45900,"Traverse City, MI",2025,4,7.06,,395163.0,"Traverse City, MI",msa,MI,407250.92154434,0.0062445952339063,0.0035982985334437,"Traverse City, MI",1767.78630980553,4.05,"Traverse City, MI",884.0,"Traverse City, MI",156972.0,0.0033685959922016,0.0076712223242199,0.0017744450536372,6777.5671875,7.06,,,,,False,14.05492730210014,False,False,False,5.00344405994176,0.9371560481704595,0.006244595233906303,0.0035982985334428452,0.04398858835779729,0.013758477778566425,-0.012392033045671892,0.09797822706065307,0.1260945709281962,82.67045454545455,0.0033685959922016284,0.0,0.0,0.0,0.0,0.06487154226310277,0.055540859257699804,4.3,-0.09426229508196726,-0.05117270788912576,0.14737055805338306,0.3229933232101212
46060,"Tucson, AZ",2019,2,1.09,285.31,395167.0,"Tucson, AZ",msa,AZ,223302.819091119,0.0741035576681485,0.0163205904679864,"Tucson, AZ",999.248736047405,4.53333333333333,"Tucson, AZ",5242.33333333333,"Tucson, AZ",1047279.0,0.0103467836697364,0.0300696267459553,0.000445099029087848,2882.32777777778,1.09,,53379.0,628.0,4.1833458680589555,False,5.825242718446599,False,False,False,4.073454902329251,0.5753000056672457,0.07410355766814858,0.016320590467985063,0.04372784706346988,0.011135619355055582,0.0036455233384357997,-0.00909090909090915,0.00917431192660545,12.244897959183687,0.010346783669736404,0.0,0.0,-0.0004450990290878476,-0.0003768166108228943,0.06526769315631142,0.0525825503505537,4.33333333333333,0.04159215842108699,-0.021886463968164627,0.06629220382021028,0.12725771232385252
46060,"Tucson, AZ",2019,3,1.05,295.35,395167.0,"Tucson, AZ",msa,AZ,227562.545732457,0.0728402536767931,0.0190760092446456,"Tucson, AZ",1012.07673623826,4.7,"Tucson, AZ",4620.33333333333,"Tucson, AZ",1047279.0,0.0103467836697364,0.0300696267459553,0.000445099029087848,2957.8528125,1.05,,53379.0,628.0,4.263147412511605,False,7.14285714285714,False,False,False,4.156048290648823,0.5465832292999435,0.07284025367679314,0.019076009244647363,0.056834003232012265,0.020276004104610168,0.002560762830819071,-0.05405405405405406,-0.008928571428571397,8.823529411764719,0.010346783669736404,0.0,0.0,0.0,0.0,0.06805521516080981,0.06195950933860339,4.63333333333333,-0.11864945634895407,-0.09427245566079823,0.037988254372415486,0.15500598332389925
46060,"Tucson, AZ",2019,4,1.06,301.35,395167.0,"Tucson, AZ",msa,AZ,232143.994209766,0.0722490878979436,0.0201327000564311,"Tucson, AZ",1022.43529494004,4.2,"Tucson, AZ",4348.0,"Tucson, AZ",1047279.0,0.0103467836697364,0.0300696267459553,0.000445099029087848,3082.755625,1.06,,53379.0,628.0,4.348976080664044,False,7.070707070707072,False,False,False,4.2420582601867665,0.5464171359856587,0.0722490878979436,0.02013270005642931,0.06504722723639622,0.020695132376461256,0.0018189027146743267,-0.06194690265486713,0.0366972477064218,4.629629629629606,0.010346783669736404,0.0,0.0,0.0,0.0,0.06514609358099355,0.06672199651043154,4.4,-0.058942356251352135,-0.010738349241998901,0.14221561000009708,0.036741721225998614
46060,"Tucson, AZ",2020,1,1.08,303.91,395167.0,"Tucson, AZ",msa,AZ,236444.700211209,0.0761333793713794,0.0185260274170902,"Tucson, AZ",1040.79792910795,4.7,"Tucson, AZ",4277.66666666667,"Tucson, AZ",1045245.0,-0.0019421758671758,0.0183692179685908,-0.0122889595369122,3055.86919354839,1.08,,55023.0,785.0,4.297197539414591,False,0.0,False,False,False,4.11616758264501,0.4354332343444023,0.07613337937137943,0.018526027417090418,0.06862379471634239,0.014849669040325031,0.0014916997598352843,-0.07692307692307676,0.044642857142856984,9.345794392523343,-0.0019421758671758216,-0.012288959536912225,0.0004450990290878476,-0.012288959536912225,0.0004450990290878476,0.06140024530562749,0.07291359506047201,4.66666666666667,-0.01617601962588089,0.0712309329549492,0.12306660146926007,-0.004562795426326538
46060,"Tucson, AZ",2020,2,1.06,313.79,395167.0,"Tucson, AZ",msa,AZ,239353.927311077,0.0718804549144913,0.0123040486729837,"Tucson, AZ",1047.73892876335,11.2666666666667,"Tucson, AZ",4130.0,"Tucson, AZ",1045245.0,-0.0019421758671758,0.0183692179685908,-0.0122889595369122,2931.68761904762,1.06,,55023.0,785.0,4.350070467096978,False,-2.752293577981657,False,False,False,4.1833458680589555,0.47274531023995126,0.07188045491449135,0.012304048672984624,0.07410355766814858,0.016320590467985063,0.001177754187239412,-0.02752293577981657,-0.00909090909090915,5.825242718446599,-0.0019421758671758216,0.0,0.0,0.012288959536912225,-0.0004450990290878476,0.04852664903810755,0.06526769315631142,4.53333333333333,-0.03452037715265399,0.04159215842108699,0.017124992393438232,0.06629220382021028
46060,"Tucson, AZ",2020,3,1.1,325.84,395167.0,"Tucson, AZ",msa,AZ,244742.364321104,0.0754949305622778,0.0225124236337428,"Tucson, AZ",1072.16634184424,8.2,"Tucson, AZ",3564.0,"Tucson, AZ",1045245.0,-0.0019421758671758,0.0183692179685908,-0.0122889595369122,3319.8340625,1.1,,55023.0,785.0,4.448001096288897,False,-1.7857142857142905,False,False,False,4.263147412511605,0.499180736197955,0.07549493056227785,0.022512423633742618,0.07284025367679314,0.019076009244647363,0.0004258672097215464,0.04761904761904767,-0.05405405405405406,7.14285714285714,-0.0019421758671758216,0.0,0.0,0.0,0.0,0.05937257863403134,0.06805521516080981,4.7,-0.13704600484261498,-0.11864945634895407,0.12237973724394036,0.037988254372415486
46060,"Tucson, AZ",2020,4,1.13,340.68,395167.0,"Tucson, AZ",msa,AZ,256869.656692552,0.1065100243792815,0.0495512593624265,"Tucson, AZ",1113.30574778682,6.5,"Tucson, AZ",3437.33333333333,"Tucson, AZ",1045245.0,-0.0019421758671758,0.0183692179685908,-0.0122889595369122,3554.5015625,1.13,,55023.0,785.0,4.668405152255457,False,3.66972477064218,False,False,False,4.348976080664044,0.5577679901240828,0.10651002437928159,0.04955125936242455,0.0722490878979436,0.02013270005642931,-0.0003624502052683484,0.06603773584905648,-0.06194690265486713,7.070707070707072,-0.0019421758671758216,0.0,0.0,0.0,0.0,0.0888764827432027,0.06514609358099355,4.2,-0.0355405910961476,-0.058942356251352135,0.15302735438200687,0.14221561000009708
46060,"Tucson, AZ",2021,1,1.18,356.54,395167.0,"Tucson, AZ",msa,AZ,269868.240130906,0.1413588035165971,0.0506038105306921,"Tucson, AZ",1136.40583472772,6.3,"Tucson, AZ",2900.66666666667,"Tucson, AZ",1049271.0,0.0038517285421122,0.0122685359373462,0.005793904409288,3865.7068852459,1.18,,59215.0,923.0,4.557430383026362,False,5.357142857142838,False,False,False,4.297197539414591,0.4982311354173423,0.14135880351659713,0.05060381053069274,0.07613337937137943,0.018526027417090418,-0.00015206606616170954,0.09259259259259256,-0.07692307692307676,0.0,0.0038517285421122427,0.005793904409288064,-0.012288959536912225,0.005793904409288064,-0.012288959536912225,0.09186019970438819,0.06140024530562749,4.7,-0.15612878200154967,-0.01617601962588089,0.26501058795554977,0.12306660146926007
46060,"Tucson, AZ",2021,2,1.3,377.44,395167.0,"Tucson, AZ",msa,AZ,284634.362321227,0.1891777399219405,0.0547160428480149,"Tucson, AZ",1192.01552447299,5.73333333333333,"Tucson, AZ",2648.66666666667,"Tucson, AZ",1049271.0,0.0038517285421122,0.0122685359373462,0.005793904409288,4183.62634920635,1.3,,59215.0,923.0,4.806794939140876,False,18.181818181818166,False,False,False,4.350070467096978,0.5277883974854145,0.18917773992194054,0.05471604284801468,0.07188045491449135,0.012304048672984624,0.0006057202703968415,0.2264150943396226,-0.02752293577981657,-2.752293577981657,0.0038517285421122427,0.0,0.0,-0.005793904409288064,0.012288959536912225,0.137702811023668,0.04852664903810755,11.2666666666667,-0.08687658009652943,-0.03452037715265399,0.42703687869904483,0.017124992393438232
46060,"Tucson, AZ",2021,3,1.41,396.81,395167.0,"Tucson, AZ",msa,AZ,303267.016995367,0.2391275937723564,0.06546171910583,"Tucson, AZ",1259.19324114209,4.83333333333333,"Tucson, AZ",2876.66666666667,"Tucson, AZ",1049271.0,0.0038517285421122,0.0122685359373462,0.005793904409288,4421.670625,1.41,,59215.0,923.0,5.121455999246256,True,27.027027027027017,True,True,False,4.448001096288897,0.5828786550920908,0.23912759377235648,0.06546171910583287,0.07549493056227785,0.022512423633742618,0.001579857629803965,0.28181818181818175,0.04761904761904767,-1.7857142857142905,0.0038517285421122427,0.0,0.0,0.0,0.0,0.17443832360577938,0.05937257863403134,8.2,0.08608104706770692,-0.13704600484261498,0.3318950711862574,0.12237973724394036
46060,"Tucson, AZ",2025,2,3.25,479.36,395167.0,"Tucson, AZ",msa,AZ,348904.446777207,-0.0176502357737501,-0.007097759087761,"Tucson, AZ",1463.09894759813,4.2,"Tucson, AZ",4939.0,"Tucson, AZ",1074685.0,0.0011449002101622,0.0155553077609278,-0.006568861678015,5732.06048387097,3.25,,,,,False,58.53658536585367,False,False,False,5.051174571118481,0.8678287030595255,-0.017650235773750134,-0.007097759087759559,0.04093937797047942,0.008393046739664234,-0.025668259380800168,0.15658362989323837,0.014440433212996373,116.15384615384615,0.0011449002101622252,0.0,0.0,0.00656886167801507,-0.0010847306055754569,0.007694031232884813,0.021068999808540934,3.4,0.10024504343951879,0.11427066877303949,0.09252306700317803,0.24739314525733902
46060,"Tucson, AZ",2025,3,3.09,483.2,395167.0,"Tucson, AZ",msa,AZ,345641.276336562,-0.0302993119676117,-0.0093526192365447,"Tucson, AZ",1464.12075027389,4.83333333333333,"Tucson, AZ",4758.66666666667,"Tucson, AZ",1074685.0,0.0011449002101622,0.0155553077609278,-0.006568861678015,6427.73875,3.09,,,,,False,29.831932773109248,False,False,False,5.069205709114628,0.8060582966030223,-0.03029931196761171,-0.009352619236546178,0.028398557779528932,0.003569692106712097,-0.022508490845343947,0.13602941176470584,-0.03886925795052998,92.90780141843975,0.0011449002101622252,0.0,0.0,0.0,0.0,0.0029827789497749446,0.014747282446776033,4.16666666666667,-0.036512114463116085,0.03752362948960197,0.1595155481803856,0.24344959483489204
46060,"Tucson, AZ",2025,4,2.91,482.66,395167.0,"Tucson, AZ",msa,AZ,343224.905430704,-0.0323431138657466,-0.0069909790042113,"Tucson, AZ",1452.66073208631,4.25,"Tucson, AZ",4778.0,"Tucson, AZ",1074685.0,0.0011449002101622,0.0155553077609278,-0.006568861678015,6777.5671875,2.91,,,,,False,8.178438661710041,False,False,False,5.044398889441812,0.6954228087777681,-0.03234311386574662,-0.006990979004212194,0.009691156018246216,-0.00489363050077285,-0.01878467339492694,0.07777777777777772,-0.018181818181818077,81.20805369127517,0.0011449002101622252,0.0,0.0,0.0,0.0,-0.006030326185184176,0.017509062435456135,3.76666666666667,0.004062762678620713,0.10849959005192678,0.14737055805338306,0.3229933232101212
47300,"Visalia, CA",2019,2,1.73,,395195.0,"Visalia, CA",msa,CA,234384.017257761,0.0553402331338646,0.015302980527909,"Visalia, CA",1102.49419936145,9.1,"Visalia, CA",1159.66666666667,"Visalia, CA",466195.0,0.0034568188226582,0.015155639269655,-0.0014771213211419,2882.32777777778,1.73,,49687.0,1171.0,4.717210080257633,False,13.0718954248366,False,False,False,4.673877711416831,1.2739028871920492,0.0553402331338646,0.015302980527911458,0.07556515593351953,0.0136181722869948,0.004402178692524863,0.005813953488372103,0.029940119760479167,15.436241610738243,0.0034568188226582475,0.0,0.0,0.001477121321141972,0.0017576229992528614,0.03548856518844823,0.03443796044509795,9.3,0.041304998503441936,0.04936936936936975,0.06629220382021028,0.12725771232385252
47300,"Visalia, CA",2019,3,1.72,,395195.0,"Visalia, CA",msa,CA,235989.076915092,0.0522526276954533,0.0068479910708496,"Visalia, CA",1125.43154909694,9.03333333333333,"Visalia, CA",1167.0,"Visalia, CA",466195.0,0.0034568188226582,0.015155639269655,-0.0014771213211419,2957.8528125,1.72,,49687.0,1171.0,4.7495134927665585,False,13.157894736842103,False,False,False,4.719692773828529,1.180625499736696,0.05225262769545336,0.006847991070849657,0.06835479912597209,0.009802366523151695,0.002865763138784892,-0.005780346820809301,0.048484848484848575,11.612903225806438,0.0034568188226582475,0.0,0.0,0.0,0.0,0.0474918429068929,0.03301544817969715,9.0,0.006323656223049756,0.0995879120879084,0.037988254372415486,0.15500598332389925
47300,"Visalia, CA",2019,4,1.73,,395195.0,"Visalia, CA",msa,CA,239605.413248555,0.0561060230910352,0.0153241683078582,"Visalia, CA",1123.08562844364,9.1,"Visalia, CA",1019.0,"Visalia, CA",466195.0,0.0034568188226582,0.015155639269655,-0.0014771213211419,3082.755625,1.73,,49687.0,1171.0,4.822295836910158,False,10.191082802547768,False,False,False,4.774533588294919,1.1013408963252882,0.056106023091035295,0.015324168307858432,0.05856978878800545,0.011619572945614776,0.00023074818185854588,0.0,0.02366863905325456,10.897435897435903,0.0034568188226582475,0.0,0.0,0.0,0.0,0.03989118402259706,0.03205745815211203,9.16666666666667,-0.12682090831191084,0.060899437851343,0.14221561000009708,0.036741721225998614
47300,"Visalia, CA",2020,1,1.76,,395195.0,"Visalia, CA",msa,CA,243440.168924088,0.054532352421571,0.016004461767128,"Visalia, CA",1139.8762400866,12.6666666666667,"Visalia, CA",927.333333333333,"Visalia, CA",473915.0,0.0165595941612415,0.0251066388641339,0.0131027753385833,3055.86919354839,1.76,,52534.0,1235.0,4.633954561314349,False,7.975460122699385,False,False,False,4.646110738101938,0.8805057715718769,0.05453235242157106,0.01600446176712622,0.05358898650516819,0.01752063755619182,-0.00285818535078211,-0.011235955056179803,0.02298850574712641,11.949685534591193,0.01655959416124153,0.013102775338583283,-0.001477121321141972,0.013102775338583283,-0.001477121321141972,0.04508108080920237,0.033718601690197136,11.5666666666667,-0.08995747464834836,-0.016485133941707586,0.12306660146926007,-0.004562795426326538
47300,"Visalia, CA",2020,2,1.73,,395195.0,"Visalia, CA",msa,CA,244901.951552779,0.0448747931624153,0.0060046895101653,"Visalia, CA",1153.25672654789,16.5666666666667,"Visalia, CA",907.333333333333,"Visalia, CA",473915.0,0.0165595941612415,0.0251066388641339,0.0131027753385833,2931.68761904762,1.73,,52534.0,1235.0,4.66178001965925,False,3.592814371257491,False,False,False,4.717210080257633,0.8557635767328442,0.04487479316241538,0.006004689510163974,0.0553402331338646,0.015302980527911458,-0.005006002650837725,0.0,0.005813953488372103,13.0718954248366,0.01655959416124153,0.0,0.0,-0.013102775338583283,0.001477121321141972,0.046043350809320316,0.03548856518844823,9.1,-0.02156721782890003,0.041304998503441936,0.017124992393438232,0.06629220382021028
47300,"Visalia, CA",2020,3,1.78,,395195.0,"Visalia, CA",msa,CA,248782.602041167,0.054212361408058,0.015845731174384,"Visalia, CA",1176.90534541335,12.9333333333333,"Visalia, CA",813.666666666667,"Visalia, CA",473915.0,0.0165595941612415,0.0251066388641339,0.0131027753385833,3319.8340625,1.78,,52534.0,1235.0,4.735649332644897,False,7.878787878787885,False,False,False,4.7495134927665585,0.8250945634506914,0.054212361408058074,0.0158457311743867,0.05225262769545336,0.006847991070849657,-0.006474975730139582,0.03488372093023262,-0.005780346820809301,13.157894736842103,0.01655959416124153,0.0,0.0,0.0,0.0,0.04573694096074821,0.0474918429068929,9.03333333333333,-0.10323291697281345,0.006323656223049756,0.12237973724394036,0.037988254372415486
47300,"Visalia, CA",2020,4,1.82,,395195.0,"Visalia, CA",msa,CA,260480.971225458,0.0871247343449945,0.0470224569094082,"Visalia, CA",1205.59409492795,10.9666666666667,"Visalia, CA",742.666666666667,"Visalia, CA",473915.0,0.0165595941612415,0.0251066388641339,0.0131027753385833,3554.5015625,1.82,,52534.0,1235.0,4.9583311993272545,False,7.692307692307709,False,False,False,4.822295836910158,0.851775112787581,0.08712473434499457,0.04702245690940732,0.056106023091035295,0.015324168307858432,-0.006293525229227912,0.052023121387283267,0.0,10.191082802547768,0.01655959416124153,0.0,0.0,0.0,0.0,0.07346587330001664,0.03989118402259706,9.1,-0.0872593199508398,-0.12682090831191084,0.15302735438200687,0.14221561000009708
47300,"Visalia, CA",2021,1,1.9,,395195.0,"Visalia, CA",msa,CA,273283.866178484,0.1225915073354313,0.0491509797924714,"Visalia, CA",1249.85157128863,12.3333333333333,"Visalia, CA",615.666666666667,"Visalia, CA",476987.0,0.006482175073589,0.0266859525300858,-0.0100774190876525,3865.7068852459,1.9,,57394.0,1402.0,4.761540686804962,False,9.195402298850563,False,False,False,4.633954561314349,0.5091527223152772,0.12259150733543134,0.04915097979247207,0.05453235242157106,0.01600446176712622,-0.005061719569185644,0.07954545454545459,-0.011235955056179803,7.975460122699385,0.006482175073589058,-0.010077419087652473,0.013102775338583283,-0.010077419087652473,0.013102775338583283,0.09648006277740717,0.04508108080920237,12.6666666666667,-0.17100538599640924,-0.08995747464834836,0.26501058795554977,0.12306660146926007
47300,"Visalia, CA",2021,2,2.02,,395195.0,"Visalia, CA",msa,CA,285711.813831671,0.1666375544177607,0.0454763313582147,"Visalia, CA",1323.54725827404,11.4333333333333,"Visalia, CA",626.333333333333,"Visalia, CA",476987.0,0.006482175073589,0.0266859525300858,-0.0100774190876525,4183.62634920635,2.02,,57394.0,1402.0,4.978078088853731,False,17.44186046511629,False,False,False,4.66178001965925,0.4763296364605152,0.16663755441776074,0.04547633135821583,0.04487479316241538,0.006004689510163974,-0.004445082767773712,0.16763005780346818,0.0,3.592814371257491,0.006482175073589058,0.0,0.0,0.010077419087652473,-0.013102775338583283,0.14766055797124245,0.046043350809320316,16.5666666666667,0.017325392528423578,-0.02156721782890003,0.42703687869904483,0.017124992393438232
47300,"Visalia, CA",2021,3,2.16,,395195.0,"Visalia, CA",msa,CA,299424.44831621,0.2035586325552745,0.047994635925759,"Visalia, CA",1368.27422888448,10.1333333333333,"Visalia, CA",707.666666666667,"Visalia, CA",476987.0,0.006482175073589,0.0266859525300858,-0.0100774190876525,4421.670625,2.16,,57394.0,1402.0,5.216999134338258,True,24.855491329479772,True,True,False,4.735649332644897,0.5097736535641237,0.2035586325552745,0.04799463592575792,0.054212361408058074,0.0158457311743867,-0.003477447521874134,0.2134831460674158,0.03488372093023262,7.878787878787885,0.006482175073589058,0.0,0.0,0.0,0.0,0.16260346188156527,0.04573694096074821,12.9333333333333,0.12985630654603608,-0.10323291697281345,0.3318950711862574,0.12237973724394036
47300,"Visalia, CA",2022,2,2.77,,395195.0,"Visalia, CA",msa,CA,335023.112907,0.1725910399504202,0.0439671475105188,"Visalia, CA",1506.37775613118,7.5,"Visalia, CA",771.0,"Visalia, CA",478037.0,0.0022013178556228,0.0254013878312722,-0.0042808572179662,4105.66709677419,2.77,,64474.0,1489.0,5.196251402224153,True,60.11560693641618,True,True,False,4.978078088853731,0.6191286401544156,0.17259103995042024,0.043967147510519444,0.16663755441776074,0.04547633135821583,0.006512970199712175,0.3712871287128714,0.16763005780346818,17.44186046511629,0.0022013178556228308,0.0,0.0,0.004280857217966227,0.010077419087652473,0.1381367357411616,0.14766055797124245,11.4333333333333,0.18312020460358003,0.017325392528423578,-0.018634372653033138,0.42703687869904483
47300,"Visalia, CA",2023,2,3.61,,395195.0,"Visalia, CA",msa,CA,333033.626888272,-0.005938354525648,-0.0014166021311876,"Visalia, CA",1563.23374483666,9.43333333333333,"Visalia, CA",708.333333333333,"Visalia, CA",480816.0,0.0058133575434538,0.0145616830022262,0.0036120396878309,4206.07290322581,3.61,,69489.0,1785.0,4.792609289071248,False,108.67052023121389,False,False,False,5.196251402224153,0.5943953920569625,-0.00593835452564806,-0.0014166021311855514,0.17259103995042024,0.043967147510519444,0.01558148848305768,0.30324909747292406,0.3712871287128714,60.11560693641618,0.005813357543453801,0.0,0.0,-0.00361203968783097,0.004280857217966227,0.03774351318855307,0.1381367357411616,7.5,-0.07568508046976952,0.18312020460358003,0.02445541834858167,-0.018634372653033138
47300,"Visalia, CA",2023,3,3.6,,395195.0,"Visalia, CA",msa,CA,338082.372817192,-0.0108405156098166,0.0151598683174838,"Visalia, CA",1563.08148702705,9.4,"Visalia, CA",706.0,"Visalia, CA",480816.0,0.0058133575434538,0.0145616830022262,0.0036120396878309,4458.13746031746,3.6,,69489.0,1785.0,4.865264614790715,False,102.24719101123596,False,False,False,5.30116831321387,0.6228407247032948,-0.010840515609816692,0.015159868317483172,0.1414816917862467,0.020190884325729463,0.013801906408372184,0.18032786885245922,0.41203703703703676,77.32558139534882,0.005813357543453801,0.0,0.0,0.0,0.0,0.004357558448696119,0.13741806046311544,7.83333333333333,-0.0032941176470584477,0.2031993082576744,0.12003623683289799,-0.0998083232963558
47300,"Visalia, CA",2023,4,4.0,,395195.0,"Visalia, CA",msa,CA,341551.206222887,0.0063055372881046,0.0102603202195668,"Visalia, CA",1583.08875798591,9.93333333333333,"Visalia, CA",730.666666666667,"Visalia, CA",480816.0,0.0058133575434538,0.0145616830022262,0.0036120396878309,4464.90761904762,4.0,,69489.0,1785.0,4.915183787691389,False,119.78021978021975,False,False,False,5.264308671268697,0.4878737760820959,0.006305537288104679,0.010260320219565688,0.1009821829982005,-0.006953116703217077,0.010015825785758263,0.18343195266272194,0.4889867841409692,95.37572254335261,0.005813357543453801,0.0,0.0,0.0,0.0,0.025665512158622006,0.05684576141585174,8.4,0.03493862134088799,-0.002874595759971621,0.15912210409729033,-0.1629981883235685
47300,"Visalia, CA",2024,1,3.82,,395195.0,"Visalia, CA",msa,CA,343946.979192572,0.031306497118559,0.0070143888413649,"Visalia, CA",1600.3649405249,11.4666666666667,"Visalia, CA",698.666666666667,"Visalia, CA",483851.0,0.0063121859505508,0.0143903292961862,0.00049882840709703,4992.54098360656,3.82,,71300.0,1532.0,4.82394080213986,False,101.05263157894737,False,False,False,4.799408140872037,0.1883249547139707,0.03130649711855904,0.0070143888413662925,0.03923988991834371,-0.017397681047124136,0.0034696917981240985,0.0821529745042493,0.4526748971193413,100.56818181818178,0.00631218595055083,0.0004988284070970295,0.00361203968783097,0.0004988284070970295,0.00361203968783097,0.030449814540276954,0.04176050835254275,10.4666666666667,-0.04379562043795615,-0.1715315315315319,0.248115115012689,-0.10389918970668588
47300,"Visalia, CA",2024,2,3.96,,395195.0,"Visalia, CA",msa,CA,348706.587885926,0.0470611966247842,0.0138382046690082,"Visalia, CA",1623.28128163001,10.0666666666667,"Visalia, CA",761.333333333333,"Visalia, CA",483851.0,0.0063121859505508,0.0143903292961862,0.00049882840709703,5246.62650793651,3.96,,71300.0,1532.0,4.890695482271052,False,96.03960396039604,False,False,False,4.792609289071248,0.11873157765441711,0.04706119662478425,0.013838204669008425,-0.00593835452564806,-0.0014166021311855514,-0.005146106644917333,0.09695290858725758,0.30324909747292406,108.67052023121389,0.00631218595055083,0.0,0.0,-0.0004988284070970295,-0.00361203968783097,0.03841238521858048,0.03774351318855307,9.43333333333333,0.0896946564885488,-0.07568508046976952,0.24739314525733902,0.02445541834858167
47300,"Visalia, CA",2024,3,3.74,,395195.0,"Visalia, CA",msa,CA,351396.497510266,0.0393813039766886,0.007713962734825,"Visalia, CA",1653.78022543512,10.2666666666667,"Visalia, CA",831.0,"Visalia, CA",483851.0,0.0063121859505508,0.0143903292961862,0.00049882840709703,5543.46921875,3.74,,71300.0,1532.0,4.928422124968668,False,73.14814814814814,False,False,False,4.865264614790715,0.14557184096218645,0.0393813039766886,0.007713962734825053,-0.010840515609816692,0.015159868317483172,-0.013170678127666355,0.03888888888888897,0.18032786885245922,102.24719101123596,0.00631218595055083,0.0,0.0,0.0,0.0,0.05802559825628628,0.004357558448696119,9.4,0.0915061295971984,-0.0032941176470584477,0.24344959483489204,0.12003623683289799
47300,"Visalia, CA",2024,4,4.03,,395195.0,"Visalia, CA",msa,CA,353855.610476941,0.0360250645580344,0.0069981146200892,"Visalia, CA",1656.02796558698,10.0666666666667,"Visalia, CA",796.333333333333,"Visalia, CA",483851.0,0.0063121859505508,0.0143903292961862,0.00049882840709703,5907.04296875,4.03,,71300.0,1532.0,4.9629117878953855,False,77.5330396475771,False,False,False,4.915183787691389,0.14065019939646994,0.03602506455803445,0.006998114620089924,0.006305537288104679,0.010260320219565688,-0.01858485386183827,0.007500000000000062,0.18343195266272194,119.78021978021975,0.00631218595055083,0.0,0.0,0.0,0.0,0.046073984944386304,0.025665512158622006,9.93333333333333,-0.04171680705976777,0.03493862134088799,0.3229933232101212,0.15912210409729033
47300,"Visalia, CA",2025,1,4.29,,395195.0,"Visalia, CA",msa,CA,357652.716845403,0.039848402463094,0.0107306660005881,"Visalia, CA",1672.85619843432,11.5666666666667,"Visalia, CA",792.333333333333,"Visalia, CA",485146.0,0.0026764437812467,0.0148712338166292,-0.003635742169304,5894.81783333333,4.29,,,,,False,76.54320987654319,False,False,False,4.82394080213986,0.1778300640379218,0.03984840246309407,0.010730666000587474,0.03130649711855904,0.0070143888413662925,-0.020860158962707882,0.12303664921465973,0.0821529745042493,101.05263157894737,0.0026764437812467623,-0.003635742169304068,0.0004988284070970295,-0.003635742169304068,0.0004988284070970295,0.04529670456642454,0.030449814540276954,11.4666666666667,-0.005023022185014603,-0.04379562043795615,0.18072497605717697,0.248115115012689
47300,"Visalia, CA",2025,2,4.69,,395195.0,"Visalia, CA",msa,CA,358894.402738639,0.0292160091223907,0.0034717641856278,"Visalia, CA",1692.30978914293,10.5666666666667,"Visalia, CA",928.0,"Visalia, CA",485146.0,0.0026764437812467,0.0148712338166292,-0.003635742169304,5732.06048387097,4.69,,,,,False,69.31407942238268,False,False,False,4.890695482271052,0.17348540201341933,0.02921600912239075,0.00347176418562678,0.04706119662478425,0.013838204669008425,-0.019889064318568746,0.18434343434343448,0.09695290858725758,96.03960396039604,0.0026764437812467623,0.0,0.0,0.003635742169304068,-0.0004988284070970295,0.042524058087829,0.03841238521858048,10.0666666666667,0.17122423222549488,0.0896946564885488,0.09252306700317803,0.24739314525733902
47300,"Visalia, CA",2025,3,4.36,,395195.0,"Visalia, CA",msa,CA,356819.686481838,0.0154332470869704,-0.0057808543152796,"Visalia, CA",1716.17349308464,10.5666666666667,"Visalia, CA",1001.0,"Visalia, CA",485146.0,0.0026764437812467,0.0148712338166292,-0.003635742169304,6427.73875,4.36,,,,,False,42.95081967213117,False,False,False,4.928422124968668,0.17890863220210917,0.01543324708697047,-0.0057808543152785274,0.0393813039766886,0.007713962734825053,-0.016698921030217785,0.1657754010695187,0.03888888888888897,73.14814814814814,0.0026764437812467623,0.0,0.0,0.0,0.0,0.03772766579858211,0.05802559825628628,10.2666666666667,0.07866379310344818,0.0915061295971984,0.1595155481803856,0.24344959483489204
47300,"Visalia, CA",2025,4,4.31,,395195.0,"Visalia, CA",msa,CA,357524.999220135,0.0103697345316873,0.0019766643069818,"Visalia, CA",1712.05798191106,10.4,"Visalia, CA",938.0,"Visalia, CA",485146.0,0.0026764437812467,0.0148712338166292,-0.003635742169304,6777.5671875,4.31,,,,,False,27.51479289940828,False,False,False,4.9629117878953855,0.14061595098522783,0.010369734531687325,0.0019766643069816237,0.03602506455803445,0.006998114620089924,-0.013401352620263615,0.06947890818858538,0.007500000000000062,77.5330396475771,0.0026764437812467623,0.0,0.0,0.0,0.0,0.03383397955131784,0.046073984944386304,10.0666666666667,-0.06293706293706292,-0.04171680705976777,0.14737055805338306,0.3229933232101212
48900,"Wilmington, NC",2019,2,1.93,,395229.0,"Wilmington, NC",msa,NC,269235.081810204,0.0523886322606432,0.0180910975195259,"Wilmington, NC",1133.45171339339,3.96666666666667,"Wilmington, NC",1994.0,"Wilmington, NC",297533.0,0.0110781485219507,0.0492030467592919,-0.0055950248051177,2882.32777777778,1.93,,55265.0,1319.0,4.871710518595929,False,11.560693641618492,False,False,False,4.848340320007884,0.8098430333617976,0.052388632260643275,0.018091097519527866,0.05802239713521962,0.013656828327593962,0.0008408487240597369,0.02659574468085113,0.01621621621621605,12.574850299401197,0.01107814852195066,0.0,0.0,0.005595024805117754,0.0040158738553846,0.07937393683585992,0.046756764837837084,3.96666666666667,0.154157823654252,0.08253679259596258,0.06629220382021028,0.12725771232385252
48900,"Wilmington, NC",2019,3,1.88,,395229.0,"Wilmington, NC",msa,NC,272258.53786133,0.053021670076172,0.011229799737827,"Wilmington, NC",1142.58670529806,3.96666666666667,"Wilmington, NC",2166.66666666667,"Wilmington, NC",297533.0,0.0110781485219507,0.0492030467592919,-0.0055950248051177,2957.8528125,1.88,,55265.0,1319.0,4.926418852100426,False,11.242603550295849,False,False,False,4.899838836500483,0.7921947381078258,0.05302167007617209,0.011229799737826784,0.05363412190177841,0.010621885654370944,0.00027738336909313764,-0.0505050505050505,0.05882352941176472,14.45086705202312,0.01107814852195066,0.0,0.0,0.0,0.0,0.08617713901166146,0.048519788269702824,4.3,0.08659311267134906,0.026769446391031737,0.037988254372415486,0.15500598332389925
48900,"Wilmington, NC",2019,4,1.93,,395229.0,"Wilmington, NC",msa,NC,275572.687043945,0.0544795589556454,0.0121728016636271,"Wilmington, NC",1157.94132374085,3.7,"Wilmington, NC",2028.66666666667,"Wilmington, NC",297533.0,0.0110781485219507,0.0492030467592919,-0.0055950248051177,3082.755625,1.93,,55265.0,1319.0,4.986387171698996,False,9.659090909090896,False,False,False,4.952626783350124,0.7566139194718673,0.05447955895564549,0.012172801663626664,0.052313284814636596,0.010773404720254565,0.00014525702116518482,0.005208333333333259,0.0,9.090909090909083,0.01107814852195066,0.0,0.0,0.0,0.0,0.061709385899287206,0.07869056486596882,4.4,-0.06369230769230771,-0.17294567294567165,0.14221561000009708,0.036741721225998614
48900,"Wilmington, NC",2020,1,1.95,,395229.0,"Wilmington, NC",msa,NC,280444.790708314,0.0604797222047626,0.0176799221890647,"Wilmington, NC",1162.52755483673,4.43333333333333,"Wilmington, NC",1876.66666666667,"Wilmington, NC",425198.0,0.429078455162957,0.469001233386423,0.418000306641006,3055.86919354839,1.95,,57488.0,1758.0,4.878318791892465,False,6.557377049180313,False,False,False,4.785142047175681,0.5175444807328331,0.06047972220476261,0.017679922189066666,0.04780498105168518,0.011921918956540933,0.00022856097096360847,-0.005102040816326481,-0.005076142131979711,7.1038251366120075,0.42907845516295673,0.41800030664100607,-0.005595024805117754,0.41800030664100607,-0.005595024805117754,0.043239022337370425,0.09910619164643397,4.66666666666667,-0.07492605980939848,-0.14457831325301185,0.12306660146926007,-0.004562795426326538
48900,"Wilmington, NC",2020,2,1.88,,395229.0,"Wilmington, NC",msa,NC,285159.483768371,0.0591468312788183,0.0168114838152258,"Wilmington, NC",1204.65214387219,13.1333333333333,"Wilmington, NC",1934.33333333333,"Wilmington, NC",425198.0,0.429078455162957,0.469001233386423,0.418000306641006,2931.68761904762,1.88,,57488.0,1758.0,4.960330569307873,False,1.621621621621605,False,False,False,4.871710518595929,0.5677988943526238,0.05914683127881837,0.016811483815225126,0.052388632260643275,0.018091097519527866,0.0004438603478022813,-0.025906735751295318,0.02659574468085113,11.560693641618492,0.42907845516295673,0.0,0.0,-0.41800030664100607,0.005595024805117754,0.06281734778593795,0.07937393683585992,3.96666666666667,0.03072824156305143,0.154157823654252,0.017124992393438232,0.06629220382021028
48900,"Wilmington, NC",2020,3,1.93,,395229.0,"Wilmington, NC",msa,NC,288896.875158077,0.0611122700777206,0.0131063198050312,"Wilmington, NC",1208.97276853538,7.36666666666667,"Wilmington, NC",1724.0,"Wilmington, NC",425198.0,0.429078455162957,0.469001233386423,0.418000306641006,3319.8340625,1.93,,57488.0,1758.0,5.025342248087896,True,3.208556149732611,True,True,False,4.926418852100426,0.5936278105711237,0.06111227007772069,0.01310631980503163,0.05302167007617209,0.011229799737826784,0.0003362822518924024,0.02659574468085113,-0.0505050505050505,11.242603550295849,0.42907845516295673,0.0,0.0,0.0,0.0,0.05810155406980888,0.08617713901166146,3.96666666666667,-0.10873686024469953,0.08659311267134906,0.12237973724394036,0.037988254372415486
48900,"Wilmington, NC",2021,2,2.24,,395229.0,"Wilmington, NC",msa,NC,327337.582598018,0.1479105596358401,0.0495490901899696,"Wilmington, NC",1305.90805176022,5.06666666666667,"Wilmington, NC",1097.66666666667,"Wilmington, NC",437860.0,0.0297790676343728,0.487938071110839,-0.399299387528584,4183.62634920635,2.24,,63036.0,1877.0,5.192867291674884,True,19.14893617021278,True,True,False,4.960330569307873,0.5423086725631059,0.1479105596358401,0.04954909018997,0.05914683127881837,0.016811483815225126,-0.0005433561230126549,0.19148936170212782,-0.025906735751295318,1.621621621621605,0.02977906763437277,0.0,0.0,0.39929938752858396,-0.41800030664100607,0.08405406357602674,0.06281734778593795,13.1333333333333,-0.038259345794386945,0.03072824156305143,0.42703687869904483,0.017124992393438232
48900,"Wilmington, NC",2025,2,5.4,,395229.0,"Wilmington, NC",msa,NC,448533.083948204,0.0053004208179907,-0.002396948613238,"Wilmington, NC",1651.58609398883,3.66666666666667,"Wilmington, NC",1705.33333333333,"Wilmington, NC",492772.0,0.0258090571096687,0.0848703937722084,-0.001471815912484,5732.06048387097,5.4,,,,,False,46.739130434782616,False,False,False,5.834475875922193,0.9627653573262638,0.005300420817990759,-0.00239694861323958,0.05702245299212305,0.011914792716673173,-0.016768981456781525,0.04247104247104261,0.0997876857749469,131.24999999999994,0.025809057109668743,0.0,0.0,0.0014718159124840202,0.002209112051225537,0.015833341022087444,-0.0029939326108815445,3.43333333333333,0.26196349284657194,0.12511360193880972,0.09252306700317803,0.24739314525733902
48900,"Wilmington, NC",2025,3,5.73,,395229.0,"Wilmington, NC",msa,NC,445499.542057874,-0.002693515813874,-0.0067632511377476,"Wilmington, NC",1669.56344673011,3.83333333333333,"Wilmington, NC",1803.33333333333,"Wilmington, NC",492772.0,0.0258090571096687,0.0848703937722084,-0.001471815912484,6427.73875,5.73,,,,,False,38.74092009685231,False,False,False,5.841465953892822,0.9150471017923962,-0.0026935158138740034,-0.006763251137747339,0.035965645196513574,0.0011980644224576231,-0.017438922200566188,0.1670061099796334,-0.006072874493927127,98.78542510121457,0.025809057109668743,0.0,0.0,0.0,0.0,0.009501585589995365,0.002977595665587973,3.63333333333333,0.057466770914777365,0.11335487345180129,0.1595155481803856,0.24344959483489204
48900,"Wilmington, NC",2025,4,5.43,,395229.0,"Wilmington, NC",msa,NC,444849.217818915,-0.0068094160355396,-0.0014597641020137,"Wilmington, NC",1651.91340145192,3.55,"Wilmington, NC",1743.0,"Wilmington, NC",492772.0,0.0258090571096687,0.0848703937722084,-0.001471815912484,6777.5671875,5.43,,,,,False,13.83647798742138,False,False,False,5.857111185542467,0.8707240138434713,-0.006809416035539639,-0.0014597641020122065,0.026275864318583197,0.0026783057152319767,-0.01744528499226335,0.044230769230769074,0.06339468302658502,100.0,0.025809057109668743,0.0,0.0,0.0,0.0,0.009162216184368743,0.007577309922441433,3.36666666666667,-0.033456561922364236,0.030713422007260016,0.14737055805338306,0.3229933232101212
