cbsa,year,qtr,qcew_avg_wkly_wage,qcew_employment
10180,2016,1,709,65359
10180,2016,2,718,65429
10180,2016,3,762,65580
10180,2016,4,789,65978
10420,2016,1,917,315179
10420,2016,2,851,321295
10420,2016,3,894,323535
10420,2016,4,932,322870
10500,2016,1,719,58485
10500,2016,2,715,58650
10500,2016,3,755,59662
10500,2016,4,778,61159
10540,2016,1,741,44643
10540,2016,2,763,45527
10540,2016,3,808,45437
10540,2016,4,837,45722
10580,2016,1,977,434952
10580,2016,2,1033,446632
10580,2016,3,1017,442291
10580,2016,4,1035,446274
10740,2016,1,819,366000
10740,2016,2,842,369755
10740,2016,3,872,373780
10740,2016,4,873,373975
10780,2016,1,716,61823
10780,2016,2,743,62200
10780,2016,3,767,61512
10780,2016,4,787,61077
10900,2016,1,938,342890
10900,2016,2,914,352558
10900,2016,3,942,352301
10900,2016,4,976,354914
11020,2016,1,703,57806
11020,2016,2,712,59528
11020,2016,3,783,58824
11020,2016,4,792,58305
11100,2016,1,818,115081
11100,2016,2,811,115570
11100,2016,3,849,115024
11100,2016,4,883,116443
11180,2016,1,890,44553
11180,2016,2,873,46146
11180,2016,3,900,45986
11180,2016,4,932,45039
11260,2016,1,1025,171868
11260,2016,2,1020,177211
11260,2016,3,1069,177986
11260,2016,4,1045,172151
11460,2016,1,1044,205652
11460,2016,2,1074,202526
11460,2016,3,1097,209551
11460,2016,4,1099,211655
11500,2016,1,701,43685
11500,2016,2,714,43865
11500,2016,3,741,43787
11500,2016,4,742,44128
11540,2016,1,834,118541
11540,2016,2,819,123254
11540,2016,3,858,121097
11540,2016,4,903,121031
11700,2016,1,712,182517
11700,2016,2,735,185853
11700,2016,3,767,186716
11700,2016,4,805,188689
12020,2016,1,838,83076
12020,2016,2,776,84244
12020,2016,3,825,85189
12020,2016,4,839,86446
12100,2016,1,837,121614
12100,2016,2,836,131815
12100,2016,3,845,128278
12100,2016,4,885,122698
12220,2016,1,679,55249
12220,2016,2,692,56354
12220,2016,3,704,57968
12220,2016,4,769,58331
12260,2016,1,842,218412
12260,2016,2,830,220040
12260,2016,3,883,219681
12260,2016,4,885,222113
12420,2016,1,1094,941193
12420,2016,2,1051,956731
12420,2016,3,1107,960285
12420,2016,4,1158,972798
12540,2016,1,844,295029
12540,2016,2,822,316493
12540,2016,3,861,325320
12540,2016,4,868,310503
12580,2016,1,1080,1294453
12580,2016,2,1044,1322521
12580,2016,3,1104,1319776
12580,2016,4,1162,1331747
12620,2016,1,729,67936
12620,2016,2,742,70694
12620,2016,3,780,70349
12620,2016,4,783,70097
12700,2016,1,848,85589
12700,2016,2,835,106278
12700,2016,3,856,101865
12700,2016,4,942,90996
12940,2016,1,930,385933
12940,2016,2,928,382507
12940,2016,3,964,383722
12940,2016,4,1003,384921
12980,2016,1,999,55910
12980,2016,2,902,57876
12980,2016,3,960,57140
12980,2016,4,977,57051
13020,2016,1,778,34228
13020,2016,2,763,35411
13020,2016,3,815,35374
13020,2016,4,851,34707
13140,2016,1,1032,159247
13140,2016,2,985,159866
13140,2016,3,1020,158617
13140,2016,4,1035,157762
13220,2016,1,678,41164
13220,2016,2,713,42782
13220,2016,3,728,42284
13220,2016,4,724,41847
13380,2016,1,824,86122
13380,2016,2,806,88823
13380,2016,3,843,88221
13380,2016,4,852,88498
13460,2016,1,766,74252
13460,2016,2,797,78508
13460,2016,3,825,78638
13460,2016,4,838,78023
13740,2016,1,815,82644
13740,2016,2,840,85246
13740,2016,3,869,85186
13740,2016,4,909,83570
13780,2016,1,781,98773
13780,2016,2,822,100817
13780,2016,3,832,100665
13780,2016,4,820,101317
13820,2016,1,975,479871
13820,2016,2,922,485177
13820,2016,3,963,484930
13820,2016,4,997,488198
13900,2016,1,902,70721
13900,2016,2,895,72639
13900,2016,3,944,71901
13900,2016,4,974,71084
13980,2016,1,731,69295
13980,2016,2,742,69340
13980,2016,3,818,70279
13980,2016,4,794,69687
14010,2016,1,898,88318
14010,2016,2,1138,88622
14010,2016,3,976,89428
14010,2016,4,919,89115
14020,2016,1,828,65980
14020,2016,2,786,65512
14020,2016,3,828,68061
14020,2016,4,781,67200
14260,2016,1,786,290595
14260,2016,2,810,297626
14260,2016,3,850,300861
14260,2016,4,878,299270
14500,2016,1,1176,173752
14500,2016,2,1140,178044
14500,2016,3,1216,178361
14500,2016,4,1237,179831
14540,2016,1,750,71025
14540,2016,2,749,72534
14540,2016,3,777,73468
14540,2016,4,784,73925
14740,2016,1,884,85645
14740,2016,2,889,87002
14740,2016,3,981,86368
14740,2016,4,969,87257
14860,2016,1,1903,419224
14860,2016,2,1532,431615
14860,2016,3,1479,424322
14860,2016,4,1677,426274
15180,2016,1,588,137851
15180,2016,2,602,139355
15180,2016,3,636,138304
15180,2016,4,639,140626
15260,2016,1,763,40512
15260,2016,2,731,42522
15260,2016,3,774,41900
15260,2016,4,779,41708
15380,2016,1,874,531966
15380,2016,2,867,546621
15380,2016,3,889,545950
15380,2016,4,922,547097
15500,2016,1,712,58966
15500,2016,2,747,59160
15500,2016,3,748,60437
15500,2016,4,768,61160
15540,2016,1,935,118661
15540,2016,2,946,122261
15540,2016,3,973,121543
15540,2016,4,1004,121215
15940,2016,1,725,162527
15940,2016,2,727,166194
15940,2016,3,769,165492
15940,2016,4,793,165985
15980,2016,1,769,253573
15980,2016,2,803,242019
15980,2016,3,806,247888
15980,2016,4,843,260137
16020,2016,1,698,43355
16020,2016,2,721,43862
16020,2016,3,734,43566
16020,2016,4,770,44301
16180,2016,1,854,28041
16180,2016,2,878,28722
16180,2016,3,949,28586
16180,2016,4,960,28963
16220,2016,1,860,38849
16220,2016,2,859,39067
16220,2016,3,881,38055
16220,2016,4,929,37569
16300,2016,1,933,140465
16300,2016,2,922,144076
16300,2016,3,975,142846
16300,2016,4,1028,142472
16540,2016,1,733,58259
16540,2016,2,771,57818
16540,2016,3,830,58132
16540,2016,4,812,58593
16580,2016,1,842,96498
16580,2016,2,845,97605
16580,2016,3,882,98275
16580,2016,4,929,97844
16620,2016,1,844,108241
16620,2016,2,861,109059
16620,2016,3,883,107986
16620,2016,4,872,107516
16700,2016,1,870,318048
16700,2016,2,864,327277
16700,2016,3,893,325746
16700,2016,4,917,328109
16740,2016,1,1129,1115447
16740,2016,2,976,1128430
16740,2016,3,1031,1137089
16740,2016,4,1043,1151283
16820,2016,1,916,106968
16820,2016,2,895,109740
16820,2016,3,1000,111007
16820,2016,4,999,108949
16860,2016,1,833,235087
16860,2016,2,835,238718
16860,2016,3,854,239193
16860,2016,4,946,240846
16940,2016,1,824,45289
16940,2016,2,824,46241
16940,2016,3,872,45554
16940,2016,4,878,45648
16984,2016,1,1192,4378987
16984,2016,2,1084,4505618
16984,2016,3,1107,4485284
16984,2016,4,1181,4501256
17020,2016,1,722,79013
17020,2016,2,747,80680
17020,2016,3,780,82800
17020,2016,4,789,81384
17140,2016,1,1003,1008399
17140,2016,2,958,1030712
17140,2016,3,1011,1030241
17140,2016,4,1015,1036670
17300,2016,1,677,85516
17300,2016,2,702,85939
17300,2016,3,733,86440
17300,2016,4,756,87508
17420,2016,1,717,41771
17420,2016,2,726,42445
17420,2016,3,734,45484
17420,2016,4,774,49150
17660,2016,1,679,55201
17660,2016,2,675,60001
17660,2016,3,721,59876
17660,2016,4,739,57872
17780,2016,1,728,107916
17780,2016,2,727,105151
17780,2016,3,774,109153
17780,2016,4,786,110435
17820,2016,1,871,265160
17820,2016,2,871,272912
17820,2016,3,927,274205
17820,2016,4,937,274280
17860,2016,1,768,92254
17860,2016,2,791,92399
17860,2016,3,833,93389
17860,2016,4,842,93532
17900,2016,1,828,367180
17900,2016,2,819,370221
17900,2016,3,858,373259
17900,2016,4,859,378216
17980,2016,1,806,115249
17980,2016,2,752,114171
17980,2016,3,790,114379
17980,2016,4,815,116145
18020,2016,1,1021,50342
18020,2016,2,921,50805
18020,2016,3,963,50595
18020,2016,4,973,50939
18140,2016,1,995,979175
18140,2016,2,946,1001279
18140,2016,3,996,1007641
18140,2016,4,994,1023966
18580,2016,1,841,185782
18580,2016,2,845,187940
18580,2016,3,889,187909
18580,2016,4,897,188568
18700,2016,1,915,36691
18700,2016,2,917,37031
18700,2016,3,944,37046
18700,2016,4,981,37142
18880,2016,1,753,105766
18880,2016,2,790,107534
18880,2016,3,819,107349
18880,2016,4,834,105382
19140,2016,1,807,67610
19140,2016,2,764,67280
19140,2016,3,782,67308
19140,2016,4,849,65137
19300,2016,1,621,69203
19300,2016,2,640,73458
19300,2016,3,679,70469
19300,2016,4,700,69211
19340,2016,1,848,177603
19340,2016,2,835,180869
19340,2016,3,886,181362
19340,2016,4,1015,181034
19460,2016,1,792,51216
19460,2016,2,807,51890
19460,2016,3,816,51266
19460,2016,4,837,51971
19500,2016,1,950,49364
19500,2016,2,925,49442
19500,2016,3,941,49773
19500,2016,4,933,49440
19660,2016,1,682,190104
19660,2016,2,718,186586
19660,2016,3,718,191871
19660,2016,4,750,193976
19740,2016,1,1193,1390609
19740,2016,2,1100,1428207
19740,2016,3,1164,1428747
19740,2016,4,1193,1433550
19780,2016,1,1044,347724
19780,2016,2,951,358373
19780,2016,3,1016,357643
19780,2016,4,1062,358876
20020,2016,1,720,54585
20020,2016,2,728,55322
20020,2016,3,776,55120
20020,2016,4,807,56279
20100,2016,1,758,65234
20100,2016,2,790,65869
20100,2016,3,832,66586
20100,2016,4,824,66660
20220,2016,1,777,57626
20220,2016,2,779,58801
20220,2016,3,831,57964
20220,2016,4,905,58367
20260,2016,1,774,123813
20260,2016,2,774,128157
20260,2016,3,855,127681
20260,2016,4,852,126051
20500,2016,1,1176,286836
20500,2016,2,1107,292962
20500,2016,3,1157,292017
20500,2016,4,1175,295066
20740,2016,1,780,80014
20740,2016,2,760,81889
20740,2016,3,803,82228
20740,2016,4,801,82093
20940,2016,1,673,62741
20940,2016,2,723,61423
20940,2016,3,758,62128
20940,2016,4,721,64435
21060,2016,1,743,55044
21060,2016,2,768,55935
21060,2016,3,784,55730
21060,2016,4,796,55108
21140,2016,1,850,126198
21140,2016,2,885,128680
21140,2016,3,869,128497
21140,2016,4,918,130350
21300,2016,1,856,35249
21300,2016,2,858,35978
21300,2016,3,843,35656
21300,2016,4,871,35893
21340,2016,1,692,295225
21340,2016,2,695,296981
21340,2016,3,730,300993
21340,2016,4,731,303113
21500,2016,1,767,121095
21500,2016,2,772,124179
21500,2016,3,794,123705
21500,2016,4,810,121546
21660,2016,1,754,149232
21660,2016,2,782,152934
21660,2016,3,812,153380
21660,2016,4,846,153904
21780,2016,1,808,149474
21780,2016,2,800,151785
21780,2016,3,833,152440
21780,2016,4,870,152564
21820,2016,1,939,35278
21820,2016,2,997,36965
21820,2016,3,1033,38002
21820,2016,4,993,35666
22020,2016,1,864,132584
22020,2016,2,861,136587
22020,2016,3,921,137462
22020,2016,4,936,136286
22140,2016,1,849,48613
22140,2016,2,830,47591
22140,2016,3,815,47783
22140,2016,4,841,47290
22180,2016,1,744,127764
22180,2016,2,741,128389
22180,2016,3,805,126993
22180,2016,4,791,128692
22220,2016,1,1022,226070
22220,2016,2,895,229934
22220,2016,3,887,231345
22220,2016,4,970,232772
22380,2016,1,753,59331
22380,2016,2,790,61526
22380,2016,3,818,63036
22380,2016,4,784,61130
22420,2016,1,810,131574
22420,2016,2,827,135082
22420,2016,3,856,134239
22420,2016,4,889,135475
22500,2016,1,745,81863
22500,2016,2,757,82057
22500,2016,3,759,82929
22500,2016,4,799,84183
22520,2016,1,696,53369
22520,2016,2,699,53264
22520,2016,3,735,53661
22520,2016,4,758,53675
22540,2016,1,801,45592
22540,2016,2,796,46730
22540,2016,3,848,47037
22540,2016,4,846,46450
22660,2016,1,898,148479
22660,2016,2,869,155534
22660,2016,3,939,156296
22660,2016,4,980,153938
22900,2016,1,704,107135
22900,2016,2,727,107715
22900,2016,3,727,108240
22900,2016,4,740,107914
23060,2016,1,820,203526
23060,2016,2,792,207067
23060,2016,3,823,208764
23060,2016,4,838,208544
23420,2016,1,772,363868
23420,2016,2,775,383066
23420,2016,3,807,385543
23420,2016,4,858,370858
23460,2016,1,650,36126
23460,2016,2,671,36588
23460,2016,3,695,36078
23460,2016,4,702,36428
23540,2016,1,796,129768
23540,2016,2,850,127404
23540,2016,3,875,131842
23540,2016,4,861,133302
23580,2016,1,809,81314
23580,2016,2,809,81547
23580,2016,3,861,82943
23580,2016,4,928,84353
23900,2016,1,705,34049
23900,2016,2,738,34418
23900,2016,3,779,35629
23900,2016,4,783,34799
24020,2016,1,799,51230
24020,2016,2,793,56986
24020,2016,3,776,55107
24020,2016,4,812,53294
24140,2016,1,646,42361
24140,2016,2,663,42368
24140,2016,3,701,42413
24140,2016,4,724,42419
24220,2016,1,763,52677
24220,2016,2,807,53640
24220,2016,3,848,53955
24220,2016,4,868,53291
24260,2016,1,686,41791
24260,2016,2,716,42501
24260,2016,3,741,42961
24260,2016,4,776,42057
24300,2016,1,748,58885
24300,2016,2,770,59799
24300,2016,3,805,60292
24300,2016,4,817,59679
24340,2016,1,849,534750
24340,2016,2,842,543672
24340,2016,3,890,543728
24340,2016,4,933,548880
24420,2016,1,630,25165
24420,2016,2,663,26416
24420,2016,3,679,26857
24420,2016,4,716,26259
24500,2016,1,714,34978
24500,2016,2,731,36153
24500,2016,3,754,35814
24500,2016,4,796,35357
24540,2016,1,895,99362
24540,2016,2,850,100020
24540,2016,3,913,100641
24540,2016,4,901,100385
24580,2016,1,878,166514
24580,2016,2,839,172244
24580,2016,3,883,171218
24580,2016,4,928,171775
24660,2016,1,824,347634
24660,2016,2,814,347001
24660,2016,3,841,350873
24660,2016,4,856,355811
24780,2016,1,801,74662
24780,2016,2,792,74599
24780,2016,3,847,76131
24780,2016,4,856,76414
24860,2016,1,813,379513
24860,2016,2,820,383105
24860,2016,3,848,384662
24860,2016,4,879,389466
25060,2016,1,812,147979
25060,2016,2,787,147709
25060,2016,3,799,147575
25060,2016,4,822,146775
25180,2016,1,749,98799
25180,2016,2,769,100140
25180,2016,3,794,100466
25180,2016,4,789,103682
25220,2016,1,633,41683
25220,2016,2,665,42080
25220,2016,3,675,42839
25220,2016,4,710,43312
25260,2016,1,753,44288
25260,2016,2,768,46878
25260,2016,3,801,47007
25260,2016,4,819,46052
25420,2016,1,943,315059
25420,2016,2,916,324119
25420,2016,3,982,320837
25420,2016,4,976,323069
25500,2016,1,723,62460
25500,2016,2,732,63456
25500,2016,3,761,64018
25500,2016,4,762,64710
25540,2016,1,1289,608682
25540,2016,2,1156,623649
25540,2016,3,1160,617851
25540,2016,4,1223,622204
25620,2016,1,653,59524
25620,2016,2,680,58847
25620,2016,3,733,60249
25620,2016,4,733,61338
25860,2016,1,704,147126
25860,2016,2,715,148142
25860,2016,3,739,148527
25860,2016,4,772,150393
25940,2016,1,678,70407
25940,2016,2,717,75034
25940,2016,3,734,72430
25940,2016,4,779,71672
25980,2016,1,738,18904
25980,2016,2,725,18727
25980,2016,3,755,19210
25980,2016,4,760,19145
26140,2016,1,655,32839
26140,2016,2,685,32074
26140,2016,3,689,32138
26140,2016,4,700,32555
26300,2016,1,622,36523
26300,2016,2,661,36834
26300,2016,3,686,36315
26300,2016,4,697,36228
26380,2016,1,926,87689
26380,2016,2,932,87115
26380,2016,3,956,85088
26380,2016,4,957,84258
26420,2016,1,1301,2876976
26420,2016,2,1172,2882494
26420,2016,3,1205,2871288
26420,2016,4,1248,2893469
26580,2016,1,772,127279
26580,2016,2,807,128333
26580,2016,3,815,129236
26580,2016,4,815,129151
26620,2016,1,1046,212581
26620,2016,2,1031,214069
26620,2016,3,1091,215691
26620,2016,4,1087,217552
26820,2016,1,755,61247
26820,2016,2,769,64231
26820,2016,3,811,63720
26820,2016,4,824,63464
26900,2016,1,963,971798
26900,2016,2,900,985693
26900,2016,3,947,999014
26900,2016,4,969,999618
26980,2016,1,876,89987
26980,2016,2,889,91469
26980,2016,3,943,92219
26980,2016,4,929,92526
27060,2016,1,939,49129
27060,2016,2,957,51742
27060,2016,3,963,51341
27060,2016,4,983,50314
27100,2016,1,863,56769
27100,2016,2,840,58719
27100,2016,3,891,58097
27100,2016,4,931,57489
27140,2016,1,785,256805
27140,2016,2,801,258918
27140,2016,3,817,258540
27140,2016,4,830,260297
27180,2016,1,736,64787
27180,2016,2,776,65662
27180,2016,3,759,66354
27180,2016,4,824,66395
27260,2016,1,932,629260
27260,2016,2,886,628478
27260,2016,3,914,640447
27260,2016,4,946,651635
27340,2016,1,600,48228
27340,2016,2,611,48269
27340,2016,3,660,48260
27340,2016,4,681,47887
27500,2016,1,807,64144
27500,2016,2,802,66077
27500,2016,3,840,65280
27500,2016,4,850,65310
27620,2016,1,738,74548
27620,2016,2,756,75444
27620,2016,3,769,75717
27620,2016,4,776,75758
27740,2016,1,699,76588
27740,2016,2,731,76624
27740,2016,3,753,77044
27740,2016,4,788,77304
27780,2016,1,678,52030
27780,2016,2,693,52634
27780,2016,3,733,52727
27780,2016,4,736,52565
27860,2016,1,686,53336
27860,2016,2,702,54094
27860,2016,3,724,54884
27860,2016,4,735,55122
27900,2016,1,723,77940
27900,2016,2,715,77037
27900,2016,3,749,76943
27900,2016,4,737,77920
27980,2016,1,793,75651
27980,2016,2,818,75581
27980,2016,3,853,75336
27980,2016,4,852,76878
28020,2016,1,940,136087
28020,2016,2,891,139625
28020,2016,3,905,142098
28020,2016,4,963,138870
28100,2016,1,748,42565
28100,2016,2,773,43455
28100,2016,3,802,43734
28100,2016,4,800,43925
28140,2016,1,977,1002000
28140,2016,2,953,1026379
28140,2016,3,980,1026633
28140,2016,4,1014,1033167
28420,2016,1,909,114260
28420,2016,2,911,128106
28420,2016,3,957,122225
28420,2016,4,949,114463
28660,2016,1,815,136437
28660,2016,2,792,137822
28660,2016,3,847,137500
28660,2016,4,862,139616
28700,2016,1,790,115638
28700,2016,2,757,115717
28700,2016,3,817,117418
28700,2016,4,832,116929
28740,2016,1,759,59070
28740,2016,2,807,61706
28740,2016,3,790,61361
28740,2016,4,824,60733
28940,2016,1,878,369662
28940,2016,2,868,374747
28940,2016,3,898,377607
28940,2016,4,961,378706
29020,2016,1,913,39525
29020,2016,2,852,39766
29020,2016,3,912,40397
29020,2016,4,878,40303
29100,2016,1,780,73029
29100,2016,2,775,74905
29100,2016,3,804,74427
29100,2016,4,821,75409
29180,2016,1,820,199195
29180,2016,2,827,195462
29180,2016,3,851,195030
29180,2016,4,877,195645
29200,2016,1,851,89314
29200,2016,2,823,90050
29200,2016,3,858,91254
29200,2016,4,879,91165
29340,2016,1,940,103411
29340,2016,2,914,105446
29340,2016,3,979,107772
29340,2016,4,1000,108049
29420,2016,1,662,47016
29420,2016,2,688,46776
29420,2016,3,709,47950
29420,2016,4,713,48633
29460,2016,1,745,210230
29460,2016,2,767,203552
29460,2016,3,783,209734
29460,2016,4,800,215297
29540,2016,1,823,230424
29540,2016,2,820,236918
29540,2016,3,865,236173
29540,2016,4,877,237366
29620,2016,1,917,204740
29620,2016,2,918,208026
29620,2016,3,926,210302
29620,2016,4,993,211362
29700,2016,1,649,97456
29700,2016,2,659,98101
29700,2016,3,680,99177
29700,2016,4,682,100159
29740,2016,1,683,70644
29740,2016,2,693,72522
29740,2016,3,703,72814
29740,2016,4,718,72426
29820,2016,1,864,924670
29820,2016,2,866,939577
29820,2016,3,948,947015
29820,2016,4,909,952384
29940,2016,1,675,49192
29940,2016,2,707,48265
29940,2016,3,732,50215
29940,2016,4,743,49852
30020,2016,1,686,44247
30020,2016,2,715,44535
30020,2016,3,755,44383
30020,2016,4,707,44537
30140,2016,1,742,48615
30140,2016,2,746,49902
30140,2016,3,791,49563
30140,2016,4,798,49962
30300,2016,1,713,26823
30300,2016,2,740,27413
30300,2016,3,785,28031
30300,2016,4,763,27799
30340,2016,1,731,48565
30340,2016,2,762,50037
30340,2016,3,779,49655
30340,2016,4,805,50014
30460,2016,1,837,259903
30460,2016,2,889,265537
30460,2016,3,904,268165
30460,2016,4,939,271361
30620,2016,1,790,49532
30620,2016,2,800,50678
30620,2016,3,828,50477
30620,2016,4,832,50979
30700,2016,1,799,172993
30700,2016,2,785,175172
30700,2016,3,839,176405
30700,2016,4,850,175329
30780,2016,1,833,329859
30780,2016,2,850,331789
30780,2016,3,866,332986
30780,2016,4,894,334605
30860,2016,1,627,55823
30860,2016,2,657,56602
30860,2016,3,688,57469
30860,2016,4,694,57878
30980,2016,1,808,95160
30980,2016,2,800,94097
30980,2016,3,846,93779
30980,2016,4,863,93934
31020,2016,1,859,37299
31020,2016,2,859,38386
31020,2016,3,921,38446
31020,2016,4,884,38458
31084,2016,1,1137,5852736
31084,2016,2,1086,5901366
31084,2016,3,1137,5920814
31084,2016,4,1245,6005356
31140,2016,1,928,621208
31140,2016,2,905,633471
31140,2016,3,940,636462
31140,2016,4,954,642852
31180,2016,1,755,139069
31180,2016,2,759,139951
31180,2016,3,808,140046
31180,2016,4,834,143271
31340,2016,1,754,98052
31340,2016,2,746,98819
31340,2016,3,785,98658
31340,2016,4,815,98948
31420,2016,1,753,96857
31420,2016,2,753,97302
31420,2016,3,774,97227
31420,2016,4,794,98861
31540,2016,1,964,369541
31540,2016,2,971,380646
31540,2016,3,993,379499
31540,2016,4,1002,382098
31700,2016,1,1084,197971
31700,2016,2,1050,201044
31700,2016,3,1136,200556
31700,2016,4,1203,204136
31740,2016,1,723,38293
31740,2016,2,732,38632
31740,2016,3,758,38449
31740,2016,4,754,38390
31860,2016,1,743,53566
31860,2016,2,776,53540
31860,2016,3,823,54167
31860,2016,4,804,54463
31900,2016,1,665,50131
31900,2016,2,679,51080
31900,2016,3,718,50929
31900,2016,4,735,50805
32580,2016,1,610,249550
32580,2016,2,626,248493
32580,2016,3,654,248769
32580,2016,4,648,256218
32780,2016,1,751,83261
32780,2016,2,750,85826
32780,2016,3,797,87442
32780,2016,4,802,87437
32820,2016,1,921,599406
32820,2016,2,914,604562
32820,2016,3,976,608951
32820,2016,4,1011,618644
32900,2016,1,749,72788
32900,2016,2,760,78248
32900,2016,3,810,81599
32900,2016,4,807,75767
33140,2016,1,697,39720
33140,2016,2,709,41068
33140,2016,3,758,40717
33140,2016,4,768,40543
33220,2016,1,1335,36648
33220,2016,2,997,37661
33220,2016,3,1019,37495
33220,2016,4,1050,36857
33260,2016,1,1248,85698
33260,2016,2,1187,84632
33260,2016,3,1176,84780
33260,2016,4,1289,86974
33340,2016,1,981,811233
33340,2016,2,941,828867
33340,2016,3,964,824874
33340,2016,4,1033,826013
33460,2016,1,1175,1823277
33460,2016,2,1083,1874939
33460,2016,3,1133,1886594
33460,2016,4,1149,1887209
33540,2016,1,709,57281
33540,2016,2,741,60036
33540,2016,3,786,59988
33540,2016,4,800,59319
33660,2016,1,818,168520
33660,2016,2,845,170231
33660,2016,3,886,169261
33660,2016,4,937,169929
33700,2016,1,841,178133
33700,2016,2,820,184719
33700,2016,3,888,189570
33700,2016,4,885,181742
33740,2016,1,711,76791
33740,2016,2,739,76962
33740,2016,3,740,76844
33740,2016,4,756,76672
33780,2016,1,899,40541
33780,2016,2,879,41877
33780,2016,3,891,41414
33780,2016,4,912,40935
33860,2016,1,778,162455
33860,2016,2,801,165033
33860,2016,3,827,164188
33860,2016,4,895,165648
34060,2016,1,910,62412
34060,2016,2,879,62034
34060,2016,3,928,63789
34060,2016,4,896,63733
34100,2016,1,683,43691
34100,2016,2,757,43636
34100,2016,3,735,44455
34100,2016,4,759,44591
34580,2016,1,841,48044
34580,2016,2,817,50522
34580,2016,3,872,50717
34580,2016,4,866,49626
34620,2016,1,693,45127
34620,2016,2,704,44685
34620,2016,3,735,46240
34620,2016,4,736,46290
34740,2016,1,770,60929
34740,2016,2,746,63499
34740,2016,3,780,62693
34740,2016,4,846,62211
34820,2016,1,615,148526
34820,2016,2,612,162139
34820,2016,3,645,156381
34820,2016,4,671,148529
34900,2016,1,955,73623
34900,2016,2,976,77531
34900,2016,3,1018,77747
34900,2016,4,1063,73138
34940,2016,1,838,144017
34940,2016,2,866,132486
34940,2016,3,868,137050
34940,2016,4,921,150204
34980,2016,1,999,886720
34980,2016,2,957,901106
34980,2016,3,1001,912539
34980,2016,4,1074,925389
35300,2016,1,1039,359214
35300,2016,2,1045,365044
35300,2016,3,1065,363289
35300,2016,4,1093,368682
35380,2016,1,951,543218
35380,2016,2,910,546462
35380,2016,3,951,546088
35380,2016,4,991,548601
35660,2016,1,891,59256
35660,2016,2,901,63488
35660,2016,3,854,64530
35660,2016,4,909,60465
35840,2016,1,778,284884
35840,2016,2,799,272980
35840,2016,3,829,278700
35840,2016,4,862,292609
35980,2016,1,1033,120558
35980,2016,2,1004,124249
35980,2016,3,1020,123183
35980,2016,4,1022,123287
36100,2016,1,668,99321
36100,2016,2,715,98707
36100,2016,3,718,99965
36100,2016,4,750,102708
36220,2016,1,971,67634
36220,2016,2,984,66281
36220,2016,3,1022,66902
36220,2016,4,1041,67412
36260,2016,1,756,240121
36260,2016,2,767,246242
36260,2016,3,801,248557
36260,2016,4,823,248809
36420,2016,1,885,593512
36420,2016,2,870,593631
36420,2016,3,912,596281
36420,2016,4,920,598473
36500,2016,1,897,108715
36500,2016,2,898,110499
36500,2016,3,950,111908
36500,2016,4,934,111845
36540,2016,1,895,465269
36540,2016,2,873,475189
36540,2016,3,937,474960
36540,2016,4,945,476357
36740,2016,1,846,1150730
36740,2016,2,835,1138954
36740,2016,3,869,1165864
36740,2016,4,903,1188883
36780,2016,1,991,91239
36780,2016,2,902,93472
36780,2016,3,926,93290
36780,2016,4,1005,93949
36980,2016,1,764,51433
36980,2016,2,805,52554
36980,2016,3,814,52141
36980,2016,4,828,52263
37100,2016,1,1077,320678
37100,2016,2,985,321870
37100,2016,3,1018,316778
37100,2016,4,1044,322673
37340,2016,1,847,197899
37340,2016,2,876,200059
37340,2016,3,932,203242
37340,2016,4,941,206149
37460,2016,1,708,81865
37460,2016,2,728,82452
37460,2016,3,751,81222
37460,2016,4,779,79875
37620,2016,1,724,37069
37620,2016,2,746,37660
37620,2016,3,752,37319
37620,2016,4,733,37562
37860,2016,1,756,165357
37860,2016,2,772,164508
37860,2016,3,782,167826
37860,2016,4,804,168595
37900,2016,1,1122,169412
37900,2016,2,913,170420
37900,2016,3,978,170345
37900,2016,4,1016,168154
38060,2016,1,963,1928633
38060,2016,2,963,1890536
38060,2016,3,989,1948743
38060,2016,4,987,1989861
38300,2016,1,1026,1085234
38300,2016,2,964,1114268
38300,2016,3,1014,1102978
38300,2016,4,1058,1104116
38340,2016,1,870,60177
38340,2016,2,844,63303
38340,2016,3,854,61957
38340,2016,4,897,61800
38540,2016,1,623,32614
38540,2016,2,638,34067
38540,2016,3,701,33428
38540,2016,4,702,33212
38860,2016,1,897,254037
38860,2016,2,871,275152
38860,2016,3,900,271010
38860,2016,4,952,265007
38900,2016,1,1060,1115251
38900,2016,2,1045,1138864
38900,2016,3,1095,1138720
38900,2016,4,1082,1146766
38940,2016,1,716,139151
38940,2016,2,767,133287
38940,2016,3,766,137894
38940,2016,4,799,142782
39300,2016,1,944,672802
39300,2016,2,943,698852
39300,2016,3,960,694426
39300,2016,4,993,696668
39340,2016,1,792,218843
39340,2016,2,800,225332
39340,2016,3,823,227050
39340,2016,4,857,228268
39380,2016,1,736,59268
39380,2016,2,745,60305
39380,2016,3,810,60432
39380,2016,4,800,60156
39460,2016,1,654,46978
39460,2016,2,709,44578
39460,2016,3,702,45925
39460,2016,4,731,47950
39540,2016,1,830,73093
39540,2016,2,847,75440
39540,2016,3,895,74845
39540,2016,4,942,74568
39580,2016,1,1018,576511
39580,2016,2,962,593165
39580,2016,3,1016,591406
39580,2016,4,1056,600677
39660,2016,1,749,63066
39660,2016,2,733,68810
39660,2016,3,772,66668
39660,2016,4,792,63932
39740,2016,1,878,169538
39740,2016,2,901,171101
39740,2016,3,947,171851
39740,2016,4,940,172948
39820,2016,1,746,63125
39820,2016,2,753,66033
39820,2016,3,820,65561
39820,2016,4,811,64603
39900,2016,1,852,211561
39900,2016,2,879,216936
39900,2016,3,934,221499
39900,2016,4,949,222478
40060,2016,1,988,619881
40060,2016,2,933,627661
40060,2016,3,979,625598
40060,2016,4,987,637344
40140,2016,1,819,1378935
40140,2016,2,827,1390606
40140,2016,3,861,1395468
40140,2016,4,863,1434303
40220,2016,1,777,151246
40220,2016,2,775,154246
40220,2016,3,828,151808
40220,2016,4,886,152467
40340,2016,1,1087,112627
40340,2016,2,979,116638
40340,2016,3,1082,115326
40340,2016,4,1018,114846
40380,2016,1,891,500206
40380,2016,2,906,513605
40380,2016,3,936,510196
40380,2016,4,934,510401
40420,2016,1,834,142733
40420,2016,2,828,145591
40420,2016,3,867,145014
40420,2016,4,878,145193
40580,2016,1,700,56492
40580,2016,2,688,57239
40580,2016,3,725,57838
40580,2016,4,735,58101
40660,2016,1,762,38195
40660,2016,2,766,38563
40660,2016,3,798,39047
40660,2016,4,815,39181
40900,2016,1,1063,933177
40900,2016,2,1042,954327
40900,2016,3,1093,956763
40900,2016,4,1110,954855
40980,2016,1,799,83610
40980,2016,2,790,85077
40980,2016,3,832,85192
40980,2016,4,865,85626
41060,2016,1,802,100155
41060,2016,2,817,103856
41060,2016,3,867,103672
41060,2016,4,856,103681
41100,2016,1,607,58776
41100,2016,2,647,60330
41100,2016,3,673,61470
41100,2016,4,692,61422
41140,2016,1,733,55364
41140,2016,2,778,55669
41140,2016,3,780,56261
41140,2016,4,826,56699
41180,2016,1,970,1291614
41180,2016,2,936,1315868
41180,2016,3,963,1314748
41180,2016,4,1009,1318039
41420,2016,1,767,165324
41420,2016,2,804,173841
41420,2016,3,819,174080
41420,2016,4,843,169170
41500,2016,1,851,168945
41500,2016,2,839,204917
41500,2016,3,891,203813
41500,2016,4,912,171428
41540,2016,1,704,144580
41540,2016,2,747,164456
41540,2016,3,743,158707
41540,2016,4,792,148380
41620,2016,1,967,674834
41620,2016,2,937,684221
41620,2016,3,987,692120
41620,2016,4,1022,697332
41660,2016,1,755,47869
41660,2016,2,741,48293
41660,2016,3,783,47606
41660,2016,4,811,47955
41700,2016,1,911,968785
41700,2016,2,860,976853
41700,2016,3,898,984538
41700,2016,4,938,994611
41740,2016,1,1105,1388422
41740,2016,2,1071,1407416
41740,2016,3,1130,1416400
41740,2016,4,1171,1428116
41940,2016,1,2180,1044714
41940,2016,2,2232,1068678
41940,2016,3,2233,1071323
41940,2016,4,2342,1081028
42020,2016,1,824,113039
42020,2016,2,835,116031
42020,2016,3,864,114808
42020,2016,4,884,113691
42100,2016,1,880,98362
42100,2016,2,901,108577
42100,2016,3,936,107075
42100,2016,4,934,99388
42140,2016,1,757,60648
42140,2016,2,805,61474
42140,2016,3,823,60954
42140,2016,4,928,61418
42200,2016,1,930,192411
42200,2016,2,946,198190
42200,2016,3,1000,198771
42200,2016,4,1024,191640
42220,2016,1,922,199021
42220,2016,2,930,202887
42220,2016,3,997,205258
42220,2016,4,1018,203482
42340,2016,1,812,164880
42340,2016,2,817,167101
42340,2016,3,859,166489
42340,2016,4,868,168924
42540,2016,1,764,247866
42540,2016,2,768,251997
42540,2016,3,815,252383
42540,2016,4,813,253621
42680,2016,1,743,50949
42680,2016,2,754,47969
42680,2016,3,761,49219
42680,2016,4,885,52604
42700,2016,1,595,28320
42700,2016,2,647,26100
42700,2016,3,638,26824
42700,2016,4,647,28379
43100,2016,1,914,58042
43100,2016,2,826,61827
43100,2016,3,886,60648
43100,2016,4,913,60019
43300,2016,1,771,44315
43300,2016,2,759,45240
43300,2016,3,801,45164
43300,2016,4,821,46009
43340,2016,1,747,176420
43340,2016,2,772,176195
43340,2016,3,790,174497
43340,2016,4,822,176959
43420,2016,1,813,33938
43420,2016,2,823,33608
43420,2016,3,872,34242
43420,2016,4,827,34814
43580,2016,1,831,88076
43580,2016,2,842,90108
43580,2016,3,865,87662
43580,2016,4,873,86831
43620,2016,1,872,145640
43620,2016,2,844,150664
43620,2016,3,904,149673
43620,2016,4,921,150560
43780,2016,1,773,130282
43780,2016,2,792,132656
43780,2016,3,827,134364
43780,2016,4,860,133365
43900,2016,1,842,137490
43900,2016,2,865,139660
43900,2016,3,854,140456
43900,2016,4,866,145345
44060,2016,1,838,224729
44060,2016,2,825,230562
44060,2016,3,878,231174
44060,2016,4,873,231145
44100,2016,1,983,129517
44100,2016,2,974,131379
44100,2016,3,1007,131832
44100,2016,4,1019,130709
44140,2016,1,893,267467
44140,2016,2,874,273150
44140,2016,3,922,274517
44140,2016,4,942,275276
44180,2016,1,710,196353
44180,2016,2,738,198844
44180,2016,3,768,199338
44180,2016,4,775,199944
44220,2016,1,709,47368
44220,2016,2,718,48570
44220,2016,3,751,47901
44220,2016,4,754,48270
44300,2016,1,877,67406
44300,2016,2,907,71071
44300,2016,3,942,68258
44300,2016,4,932,68690
44420,2016,1,713,47620
44420,2016,2,745,48563
44420,2016,3,771,48185
44420,2016,4,773,48273
44700,2016,1,821,233164
44700,2016,2,827,238919
44700,2016,3,875,244417
44700,2016,4,890,243294
44940,2016,1,649,36767
44940,2016,2,681,36903
44940,2016,3,709,37091
44940,2016,4,732,37271
45060,2016,1,889,295361
45060,2016,2,901,303409
45060,2016,3,913,302354
45060,2016,4,942,303318
45220,2016,1,760,165895
45220,2016,2,795,165362
45220,2016,3,820,168809
45220,2016,4,835,169232
45460,2016,1,716,65922
45460,2016,2,737,66095
45460,2016,3,741,67468
45460,2016,4,737,67439
45500,2016,1,723,58414
45500,2016,2,725,59391
45500,2016,3,766,58478
45500,2016,4,790,58763
45780,2016,1,864,290396
45780,2016,2,842,297419
45780,2016,3,873,295713
45780,2016,4,878,297194
45820,2016,1,812,107522
45820,2016,2,781,110326
45820,2016,3,814,110534
45820,2016,4,819,110522
45940,2016,1,1416,242236
45940,2016,2,1234,248389
45940,2016,3,1334,246901
45940,2016,4,1349,252002
46060,2016,1,827,359347
46060,2016,2,827,352102
46060,2016,3,866,360423
46060,2016,4,860,367425
46140,2016,1,887,423103
46140,2016,2,870,422061
46140,2016,3,906,422986
46140,2016,4,913,427301
46220,2016,1,790,97227
46220,2016,2,803,97693
46220,2016,3,815,99687
46220,2016,4,864,98478
46340,2016,1,792,101381
46340,2016,2,821,103199
46340,2016,3,849,102549
46340,2016,4,864,103211
46520,2016,1,932,472165
46520,2016,2,939,470875
46520,2016,3,997,473935
46520,2016,4,994,480150
46540,2016,1,757,118595
46540,2016,2,779,123426
46540,2016,3,777,122026
46540,2016,4,797,122206
46660,2016,1,620,53596
46660,2016,2,621,55186
46660,2016,3,661,54662
46660,2016,4,682,55331
46700,2016,1,1069,134175
46700,2016,2,1007,136985
46700,2016,3,1059,136750
46700,2016,4,1073,138231
47020,2016,1,811,40690
47020,2016,2,796,40027
47020,2016,3,843,40427
47020,2016,4,861,40402
47220,2016,1,811,58368
47220,2016,2,843,60957
47220,2016,3,862,60656
47220,2016,4,907,59495
47260,2016,1,851,725687
47260,2016,2,832,744355
47260,2016,3,883,736896
47260,2016,4,913,739822
47300,2016,1,705,153732
47300,2016,2,707,165872
47300,2016,3,743,163241
47300,2016,4,773,159737
47380,2016,1,798,112252
47380,2016,2,816,113500
47380,2016,3,838,114713
47380,2016,4,856,116075
47460,2016,1,758,27723
47460,2016,2,769,29489
47460,2016,3,803,29637
47460,2016,4,826,27209
47580,2016,1,787,69851
47580,2016,2,823,71204
47580,2016,3,863,71063
47580,2016,4,855,71423
47940,2016,1,787,87016
47940,2016,2,792,88622
47940,2016,3,839,88102
47940,2016,4,928,87898
48060,2016,1,743,39978
48060,2016,2,769,43077
48060,2016,3,755,42414
48060,2016,4,762,40953
48140,2016,1,789,69205
48140,2016,2,820,71510
48140,2016,3,856,70866
48140,2016,4,851,71243
48260,2016,1,709,38246
48260,2016,2,730,38687
48260,2016,3,738,38540
48260,2016,4,760,38316
48300,2016,1,708,50949
48300,2016,2,688,64367
48300,2016,3,718,59312
48300,2016,4,729,50907
48540,2016,1,753,61570
48540,2016,2,773,62992
48540,2016,3,803,62573
48540,2016,4,794,63096
48620,2016,1,837,291020
48620,2016,2,831,291430
48620,2016,3,858,290798
48620,2016,4,875,292955
48660,2016,1,715,56352
48660,2016,2,723,56807
48660,2016,3,747,55798
48660,2016,4,767,56634
48700,2016,1,753,50739
48700,2016,2,768,51127
48700,2016,3,817,51429
48700,2016,4,816,51326
48900,2016,1,786,118460
48900,2016,2,773,121987
48900,2016,3,804,122404
48900,2016,4,849,121693
49020,2016,1,815,58355
49020,2016,2,817,59506
49020,2016,3,871,59333
49020,2016,4,841,59919
49180,2016,1,910,254217
49180,2016,2,810,255231
49180,2016,3,847,256406
49180,2016,4,888,258423
49340,2016,1,974,374351
49340,2016,2,974,384396
49340,2016,3,997,383797
49340,2016,4,1026,385467
49420,2016,1,680,104910
49420,2016,2,688,122446
49420,2016,3,712,123503
49420,2016,4,740,102201
49620,2016,1,862,174944
49620,2016,2,850,177522
49620,2016,3,900,177832
49620,2016,4,909,178679
49660,2016,1,724,211755
49660,2016,2,719,214932
49660,2016,3,759,215156
49660,2016,4,768,214711
49700,2016,1,778,44517
49700,2016,2,807,48717
49700,2016,3,827,48368
49700,2016,4,865,45264
49740,2016,1,644,72973
49740,2016,2,703,59674
49740,2016,3,729,61460
49740,2016,4,691,77481
10180,2017,1,750,66124
10180,2017,2,764,66143
10180,2017,3,768,66448
10180,2017,4,817,67407
10420,2017,1,948,316048
10420,2017,2,878,324654
10420,2017,3,872,323488
10420,2017,4,950,323449
10500,2017,1,748,60763
10500,2017,2,748,59915
10500,2017,3,737,60220
10500,2017,4,790,60380
10540,2017,1,788,45369
10540,2017,2,785,46417
10540,2017,3,803,46476
10540,2017,4,820,46886
10580,2017,1,1046,439396
10580,2017,2,1041,452995
10580,2017,3,1003,447393
10580,2017,4,1074,451482
10740,2017,1,871,371003
10740,2017,2,849,373751
10740,2017,3,851,375975
10740,2017,4,889,377304
10780,2017,1,760,60090
10780,2017,2,740,60574
10780,2017,3,752,60516
10780,2017,4,785,60820
10900,2017,1,988,347759
10900,2017,2,930,357987
10900,2017,3,930,355930
10900,2017,4,1007,359012
11020,2017,1,752,57714
11020,2017,2,751,59376
11020,2017,3,759,58917
11020,2017,4,821,58791
11100,2017,1,858,114768
11100,2017,2,840,115187
11100,2017,3,836,114363
11100,2017,4,920,115641
11180,2017,1,951,44861
11180,2017,2,909,46669
11180,2017,3,900,47129
11180,2017,4,973,46196
11260,2017,1,1050,168862
11260,2017,2,1030,176170
11260,2017,3,1034,175808
11260,2017,4,1065,169972
11460,2017,1,1108,210054
11460,2017,2,1095,207101
11460,2017,3,1101,213223
11460,2017,4,1134,215842
11500,2017,1,751,44329
11500,2017,2,736,44274
11500,2017,3,744,44157
11500,2017,4,763,44437
11540,2017,1,881,119121
11540,2017,2,852,123801
11540,2017,3,855,121200
11540,2017,4,924,121892
11700,2017,1,767,185911
11700,2017,2,762,188285
11700,2017,3,764,189508
11700,2017,4,823,191668
12020,2017,1,874,85858
12020,2017,2,796,87812
12020,2017,3,813,87614
12020,2017,4,837,89039
12100,2017,1,887,120094
12100,2017,2,855,132196
12100,2017,3,841,126276
12100,2017,4,917,122553
12220,2017,1,760,58442
12220,2017,2,727,58186
12220,2017,3,708,58801
12220,2017,4,772,58282
12260,2017,1,897,222744
12260,2017,2,859,222209
12260,2017,3,875,222381
12260,2017,4,914,225511
12420,2017,1,1182,973942
12420,2017,2,1109,989505
12420,2017,3,1115,987321
12420,2017,4,1189,1005342
12540,2017,1,889,299549
12540,2017,2,842,322768
12540,2017,3,846,329476
12540,2017,4,890,313762
12580,2017,1,1141,1306125
12580,2017,2,1080,1338254
12580,2017,3,1087,1330248
12580,2017,4,1200,1341884
12620,2017,1,774,67905
12620,2017,2,765,70270
12620,2017,3,784,70160
12620,2017,4,809,70219
12700,2017,1,907,86193
12700,2017,2,867,108832
12700,2017,3,848,102374
12700,2017,4,962,91852
12940,2017,1,1005,386324
12940,2017,2,949,381040
12940,2017,3,937,383909
12940,2017,4,1002,386494
12980,2017,1,1062,56174
12980,2017,2,931,56596
12980,2017,3,930,55828
12980,2017,4,990,55388
13020,2017,1,846,33755
13020,2017,2,776,34461
13020,2017,3,757,34700
13020,2017,4,863,33869
13140,2017,1,1090,159383
13140,2017,2,998,159823
13140,2017,3,1017,154238
13140,2017,4,1090,158439
13220,2017,1,730,41278
13220,2017,2,743,42628
13220,2017,3,738,42482
13220,2017,4,763,42287
13380,2017,1,882,88208
13380,2017,2,861,90280
13380,2017,3,854,90063
13380,2017,4,902,89796
13460,2017,1,822,77576
13460,2017,2,844,82138
13460,2017,3,857,81643
13460,2017,4,874,81073
13740,2017,1,889,83069
13740,2017,2,866,85797
13740,2017,3,857,84976
13740,2017,4,915,84397
13780,2017,1,850,98312
13780,2017,2,855,101002
13780,2017,3,834,99742
13780,2017,4,867,100757
13820,2017,1,1043,484617
13820,2017,2,957,490800
13820,2017,3,947,490341
13820,2017,4,1034,495038
13900,2017,1,946,70080
13900,2017,2,949,72033
13900,2017,3,930,70573
13900,2017,4,992,69983
13980,2017,1,777,69338
13980,2017,2,755,69628
13980,2017,3,827,70168
13980,2017,4,814,70350
14010,2017,1,1138,87877
14010,2017,2,921,88999
14010,2017,3,936,89246
14010,2017,4,945,88365
14020,2017,1,880,66621
14020,2017,2,828,67751
14020,2017,3,818,67860
14020,2017,4,837,67974
14260,2017,1,842,300566
14260,2017,2,833,310171
14260,2017,3,848,311495
14260,2017,4,968,310977
14500,2017,1,1279,177515
14500,2017,2,1192,181270
14500,2017,3,1238,181113
14500,2017,4,1277,183115
14540,2017,1,789,73271
14540,2017,2,766,74136
14540,2017,3,755,74084
14540,2017,4,814,74120
14740,2017,1,929,86034
14740,2017,2,977,88592
14740,2017,3,946,87506
14740,2017,4,1009,88331
14860,2017,1,1926,414597
14860,2017,2,1503,428529
14860,2017,3,1423,421127
14860,2017,4,1690,424698
15180,2017,1,614,138890
15180,2017,2,614,140142
15180,2017,3,613,138181
15180,2017,4,651,140668
15260,2017,1,798,41739
15260,2017,2,753,42821
15260,2017,3,775,40624
15260,2017,4,801,42060
15380,2017,1,946,532429
15380,2017,2,901,547995
15380,2017,3,877,546022
15380,2017,4,954,549310
15500,2017,1,779,60088
15500,2017,2,773,59606
15500,2017,3,746,60337
15500,2017,4,782,61729
15540,2017,1,994,118471
15540,2017,2,958,123249
15540,2017,3,962,121991
15540,2017,4,1031,122111
15940,2017,1,778,163472
15940,2017,2,763,167642
15940,2017,3,769,166134
15940,2017,4,830,167887
15980,2017,1,834,260452
15980,2017,2,829,247546
15980,2017,3,809,239580
15980,2017,4,872,266067
16020,2017,1,719,43315
16020,2017,2,746,43693
16020,2017,3,722,43838
16020,2017,4,791,44518
16180,2017,1,907,29316
16180,2017,2,943,30307
16180,2017,3,932,30242
16180,2017,4,1001,30253
16220,2017,1,885,37522
16220,2017,2,899,38760
16220,2017,3,914,38618
16220,2017,4,976,38469
16300,2017,1,995,140208
16300,2017,2,947,145207
16300,2017,3,944,142995
16300,2017,4,1089,143406
16540,2017,1,797,57214
16540,2017,2,797,58172
16540,2017,3,822,58703
16540,2017,4,835,59384
16580,2017,1,876,96844
16580,2017,2,868,98067
16580,2017,3,870,99640
16580,2017,4,918,99092
16620,2017,1,909,106115
16620,2017,2,871,107432
16620,2017,3,874,106447
16620,2017,4,897,105802
16700,2017,1,936,327309
16700,2017,2,894,334204
16700,2017,3,883,329408
16700,2017,4,951,335286
16740,2017,1,1210,1148777
16740,2017,2,1009,1164519
16740,2017,3,1000,1166495
16740,2017,4,1076,1181999
16820,2017,1,1021,109347
16820,2017,2,913,112150
16820,2017,3,991,113127
16820,2017,4,1028,111292
16860,2017,1,893,239856
16860,2017,2,853,244448
16860,2017,3,862,243534
16860,2017,4,984,245465
16940,2017,1,851,45209
16940,2017,2,863,46082
16940,2017,3,865,45918
16940,2017,4,918,45576
16984,2017,1,1269,4425281
16984,2017,2,1114,4557847
16984,2017,3,1102,4520809
16984,2017,4,1212,4544593
17020,2017,1,774,81568
17020,2017,2,771,82573
17020,2017,3,789,84263
17020,2017,4,826,83291
17140,2017,1,1071,1023176
17140,2017,2,975,1048905
17140,2017,3,993,1042498
17140,2017,4,1040,1053468
17300,2017,1,729,86442
17300,2017,2,733,87115
17300,2017,3,726,87330
17300,2017,4,781,88631
17420,2017,1,765,43168
17420,2017,2,767,44488
17420,2017,3,733,44801
17420,2017,4,799,47338
17660,2017,1,717,57464
17660,2017,2,719,62323
17660,2017,3,721,61699
17660,2017,4,772,60264
17780,2017,1,769,110758
17780,2017,2,772,106378
17780,2017,3,777,111411
17780,2017,4,813,113831
17820,2017,1,945,273654
17820,2017,2,894,281487
17820,2017,3,942,280515
17820,2017,4,962,281630
17860,2017,1,825,93458
17860,2017,2,822,93475
17860,2017,3,820,94419
17860,2017,4,847,94454
17900,2017,1,893,373254
17900,2017,2,835,375056
17900,2017,3,851,368766
17900,2017,4,870,376829
17980,2017,1,849,115067
17980,2017,2,759,115170
17980,2017,3,813,115066
17980,2017,4,848,116770
18020,2017,1,1060,50634
18020,2017,2,953,50962
18020,2017,3,956,50627
18020,2017,4,1016,51155
18140,2017,1,1063,999385
18140,2017,2,969,1025730
18140,2017,3,989,1021491
18140,2017,4,1022,1036449
18580,2017,1,904,189363
18580,2017,2,858,190009
18580,2017,3,879,184049
18580,2017,4,928,187951
18700,2017,1,957,37363
18700,2017,2,932,38497
18700,2017,3,963,38176
18700,2017,4,1001,38317
18880,2017,1,814,108078
18880,2017,2,828,109668
18880,2017,3,793,108362
18880,2017,4,847,107332
19140,2017,1,821,64679
19140,2017,2,785,64621
19140,2017,3,784,64504
19140,2017,4,900,64743
19300,2017,1,667,71139
19300,2017,2,665,75160
19300,2017,3,661,72034
19300,2017,4,724,70787
19340,2017,1,925,179432
19340,2017,2,872,185020
19340,2017,3,881,182817
19340,2017,4,1035,183012
19460,2017,1,824,51760
19460,2017,2,806,52345
19460,2017,3,807,51770
19460,2017,4,865,52519
19500,2017,1,984,49011
19500,2017,2,946,49563
19500,2017,3,938,49858
19500,2017,4,952,49574
19660,2017,1,731,195634
19660,2017,2,739,190213
19660,2017,3,708,189634
19660,2017,4,779,196282
19740,2017,1,1282,1420814
19740,2017,2,1154,1461165
19740,2017,3,1164,1455014
19740,2017,4,1253,1469782
19780,2017,1,1123,353897
19780,2017,2,993,366777
19780,2017,3,985,361252
19780,2017,4,1091,364338
20020,2017,1,762,55572
20020,2017,2,738,55991
20020,2017,3,765,55867
20020,2017,4,828,56655
20100,2017,1,826,66266
20100,2017,2,776,66938
20100,2017,3,824,66842
20100,2017,4,847,66382
20220,2017,1,832,57459
20220,2017,2,810,59034
20220,2017,3,832,58187
20220,2017,4,925,58618
20260,2017,1,822,124860
20260,2017,2,837,130006
20260,2017,3,829,128719
20260,2017,4,876,127103
20500,2017,1,1244,292457
20500,2017,2,1141,295334
20500,2017,3,1147,295006
20500,2017,4,1205,298257
20740,2017,1,841,81046
20740,2017,2,772,82774
20740,2017,3,809,82374
20740,2017,4,853,83065
20940,2017,1,736,62470
20940,2017,2,723,64547
20940,2017,3,763,61164
20940,2017,4,766,63446
21060,2017,1,786,54247
21060,2017,2,790,55743
21060,2017,3,799,54781
21060,2017,4,805,55659
21140,2017,1,968,130861
21140,2017,2,914,135362
21140,2017,3,924,135281
21140,2017,4,983,137782
21300,2017,1,879,34824
21300,2017,2,868,35695
21300,2017,3,849,35184
21300,2017,4,893,35804
21340,2017,1,731,301702
21340,2017,2,718,301108
21340,2017,3,718,302418
21340,2017,4,750,307282
21500,2017,1,798,119548
21500,2017,2,770,123396
21500,2017,3,786,123511
21500,2017,4,812,121771
21660,2017,1,801,153275
21660,2017,2,814,157172
21660,2017,3,802,155979
21660,2017,4,862,156374
21780,2017,1,872,150013
21780,2017,2,832,152664
21780,2017,3,831,154777
21780,2017,4,902,154921
21820,2017,1,968,35491
21820,2017,2,970,36785
21820,2017,3,999,37861
21820,2017,4,999,35653
22020,2017,1,916,133736
22020,2017,2,894,138120
22020,2017,3,908,137636
22020,2017,4,962,137132
22140,2017,1,872,47565
22140,2017,2,837,48666
22140,2017,3,820,48528
22140,2017,4,875,47882
22180,2017,1,783,127582
22180,2017,2,787,127346
22180,2017,3,795,126844
22180,2017,4,819,129098
22220,2017,1,1163,231972
22220,2017,2,935,234913
22220,2017,3,875,235759
22220,2017,4,992,237510
22380,2017,1,822,60591
22380,2017,2,784,62650
22380,2017,3,837,63888
22380,2017,4,808,62475
22420,2017,1,872,132136
22420,2017,2,833,136359
22420,2017,3,843,134852
22420,2017,4,898,136007
22500,2017,1,807,83430
22500,2017,2,782,82957
22500,2017,3,746,82842
22500,2017,4,809,84434
22520,2017,1,720,53815
22520,2017,2,728,53464
22520,2017,3,721,53424
22520,2017,4,784,53626
22540,2017,1,870,45429
22540,2017,2,822,46973
22540,2017,3,833,47072
22540,2017,4,872,46837
22660,2017,1,988,153640
22660,2017,2,899,160635
22660,2017,3,967,160388
22660,2017,4,1011,159056
22900,2017,1,738,106571
22900,2017,2,746,106400
22900,2017,3,733,106706
22900,2017,4,764,106970
23060,2017,1,879,205730
23060,2017,2,818,209529
23060,2017,3,811,209573
23060,2017,4,873,211227
23420,2017,1,803,371496
23420,2017,2,803,392130
23420,2017,3,805,392894
23420,2017,4,887,379782
23460,2017,1,681,36204
23460,2017,2,686,36544
23460,2017,3,686,36257
23460,2017,4,723,36523
23540,2017,1,870,132953
23540,2017,2,840,130684
23540,2017,3,874,132766
23540,2017,4,907,134518
23580,2017,1,869,84380
23580,2017,2,863,85567
23580,2017,3,854,85870
23580,2017,4,978,86719
23900,2017,1,763,33930
23900,2017,2,767,34833
23900,2017,3,769,35959
23900,2017,4,816,34945
24020,2017,1,840,51914
24020,2017,2,805,57779
24020,2017,3,784,54880
24020,2017,4,856,52767
24140,2017,1,688,42042
24140,2017,2,693,42744
24140,2017,3,687,42303
24140,2017,4,726,42242
24220,2017,1,798,52559
24220,2017,2,847,53582
24220,2017,3,824,53512
24220,2017,4,880,53168
24260,2017,1,744,41999
24260,2017,2,742,43198
24260,2017,3,735,43219
24260,2017,4,787,42441
24300,2017,1,805,59892
24300,2017,2,788,61800
24300,2017,3,821,62540
24300,2017,4,854,61719
24340,2017,1,912,544160
24340,2017,2,871,553924
24340,2017,3,877,550643
24340,2017,4,955,554948
24420,2017,1,658,26403
24420,2017,2,697,27424
24420,2017,3,674,27562
24420,2017,4,732,27018
24500,2017,1,764,35282
24500,2017,2,769,36057
24500,2017,3,767,35808
24500,2017,4,806,35520
24540,2017,1,983,103381
24540,2017,2,896,106455
24540,2017,3,929,107167
24540,2017,4,963,107258
24580,2017,1,934,169053
24580,2017,2,848,176547
24580,2017,3,866,173936
24580,2017,4,963,173536
24660,2017,1,880,349525
24660,2017,2,844,349793
24660,2017,3,843,350339
24660,2017,4,899,352737
24780,2017,1,837,75797
24780,2017,2,810,75144
24780,2017,3,873,76522
24780,2017,4,865,77221
24860,2017,1,863,386334
24860,2017,2,855,389036
24860,2017,3,838,389338
24860,2017,4,904,396372
25060,2017,1,830,146775
25060,2017,2,805,148589
25060,2017,3,781,146735
25060,2017,4,849,147249
25180,2017,1,795,98836
25180,2017,2,792,100525
25180,2017,3,783,101057
25180,2017,4,825,102434
25220,2017,1,665,43354
25220,2017,2,674,43307
25220,2017,3,666,44112
25220,2017,4,713,44847
25260,2017,1,792,45019
25260,2017,2,778,48118
25260,2017,3,804,48224
25260,2017,4,839,47268
25420,2017,1,1007,316795
25420,2017,2,961,327068
25420,2017,3,955,324204
25420,2017,4,1019,326554
25500,2017,1,744,63856
25500,2017,2,746,63558
25500,2017,3,762,64429
25500,2017,4,782,64989
25540,2017,1,1346,610093
25540,2017,2,1173,626863
25540,2017,3,1148,620253
25540,2017,4,1254,624383
25620,2017,1,691,60727
25620,2017,2,691,60506
25620,2017,3,703,61558
25620,2017,4,756,62570
25860,2017,1,779,151062
25860,2017,2,743,151496
25860,2017,3,735,150710
25860,2017,4,792,152606
25940,2017,1,742,72930
25940,2017,2,744,77554
25940,2017,3,710,72964
25940,2017,4,776,73580
25980,2017,1,761,19533
25980,2017,2,744,19181
25980,2017,3,748,19501
25980,2017,4,764,19760
26140,2017,1,717,32648
26140,2017,2,681,32407
26140,2017,3,686,31712
26140,2017,4,725,32752
26300,2017,1,676,36867
26300,2017,2,682,37120
26300,2017,3,680,36536
26300,2017,4,737,36549
26380,2017,1,924,82861
26380,2017,2,914,83642
26380,2017,3,929,83362
26380,2017,4,964,84375
26420,2017,1,1355,2886851
26420,2017,2,1173,2916728
26420,2017,3,1187,2888258
26420,2017,4,1282,2949308
26580,2017,1,804,127777
26580,2017,2,816,127336
26580,2017,3,800,129737
26580,2017,4,840,128978
26620,2017,1,1097,217137
26620,2017,2,1053,220052
26620,2017,3,1075,219886
26620,2017,4,1121,222365
26820,2017,1,832,62939
26820,2017,2,794,66043
26820,2017,3,817,64990
26820,2017,4,871,64966
26900,2017,1,1041,985011
26900,2017,2,940,1006404
26900,2017,3,937,1005520
26900,2017,4,996,1015796
26980,2017,1,926,91472
26980,2017,2,917,92669
26980,2017,3,936,92851
26980,2017,4,948,93782
27060,2017,1,983,49466
27060,2017,2,1107,51504
27060,2017,3,968,50585
27060,2017,4,1008,50139
27100,2017,1,912,56405
27100,2017,2,891,57543
27100,2017,3,873,57283
27100,2017,4,960,57117
27140,2017,1,830,258980
27140,2017,2,802,259844
27140,2017,3,800,259318
27140,2017,4,837,262604
27180,2017,1,767,65706
27180,2017,2,807,65532
27180,2017,3,769,66047
27180,2017,4,869,66567
27260,2017,1,987,650104
27260,2017,2,913,651729
27260,2017,3,908,651090
27260,2017,4,975,675312
27340,2017,1,639,48657
27340,2017,2,643,48689
27340,2017,3,637,48459
27340,2017,4,687,49400
27500,2017,1,845,64912
27500,2017,2,836,67716
27500,2017,3,823,66491
27500,2017,4,882,66524
27620,2017,1,768,75560
27620,2017,2,769,75835
27620,2017,3,768,76109
27620,2017,4,806,75841
27740,2017,1,747,76801
27740,2017,2,768,77356
27740,2017,3,739,77985
27740,2017,4,824,78518
27780,2017,1,719,51358
27780,2017,2,709,51617
27780,2017,3,720,51662
27780,2017,4,759,51626
27860,2017,1,726,55004
27860,2017,2,718,55112
27860,2017,3,725,56359
27860,2017,4,751,56660
27900,2017,1,768,77683
27900,2017,2,746,77491
27900,2017,3,738,77761
27900,2017,4,763,78787
27980,2017,1,844,77314
27980,2017,2,837,77678
27980,2017,3,890,76711
27980,2017,4,862,78573
28020,2017,1,1006,137809
28020,2017,2,919,141580
28020,2017,3,907,141672
28020,2017,4,979,139750
28100,2017,1,785,44392
28100,2017,2,783,45629
28100,2017,3,778,46024
28100,2017,4,811,44624
28140,2017,1,1029,1019791
28140,2017,2,980,1040250
28140,2017,3,962,1038902
28140,2017,4,1038,1047195
28420,2017,1,970,116109
28420,2017,2,929,131615
28420,2017,3,954,125783
28420,2017,4,987,117617
28660,2017,1,858,138839
28660,2017,2,856,141117
28660,2017,3,844,139377
28660,2017,4,907,141764
28700,2017,1,830,115368
28700,2017,2,806,115626
28700,2017,3,782,115771
28700,2017,4,869,116706
28740,2017,1,803,59137
28740,2017,2,834,62191
28740,2017,3,776,61614
28740,2017,4,858,60881
28940,2017,1,945,373107
28940,2017,2,894,376718
28940,2017,3,894,379109
28940,2017,4,989,380793
29020,2017,1,998,39480
29020,2017,2,870,40126
29020,2017,3,870,40071
29020,2017,4,908,40440
29100,2017,1,822,74034
29100,2017,2,787,75491
29100,2017,3,807,74537
29100,2017,4,850,75451
29180,2017,1,836,194728
29180,2017,2,830,194773
29180,2017,3,830,195218
29180,2017,4,905,194922
29200,2017,1,889,90257
29200,2017,2,860,90211
29200,2017,3,868,91508
29200,2017,4,904,92450
29340,2017,1,992,109474
29340,2017,2,957,114112
29340,2017,3,992,112877
29340,2017,4,1056,112736
29420,2017,1,695,48653
29420,2017,2,715,48852
29420,2017,3,713,49348
29420,2017,4,744,49694
29460,2017,1,813,217042
29460,2017,2,772,209973
29460,2017,3,776,211224
29460,2017,4,821,220909
29540,2017,1,880,233375
29540,2017,2,840,239824
29540,2017,3,857,238755
29540,2017,4,902,241156
29620,2017,1,962,209047
29620,2017,2,933,211767
29620,2017,3,907,211735
29620,2017,4,1010,211470
29700,2017,1,675,99571
29700,2017,2,668,100104
29700,2017,3,672,100250
29700,2017,4,706,101182
29740,2017,1,715,70851
29740,2017,2,724,71777
29740,2017,3,701,71475
29740,2017,4,739,71437
29820,2017,1,923,957412
29820,2017,2,887,965239
29820,2017,3,898,970148
29820,2017,4,938,982561
29940,2017,1,719,49500
29940,2017,2,733,48632
29940,2017,3,716,49589
29940,2017,4,762,49777
30020,2017,1,745,44279
30020,2017,2,705,44212
30020,2017,3,756,43593
30020,2017,4,732,43592
30140,2017,1,785,48840
30140,2017,2,792,49998
30140,2017,3,782,49902
30140,2017,4,840,50176
30300,2017,1,769,27383
30300,2017,2,754,28254
30300,2017,3,780,28146
30300,2017,4,788,27686
30340,2017,1,777,48548
30340,2017,2,778,49983
30340,2017,3,777,49397
30340,2017,4,835,49413
30460,2017,1,885,265902
30460,2017,2,907,268971
30460,2017,3,886,269959
30460,2017,4,951,274205
30620,2017,1,861,50386
30620,2017,2,822,51371
30620,2017,3,810,50859
30620,2017,4,865,51327
30700,2017,1,842,173172
30700,2017,2,817,174990
30700,2017,3,837,175122
30700,2017,4,879,176843
30780,2017,1,883,331651
30780,2017,2,864,334741
30780,2017,3,851,336100
30780,2017,4,912,337730
30860,2017,1,665,57053
30860,2017,2,673,58142
30860,2017,3,690,59557
30860,2017,4,713,59900
30980,2017,1,841,93495
30980,2017,2,829,94003
30980,2017,3,843,93281
30980,2017,4,917,94357
31020,2017,1,917,38649
31020,2017,2,889,39594
31020,2017,3,924,38999
31020,2017,4,934,38642
31084,2017,1,1221,5916449
31084,2017,2,1128,5981985
31084,2017,3,1142,5995804
31084,2017,4,1319,6091838
31140,2017,1,1003,629693
31140,2017,2,939,641478
31140,2017,3,898,642291
31140,2017,4,982,648952
31180,2017,1,795,140967
31180,2017,2,798,141884
31180,2017,3,790,142183
31180,2017,4,864,144336
31340,2017,1,808,98677
31340,2017,2,781,98737
31340,2017,3,772,99572
31340,2017,4,835,100704
31420,2017,1,814,97940
31420,2017,2,759,98499
31420,2017,3,779,97194
31420,2017,4,820,99194
31540,2017,1,1054,375674
31540,2017,2,973,384531
31540,2017,3,980,382512
31540,2017,4,1036,386631
31700,2017,1,1140,199942
31700,2017,2,1081,204058
31700,2017,3,1129,201961
31700,2017,4,1241,205972
31740,2017,1,715,38838
31740,2017,2,746,39477
31740,2017,3,706,38604
31740,2017,4,750,39024
31860,2017,1,822,54343
31860,2017,2,799,54920
31860,2017,3,824,55523
31860,2017,4,835,55871
31900,2017,1,726,49780
31900,2017,2,703,50643
31900,2017,3,730,50212
31900,2017,4,770,50285
32580,2017,1,640,255673
32580,2017,2,632,254882
32580,2017,3,649,252736
32580,2017,4,664,261813
32780,2017,1,773,85679
32780,2017,2,791,88378
32780,2017,3,786,89830
32780,2017,4,833,89398
32820,2017,1,982,603443
32820,2017,2,945,611240
32820,2017,3,959,611348
32820,2017,4,1037,624340
32900,2017,1,806,75999
32900,2017,2,787,80807
32900,2017,3,800,84475
32900,2017,4,818,79342
33140,2017,1,743,39818
33140,2017,2,740,40738
33140,2017,3,736,40391
33140,2017,4,795,40517
33220,2017,1,1455,36482
33220,2017,2,989,37369
33220,2017,3,1053,36943
33220,2017,4,1800,36712
33260,2017,1,1421,87936
33260,2017,2,1317,91999
33260,2017,3,1275,93579
33260,2017,4,1335,97523
33340,2017,1,1037,816712
33340,2017,2,961,836949
33340,2017,3,950,829739
33340,2017,4,1049,837373
33460,2017,1,1271,1866970
33460,2017,2,1125,1918154
33460,2017,3,1105,1912990
33460,2017,4,1189,1914510
33540,2017,1,771,58560
33540,2017,2,772,61431
33540,2017,3,783,60837
33540,2017,4,819,60280
33660,2017,1,872,169882
33660,2017,2,857,170384
33660,2017,3,875,170074
33660,2017,4,974,171805
33700,2017,1,883,183229
33700,2017,2,859,188956
33700,2017,3,879,190440
33700,2017,4,915,186766
33740,2017,1,774,76029
33740,2017,2,728,76252
33740,2017,3,722,75807
33740,2017,4,773,77091
33780,2017,1,991,40641
33780,2017,2,884,41395
33780,2017,3,873,41195
33780,2017,4,934,40697
33860,2017,1,832,165047
33860,2017,2,807,166844
33860,2017,3,798,164844
33860,2017,4,898,165570
34060,2017,1,1017,63114
34060,2017,2,916,63250
34060,2017,3,944,64946
34060,2017,4,916,64689
34100,2017,1,729,44318
34100,2017,2,781,44251
34100,2017,3,749,44402
34100,2017,4,791,45569
34580,2017,1,916,49863
34580,2017,2,871,51862
34580,2017,3,899,51607
34580,2017,4,930,50110
34620,2017,1,733,45970
34620,2017,2,739,45777
34620,2017,3,745,45932
34620,2017,4,768,45342
34740,2017,1,811,61758
34740,2017,2,770,65068
34740,2017,3,776,63755
34740,2017,4,851,62658
34820,2017,1,656,154306
34820,2017,2,639,169421
34820,2017,3,647,160396
34820,2017,4,689,153994
34900,2017,1,1004,75645
34900,2017,2,1008,79378
34900,2017,3,1017,79640
34900,2017,4,1119,74500
34940,2017,1,875,149307
34940,2017,2,873,135447
34940,2017,3,857,128135
34940,2017,4,962,150670
34980,2017,1,1062,919457
34980,2017,2,989,936555
34980,2017,3,991,942340
34980,2017,4,1101,954383
35300,2017,1,1083,360218
35300,2017,2,1067,369351
35300,2017,3,1051,364431
35300,2017,4,1122,369342
35380,2017,1,995,540515
35380,2017,2,935,543546
35380,2017,3,933,539407
35380,2017,4,1018,547577
35660,2017,1,943,60593
35660,2017,2,907,64635
35660,2017,3,844,63161
35660,2017,4,918,60682
35840,2017,1,830,293300
35840,2017,2,819,280089
35840,2017,3,822,277448
35840,2017,4,891,296952
35980,2017,1,1136,122141
35980,2017,2,1002,126757
35980,2017,3,994,124563
35980,2017,4,1050,124374
36100,2017,1,696,101095
36100,2017,2,717,100442
36100,2017,3,695,99057
36100,2017,4,755,103123
36220,2017,1,1049,68227
36220,2017,2,1047,70554
36220,2017,3,1082,72857
36220,2017,4,1145,74662
36260,2017,1,799,248858
36260,2017,2,795,254528
36260,2017,3,792,255395
36260,2017,4,848,255889
36420,2017,1,952,591647
36420,2017,2,901,599919
36420,2017,3,903,605250
36420,2017,4,955,610665
36500,2017,1,937,112273
36500,2017,2,934,113738
36500,2017,3,944,115000
36500,2017,4,970,114785
36540,2017,1,954,470372
36540,2017,2,899,479537
36540,2017,3,915,474380
36540,2017,4,970,479805
36740,2017,1,896,1191078
36740,2017,2,869,1180223
36740,2017,3,858,1181414
36740,2017,4,928,1233821
36780,2017,1,1016,92433
36780,2017,2,927,94822
36780,2017,3,920,93585
36780,2017,4,1039,94569
36980,2017,1,830,52696
36980,2017,2,808,53149
36980,2017,3,810,52887
36980,2017,4,834,53167
37100,2017,1,1111,321935
37100,2017,2,1013,326727
37100,2017,3,989,320667
37100,2017,4,1074,326370
37340,2017,1,921,206283
37340,2017,2,932,206371
37340,2017,3,902,201675
37340,2017,4,973,211541
37460,2017,1,739,80851
37460,2017,2,754,82767
37460,2017,3,726,81219
37460,2017,4,790,80852
37620,2017,1,781,36417
37620,2017,2,754,36777
37620,2017,3,767,36167
37620,2017,4,778,36323
37860,2017,1,816,169797
37860,2017,2,771,169732
37860,2017,3,774,170790
37860,2017,4,840,173163
37900,2017,1,1062,167239
37900,2017,2,924,169305
37900,2017,3,981,168817
37900,2017,4,1004,168736
38060,2017,1,1040,1979587
38060,2017,2,980,1953660
38060,2017,3,981,1999613
38060,2017,4,1017,2054895
38300,2017,1,1100,1087967
38300,2017,2,1002,1122497
38300,2017,3,1001,1115489
38300,2017,4,1092,1118264
38340,2017,1,891,59632
38340,2017,2,865,64335
38340,2017,3,850,61810
38340,2017,4,918,61932
38540,2017,1,672,33147
38540,2017,2,684,34320
38540,2017,3,673,34148
38540,2017,4,725,33413
38860,2017,1,969,258853
38860,2017,2,889,280745
38860,2017,3,893,275676
38860,2017,4,978,271828
38900,2017,1,1117,1148261
38900,2017,2,1084,1174481
38900,2017,3,1090,1168764
38900,2017,4,1137,1179348
38940,2017,1,765,143006
38940,2017,2,788,137436
38940,2017,3,754,136757
38940,2017,4,816,146037
39300,2017,1,1017,677472
39300,2017,2,963,708234
39300,2017,3,944,702381
39300,2017,4,1024,702862
39340,2017,1,845,228928
39340,2017,2,813,234090
39340,2017,3,818,237359
39340,2017,4,889,242132
39380,2017,1,796,60334
39380,2017,2,757,61380
39380,2017,3,812,61025
39380,2017,4,835,61214
39460,2017,1,711,47960
39460,2017,2,715,45507
39460,2017,3,710,44397
39460,2017,4,765,48168
39540,2017,1,909,73459
39540,2017,2,861,76021
39540,2017,3,864,75074
39540,2017,4,969,75271
39580,2017,1,1072,593283
39580,2017,2,1013,608663
39580,2017,3,1011,605182
39580,2017,4,1087,615647
39660,2017,1,804,63596
39660,2017,2,753,69750
39660,2017,3,765,67835
39660,2017,4,815,65325
39740,2017,1,938,169411
39740,2017,2,930,172247
39740,2017,3,923,172406
39740,2017,4,971,174550
39820,2017,1,796,63960
39820,2017,2,792,66755
39820,2017,3,830,66112
39820,2017,4,857,66202
39900,2017,1,916,222300
39900,2017,2,916,228689
39900,2017,3,941,231549
39900,2017,4,976,234891
40060,2017,1,1073,627625
40060,2017,2,953,641049
40060,2017,3,965,635304
40060,2017,4,1025,643222
40140,2017,1,872,1425659
40140,2017,2,843,1443934
40140,2017,3,846,1445770
40140,2017,4,890,1486597
40220,2017,1,813,150349
40220,2017,2,817,152803
40220,2017,3,800,150685
40220,2017,4,880,153147
40340,2017,1,1149,113693
40340,2017,2,1013,119046
40340,2017,3,1107,116849
40340,2017,4,1062,116481
40380,2017,1,946,498014
40380,2017,2,940,515301
40380,2017,3,912,512581
40380,2017,4,963,513086
40420,2017,1,910,137344
40420,2017,2,842,145730
40420,2017,3,896,143972
40420,2017,4,918,146169
40580,2017,1,737,56522
40580,2017,2,716,56325
40580,2017,3,712,56197
40580,2017,4,753,56987
40660,2017,1,792,38990
40660,2017,2,785,39085
40660,2017,3,778,39232
40660,2017,4,846,39713
40900,2017,1,1123,953824
40900,2017,2,1079,974778
40900,2017,3,1083,973297
40900,2017,4,1153,980643
40980,2017,1,856,82980
40980,2017,2,817,84784
40980,2017,3,811,84453
40980,2017,4,897,84551
41060,2017,1,886,102863
41060,2017,2,823,106175
41060,2017,3,863,104693
41060,2017,4,894,104309
41100,2017,1,670,61971
41100,2017,2,657,61932
41100,2017,3,678,63816
41100,2017,4,704,64748
41140,2017,1,797,55640
41140,2017,2,826,55913
41140,2017,3,794,55439
41140,2017,4,845,55965
41180,2017,1,1030,1304503
41180,2017,2,958,1329288
41180,2017,3,948,1327377
41180,2017,4,1037,1333493
41420,2017,1,824,169508
41420,2017,2,836,176583
41420,2017,3,825,176857
41420,2017,4,880,172514
41500,2017,1,900,171889
41500,2017,2,876,207916
41500,2017,3,901,204840
41500,2017,4,951,174820
41540,2017,1,755,147636
41540,2017,2,769,168744
41540,2017,3,735,161999
41540,2017,4,813,151404
41620,2017,1,1032,691875
41620,2017,2,962,702089
41620,2017,3,989,704881
41620,2017,4,1050,717670
41660,2017,1,784,47774
41660,2017,2,778,48227
41660,2017,3,769,48027
41660,2017,4,838,48538
41700,2017,1,959,992475
41700,2017,2,897,1002128
41700,2017,3,889,1003271
41700,2017,4,962,1011340
41740,2017,1,1173,1419915
41740,2017,2,1102,1442947
41740,2017,3,1111,1441524
41740,2017,4,1221,1460901
41940,2017,1,2430,1074830
41940,2017,2,2374,1095270
41940,2017,3,2293,1096003
41940,2017,4,2552,1107846
42020,2017,1,861,117006
42020,2017,2,872,120283
42020,2017,3,860,118796
42020,2017,4,931,115833
42100,2017,1,958,99823
42100,2017,2,946,110602
42100,2017,3,923,107609
42100,2017,4,973,100493
42140,2017,1,806,60561
42140,2017,2,795,60664
42140,2017,3,808,60954
42140,2017,4,934,61271
42200,2017,1,1015,192825
42200,2017,2,986,202497
42200,2017,3,979,202364
42200,2017,4,1068,195324
42220,2017,1,978,202811
42220,2017,2,973,208286
42220,2017,3,992,209305
42220,2017,4,1070,208456
42340,2017,1,886,168037
42340,2017,2,845,170496
42340,2017,3,841,166705
42340,2017,4,893,172897
42540,2017,1,809,247545
42540,2017,2,796,254648
42540,2017,3,793,254988
42540,2017,4,842,256096
42680,2017,1,788,52097
42680,2017,2,769,49316
42680,2017,3,760,48831
42680,2017,4,877,53573
42700,2017,1,633,28245
42700,2017,2,658,26977
42700,2017,3,645,26369
42700,2017,4,665,29242
43100,2017,1,942,59189
43100,2017,2,875,63119
43100,2017,3,870,61563
43100,2017,4,941,60960
43300,2017,1,797,45984
43300,2017,2,822,46218
43300,2017,3,790,45919
43300,2017,4,851,45972
43340,2017,1,794,173985
43340,2017,2,788,173662
43340,2017,3,791,173400
43340,2017,4,847,174825
43420,2017,1,855,34390
43420,2017,2,848,34138
43420,2017,3,879,33647
43420,2017,4,863,33645
43580,2017,1,816,85413
43580,2017,2,800,88114
43580,2017,3,809,86968
43580,2017,4,885,88066
43620,2017,1,918,148551
43620,2017,2,871,153625
43620,2017,3,900,151475
43620,2017,4,950,152426
43780,2017,1,819,131386
43780,2017,2,820,133535
43780,2017,3,822,133446
43780,2017,4,874,132892
43900,2017,1,877,144393
43900,2017,2,875,145323
43900,2017,3,846,145723
43900,2017,4,893,149000
44060,2017,1,896,228126
44060,2017,2,861,235957
44060,2017,3,883,234442
44060,2017,4,914,234213
44100,2017,1,1019,130518
44100,2017,2,984,133203
44100,2017,3,1010,130853
44100,2017,4,1059,131270
44140,2017,1,942,269180
44140,2017,2,903,277615
44140,2017,3,911,275751
44140,2017,4,965,277894
44180,2017,1,767,199154
44180,2017,2,761,202035
44180,2017,3,749,201699
44180,2017,4,806,202564
44220,2017,1,759,47869
44220,2017,2,758,48676
44220,2017,3,755,48106
44220,2017,4,792,48377
44300,2017,1,924,68186
44300,2017,2,933,72080
44300,2017,3,948,69014
44300,2017,4,953,69121
44420,2017,1,766,47381
44420,2017,2,755,48265
44420,2017,3,773,47521
44420,2017,4,815,48154
44700,2017,1,850,241731
44700,2017,2,862,249015
44700,2017,3,867,253616
44700,2017,4,922,251594
44940,2017,1,717,37345
44940,2017,2,715,37199
44940,2017,3,713,36915
44940,2017,4,753,37673
45060,2017,1,954,294773
45060,2017,2,947,303286
45060,2017,3,908,302272
45060,2017,4,982,304118
45220,2017,1,819,168317
45220,2017,2,799,167851
45220,2017,3,832,167769
45220,2017,4,869,171687
45460,2017,1,779,65777
45460,2017,2,742,66548
45460,2017,3,755,66693
45460,2017,4,763,67281
45500,2017,1,759,58034
45500,2017,2,766,58177
45500,2017,3,752,57763
45500,2017,4,809,58281
45780,2017,1,923,291378
45780,2017,2,839,291804
45780,2017,3,864,291298
45780,2017,4,899,296454
45820,2017,1,849,108828
45820,2017,2,818,108649
45820,2017,3,798,108535
45820,2017,4,836,109203
45940,2017,1,1486,243548
45940,2017,2,1280,251793
45940,2017,3,1220,250046
45940,2017,4,1356,253435
46060,2017,1,885,365525
46060,2017,2,852,359210
46060,2017,3,869,365413
46060,2017,4,892,372474
46140,2017,1,943,421793
46140,2017,2,889,427024
46140,2017,3,883,427415
46140,2017,4,941,433190
46220,2017,1,826,99088
46220,2017,2,840,98686
46220,2017,3,820,100493
46220,2017,4,902,100542
46340,2017,1,831,101791
46340,2017,2,830,102495
46340,2017,3,847,102220
46340,2017,4,900,104992
46520,2017,1,997,476278
46520,2017,2,975,473953
46520,2017,3,988,473945
46520,2017,4,1029,481040
46540,2017,1,802,120665
46540,2017,2,804,124819
46540,2017,3,776,121845
46540,2017,4,826,123036
46660,2017,1,661,54525
46660,2017,2,670,54810
46660,2017,3,672,53627
46660,2017,4,739,54349
46700,2017,1,1125,135980
46700,2017,2,1058,140253
46700,2017,3,1058,140058
46700,2017,4,1116,141151
47020,2017,1,847,40208
47020,2017,2,841,40472
47020,2017,3,837,39138
47020,2017,4,896,39938
47220,2017,1,853,58040
47220,2017,2,858,61029
47220,2017,3,841,60428
47220,2017,4,921,59395
47260,2017,1,896,733660
47260,2017,2,882,755100
47260,2017,3,863,743587
47260,2017,4,931,750703
47300,2017,1,750,155116
47300,2017,2,707,170659
47300,2017,3,736,163060
47300,2017,4,811,159382
47380,2017,1,849,115625
47380,2017,2,826,116005
47380,2017,3,836,115708
47380,2017,4,902,116482
47460,2017,1,808,27600
47460,2017,2,807,29442
47460,2017,3,818,29911
47460,2017,4,862,27454
47580,2017,1,816,71319
47580,2017,2,854,71382
47580,2017,3,816,71514
47580,2017,4,864,72734
47940,2017,1,852,86498
47940,2017,2,834,88744
47940,2017,3,832,87727
47940,2017,4,964,88480
48060,2017,1,783,39584
48060,2017,2,776,43084
48060,2017,3,768,41933
48060,2017,4,788,41252
48140,2017,1,854,69614
48140,2017,2,838,71950
48140,2017,3,861,70754
48140,2017,4,884,71843
48260,2017,1,784,37184
48260,2017,2,762,37789
48260,2017,3,747,37669
48260,2017,4,795,37705
48300,2017,1,746,52371
48300,2017,2,720,60745
48300,2017,3,726,60257
48300,2017,4,776,52688
48540,2017,1,863,61997
48540,2017,2,840,63575
48540,2017,3,858,64187
48540,2017,4,880,64924
48620,2017,1,905,289720
48620,2017,2,836,289263
48620,2017,3,825,288581
48620,2017,4,889,292844
48660,2017,1,743,57377
48660,2017,2,723,57959
48660,2017,3,731,56957
48660,2017,4,774,58344
48700,2017,1,796,50460
48700,2017,2,812,51448
48700,2017,3,810,51592
48700,2017,4,866,51527
48900,2017,1,836,121501
48900,2017,2,859,124220
48900,2017,3,803,123737
48900,2017,4,858,123179
49020,2017,1,878,59332
49020,2017,2,832,60771
49020,2017,3,859,60359
49020,2017,4,877,61199
49180,2017,1,991,256524
49180,2017,2,855,256831
49180,2017,3,896,257824
49180,2017,4,934,260723
49340,2017,1,1058,380416
49340,2017,2,994,390523
49340,2017,3,990,389124
49340,2017,4,1055,392736
49420,2017,1,725,107286
49420,2017,2,714,121903
49420,2017,3,736,125120
49420,2017,4,775,106682
49620,2017,1,911,175985
49620,2017,2,896,178073
49620,2017,3,897,179316
49620,2017,4,955,180889
49660,2017,1,769,207967
49660,2017,2,738,212614
49660,2017,3,743,209695
49660,2017,4,784,212678
49700,2017,1,821,45524
49700,2017,2,842,50767
49700,2017,3,819,49858
49700,2017,4,889,47273
49740,2017,1,698,72653
49740,2017,2,755,58035
49740,2017,3,737,61919
49740,2017,4,738,77416
10180,2018,1,786,67479
10180,2018,2,801,68150
10180,2018,3,801,67885
10180,2018,4,863,68881
10420,2018,1,958,317483
10420,2018,2,903,323974
10420,2018,3,901,323056
10420,2018,4,985,324348
10500,2018,1,762,60246
10500,2018,2,777,59496
10500,2018,3,771,60210
10500,2018,4,821,61060
10540,2018,1,812,46953
10540,2018,2,814,47692
10540,2018,3,895,47639
10540,2018,4,855,47949
10580,2018,1,1066,442927
10580,2018,2,1074,458204
10580,2018,3,1024,449516
10580,2018,4,1102,452013
10740,2018,1,892,375027
10740,2018,2,868,377790
10740,2018,3,876,379610
10740,2018,4,922,382377
10780,2018,1,771,60183
10780,2018,2,764,60448
10780,2018,3,772,59824
10780,2018,4,799,60337
10900,2018,1,996,352348
10900,2018,2,944,362838
10900,2018,3,943,359700
10900,2018,4,1018,363201
11020,2018,1,780,57770
11020,2018,2,785,59274
11020,2018,3,780,58498
11020,2018,4,858,58380
11100,2018,1,892,115367
11100,2018,2,867,115511
11100,2018,3,873,115386
11100,2018,4,947,116626
11180,2018,1,975,45647
11180,2018,2,940,47000
11180,2018,3,940,47259
11180,2018,4,1005,45867
11260,2018,1,1074,168645
11260,2018,2,1066,175009
11260,2018,3,1077,175789
11260,2018,4,1117,170841
11460,2018,1,1129,214091
11460,2018,2,1126,210362
11460,2018,3,1143,214510
11460,2018,4,1173,218355
11500,2018,1,759,44447
11500,2018,2,752,44708
11500,2018,3,757,44363
11500,2018,4,783,44554
11540,2018,1,909,120069
11540,2018,2,873,125459
11540,2018,3,878,122064
11540,2018,4,974,122856
11700,2018,1,783,191153
11700,2018,2,783,193870
11700,2018,3,793,194255
11700,2018,4,863,194709
12020,2018,1,865,88628
12020,2018,2,810,88528
12020,2018,3,839,89547
12020,2018,4,874,89973
12100,2018,1,907,119913
12100,2018,2,902,135714
12100,2018,3,851,132063
12100,2018,4,933,128161
12220,2018,1,744,58153
12220,2018,2,752,59075
12220,2018,3,726,59894
12220,2018,4,810,59741
12260,2018,1,914,226136
12260,2018,2,876,226774
12260,2018,3,896,224960
12260,2018,4,930,229533
12420,2018,1,1231,1008186
12420,2018,2,1146,1026568
12420,2018,3,1163,1024247
12420,2018,4,1252,1043198
12540,2018,1,913,302859
12540,2018,2,870,327013
12540,2018,3,873,337390
12540,2018,4,922,326507
12580,2018,1,1168,1324563
12580,2018,2,1115,1353203
12580,2018,3,1112,1343956
12580,2018,4,1215,1349221
12620,2018,1,816,68307
12620,2018,2,788,71323
12620,2018,3,823,70679
12620,2018,4,831,70727
12700,2018,1,926,86526
12700,2018,2,893,108477
12700,2018,3,875,102538
12700,2018,4,1000,91845
12940,2018,1,1026,388835
12940,2018,2,981,385670
12940,2018,3,980,388959
12940,2018,4,1060,393472
12980,2018,1,1083,54270
12980,2018,2,961,55897
12980,2018,3,970,54977
12980,2018,4,1003,54877
13020,2018,1,836,33215
13020,2018,2,808,34251
13020,2018,3,791,34112
13020,2018,4,877,33482
13140,2018,1,1117,158920
13140,2018,2,1028,160914
13140,2018,3,1027,160214
13140,2018,4,1101,161120
13220,2018,1,767,41137
13220,2018,2,772,42750
13220,2018,3,776,42811
13220,2018,4,808,42380
13380,2018,1,924,90083
13380,2018,2,910,92771
13380,2018,3,899,91093
13380,2018,4,942,91641
13460,2018,1,866,81344
13460,2018,2,860,85266
13460,2018,3,863,84607
13460,2018,4,916,83861
13740,2018,1,902,82975
13740,2018,2,892,85647
13740,2018,3,880,85241
13740,2018,4,981,85573
13780,2018,1,884,98795
13780,2018,2,881,102060
13780,2018,3,857,100134
13780,2018,4,893,101015
13820,2018,1,1083,491916
13820,2018,2,985,497857
13820,2018,3,980,495553
13820,2018,4,1078,501770
13900,2018,1,969,68644
13900,2018,2,955,70828
13900,2018,3,955,69904
13900,2018,4,1029,69588
13980,2018,1,839,70500
13980,2018,2,780,70463
13980,2018,3,854,70921
13980,2018,4,852,71070
14010,2018,1,1109,88030
14010,2018,2,996,88022
14010,2018,3,979,88122
14010,2018,4,961,87855
14020,2018,1,889,67808
14020,2018,2,848,68481
14020,2018,3,832,68395
14020,2018,4,839,68549
14260,2018,1,884,315423
14260,2018,2,865,324773
14260,2018,3,872,325398
14260,2018,4,1002,325457
14500,2018,1,1310,181201
14500,2018,2,1235,185723
14500,2018,3,1305,184339
14500,2018,4,1354,185968
14540,2018,1,801,73207
14540,2018,2,785,74253
14540,2018,3,772,74681
14540,2018,4,836,75082
14740,2018,1,957,88699
14740,2018,2,1017,90792
14740,2018,3,981,90558
14740,2018,4,1056,91304
14860,2018,1,1983,415013
14860,2018,2,1488,429586
14860,2018,3,1461,421508
14860,2018,4,1705,426854
15180,2018,1,627,139156
15180,2018,2,638,140242
15180,2018,3,632,138449
15180,2018,4,687,140729
15260,2018,1,825,42684
15260,2018,2,789,43786
15260,2018,3,817,43113
15260,2018,4,840,42583
15380,2018,1,970,536506
15380,2018,2,930,551442
15380,2018,3,905,549365
15380,2018,4,985,550103
15500,2018,1,790,61330
15500,2018,2,813,60912
15500,2018,3,751,61154
15500,2018,4,802,62219
15540,2018,1,1032,119117
15540,2018,2,1000,122906
15540,2018,3,990,122394
15540,2018,4,1072,122638
15940,2018,1,810,164369
15940,2018,2,777,167982
15940,2018,3,790,166139
15940,2018,4,849,166940
15980,2018,1,860,266054
15980,2018,2,864,253149
15980,2018,3,823,258761
15980,2018,4,899,270661
16020,2018,1,738,43806
16020,2018,2,775,44398
16020,2018,3,740,44353
16020,2018,4,815,45240
16180,2018,1,936,29667
16180,2018,2,956,30263
16180,2018,3,963,30058
16180,2018,4,1037,30083
16220,2018,1,934,37831
16220,2018,2,925,39161
16220,2018,3,955,38592
16220,2018,4,1047,38924
16300,2018,1,1013,141280
16300,2018,2,984,146131
16300,2018,3,1013,143531
16300,2018,4,1131,144337
16540,2018,1,831,58701
16540,2018,2,811,59281
16540,2018,3,846,60322
16540,2018,4,863,60764
16580,2018,1,897,97757
16580,2018,2,897,98917
16580,2018,3,901,99132
16580,2018,4,936,99666
16620,2018,1,923,104269
16620,2018,2,895,105868
16620,2018,3,909,104625
16620,2018,4,947,104505
16700,2018,1,961,337848
16700,2018,2,906,347593
16700,2018,3,905,339581
16700,2018,4,981,347536
16740,2018,1,1242,1175044
16740,2018,2,1043,1190452
16740,2018,3,1032,1191211
16740,2018,4,1108,1209695
16820,2018,1,1043,111222
16820,2018,2,934,114171
16820,2018,3,1004,113995
16820,2018,4,1083,112258
16860,2018,1,911,245749
16860,2018,2,878,249846
16860,2018,3,879,250583
16860,2018,4,973,252918
16940,2018,1,889,45143
16940,2018,2,888,46470
16940,2018,3,895,46368
16940,2018,4,954,46899
16984,2018,1,1314,4466958
16984,2018,2,1154,4589372
16984,2018,3,1137,4554045
16984,2018,4,1256,4570558
17020,2018,1,799,83189
17020,2018,2,797,84185
17020,2018,3,828,85657
17020,2018,4,866,82930
17140,2018,1,1085,1036205
17140,2018,2,999,1064468
17140,2018,3,1016,1059519
17140,2018,4,1087,1066976
17300,2018,1,747,88100
17300,2018,2,754,88674
17300,2018,3,754,89199
17300,2018,4,803,89705
17420,2018,1,776,43476
17420,2018,2,796,44361
17420,2018,3,762,44695
17420,2018,4,834,46275
17660,2018,1,742,59980
17660,2018,2,736,64310
17660,2018,3,751,63514
17660,2018,4,808,61772
17780,2018,1,812,114412
17780,2018,2,799,110477
17780,2018,3,793,115814
17780,2018,4,817,117266
17820,2018,1,972,279498
17820,2018,2,930,286574
17820,2018,3,951,285384
17820,2018,4,1007,287625
17860,2018,1,828,93786
17860,2018,2,834,93461
17860,2018,3,837,94712
17860,2018,4,890,94641
17900,2018,1,885,373318
17900,2018,2,834,376859
17900,2018,3,849,374440
17900,2018,4,889,378918
17980,2018,1,913,116693
17980,2018,2,777,117331
17980,2018,3,797,116610
17980,2018,4,822,118253
18020,2018,1,1272,50691
18020,2018,2,987,51775
18020,2018,3,996,51591
18020,2018,4,1052,51793
18140,2018,1,1096,1014089
18140,2018,2,987,1039757
18140,2018,3,1022,1036925
18140,2018,4,1055,1048194
18580,2018,1,921,187757
18580,2018,2,886,189668
18580,2018,3,902,186503
18580,2018,4,952,189943
18700,2018,1,982,38164
18700,2018,2,958,38796
18700,2018,3,999,38338
18700,2018,4,1074,38282
18880,2018,1,820,111124
18880,2018,2,849,111557
18880,2018,3,816,110435
18880,2018,4,897,109687
19140,2018,1,835,64629
19140,2018,2,799,65781
19140,2018,3,796,66275
19140,2018,4,851,66147
19300,2018,1,684,73082
19300,2018,2,690,77577
19300,2018,3,696,74041
19300,2018,4,760,73662
19340,2018,1,944,179770
19340,2018,2,879,185185
19340,2018,3,900,182976
19340,2018,4,1066,183019
19460,2018,1,850,52547
19460,2018,2,833,53738
19460,2018,3,826,53965
19460,2018,4,898,54261
19500,2018,1,1046,49205
19500,2018,2,965,50124
19500,2018,3,954,50024
19500,2018,4,1013,49591
19660,2018,1,749,198693
19660,2018,2,762,193658
19660,2018,3,735,197720
19660,2018,4,795,199843
19740,2018,1,1325,1460320
19740,2018,2,1184,1500277
19740,2018,3,1206,1489423
19740,2018,4,1297,1501368
19780,2018,1,1146,358589
19780,2018,2,1028,371676
19780,2018,3,1020,365648
19780,2018,4,1114,367991
20020,2018,1,800,56094
20020,2018,2,765,56730
20020,2018,3,792,56478
20020,2018,4,859,57249
20100,2018,1,847,66138
20100,2018,2,804,67619
20100,2018,3,852,66774
20100,2018,4,869,67205
20220,2018,1,864,57869
20220,2018,2,835,60142
20220,2018,3,842,59051
20220,2018,4,963,59436
20260,2018,1,858,125777
20260,2018,2,865,130806
20260,2018,3,870,128361
20260,2018,4,929,127391
20500,2018,1,1285,298098
20500,2018,2,1167,303737
20500,2018,3,1197,300418
20500,2018,4,1271,305170
20740,2018,1,876,81975
20740,2018,2,803,83700
20740,2018,3,837,82847
20740,2018,4,887,83595
20940,2018,1,749,63402
20940,2018,2,752,65107
20940,2018,3,787,60726
20940,2018,4,800,62617
21060,2018,1,793,54585
21060,2018,2,800,55395
21060,2018,3,805,55113
21060,2018,4,824,55616
21140,2018,1,1006,137640
21140,2018,2,939,139898
21140,2018,3,887,137495
21140,2018,4,937,136563
21300,2018,1,920,34948
21300,2018,2,894,35951
21300,2018,3,881,35264
21300,2018,4,921,35852
21340,2018,1,746,305687
21340,2018,2,734,305520
21340,2018,3,737,308534
21340,2018,4,778,313516
21500,2018,1,822,120378
21500,2018,2,794,123602
21500,2018,3,792,123608
21500,2018,4,840,122422
21660,2018,1,824,155514
21660,2018,2,833,158390
21660,2018,3,827,157668
21660,2018,4,883,158045
21780,2018,1,903,152530
21780,2018,2,844,154559
21780,2018,3,854,154932
21780,2018,4,896,156155
21820,2018,1,980,35740
21820,2018,2,1006,36959
21820,2018,3,1052,38061
21820,2018,4,1045,36257
22020,2018,1,944,134787
22020,2018,2,927,138171
22020,2018,3,930,139112
22020,2018,4,996,139342
22140,2018,1,890,47394
22140,2018,2,870,47604
22140,2018,3,846,47569
22140,2018,4,916,47184
22180,2018,1,793,128429
22180,2018,2,810,129055
22180,2018,3,817,126425
22180,2018,4,866,129935
22220,2018,1,1170,237788
22220,2018,2,940,239283
22220,2018,3,897,240253
22220,2018,4,1014,240948
22380,2018,1,832,61490
22380,2018,2,808,63058
22380,2018,3,849,64549
22380,2018,4,844,63111
22420,2018,1,890,132736
22420,2018,2,860,136363
22420,2018,3,860,135612
22420,2018,4,923,136323
22500,2018,1,780,85707
22500,2018,2,778,86084
22500,2018,3,766,85741
22500,2018,4,837,87318
22520,2018,1,739,53349
22520,2018,2,740,53744
22520,2018,3,741,53723
22520,2018,4,795,54296
22540,2018,1,883,46388
22540,2018,2,853,48211
22540,2018,3,882,47904
22540,2018,4,906,47804
22660,2018,1,1026,158341
22660,2018,2,931,165607
22660,2018,3,965,163838
22660,2018,4,1064,163578
22900,2018,1,757,106550
22900,2018,2,750,106571
22900,2018,3,749,106779
22900,2018,4,789,106580
23060,2018,1,913,208935
23060,2018,2,847,213282
23060,2018,3,842,212834
23060,2018,4,909,215562
23420,2018,1,834,375595
23420,2018,2,829,400637
23420,2018,3,825,402648
23420,2018,4,903,392311
23460,2018,1,692,36259
23460,2018,2,692,36518
23460,2018,3,695,36340
23460,2018,4,736,36775
23540,2018,1,929,135463
23540,2018,2,872,133277
23540,2018,3,904,136246
23540,2018,4,948,137286
23580,2018,1,878,87388
23580,2018,2,906,87734
23580,2018,3,875,89595
23580,2018,4,996,89848
23900,2018,1,782,34709
23900,2018,2,791,34883
23900,2018,3,792,35636
23900,2018,4,844,34820
24020,2018,1,860,51247
24020,2018,2,823,57486
24020,2018,3,827,54671
24020,2018,4,875,52436
24140,2018,1,700,41945
24140,2018,2,708,42152
24140,2018,3,704,41869
24140,2018,4,763,42589
24220,2018,1,822,52037
24220,2018,2,871,53206
24220,2018,3,854,52822
24220,2018,4,912,52949
24260,2018,1,743,42106
24260,2018,2,765,42975
24260,2018,3,754,43390
24260,2018,4,820,42225
24300,2018,1,847,61534
24300,2018,2,821,63203
24300,2018,3,854,63801
24300,2018,4,895,63355
24340,2018,1,937,556647
24340,2018,2,889,570284
24340,2018,3,909,557586
24340,2018,4,979,563874
24420,2018,1,676,27032
24420,2018,2,714,28230
24420,2018,3,689,28245
24420,2018,4,778,27791
24500,2018,1,773,35049
24500,2018,2,770,36232
24500,2018,3,785,35719
24500,2018,4,871,35622
24540,2018,1,1040,108195
24540,2018,2,955,110864
24540,2018,3,980,111144
24540,2018,4,1015,111525
24580,2018,1,968,172557
24580,2018,2,880,178345
24580,2018,3,898,176855
24580,2018,4,1003,176803
24660,2018,1,899,351335
24660,2018,2,860,351110
24660,2018,3,867,352391
24660,2018,4,915,355008
24780,2018,1,854,77209
24780,2018,2,831,76641
24780,2018,3,867,76639
24780,2018,4,901,78680
24860,2018,1,885,395134
24860,2018,2,862,401826
24860,2018,3,851,400018
24860,2018,4,911,406420
25060,2018,1,859,147154
25060,2018,2,827,148962
25060,2018,3,796,147310
25060,2018,4,863,147434
25180,2018,1,827,99908
25180,2018,2,828,101509
25180,2018,3,817,101141
25180,2018,4,850,105155
25220,2018,1,667,43345
25220,2018,2,681,43231
25220,2018,3,675,43786
25220,2018,4,721,44169
25260,2018,1,826,46258
25260,2018,2,806,47948
25260,2018,3,839,49309
25260,2018,4,869,48714
25420,2018,1,1037,320626
25420,2018,2,986,331361
25420,2018,3,987,328861
25420,2018,4,1047,331439
25500,2018,1,772,64404
25500,2018,2,771,64070
25500,2018,3,790,64592
25500,2018,4,820,65041
25540,2018,1,1394,612311
25540,2018,2,1180,631027
25540,2018,3,1174,624900
25540,2018,4,1283,629323
25620,2018,1,706,61335
25620,2018,2,708,61095
25620,2018,3,739,62015
25620,2018,4,771,63411
25860,2018,1,800,151130
25860,2018,2,767,152473
25860,2018,3,762,152471
25860,2018,4,818,153342
25940,2018,1,743,74956
25940,2018,2,726,80534
25940,2018,3,710,76855
25940,2018,4,784,76949
25980,2018,1,766,19803
25980,2018,2,763,19548
25980,2018,3,784,19822
25980,2018,4,809,20113
26140,2018,1,733,32667
26140,2018,2,703,32347
26140,2018,3,704,32535
26140,2018,4,728,33061
26300,2018,1,689,37425
26300,2018,2,695,37783
26300,2018,3,688,37200
26300,2018,4,730,37308
26380,2018,1,959,83768
26380,2018,2,944,85010
26380,2018,3,965,83643
26380,2018,4,1007,84194
26420,2018,1,1406,2944201
26420,2018,2,1209,2973872
26420,2018,3,1211,2971798
26420,2018,4,1318,3024740
26580,2018,1,841,127337
26580,2018,2,839,127953
26580,2018,3,857,128581
26580,2018,4,895,128947
26620,2018,1,1127,222240
26620,2018,2,1082,224223
26620,2018,3,1112,224281
26620,2018,4,1169,228350
26820,2018,1,878,65079
26820,2018,2,830,67986
26820,2018,3,832,67406
26820,2018,4,881,67630
26900,2018,1,1083,999668
26900,2018,2,962,1017565
26900,2018,3,961,1017996
26900,2018,4,1025,1025104
26980,2018,1,949,92103
26980,2018,2,953,92867
26980,2018,3,967,92019
26980,2018,4,979,92364
27060,2018,1,1002,49631
27060,2018,2,1012,51295
27060,2018,3,991,51390
27060,2018,4,1180,51386
27100,2018,1,927,56910
27100,2018,2,925,57995
27100,2018,3,903,57529
27100,2018,4,988,57406
27140,2018,1,845,257910
27140,2018,2,817,258830
27140,2018,3,819,257941
27140,2018,4,862,261477
27180,2018,1,808,65870
27180,2018,2,807,66783
27180,2018,3,776,66819
27180,2018,4,868,67305
27260,2018,1,1037,671763
27260,2018,2,934,667793
27260,2018,3,930,675771
27260,2018,4,1016,691487
27340,2018,1,651,48918
27340,2018,2,664,49008
27340,2018,3,657,46779
27340,2018,4,708,48720
27500,2018,1,908,65991
27500,2018,2,849,68449
27500,2018,3,868,67353
27500,2018,4,922,67277
27620,2018,1,791,74893
27620,2018,2,789,75924
27620,2018,3,783,75597
27620,2018,4,825,76033
27740,2018,1,763,77657
27740,2018,2,795,78065
27740,2018,3,768,77553
27740,2018,4,840,77939
27780,2018,1,744,50583
27780,2018,2,739,51144
27780,2018,3,755,51037
27780,2018,4,792,51037
27860,2018,1,745,56062
27860,2018,2,738,56472
27860,2018,3,754,57254
27860,2018,4,780,57542
27900,2018,1,762,77806
27900,2018,2,761,78134
27900,2018,3,746,78491
27900,2018,4,775,79767
27980,2018,1,881,78454
27980,2018,2,869,78512
27980,2018,3,876,77656
27980,2018,4,908,79212
28020,2018,1,1023,138898
28020,2018,2,953,143123
28020,2018,3,921,142992
28020,2018,4,1028,140943
28100,2018,1,808,43736
28100,2018,2,793,45307
28100,2018,3,824,45180
28100,2018,4,846,45070
28140,2018,1,1049,1029170
28140,2018,2,1010,1054777
28140,2018,3,993,1047502
28140,2018,4,1078,1054912
28420,2018,1,994,120905
28420,2018,2,948,134672
28420,2018,3,1002,126257
28420,2018,4,1031,120108
28660,2018,1,859,138699
28660,2018,2,881,139779
28660,2018,3,863,139612
28660,2018,4,937,141426
28700,2018,1,882,116015
28700,2018,2,819,116264
28700,2018,3,804,116452
28700,2018,4,904,116587
28740,2018,1,828,59987
28740,2018,2,863,62714
28740,2018,3,804,62509
28740,2018,4,890,61228
28940,2018,1,983,376554
28940,2018,2,933,381064
28940,2018,3,929,383456
28940,2018,4,1004,386865
29020,2018,1,1000,38832
29020,2018,2,904,39496
29020,2018,3,918,39345
29020,2018,4,908,39407
29100,2018,1,847,74407
29100,2018,2,814,76103
29100,2018,3,817,75046
29100,2018,4,888,75782
29180,2018,1,859,195351
29180,2018,2,854,196119
29180,2018,3,867,196310
29180,2018,4,940,198694
29200,2018,1,943,91529
29200,2018,2,883,92641
29200,2018,3,902,93147
29200,2018,4,1033,94460
29340,2018,1,1057,114165
29340,2018,2,1008,115817
29340,2018,3,1032,113652
29340,2018,4,1105,111713
29420,2018,1,718,49934
29420,2018,2,743,50125
29420,2018,3,726,50715
29420,2018,4,759,50963
29460,2018,1,824,219477
29460,2018,2,801,213940
29460,2018,3,801,221764
29460,2018,4,848,228188
29540,2018,1,901,238564
29540,2018,2,860,245315
29540,2018,3,877,243876
29540,2018,4,927,245936
29620,2018,1,999,209375
29620,2018,2,963,211645
29620,2018,3,943,211821
29620,2018,4,1033,211171
29700,2018,1,690,100885
29700,2018,2,687,101341
29700,2018,3,698,101139
29700,2018,4,737,103441
29740,2018,1,728,71905
29740,2018,2,742,72958
29740,2018,3,717,73567
29740,2018,4,762,73562
29820,2018,1,969,983656
29820,2018,2,915,994937
29820,2018,3,914,1002695
29820,2018,4,989,1015983
29940,2018,1,742,49196
29940,2018,2,761,48389
29940,2018,3,730,49716
29940,2018,4,777,49763
30020,2018,1,751,43575
30020,2018,2,737,44082
30020,2018,3,762,43254
30020,2018,4,770,43866
30140,2018,1,806,49844
30140,2018,2,801,51158
30140,2018,3,809,50497
30140,2018,4,861,51323
30300,2018,1,785,27320
30300,2018,2,772,27675
30300,2018,3,793,27431
30300,2018,4,823,27222
30340,2018,1,801,48353
30340,2018,2,805,49912
30340,2018,3,811,49693
30340,2018,4,849,49963
30460,2018,1,902,265135
30460,2018,2,932,268617
30460,2018,3,889,269188
30460,2018,4,971,269263
30620,2018,1,890,50401
30620,2018,2,855,50952
30620,2018,3,837,50949
30620,2018,4,899,51249
30700,2018,1,874,175680
30700,2018,2,844,178126
30700,2018,3,855,178278
30700,2018,4,903,178372
30780,2018,1,908,333386
30780,2018,2,877,337419
30780,2018,3,868,338429
30780,2018,4,932,340953
30860,2018,1,689,58591
30860,2018,2,692,59757
30860,2018,3,709,60621
30860,2018,4,754,60991
30980,2018,1,886,94755
30980,2018,2,871,95462
30980,2018,3,873,95071
30980,2018,4,929,95600
31020,2018,1,965,38392
31020,2018,2,930,39239
31020,2018,3,969,39386
31020,2018,4,992,39208
31084,2018,1,1251,6039950
31084,2018,2,1172,6070360
31084,2018,3,1172,6077106
31084,2018,4,1346,6170282
31140,2018,1,1023,635941
31140,2018,2,960,647968
31140,2018,3,925,645184
31140,2018,4,1016,652859
31180,2018,1,830,141454
31180,2018,2,840,142604
31180,2018,3,824,142755
31180,2018,4,884,144715
31340,2018,1,823,99058
31340,2018,2,804,99931
31340,2018,3,793,100473
31340,2018,4,852,101134
31420,2018,1,838,97821
31420,2018,2,788,98658
31420,2018,3,814,98329
31420,2018,4,850,99183
31540,2018,1,1098,379352
31540,2018,2,1009,390652
31540,2018,3,993,385430
31540,2018,4,1089,389305
31700,2018,1,1242,201936
31700,2018,2,1126,206681
31700,2018,3,1112,204443
31700,2018,4,1247,207578
31740,2018,1,733,38621
31740,2018,2,759,39350
31740,2018,3,728,39457
31740,2018,4,778,39147
31860,2018,1,852,54757
31860,2018,2,819,55204
31860,2018,3,857,55754
31860,2018,4,865,56592
31900,2018,1,760,50105
31900,2018,2,725,51090
31900,2018,3,760,50729
31900,2018,4,796,50972
32580,2018,1,655,261819
32580,2018,2,645,261325
32580,2018,3,661,259541
32580,2018,4,681,266791
32780,2018,1,792,88488
32780,2018,2,800,90802
32780,2018,3,816,91848
32780,2018,4,843,90367
32820,2018,1,997,611569
32820,2018,2,970,619090
32820,2018,3,989,620839
32820,2018,4,1072,632600
32900,2018,1,799,77704
32900,2018,2,791,81899
32900,2018,3,806,83904
32900,2018,4,837,79677
33140,2018,1,769,39813
33140,2018,2,766,41220
33140,2018,3,767,40293
33140,2018,4,827,40572
33220,2018,1,1621,36633
33220,2018,2,1098,38031
33220,2018,3,1098,37799
33220,2018,4,1102,37715
33260,2018,1,1496,102302
33260,2018,2,1369,106598
33260,2018,3,1393,108390
33260,2018,4,1493,110692
33340,2018,1,1084,825262
33340,2018,2,985,844771
33340,2018,3,977,835592
33340,2018,4,1083,840418
33460,2018,1,1292,1890223
33460,2018,2,1160,1946305
33460,2018,3,1152,1937482
33460,2018,4,1225,1941129
33540,2018,1,786,59428
33540,2018,2,796,62153
33540,2018,3,803,61962
33540,2018,4,869,61048
33660,2018,1,902,169783
33660,2018,2,875,171551
33660,2018,3,896,171089
33660,2018,4,983,174379
33700,2018,1,906,186624
33700,2018,2,884,192348
33700,2018,3,946,195299
33700,2018,4,943,188359
33740,2018,1,783,76209
33740,2018,2,754,76222
33740,2018,3,738,75780
33740,2018,4,789,76194
33780,2018,1,996,40039
33780,2018,2,900,41084
33780,2018,3,906,41195
33780,2018,4,979,40429
33860,2018,1,841,163557
33860,2018,2,825,165898
33860,2018,3,810,163741
33860,2018,4,918,165013
34060,2018,1,1017,63858
34060,2018,2,930,63761
34060,2018,3,970,64761
34060,2018,4,954,64213
34100,2018,1,760,44501
34100,2018,2,790,44818
34100,2018,3,770,44692
34100,2018,4,828,45185
34580,2018,1,953,50623
34580,2018,2,934,53394
34580,2018,3,944,53250
34580,2018,4,991,51894
34620,2018,1,763,44924
34620,2018,2,758,44302
34620,2018,3,748,46125
34620,2018,4,784,46102
34740,2018,1,839,61595
34740,2018,2,803,64917
34740,2018,3,790,63338
34740,2018,4,874,62680
34820,2018,1,659,159424
34820,2018,2,643,173769
34820,2018,3,654,161699
34820,2018,4,709,158349
34900,2018,1,1052,76934
34900,2018,2,1037,81277
34900,2018,3,1034,81422
34900,2018,4,1157,76464
34940,2018,1,933,151571
34940,2018,2,928,139491
34940,2018,3,882,142599
34940,2018,4,998,155804
34980,2018,1,1101,949292
34980,2018,2,1018,965910
34980,2018,3,1038,975026
34980,2018,4,1144,988289
35300,2018,1,1100,361970
35300,2018,2,1071,371327
35300,2018,3,1066,368372
35300,2018,4,1131,374227
35380,2018,1,1020,542843
35380,2018,2,969,544066
35380,2018,3,958,542817
35380,2018,4,1043,551057
35660,2018,1,1020,60347
35660,2018,2,878,63691
35660,2018,3,849,62283
35660,2018,4,982,60092
35840,2018,1,883,299151
35840,2018,2,853,287333
35840,2018,3,841,291331
35840,2018,4,925,304325
35980,2018,1,1167,122426
35980,2018,2,1014,126951
35980,2018,3,1030,124830
35980,2018,4,1065,124211
36100,2018,1,723,103099
36100,2018,2,740,102442
36100,2018,3,711,103080
36100,2018,4,769,106479
36220,2018,1,1165,76313
36220,2018,2,1154,78907
36220,2018,3,1175,80251
36220,2018,4,1262,81832
36260,2018,1,830,256282
36260,2018,2,826,261139
36260,2018,3,820,261565
36260,2018,4,882,263280
36420,2018,1,986,605991
36420,2018,2,928,613242
36420,2018,3,929,619266
36420,2018,4,991,623814
36500,2018,1,982,115730
36500,2018,2,988,117407
36500,2018,3,995,118344
36500,2018,4,1022,117616
36540,2018,1,984,471318
36540,2018,2,925,483046
36540,2018,3,949,477701
36540,2018,4,997,482857
36740,2018,1,934,1233987
36740,2018,2,889,1219150
36740,2018,3,895,1241013
36740,2018,4,964,1265331
36780,2018,1,1006,93155
36780,2018,2,969,94811
36780,2018,3,935,93624
36780,2018,4,1074,94530
36980,2018,1,852,52473
36980,2018,2,830,53759
36980,2018,3,823,52560
36980,2018,4,872,52974
37100,2018,1,1097,325764
37100,2018,2,1034,330870
37100,2018,3,1018,325277
37100,2018,4,1099,330292
37340,2018,1,939,214125
37340,2018,2,945,214233
37340,2018,3,938,215746
37340,2018,4,999,220305
37460,2018,1,752,82216
37460,2018,2,768,84617
37460,2018,3,751,83199
37460,2018,4,848,76736
37620,2018,1,808,35419
37620,2018,2,788,36296
37620,2018,3,792,36115
37620,2018,4,817,36374
37860,2018,1,846,173166
37860,2018,2,794,173159
37860,2018,3,792,174907
37860,2018,4,865,176368
37900,2018,1,1279,166206
37900,2018,2,954,169441
37900,2018,3,957,169500
37900,2018,4,1014,167861
38060,2018,1,1075,2048682
38060,2018,2,1011,2013983
38060,2018,3,1007,2067121
38060,2018,4,1058,2124998
38300,2018,1,1134,1102353
38300,2018,2,1043,1132244
38300,2018,3,1037,1123836
38300,2018,4,1119,1128843
38340,2018,1,942,59459
38340,2018,2,878,63357
38340,2018,3,874,61284
38340,2018,4,931,61417
38540,2018,1,701,33122
38540,2018,2,703,34686
38540,2018,3,687,34134
38540,2018,4,748,33931
38860,2018,1,1002,263354
38860,2018,2,916,285220
38860,2018,3,926,278812
38860,2018,4,1002,273442
38900,2018,1,1172,1174951
38900,2018,2,1125,1194788
38900,2018,3,1130,1192174
38900,2018,4,1180,1203287
38940,2018,1,787,146238
38940,2018,2,811,141319
38940,2018,3,777,144875
38940,2018,4,832,149834
39300,2018,1,1033,685300
39300,2018,2,982,714726
39300,2018,3,944,707142
39300,2018,4,1057,708135
39340,2018,1,925,243129
39340,2018,2,857,245237
39340,2018,3,849,250907
39340,2018,4,939,253932
39380,2018,1,812,61067
39380,2018,2,800,61770
39380,2018,3,838,61312
39380,2018,4,872,61639
39460,2018,1,737,48786
39460,2018,2,741,46277
39460,2018,3,730,46765
39460,2018,4,785,49027
39540,2018,1,935,74543
39540,2018,2,896,77383
39540,2018,3,898,76049
39540,2018,4,984,76582
39580,2018,1,1115,612994
39580,2018,2,1066,630005
39580,2018,3,1066,617361
39580,2018,4,1211,629774
39660,2018,1,813,64383
39660,2018,2,767,70812
39660,2018,3,785,68286
39660,2018,4,840,65590
39740,2018,1,978,171872
39740,2018,2,953,174947
39740,2018,3,956,174203
39740,2018,4,987,175999
39820,2018,1,821,65269
39820,2018,2,809,67801
39820,2018,3,853,66774
39820,2018,4,889,67218
39900,2018,1,965,233391
39900,2018,2,952,240382
39900,2018,3,975,243040
39900,2018,4,1033,244523
40060,2018,1,1095,632909
40060,2018,2,973,645585
40060,2018,3,979,637145
40060,2018,4,1043,649635
40140,2018,1,896,1476267
40140,2018,2,867,1490190
40140,2018,3,869,1488958
40140,2018,4,907,1526649
40220,2018,1,834,150846
40220,2018,2,830,153618
40220,2018,3,824,151873
40220,2018,4,910,152617
40340,2018,1,1187,116421
40340,2018,2,1058,120752
40340,2018,3,1155,119374
40340,2018,4,1186,118679
40380,2018,1,964,504379
40380,2018,2,957,519398
40380,2018,3,926,518231
40380,2018,4,984,516491
40420,2018,1,954,144371
40420,2018,2,882,148363
40420,2018,3,905,146943
40420,2018,4,958,146504
40580,2018,1,781,56410
40580,2018,2,734,55946
40580,2018,3,742,56043
40580,2018,4,790,58015
40660,2018,1,817,39567
40660,2018,2,792,39435
40660,2018,3,793,39329
40660,2018,4,855,39846
40900,2018,1,1148,979359
40900,2018,2,1108,1001474
40900,2018,3,1101,1002426
40900,2018,4,1186,1006283
40980,2018,1,898,82699
40980,2018,2,839,84596
40980,2018,3,837,84227
40980,2018,4,926,84844
41060,2018,1,910,102147
41060,2018,2,859,106093
41060,2018,3,897,105059
41060,2018,4,918,104594
41100,2018,1,715,66407
41100,2018,2,688,66478
41100,2018,3,703,68897
41100,2018,4,723,68817
41140,2018,1,827,55073
41140,2018,2,826,55308
41140,2018,3,797,54834
41140,2018,4,859,55408
41180,2018,1,1076,1317640
41180,2018,2,1009,1339361
41180,2018,3,981,1332057
41180,2018,4,1080,1339797
41420,2018,1,848,173391
41420,2018,2,869,180751
41420,2018,3,858,179966
41420,2018,4,920,176920
41500,2018,1,915,178024
41500,2018,2,904,212107
41500,2018,3,914,210941
41500,2018,4,963,179846
41540,2018,1,778,151086
41540,2018,2,757,171668
41540,2018,3,754,162866
41540,2018,4,834,154154
41620,2018,1,1076,707049
41620,2018,2,1004,720014
41620,2018,3,1028,723451
41620,2018,4,1088,734208
41660,2018,1,826,48426
41660,2018,2,821,48976
41660,2018,3,820,49059
41660,2018,4,875,49416
41700,2018,1,986,1008398
41700,2018,2,925,1020645
41700,2018,3,916,1020042
41700,2018,4,1003,1031444
41740,2018,1,1216,1451927
41740,2018,2,1138,1471811
41740,2018,3,1150,1466234
41740,2018,4,1260,1485677
41940,2018,1,2627,1100408
41940,2018,2,2549,1121732
41940,2018,3,2436,1121174
41940,2018,4,2646,1134884
42020,2018,1,916,117381
42020,2018,2,909,120311
42020,2018,3,906,118423
42020,2018,4,974,117308
42100,2018,1,993,100283
42100,2018,2,984,109948
42100,2018,3,943,108301
42100,2018,4,1025,101173
42140,2018,1,816,60485
42140,2018,2,811,61546
42140,2018,3,830,61421
42140,2018,4,959,62301
42200,2018,1,1019,195341
42200,2018,2,1026,205201
42200,2018,3,1004,203585
42200,2018,4,1108,198221
42220,2018,1,1028,206621
42220,2018,2,1011,212364
42220,2018,3,1044,213130
42220,2018,4,1120,211765
42340,2018,1,909,175041
42340,2018,2,878,175297
42340,2018,3,910,174792
42340,2018,4,918,176536
42540,2018,1,828,250365
42540,2018,2,827,255387
42540,2018,3,821,253293
42540,2018,4,873,254773
42680,2018,1,805,53384
42680,2018,2,838,50543
42680,2018,3,777,51714
42680,2018,4,876,54821
42700,2018,1,644,29170
42700,2018,2,664,26739
42700,2018,3,663,27119
42700,2018,4,686,28458
43100,2018,1,965,60248
43100,2018,2,904,63957
43100,2018,3,908,62123
43100,2018,4,983,61416
43300,2018,1,838,45950
43300,2018,2,820,46672
43300,2018,3,820,46569
43300,2018,4,885,47257
43340,2018,1,822,174340
43340,2018,2,819,175310
43340,2018,3,817,174487
43340,2018,4,877,176219
43420,2018,1,872,33873
43420,2018,2,867,34131
43420,2018,3,907,34240
43420,2018,4,897,34037
43580,2018,1,847,86133
43580,2018,2,827,88703
43580,2018,3,829,88788
43580,2018,4,908,88685
43620,2018,1,944,150574
43620,2018,2,895,155879
43620,2018,3,925,154574
43620,2018,4,985,155146
43780,2018,1,852,131596
43780,2018,2,846,133872
43780,2018,3,844,134103
43780,2018,4,894,134607
43900,2018,1,918,148674
43900,2018,2,856,150013
43900,2018,3,857,150591
43900,2018,4,895,154456
44060,2018,1,927,234373
44060,2018,2,901,240463
44060,2018,3,909,239544
44060,2018,4,948,239399
44100,2018,1,1062,130836
44100,2018,2,1004,133352
44100,2018,3,1032,132628
44100,2018,4,1059,131131
44140,2018,1,962,270790
44140,2018,2,920,279041
44140,2018,3,925,278996
44140,2018,4,982,280485
44180,2018,1,779,201749
44180,2018,2,793,204211
44180,2018,3,793,204974
44180,2018,4,820,207409
44220,2018,1,794,47835
44220,2018,2,767,48583
44220,2018,3,774,48209
44220,2018,4,811,48303
44300,2018,1,948,68951
44300,2018,2,959,68544
44300,2018,3,983,69656
44300,2018,4,989,68577
44420,2018,1,788,47836
44420,2018,2,796,48874
44420,2018,3,795,48442
44420,2018,4,832,48927
44700,2018,1,880,247806
44700,2018,2,887,254278
44700,2018,3,896,258079
44700,2018,4,961,255290
44940,2018,1,729,37629
44940,2018,2,727,38089
44940,2018,3,731,37680
44940,2018,4,769,37933
45060,2018,1,977,296721
45060,2018,2,964,306977
45060,2018,3,936,305218
45060,2018,4,1022,306449
45220,2018,1,843,172609
45220,2018,2,822,171324
45220,2018,3,840,174064
45220,2018,4,887,176271
45460,2018,1,795,65940
45460,2018,2,759,66384
45460,2018,3,761,66461
45460,2018,4,788,66322
45500,2018,1,765,57536
45500,2018,2,784,57885
45500,2018,3,767,57850
45500,2018,4,824,58501
45780,2018,1,975,291676
45780,2018,2,865,294139
45780,2018,3,901,294350
45780,2018,4,924,297455
45820,2018,1,871,108485
45820,2018,2,871,109110
45820,2018,3,829,109052
45820,2018,4,866,109121
45940,2018,1,1531,247649
45940,2018,2,1287,258090
45940,2018,3,1238,253614
45940,2018,4,1440,259393
46060,2018,1,922,368865
46060,2018,2,885,364409
46060,2018,3,900,369939
46060,2018,4,926,378083
46140,2018,1,973,430078
46140,2018,2,917,433750
46140,2018,3,920,432207
46140,2018,4,978,441660
46220,2018,1,867,100306
46220,2018,2,850,99888
46220,2018,3,850,102570
46220,2018,4,910,103025
46340,2018,1,855,102371
46340,2018,2,859,103731
46340,2018,3,849,104074
46340,2018,4,930,105761
46520,2018,1,1015,476608
46520,2018,2,996,476680
46520,2018,3,1015,473801
46520,2018,4,1059,484813
46540,2018,1,828,121167
46540,2018,2,826,125108
46540,2018,3,795,121812
46540,2018,4,852,123502
46660,2018,1,702,54492
46660,2018,2,707,54480
46660,2018,3,707,54621
46660,2018,4,749,55137
46700,2018,1,1192,139525
46700,2018,2,1075,142892
46700,2018,3,1093,142419
46700,2018,4,1153,143512
47020,2018,1,875,40068
47020,2018,2,864,40512
47020,2018,3,865,40571
47020,2018,4,934,40939
47220,2018,1,871,57880
47220,2018,2,879,60458
47220,2018,3,859,60259
47220,2018,4,940,59614
47260,2018,1,913,745979
47260,2018,2,897,765742
47260,2018,3,877,746007
47260,2018,4,963,756149
47300,2018,1,771,155298
47300,2018,2,738,170447
47300,2018,3,753,167883
47300,2018,4,812,163068
47380,2018,1,888,115548
47380,2018,2,879,117399
47380,2018,3,867,117078
47380,2018,4,912,118511
47460,2018,1,855,27749
47460,2018,2,841,30375
47460,2018,3,844,30549
47460,2018,4,881,28359
47580,2018,1,824,73236
47580,2018,2,870,73567
47580,2018,3,831,73880
47580,2018,4,893,73386
47940,2018,1,880,87423
47940,2018,2,857,89879
47940,2018,3,852,89161
47940,2018,4,1015,89543
48060,2018,1,793,40146
48060,2018,2,801,43180
48060,2018,3,790,41826
48060,2018,4,816,40956
48140,2018,1,878,70661
48140,2018,2,856,72536
48140,2018,3,900,71160
48140,2018,4,927,72342
48260,2018,1,794,37186
48260,2018,2,779,37957
48260,2018,3,776,37911
48260,2018,4,849,37829
48300,2018,1,773,53990
48300,2018,2,747,64617
48300,2018,3,742,61573
48300,2018,4,803,53235
48540,2018,1,890,62523
48540,2018,2,888,65734
48540,2018,3,984,66293
48540,2018,4,993,64918
48620,2018,1,927,290070
48620,2018,2,859,293151
48620,2018,3,857,294894
48620,2018,4,919,298776
48660,2018,1,757,57650
48660,2018,2,742,58801
48660,2018,3,764,57826
48660,2018,4,800,58926
48700,2018,1,840,51120
48700,2018,2,837,51456
48700,2018,3,848,51289
48700,2018,4,880,52034
48900,2018,1,854,125336
48900,2018,2,811,128336
48900,2018,3,844,122893
48900,2018,4,897,127476
49020,2018,1,891,60587
49020,2018,2,845,61380
49020,2018,3,883,61736
49020,2018,4,901,62362
49180,2018,1,958,259298
49180,2018,2,869,261602
49180,2018,3,882,260654
49180,2018,4,943,263360
49340,2018,1,1068,384570
49340,2018,2,1018,394078
49340,2018,3,1019,391595
49340,2018,4,1067,394952
49420,2018,1,759,111324
49420,2018,2,738,128454
49420,2018,3,766,125005
49420,2018,4,809,106839
49620,2018,1,935,177974
49620,2018,2,921,180407
49620,2018,3,914,180067
49620,2018,4,985,181588
49660,2018,1,782,208836
49660,2018,2,755,213893
49660,2018,3,777,209586
49660,2018,4,809,210260
49700,2018,1,839,47017
49700,2018,2,873,51995
49700,2018,3,845,50429
49700,2018,4,915,48051
49740,2018,1,723,73992
49740,2018,2,778,59141
49740,2018,3,762,61635
49740,2018,4,765,79907
10180,2019,1,812,69163
10180,2019,2,819,69830
10180,2019,3,831,70617
10180,2019,4,907,71495
10420,2019,1,979,318489
10420,2019,2,933,323927
10420,2019,3,918,322787
10420,2019,4,997,326054
10500,2019,1,780,60466
10500,2019,2,793,60699
10500,2019,3,785,60251
10500,2019,4,841,61045
10540,2019,1,842,47594
10540,2019,2,854,48240
10540,2019,3,884,48196
10540,2019,4,897,48187
10580,2019,1,1105,443615
10580,2019,2,1116,456578
10580,2019,3,1063,450574
10580,2019,4,1139,450976
10740,2019,1,915,379647
10740,2019,2,904,382401
10740,2019,3,917,386932
10740,2019,4,961,390852
10780,2019,1,793,59825
10780,2019,2,787,60245
10780,2019,3,794,59987
10780,2019,4,829,60387
10900,2019,1,1035,358571
10900,2019,2,983,367183
10900,2019,3,976,364833
10900,2019,4,1062,369097
11020,2019,1,815,57567
11020,2019,2,813,59166
11020,2019,3,806,58490
11020,2019,4,880,59004
11100,2019,1,921,115303
11100,2019,2,892,116439
11100,2019,3,907,116048
11100,2019,4,980,117979
11180,2019,1,1006,45450
11180,2019,2,973,47152
11180,2019,3,976,46721
11180,2019,4,1040,46211
11260,2019,1,1112,169457
11260,2019,2,1097,175925
11260,2019,3,1113,176639
11260,2019,4,1155,171345
11460,2019,1,1175,217522
11460,2019,2,1156,215228
11460,2019,3,1178,221221
11460,2019,4,1204,224193
11500,2019,1,795,44365
11500,2019,2,771,44797
11500,2019,3,796,44550
11500,2019,4,821,44683
11540,2019,1,926,121259
11540,2019,2,902,126465
11540,2019,3,901,123052
11540,2019,4,999,124653
11700,2019,1,814,195633
11700,2019,2,814,197092
11700,2019,3,814,197037
11700,2019,4,880,199083
12020,2019,1,866,88051
12020,2019,2,862,87827
12020,2019,3,847,90257
12020,2019,4,953,90911
12100,2019,1,909,126079
12100,2019,2,899,137157
12100,2019,3,878,130874
12100,2019,4,972,128111
12220,2019,1,770,59533
12220,2019,2,770,59883
12220,2019,3,749,61163
12220,2019,4,841,61143
12260,2019,1,951,228484
12260,2019,2,914,229729
12260,2019,3,943,230073
12260,2019,4,976,234061
12420,2019,1,1288,1048383
12420,2019,2,1203,1064688
12420,2019,3,1232,1064959
12420,2019,4,1335,1088482
12540,2019,1,936,311767
12540,2019,2,910,335553
12540,2019,3,907,346570
12540,2019,4,967,331785
12580,2019,1,1198,1330337
12580,2019,2,1161,1356818
12580,2019,3,1141,1344243
12580,2019,4,1264,1363941
12620,2019,1,840,69115
12620,2019,2,816,71743
12620,2019,3,844,71902
12620,2019,4,870,71250
12700,2019,1,969,86845
12700,2019,2,930,108607
12700,2019,3,916,102731
12700,2019,4,1042,91382
12940,2019,1,1054,390536
12940,2019,2,1012,382303
12940,2019,3,1002,385433
12940,2019,4,1075,388284
12980,2019,1,1060,53872
12980,2019,2,972,54988
12980,2019,3,981,54487
12980,2019,4,1033,54539
13020,2019,1,817,33751
13020,2019,2,813,35116
13020,2019,3,801,34906
13020,2019,4,881,34505
13140,2019,1,1129,160772
13140,2019,2,1036,159811
13140,2019,3,1050,159657
13140,2019,4,1118,161258
13220,2019,1,788,42238
13220,2019,2,815,43681
13220,2019,3,821,42957
13220,2019,4,824,42081
13380,2019,1,957,91669
13380,2019,2,945,93374
13380,2019,3,934,91370
13380,2019,4,984,91686
13460,2019,1,885,82722
13460,2019,2,900,87502
13460,2019,3,907,86652
13460,2019,4,967,86464
13740,2019,1,940,83230
13740,2019,2,912,85983
13740,2019,3,910,85726
13740,2019,4,995,85928
13780,2019,1,922,98953
13780,2019,2,912,101667
13780,2019,3,898,99342
13780,2019,4,935,99605
13820,2019,1,1105,497492
13820,2019,2,1011,503166
13820,2019,3,1009,499955
13820,2019,4,1091,505447
13900,2019,1,983,68803
13900,2019,2,986,71651
13900,2019,3,981,70525
13900,2019,4,1041,70329
13980,2019,1,834,71104
13980,2019,2,808,70448
13980,2019,3,888,71956
13980,2019,4,873,71670
14010,2019,1,1116,86115
14010,2019,2,952,87461
14010,2019,3,985,87223
14010,2019,4,998,87525
14020,2019,1,911,68629
14020,2019,2,874,69550
14020,2019,3,860,69756
14020,2019,4,861,70810
14260,2019,1,903,327506
14260,2019,2,890,336305
14260,2019,3,910,336808
14260,2019,4,1024,337410
14500,2019,1,1413,185274
14500,2019,2,1307,190300
14500,2019,3,1549,189620
14500,2019,4,1419,191702
14540,2019,1,810,74053
14540,2019,2,804,74336
14540,2019,3,787,75266
14540,2019,4,871,75637
14740,2019,1,987,90749
14740,2019,2,1052,92650
14740,2019,3,1013,92211
14740,2019,4,1094,93064
14860,2019,1,2069,412118
14860,2019,2,1565,425025
14860,2019,3,1475,417881
14860,2019,4,1755,421807
15180,2019,1,647,140483
15180,2019,2,659,141973
15180,2019,3,660,141412
15180,2019,4,702,143684
15260,2019,1,829,42373
15260,2019,2,810,43580
15260,2019,3,854,43018
15260,2019,4,852,43170
15380,2019,1,994,540803
15380,2019,2,966,552782
15380,2019,3,934,548850
15380,2019,4,1021,549952
15500,2019,1,808,62424
15500,2019,2,830,62192
15500,2019,3,775,62768
15500,2019,4,836,63670
15540,2019,1,1072,120358
15540,2019,2,1019,123952
15540,2019,3,1037,122585
15540,2019,4,1110,122784
15940,2019,1,839,163664
15940,2019,2,803,167116
15940,2019,3,808,165452
15940,2019,4,871,165783
15980,2019,1,876,273108
15980,2019,2,888,259739
15980,2019,3,853,264342
15980,2019,4,934,277909
16020,2019,1,755,44245
16020,2019,2,789,44688
16020,2019,3,766,44416
16020,2019,4,836,44988
16180,2019,1,970,30386
16180,2019,2,992,31076
16180,2019,3,985,30790
16180,2019,4,1070,30724
16220,2019,1,978,38391
16220,2019,2,974,39804
16220,2019,3,980,39368
16220,2019,4,1068,39405
16300,2019,1,1053,141690
16300,2019,2,997,145809
16300,2019,3,988,144610
16300,2019,4,1057,145087
16540,2019,1,854,59798
16540,2019,2,839,60056
16540,2019,3,863,60762
16540,2019,4,881,60894
16580,2019,1,913,98694
16580,2019,2,925,100213
16580,2019,3,932,100434
16580,2019,4,965,101328
16620,2019,1,946,102482
16620,2019,2,913,103830
16620,2019,3,940,102795
16620,2019,4,952,102912
16700,2019,1,996,347318
16700,2019,2,953,354477
16700,2019,3,943,350838
16700,2019,4,1023,355079
16740,2019,1,1254,1205742
16740,2019,2,1074,1219897
16740,2019,3,1067,1221173
16740,2019,4,1149,1239712
16820,2019,1,1055,112914
16820,2019,2,929,115981
16820,2019,3,1006,116981
16820,2019,4,1075,115757
16860,2019,1,939,249682
16860,2019,2,900,251700
16860,2019,3,916,252483
16860,2019,4,993,255757
16940,2019,1,917,46049
16940,2019,2,918,47275
16940,2019,3,932,47093
16940,2019,4,985,47534
16984,2019,1,1350,4481901
16984,2019,2,1178,4619513
16984,2019,3,1171,4570830
16984,2019,4,1280,4591927
17020,2019,1,851,81145
17020,2019,2,843,81236
17020,2019,3,866,83338
17020,2019,4,905,82844
17140,2019,1,1134,1049840
17140,2019,2,1047,1076102
17140,2019,3,1071,1068093
17140,2019,4,1108,1080312
17300,2019,1,776,89214
17300,2019,2,779,90132
17300,2019,3,803,91025
17300,2019,4,828,91548
17420,2019,1,813,44271
17420,2019,2,816,46002
17420,2019,3,776,47307
17420,2019,4,831,48426
17660,2019,1,762,60893
17660,2019,2,770,66500
17660,2019,3,774,65278
17660,2019,4,840,63762
17780,2019,1,812,117700
17780,2019,2,808,112839
17780,2019,3,821,117540
17780,2019,4,856,119619
17820,2019,1,1022,284908
17820,2019,2,971,293545
17820,2019,3,994,292804
17820,2019,4,1039,294224
17860,2019,1,855,94257
17860,2019,2,881,94088
17860,2019,3,896,95129
17860,2019,4,969,95909
17900,2019,1,917,374092
17900,2019,2,861,377416
17900,2019,3,883,379560
17900,2019,4,928,385372
17980,2019,1,911,117624
17980,2019,2,797,117302
17980,2019,3,823,116786
17980,2019,4,854,118778
18020,2019,1,1265,50789
18020,2019,2,1038,52013
18020,2019,3,1031,51268
18020,2019,4,1072,51786
18140,2019,1,1129,1027482
18140,2019,2,1018,1050400
18140,2019,3,1044,1048133
18140,2019,4,1084,1069596
18580,2019,1,932,187974
18580,2019,2,918,189688
18580,2019,3,932,187462
18580,2019,4,975,189083
18700,2019,1,976,38424
18700,2019,2,999,38822
18700,2019,3,1028,38320
18700,2019,4,1100,38669
18880,2019,1,857,113158
18880,2019,2,893,114099
18880,2019,3,867,113210
18880,2019,4,927,112515
19140,2019,1,846,64552
19140,2019,2,817,64456
19140,2019,3,819,64291
19140,2019,4,873,64166
19300,2019,1,715,75979
19300,2019,2,719,79276
19300,2019,3,728,75888
19300,2019,4,783,75519
19340,2019,1,951,180026
19340,2019,2,912,185486
19340,2019,3,934,182842
19340,2019,4,1105,182154
19460,2019,1,896,54606
19460,2019,2,868,55220
19460,2019,3,872,55014
19460,2019,4,929,55863
19500,2019,1,1084,47651
19500,2019,2,977,48927
19500,2019,3,972,48312
19500,2019,4,1008,48052
19660,2019,1,769,202382
19660,2019,2,777,196380
19660,2019,3,745,199335
19660,2019,4,833,201801
19740,2019,1,1388,1486560
19740,2019,2,1242,1534661
19740,2019,3,1266,1528592
19740,2019,4,1350,1540524
19780,2019,1,1164,359624
19780,2019,2,1043,374565
19780,2019,3,1056,368635
19780,2019,4,1149,371844
20020,2019,1,812,57283
20020,2019,2,785,57605
20020,2019,3,809,57544
20020,2019,4,889,58313
20100,2019,1,881,67126
20100,2019,2,839,67992
20100,2019,3,891,68478
20100,2019,4,898,68213
20220,2019,1,889,57753
20220,2019,2,876,59876
20220,2019,3,869,59134
20220,2019,4,1003,59630
20260,2019,1,898,125453
20260,2019,2,895,130554
20260,2019,3,895,127265
20260,2019,4,956,126898
20500,2019,1,1333,305924
20500,2019,2,1218,311908
20500,2019,3,1232,309469
20500,2019,4,1301,312490
20740,2019,1,882,81886
20740,2019,2,834,83604
20740,2019,3,880,83416
20740,2019,4,915,83907
20940,2019,1,773,64230
20940,2019,2,784,65411
20940,2019,3,818,62582
20940,2019,4,830,63690
21060,2019,1,810,55078
21060,2019,2,830,55515
21060,2019,3,826,54985
21060,2019,4,837,55166
21140,2019,1,934,135012
21140,2019,2,922,135630
21140,2019,3,890,132520
21140,2019,4,964,132316
21300,2019,1,916,35011
21300,2019,2,933,35369
21300,2019,3,900,35074
21300,2019,4,943,35725
21340,2019,1,761,311694
21340,2019,2,757,310241
21340,2019,3,766,315198
21340,2019,4,800,319095
21500,2019,1,836,120546
21500,2019,2,828,123574
21500,2019,3,816,122641
21500,2019,4,861,121691
21660,2019,1,845,156612
21660,2019,2,856,159439
21660,2019,3,856,158793
21660,2019,4,919,159767
21780,2019,1,957,153671
21780,2019,2,880,154631
21780,2019,3,890,154021
21780,2019,4,926,154923
21820,2019,1,999,35771
21820,2019,2,1039,37374
21820,2019,3,1083,38224
21820,2019,4,1075,36148
22020,2019,1,959,136954
22020,2019,2,967,141062
22020,2019,3,965,140944
22020,2019,4,1028,141036
22140,2019,1,880,46502
22140,2019,2,894,46688
22140,2019,3,865,47162
22140,2019,4,910,46391
22180,2019,1,828,129226
22180,2019,2,843,129374
22180,2019,3,837,128784
22180,2019,4,857,131297
22220,2019,1,1170,240659
22220,2019,2,1042,242693
22220,2019,3,940,244909
22220,2019,4,1050,247669
22380,2019,1,830,61279
22380,2019,2,823,62741
22380,2019,3,868,63693
22380,2019,4,850,63162
22420,2019,1,897,132211
22420,2019,2,874,137997
22420,2019,3,877,138111
22420,2019,4,986,139363
22500,2019,1,830,86433
22500,2019,2,796,87201
22500,2019,3,790,87061
22500,2019,4,862,87762
22520,2019,1,754,53724
22520,2019,2,758,53814
22520,2019,3,757,54035
22520,2019,4,814,54649
22540,2019,1,916,47030
22540,2019,2,889,49005
22540,2019,3,863,47851
22540,2019,4,939,47694
22660,2019,1,1063,161608
22660,2019,2,977,168105
22660,2019,3,1014,167577
22660,2019,4,1094,166833
22900,2019,1,788,105989
22900,2019,2,788,106475
22900,2019,3,778,106520
22900,2019,4,801,107060
23060,2019,1,926,212602
23060,2019,2,872,216851
23060,2019,3,868,215086
23060,2019,4,938,218035
23420,2019,1,842,388660
23420,2019,2,875,406731
23420,2019,3,855,409750
23420,2019,4,942,402319
23460,2019,1,709,35758
23460,2019,2,714,35898
23460,2019,3,715,35611
23460,2019,4,762,35568
23540,2019,1,934,137941
23540,2019,2,918,135264
23540,2019,3,929,138217
23540,2019,4,968,139701
23580,2019,1,892,88961
23580,2019,2,936,89175
23580,2019,3,915,89643
23580,2019,4,1031,91281
23900,2019,1,818,34982
23900,2019,2,827,35233
23900,2019,3,824,35681
23900,2019,4,865,35144
24020,2019,1,883,51012
24020,2019,2,866,56730
24020,2019,3,869,54442
24020,2019,4,900,51830
24140,2019,1,733,41865
24140,2019,2,739,41860
24140,2019,3,738,41352
24140,2019,4,783,41924
24220,2019,1,838,51701
24220,2019,2,904,52898
24220,2019,3,894,52438
24220,2019,4,937,52075
24260,2019,1,768,41627
24260,2019,2,789,42557
24260,2019,3,793,42675
24260,2019,4,842,42062
24300,2019,1,857,63002
24300,2019,2,861,63903
24300,2019,3,887,64345
24300,2019,4,922,63429
24340,2019,1,954,560523
24340,2019,2,917,574042
24340,2019,3,940,565095
24340,2019,4,1011,571975
24420,2019,1,677,28006
24420,2019,2,750,29315
24420,2019,3,713,29406
24420,2019,4,826,28934
24500,2019,1,804,35081
24500,2019,2,797,36175
24500,2019,3,822,35853
24500,2019,4,865,35890
24540,2019,1,1079,112327
24540,2019,2,1002,115024
24540,2019,3,1051,116210
24540,2019,4,1045,114343
24580,2019,1,991,171390
24580,2019,2,913,177205
24580,2019,3,928,175052
24580,2019,4,1034,176089
24660,2019,1,908,356150
24660,2019,2,900,354827
24660,2019,3,881,355656
24660,2019,4,944,360021
24780,2019,1,894,77845
24780,2019,2,863,77037
24780,2019,3,906,77772
24780,2019,4,914,78350
24860,2019,1,896,402262
24860,2019,2,884,405804
24860,2019,3,875,404726
24860,2019,4,945,409825
25060,2019,1,847,147138
25060,2019,2,835,150400
25060,2019,3,810,148490
25060,2019,4,893,149105
25180,2019,1,838,99886
25180,2019,2,850,101676
25180,2019,3,843,101504
25180,2019,4,879,103512
25220,2019,1,685,43653
25220,2019,2,702,43158
25220,2019,3,695,44120
25220,2019,4,817,44458
25260,2019,1,854,47568
25260,2019,2,847,49271
25260,2019,3,869,50126
25260,2019,4,911,48992
25420,2019,1,1061,325267
25420,2019,2,1032,335218
25420,2019,3,1019,331378
25420,2019,4,1081,334997
25500,2019,1,789,65597
25500,2019,2,799,65178
25500,2019,3,833,65902
25500,2019,4,839,66300
25540,2019,1,1410,615633
25540,2019,2,1218,629315
25540,2019,3,1218,625119
25540,2019,4,1333,628717
25620,2019,1,720,61839
25620,2019,2,724,61644
25620,2019,3,737,62263
25620,2019,4,786,63360
25860,2019,1,813,152783
25860,2019,2,784,153270
25860,2019,3,784,152879
25860,2019,4,835,154400
25940,2019,1,762,77157
25940,2019,2,761,81055
25940,2019,3,744,78947
25940,2019,4,841,78284
25980,2019,1,813,20540
25980,2019,2,785,20117
25980,2019,3,814,20094
25980,2019,4,812,20340
26140,2019,1,741,33014
26140,2019,2,717,32253
26140,2019,3,721,32283
26140,2019,4,753,32648
26300,2019,1,700,38070
26300,2019,2,705,38176
26300,2019,3,707,37711
26300,2019,4,744,37986
26380,2019,1,968,83442
26380,2019,2,961,84537
26380,2019,3,990,84948
26380,2019,4,1029,85053
26420,2019,1,1452,3012531
26420,2019,2,1242,3039717
26420,2019,3,1248,3036681
26420,2019,4,1348,3073972
26580,2019,1,861,127656
26580,2019,2,886,128093
26580,2019,3,870,129110
26580,2019,4,897,129183
26620,2019,1,1173,228595
26620,2019,2,1130,230442
26620,2019,3,1167,230762
26620,2019,4,1212,235500
26820,2019,1,875,67169
26820,2019,2,840,69986
26820,2019,3,888,69700
26820,2019,4,918,70570
26900,2019,1,1093,1017784
26900,2019,2,989,1033947
26900,2019,3,999,1032455
26900,2019,4,1055,1047115
26980,2019,1,968,91104
26980,2019,2,964,92232
26980,2019,3,987,91942
26980,2019,4,1002,92448
27060,2019,1,1023,50037
27060,2019,2,1071,50059
27060,2019,3,1053,50162
27060,2019,4,1111,49711
27100,2019,1,947,56516
27100,2019,2,948,57980
27100,2019,3,928,57247
27100,2019,4,1025,57236
27140,2019,1,855,258434
27140,2019,2,828,260609
27140,2019,3,840,259517
27140,2019,4,876,261007
27180,2019,1,822,66471
27180,2019,2,825,66942
27180,2019,3,799,67184
27180,2019,4,888,67678
27260,2019,1,1055,684788
27260,2019,2,959,681855
27260,2019,3,955,690386
27260,2019,4,1036,706695
27340,2019,1,672,49299
27340,2019,2,697,49093
27340,2019,3,686,49065
27340,2019,4,734,49582
27500,2019,1,980,66981
27500,2019,2,882,69306
27500,2019,3,884,67745
27500,2019,4,943,67819
27620,2019,1,809,75906
27620,2019,2,828,76584
27620,2019,3,810,76426
27620,2019,4,839,77312
27740,2019,1,774,77466
27740,2019,2,813,77612
27740,2019,3,784,78026
27740,2019,4,870,78627
27780,2019,1,775,50318
27780,2019,2,762,50975
27780,2019,3,782,50724
27780,2019,4,815,50491
27860,2019,1,776,56927
27860,2019,2,762,57418
27860,2019,3,786,58189
27860,2019,4,802,59114
27900,2019,1,778,78860
27900,2019,2,775,78840
27900,2019,3,759,79051
27900,2019,4,806,79865
27980,2019,1,897,81288
27980,2019,2,888,80831
27980,2019,3,907,80397
27980,2019,4,929,81819
28020,2019,1,1072,140499
28020,2019,2,974,144826
28020,2019,3,956,144072
28020,2019,4,1024,142220
28100,2019,1,839,44681
28100,2019,2,833,45901
28100,2019,3,874,45809
28100,2019,4,879,44864
28140,2019,1,1075,1036785
28140,2019,2,1046,1062568
28140,2019,3,1022,1055729
28140,2019,4,1118,1067368
28420,2019,1,1028,120045
28420,2019,2,1001,135930
28420,2019,3,1028,130356
28420,2019,4,1065,123704
28660,2019,1,900,140140
28660,2019,2,908,141802
28660,2019,3,898,141561
28660,2019,4,971,143827
28700,2019,1,861,115315
28700,2019,2,841,115185
28700,2019,3,809,115046
28700,2019,4,902,115690
28740,2019,1,856,59609
28740,2019,2,906,61800
28740,2019,3,840,61727
28740,2019,4,916,61246
28940,2019,1,968,383059
28940,2019,2,939,385512
28940,2019,3,953,388357
28940,2019,4,1030,392017
29020,2019,1,1010,38480
29020,2019,2,920,38047
29020,2019,3,902,38489
29020,2019,4,1074,38655
29100,2019,1,858,73927
29100,2019,2,851,75351
29100,2019,3,869,74569
29100,2019,4,916,75260
29180,2019,1,884,195876
29180,2019,2,872,197162
29180,2019,3,889,196843
29180,2019,4,950,198047
29200,2019,1,944,94029
29200,2019,2,922,92429
29200,2019,3,908,95018
29200,2019,4,972,94899
29340,2019,1,1092,112221
29340,2019,2,1018,112184
29340,2019,3,1027,109743
29340,2019,4,1115,108829
29420,2019,1,735,51248
29420,2019,2,757,51062
29420,2019,3,748,51195
29420,2019,4,789,51386
29460,2019,1,839,227904
29460,2019,2,841,221412
29460,2019,3,823,228556
29460,2019,4,867,235724
29540,2019,1,911,241360
29540,2019,2,905,247782
29540,2019,3,908,246415
29540,2019,4,954,249309
29620,2019,1,1005,209062
29620,2019,2,998,212880
29620,2019,3,962,213122
29620,2019,4,1087,214297
29700,2019,1,705,103261
29700,2019,2,697,104288
29700,2019,3,712,103057
29700,2019,4,750,105610
29740,2019,1,738,72497
29740,2019,2,765,73204
29740,2019,3,749,74366
29740,2019,4,791,74268
29820,2019,1,977,1015937
29820,2019,2,943,1023161
29820,2019,3,950,1028685
29820,2019,4,1006,1048073
29940,2019,1,771,49531
29940,2019,2,774,49635
29940,2019,3,764,49816
29940,2019,4,836,49776
30020,2019,1,782,43632
30020,2019,2,765,43678
30020,2019,3,799,43555
30020,2019,4,780,43887
30140,2019,1,820,51058
30140,2019,2,845,52087
30140,2019,3,844,51647
30140,2019,4,903,51942
30300,2019,1,800,26823
30300,2019,2,797,27693
30300,2019,3,821,27699
30300,2019,4,843,27452
30340,2019,1,834,48947
30340,2019,2,836,50451
30340,2019,3,848,50131
30340,2019,4,907,50028
30460,2019,1,930,265543
30460,2019,2,962,270993
30460,2019,3,919,272034
30460,2019,4,1005,275835
30620,2019,1,901,49594
30620,2019,2,860,50484
30620,2019,3,854,49922
30620,2019,4,939,50461
30700,2019,1,890,175886
30700,2019,2,861,178113
30700,2019,3,875,181867
30700,2019,4,946,180264
30780,2019,1,929,336973
30780,2019,2,900,340028
30780,2019,3,906,335239
30780,2019,4,950,339791
30860,2019,1,711,60596
30860,2019,2,723,61004
30860,2019,3,744,62174
30860,2019,4,790,62795
30980,2019,1,894,96742
30980,2019,2,896,97385
30980,2019,3,899,97218
30980,2019,4,953,97496
31020,2019,1,1012,39375
31020,2019,2,977,39673
31020,2019,3,1010,39606
31020,2019,4,1022,39541
31084,2019,1,1281,6127638
31084,2019,2,1216,6157327
31084,2019,3,1219,6163637
31084,2019,4,1397,6262057
31140,2019,1,1046,639246
31140,2019,2,990,648864
31140,2019,3,969,647814
31140,2019,4,1069,658635
31180,2019,1,841,143106
31180,2019,2,850,144177
31180,2019,3,860,144512
31180,2019,4,917,146879
31340,2019,1,834,99254
31340,2019,2,815,99743
31340,2019,3,823,100054
31340,2019,4,871,101011
31420,2019,1,858,99045
31420,2019,2,812,98797
31420,2019,3,827,99150
31420,2019,4,867,100594
31540,2019,1,1144,385400
31540,2019,2,1062,399427
31540,2019,3,1023,393702
31540,2019,4,1137,399170
31700,2019,1,1269,204660
31700,2019,2,1173,208358
31700,2019,3,1146,205941
31700,2019,4,1292,208707
31740,2019,1,759,38664
31740,2019,2,766,39493
31740,2019,3,750,39111
31740,2019,4,799,39170
31860,2019,1,862,54875
31860,2019,2,845,55597
31860,2019,3,894,56246
31860,2019,4,889,56929
31900,2019,1,781,49745
31900,2019,2,762,50673
31900,2019,3,765,49688
31900,2019,4,801,50348
32580,2019,1,663,265471
32580,2019,2,657,265391
32580,2019,3,683,265547
32580,2019,4,705,273026
32780,2019,1,817,88746
32780,2019,2,848,90815
32780,2019,3,849,92343
32780,2019,4,896,91893
32820,2019,1,1026,618151
32820,2019,2,1016,624449
32820,2019,3,992,624540
32820,2019,4,1076,634796
32900,2019,1,828,77495
32900,2019,2,839,82475
32900,2019,3,852,85350
32900,2019,4,886,78997
33140,2019,1,783,39870
33140,2019,2,783,40830
33140,2019,3,779,40728
33140,2019,4,837,40887
33220,2019,1,1411,37244
33220,2019,2,1053,38247
33220,2019,3,1202,37618
33220,2019,4,1167,37144
33260,2019,1,1588,109674
33260,2019,2,1442,111808
33260,2019,3,1452,110760
33260,2019,4,1530,109729
33340,2019,1,1095,823664
33340,2019,2,1019,845602
33340,2019,3,1007,834236
33340,2019,4,1124,839043
33460,2019,1,1324,1903862
33460,2019,2,1189,1969141
33460,2019,3,1185,1948899
33460,2019,4,1265,1952285
33540,2019,1,801,59890
33540,2019,2,826,62788
33540,2019,3,828,62646
33540,2019,4,894,61830
33660,2019,1,914,171236
33660,2019,2,905,171694
33660,2019,3,920,171956
33660,2019,4,1000,174243
33700,2019,1,945,189535
33700,2019,2,930,194812
33700,2019,3,948,197428
33700,2019,4,991,191179
33740,2019,1,788,75471
33740,2019,2,760,75627
33740,2019,3,758,74851
33740,2019,4,793,75381
33780,2019,1,1033,39320
33780,2019,2,940,40633
33780,2019,3,938,39829
33780,2019,4,993,39915
33860,2019,1,856,163396
33860,2019,2,855,165311
33860,2019,3,873,163410
33860,2019,4,951,164697
34060,2019,1,1042,63761
34060,2019,2,953,63718
34060,2019,3,1005,64985
34060,2019,4,981,64528
34100,2019,1,784,45372
34100,2019,2,811,46021
34100,2019,3,784,46032
34100,2019,4,825,46124
34580,2019,1,1000,51975
34580,2019,2,995,54077
34580,2019,3,994,53350
34580,2019,4,1033,51802
34620,2019,1,802,45487
34620,2019,2,775,44262
34620,2019,3,829,45266
34620,2019,4,816,45570
34740,2019,1,856,60741
34740,2019,2,806,64201
34740,2019,3,800,62734
34740,2019,4,895,61734
34820,2019,1,686,162725
34820,2019,2,665,175565
34820,2019,3,678,168962
34820,2019,4,738,162158
34900,2019,1,1076,77928
34900,2019,2,1085,82434
34900,2019,3,1078,82556
34900,2019,4,1188,76801
34940,2019,1,952,156745
34940,2019,2,950,142582
34940,2019,3,920,145925
34940,2019,4,1028,158943
34980,2019,1,1126,981668
34980,2019,2,1056,1000497
34980,2019,3,1080,1006459
34980,2019,4,1163,1019433
35300,2019,1,1124,363400
35300,2019,2,1100,369519
35300,2019,3,1092,370638
35300,2019,4,1185,375067
35380,2019,1,1040,545670
35380,2019,2,995,550391
35380,2019,3,987,547042
35380,2019,4,1071,556462
35660,2019,1,1032,59526
35660,2019,2,897,62993
35660,2019,3,908,61938
35660,2019,4,962,60421
35840,2019,1,879,306999
35840,2019,2,870,293140
35840,2019,3,873,297903
35840,2019,4,936,311536
35980,2019,1,1191,121227
35980,2019,2,1055,125321
35980,2019,3,1049,122910
35980,2019,4,1101,122362
36100,2019,1,738,105636
36100,2019,2,760,104503
36100,2019,3,734,105077
36100,2019,4,809,108180
36220,2019,1,1242,81306
36220,2019,2,1218,80607
36220,2019,3,1225,81133
36220,2019,4,1275,80000
36260,2019,1,850,262017
36260,2019,2,848,267029
36260,2019,3,846,268460
36260,2019,4,916,269528
36420,2019,1,1022,619277
36420,2019,2,952,621967
36420,2019,3,945,629025
36420,2019,4,1002,633825
36500,2019,1,1035,117891
36500,2019,2,1034,118837
36500,2019,3,1051,119489
36500,2019,4,1079,119168
36540,2019,1,1010,473710
36540,2019,2,961,485644
36540,2019,3,983,482867
36540,2019,4,1043,488115
36740,2019,1,956,1269420
36740,2019,2,922,1251517
36740,2019,3,916,1269702
36740,2019,4,997,1297685
36780,2019,1,1053,92049
36780,2019,2,1058,94027
36780,2019,3,969,92619
36780,2019,4,1089,93952
36980,2019,1,873,51844
36980,2019,2,853,52374
36980,2019,3,845,52727
36980,2019,4,883,52734
37100,2019,1,1155,329687
37100,2019,2,1067,335034
37100,2019,3,1063,329564
37100,2019,4,1165,334863
37340,2019,1,974,220799
37340,2019,2,995,221519
37340,2019,3,958,221845
37340,2019,4,1053,226114
37460,2019,1,822,77914
37460,2019,2,835,79371
37460,2019,3,810,78557
37460,2019,4,875,78182
37620,2019,1,822,35533
37620,2019,2,808,36514
37620,2019,3,820,36350
37620,2019,4,827,36462
37860,2019,1,873,178303
37860,2019,2,826,176880
37860,2019,3,824,178306
37860,2019,4,887,180634
37900,2019,1,1243,164500
37900,2019,2,960,168499
37900,2019,3,966,166657
37900,2019,4,1054,166059
38060,2019,1,1105,2112317
38060,2019,2,1049,2082038
38060,2019,3,1053,2136474
38060,2019,4,1100,2201348
38300,2019,1,1159,1109624
38300,2019,2,1081,1140925
38300,2019,3,1073,1131321
38300,2019,4,1163,1132408
38340,2019,1,920,59847
38340,2019,2,906,63604
38340,2019,3,897,61262
38340,2019,4,981,60064
38540,2019,1,700,33935
38540,2019,2,717,35247
38540,2019,3,710,35092
38540,2019,4,781,34487
38860,2019,1,1029,267433
38860,2019,2,951,288274
38860,2019,3,962,283273
38860,2019,4,1050,278164
38900,2019,1,1212,1196819
38900,2019,2,1165,1216722
38900,2019,3,1167,1214399
38900,2019,4,1237,1224765
38940,2019,1,795,150588
38940,2019,2,844,145136
38940,2019,3,796,148288
38940,2019,4,869,154151
39300,2019,1,1058,689016
39300,2019,2,1020,717478
39300,2019,3,975,711052
39300,2019,4,1078,710666
39340,2019,1,1026,252018
39340,2019,2,890,253349
39340,2019,3,926,258533
39340,2019,4,990,260591
39380,2019,1,840,61345
39380,2019,2,839,62618
39380,2019,3,883,62923
39380,2019,4,907,63077
39460,2019,1,765,49627
39460,2019,2,768,47170
39460,2019,3,756,47881
39460,2019,4,814,50302
39540,2019,1,943,74352
39540,2019,2,908,77280
39540,2019,3,910,75467
39540,2019,4,1023,75499
39580,2019,1,1175,629567
39580,2019,2,1107,643942
39580,2019,3,1120,637976
39580,2019,4,1175,648672
39660,2019,1,841,64316
39660,2019,2,798,70479
39660,2019,3,815,68936
39660,2019,4,869,66252
39740,2019,1,987,174580
39740,2019,2,969,177143
39740,2019,3,968,176413
39740,2019,4,1012,177908
39820,2019,1,845,66215
39820,2019,2,843,68810
39820,2019,3,882,68110
39820,2019,4,931,68036
39900,2019,1,997,240382
39900,2019,2,986,244994
39900,2019,3,1018,246033
39900,2019,4,1068,249632
40060,2019,1,1099,638978
40060,2019,2,1011,651770
40060,2019,3,1031,643712
40060,2019,4,1081,655429
40140,2019,1,928,1517641
40140,2019,2,903,1531838
40140,2019,3,905,1528841
40140,2019,4,948,1583726
40220,2019,1,864,151700
40220,2019,2,855,152593
40220,2019,3,853,151295
40220,2019,4,921,152224
40340,2019,1,1141,117396
40340,2019,2,1096,121116
40340,2019,3,1200,120001
40340,2019,4,1238,121127
40380,2019,1,984,506752
40380,2019,2,980,521775
40380,2019,3,967,516889
40380,2019,4,1009,515895
40420,2019,1,979,143452
40420,2019,2,894,145494
40420,2019,3,914,143815
40420,2019,4,984,144270
40580,2019,1,784,56601
40580,2019,2,770,55892
40580,2019,3,770,56190
40580,2019,4,809,57433
40660,2019,1,835,40020
40660,2019,2,801,39925
40660,2019,3,799,39586
40660,2019,4,868,39681
40900,2019,1,1173,1006584
40900,2019,2,1153,1019955
40900,2019,3,1157,1021963
40900,2019,4,1240,1026375
40980,2019,1,899,82412
40980,2019,2,868,85014
40980,2019,3,861,84482
40980,2019,4,943,84892
41060,2019,1,907,102979
41060,2019,2,881,106550
41060,2019,3,928,105684
41060,2019,4,939,104756
41100,2019,1,716,68925
41100,2019,2,711,68610
41100,2019,3,725,70790
41100,2019,4,754,71357
41140,2019,1,836,54373
41140,2019,2,848,55249
41140,2019,3,860,54772
41140,2019,4,888,55564
41180,2019,1,1107,1320075
41180,2019,2,1026,1337187
41180,2019,3,1027,1340505
41180,2019,4,1097,1351568
41420,2019,1,878,176377
41420,2019,2,908,183748
41420,2019,3,887,183430
41420,2019,4,961,180963
41500,2019,1,945,178492
41500,2019,2,926,214639
41500,2019,3,936,214316
41500,2019,4,1002,181269
41540,2019,1,797,152758
41540,2019,2,782,172903
41540,2019,3,781,165821
41540,2019,4,869,155841
41620,2019,1,1122,725691
41620,2019,2,1046,737858
41620,2019,3,1076,741965
41620,2019,4,1148,751395
41660,2019,1,854,48953
41660,2019,2,856,48886
41660,2019,3,865,48820
41660,2019,4,921,49127
41700,2019,1,1009,1023777
41700,2019,2,973,1038663
41700,2019,3,951,1035279
41700,2019,4,1036,1049529
41740,2019,1,1247,1474284
41740,2019,2,1184,1492516
41740,2019,3,1195,1491789
41740,2019,4,1312,1511523
41940,2019,1,2728,1125449
41940,2019,2,2587,1140029
41940,2019,3,2420,1141254
41940,2019,4,2798,1155938
42020,2019,1,976,119520
42020,2019,2,950,122328
42020,2019,3,946,119747
42020,2019,4,1052,118244
42100,2019,1,1021,101509
42100,2019,2,1013,111413
42100,2019,3,991,109757
42100,2019,4,1241,102981
42140,2019,1,831,61831
42140,2019,2,828,62322
42140,2019,3,869,63216
42140,2019,4,978,63753
42200,2019,1,1052,198129
42200,2019,2,1049,210261
42200,2019,3,1041,209106
42200,2019,4,1151,202012
42220,2019,1,1074,208822
42220,2019,2,1070,212340
42220,2019,3,1089,214924
42220,2019,4,1200,212480
42340,2019,1,918,178597
42340,2019,2,888,178860
42340,2019,3,892,176603
42340,2019,4,947,182591
42540,2019,1,850,249385
42540,2019,2,848,253572
42540,2019,3,838,253127
42540,2019,4,890,255744
42680,2019,1,843,54513
42680,2019,2,827,51763
42680,2019,3,803,52165
42680,2019,4,903,55144
42700,2019,1,665,27971
42700,2019,2,686,27419
42700,2019,3,675,26869
42700,2019,4,718,27604
43100,2019,1,1018,60498
43100,2019,2,931,63592
43100,2019,3,925,61758
43100,2019,4,998,60893
43300,2019,1,857,46994
43300,2019,2,839,47847
43300,2019,3,849,47544
43300,2019,4,895,48242
43340,2019,1,844,174429
43340,2019,2,838,174132
43340,2019,3,834,173478
43340,2019,4,908,174561
43420,2019,1,882,34264
43420,2019,2,888,33823
43420,2019,3,937,34330
43420,2019,4,937,35364
43580,2019,1,865,86787
43580,2019,2,865,88746
43580,2019,3,896,87948
43580,2019,4,943,88201
43620,2019,1,971,152490
43620,2019,2,931,158248
43620,2019,3,949,156410
43620,2019,4,1024,157302
43780,2019,1,862,133038
43780,2019,2,871,135276
43780,2019,3,877,135882
43780,2019,4,917,135963
43900,2019,1,911,155694
43900,2019,2,907,156103
43900,2019,3,881,157271
43900,2019,4,931,158593
44060,2019,1,953,237272
44060,2019,2,939,245730
44060,2019,3,946,245080
44060,2019,4,993,244599
44100,2019,1,1044,131032
44100,2019,2,1024,134069
44100,2019,3,1152,132633
44100,2019,4,1102,132729
44140,2019,1,997,276298
44140,2019,2,943,281596
44140,2019,3,948,281355
44140,2019,4,1008,281675
44180,2019,1,808,205933
44180,2019,2,808,207832
44180,2019,3,804,207634
44180,2019,4,873,209659
44220,2019,1,813,47753
44220,2019,2,809,48064
44220,2019,3,784,47354
44220,2019,4,826,47565
44300,2019,1,1004,67658
44300,2019,2,996,67282
44300,2019,3,1016,68386
44300,2019,4,1030,68565
44420,2019,1,799,48870
44420,2019,2,800,49658
44420,2019,3,814,49145
44420,2019,4,846,49462
44700,2019,1,908,252071
44700,2019,2,932,260221
44700,2019,3,937,260965
44700,2019,4,994,261853
44940,2019,1,757,37017
44940,2019,2,756,37502
44940,2019,3,759,37409
44940,2019,4,804,37197
45060,2019,1,1006,299473
45060,2019,2,985,309631
45060,2019,3,968,305606
45060,2019,4,1041,306096
45220,2019,1,852,176748
45220,2019,2,843,174011
45220,2019,3,875,176759
45220,2019,4,909,179246
45460,2019,1,816,65347
45460,2019,2,802,65723
45460,2019,3,792,65663
45460,2019,4,828,65973
45500,2019,1,784,58324
45500,2019,2,792,59259
45500,2019,3,783,58785
45500,2019,4,840,59403
45780,2019,1,977,292005
45780,2019,2,893,297487
45780,2019,3,917,295674
45780,2019,4,980,298519
45820,2019,1,879,107534
45820,2019,2,850,109323
45820,2019,3,849,108140
45820,2019,4,890,108897
45940,2019,1,1639,256859
45940,2019,2,1348,263323
45940,2019,3,1296,260482
45940,2019,4,1450,266472
46060,2019,1,946,377134
46060,2019,2,917,371251
46060,2019,3,934,376697
46060,2019,4,971,383407
46140,2019,1,1033,436539
46140,2019,2,942,439682
46140,2019,3,944,440608
46140,2019,4,991,446234
46220,2019,1,888,102560
46220,2019,2,872,102840
46220,2019,3,879,104732
46220,2019,4,930,104875
46340,2019,1,873,105244
46340,2019,2,879,105091
46340,2019,3,890,104958
46340,2019,4,958,106580
46520,2019,1,1053,472299
46520,2019,2,1035,468071
46520,2019,3,1056,469436
46520,2019,4,1104,476708
46540,2019,1,852,121918
46540,2019,2,859,124943
46540,2019,3,825,122226
46540,2019,4,884,123265
46660,2019,1,724,54819
46660,2019,2,722,55016
46660,2019,3,722,55077
46660,2019,4,782,55949
46700,2019,1,1252,141373
46700,2019,2,1165,144567
46700,2019,3,1145,144480
46700,2019,4,1197,143692
47020,2019,1,916,40538
47020,2019,2,900,40515
47020,2019,3,902,40047
47020,2019,4,925,39854
47220,2019,1,889,58660
47220,2019,2,890,60729
47220,2019,3,888,60331
47220,2019,4,968,59871
47260,2019,1,929,748234
47260,2019,2,929,765213
47260,2019,3,926,751690
47260,2019,4,997,760193
47300,2019,1,794,157400
47300,2019,2,781,171574
47300,2019,3,787,169772
47300,2019,4,849,163566
47380,2019,1,878,115341
47380,2019,2,872,116648
47380,2019,3,889,117197
47380,2019,4,950,118054
47460,2019,1,850,28132
47460,2019,2,869,30048
47460,2019,3,889,30513
47460,2019,4,938,28364
47580,2019,1,839,75266
47580,2019,2,896,76131
47580,2019,3,859,76124
47580,2019,4,923,76798
47940,2019,1,887,86831
47940,2019,2,889,88790
47940,2019,3,883,87856
47940,2019,4,1008,88560
48060,2019,1,818,39878
48060,2019,2,844,42354
48060,2019,3,822,41014
48060,2019,4,860,40099
48140,2019,1,902,70957
48140,2019,2,880,73180
48140,2019,3,920,71611
48140,2019,4,949,72013
48260,2019,1,809,37533
48260,2019,2,807,38178
48260,2019,3,801,37977
48260,2019,4,823,37862
48300,2019,1,805,52007
48300,2019,2,779,61796
48300,2019,3,797,59818
48300,2019,4,845,53773
48540,2019,1,898,61936
48540,2019,2,912,64344
48540,2019,3,928,63158
48540,2019,4,925,60808
48620,2019,1,958,297243
48620,2019,2,880,300547
48620,2019,3,873,299886
48620,2019,4,945,304286
48660,2019,1,793,57812
48660,2019,2,773,58541
48660,2019,3,786,58074
48660,2019,4,825,58614
48700,2019,1,861,50416
48700,2019,2,863,51499
48700,2019,3,860,51500
48700,2019,4,901,51376
48900,2019,1,889,128601
48900,2019,2,853,131332
48900,2019,3,855,130854
48900,2019,4,917,132297
49020,2019,1,919,61675
49020,2019,2,893,62409
49020,2019,3,926,62149
49020,2019,4,941,62951
49180,2019,1,969,264607
49180,2019,2,896,265479
49180,2019,3,903,265698
49180,2019,4,980,269126
49340,2019,1,1094,388491
49340,2019,2,1046,396850
49340,2019,3,1040,393673
49340,2019,4,1121,396739
49420,2019,1,774,107719
49420,2019,2,773,127099
49420,2019,3,793,126495
49420,2019,4,850,108511
49620,2019,1,945,178537
49620,2019,2,953,180676
49620,2019,3,939,181013
49620,2019,4,1001,183176
49660,2019,1,797,205312
49660,2019,2,768,208862
49660,2019,3,773,207572
49660,2019,4,817,207274
49700,2019,1,870,48108
49700,2019,2,886,52823
49700,2019,3,890,51903
49700,2019,4,947,50450
49740,2019,1,733,75154
49740,2019,2,801,59557
49740,2019,3,781,63077
49740,2019,4,798,79164
10180,2020,1,835,70411
10180,2020,2,878,66107
10180,2020,3,863,67531
10180,2020,4,961,69447
10420,2020,1,998,318387
10420,2020,2,995,297458
10420,2020,3,965,303386
10420,2020,4,1114,305688
10500,2020,1,806,60540
10500,2020,2,845,57032
10500,2020,3,835,57127
10500,2020,4,924,58308
10540,2020,1,851,47614
10540,2020,2,909,45157
10540,2020,3,884,45528
10540,2020,4,990,45449
10580,2020,1,1146,442116
10580,2020,2,1260,400670
10580,2020,3,1186,418296
10580,2020,4,1289,416863
10740,2020,1,950,384696
10740,2020,2,995,349541
10740,2020,3,985,359649
10740,2020,4,1099,358124
10780,2020,1,819,59321
10780,2020,2,839,56563
10780,2020,3,839,57487
10780,2020,4,923,59231
10900,2020,1,1051,358051
10900,2020,2,1070,321979
10900,2020,3,1055,337717
10900,2020,4,1198,345276
11020,2020,1,819,57791
11020,2020,2,876,54036
11020,2020,3,862,55924
11020,2020,4,961,55794
11100,2020,1,937,116754
11100,2020,2,954,112375
11100,2020,3,951,113922
11100,2020,4,1064,115611
11180,2020,1,1026,45328
11180,2020,2,1069,42499
11180,2020,3,1045,44510
11180,2020,4,1144,44506
11260,2020,1,1135,168884
11260,2020,2,1215,157869
11260,2020,3,1178,162079
11260,2020,4,1277,160021
11460,2020,1,1206,220028
11460,2020,2,1260,189467
11460,2020,3,1277,202949
11460,2020,4,1366,203281
11500,2020,1,795,44594
11500,2020,2,809,41921
11500,2020,3,842,42748
11500,2020,4,900,43714
11540,2020,1,934,121990
11540,2020,2,965,117077
11540,2020,3,947,118033
11540,2020,4,1094,119403
11700,2020,1,833,194060
11700,2020,2,876,172489
11700,2020,3,867,182062
11700,2020,4,980,187782
12020,2020,1,885,88626
12020,2020,2,926,81278
12020,2020,3,919,83999
12020,2020,4,1026,86413
12100,2020,1,939,125938
12100,2020,2,1110,90472
12100,2020,3,955,113772
12100,2020,4,1121,111953
12220,2020,1,798,59495
12220,2020,2,854,55206
12220,2020,3,816,58213
12220,2020,4,922,59244
12260,2020,1,987,231712
12260,2020,2,971,216926
12260,2020,3,986,221076
12260,2020,4,1081,225269
12420,2020,1,1368,1077445
12420,2020,2,1324,1003948
12420,2020,3,1338,1025116
12420,2020,4,1509,1061574
12540,2020,1,968,314054
12540,2020,2,993,306523
12540,2020,3,972,324806
12540,2020,4,1068,319246
12580,2020,1,1247,1327829
12580,2020,2,1279,1216871
12580,2020,3,1254,1247151
12580,2020,4,1441,1266237
12620,2020,1,871,69513
12620,2020,2,903,65132
12620,2020,3,920,67671
12620,2020,4,1004,67696
12700,2020,1,993,85685
12700,2020,2,1077,85481
12700,2020,3,1011,92377
12700,2020,4,1189,84174
12940,2020,1,1071,383090
12940,2020,2,1055,344134
12940,2020,3,1046,359855
12940,2020,4,1156,369547
12980,2020,1,1106,53732
12980,2020,2,1041,49278
12980,2020,3,1057,50515
12980,2020,4,1186,50074
13020,2020,1,889,33826
13020,2020,2,925,31480
13020,2020,3,914,32691
13020,2020,4,1066,31347
13140,2020,1,1112,158857
13140,2020,2,1070,145308
13140,2020,3,1067,146478
13140,2020,4,1156,148130
13220,2020,1,797,41014
13220,2020,2,834,38886
13220,2020,3,806,39619
13220,2020,4,901,39618
13380,2020,1,986,91758
13380,2020,2,1009,82941
13380,2020,3,1005,84766
13380,2020,4,1106,83931
13460,2020,1,940,85709
13460,2020,2,1013,80012
13460,2020,3,990,83238
13460,2020,4,1131,81559
13740,2020,1,943,84533
13740,2020,2,966,82670
13740,2020,3,955,84079
13740,2020,4,1098,84695
13780,2020,1,955,96436
13780,2020,2,1027,87542
13780,2020,3,983,90507
13780,2020,4,1080,90741
13820,2020,1,1121,495972
13820,2020,2,1060,466764
13820,2020,3,1066,473094
13820,2020,4,1210,484504
13900,2020,1,1014,68976
13900,2020,2,1046,67646
13900,2020,3,1018,68506
13900,2020,4,1115,68638
13980,2020,1,859,70039
13980,2020,2,858,63361
13980,2020,3,941,66620
13980,2020,4,964,68291
14010,2020,1,1264,86366
14010,2020,2,1076,79817
14010,2020,3,1106,82137
14010,2020,4,1175,82214
14020,2020,1,960,69943
14020,2020,2,976,65443
14020,2020,3,929,67031
14020,2020,4,955,67711
14260,2020,1,945,338297
14260,2020,2,953,329156
14260,2020,3,959,334284
14260,2020,4,1161,340382
14500,2020,1,1457,188185
14500,2020,2,1433,174272
14500,2020,3,1467,178436
14500,2020,4,1671,179027
14540,2020,1,838,74032
14540,2020,2,859,67292
14540,2020,3,834,71386
14540,2020,4,950,72211
14740,2020,1,1055,91925
14740,2020,2,1141,85724
14740,2020,3,1116,86939
14740,2020,4,1347,85762
14860,2020,1,2051,406197
14860,2020,2,1742,366611
14860,2020,3,1605,383899
14860,2020,4,2020,390344
15180,2020,1,664,143612
15180,2020,2,700,136330
15180,2020,3,696,136169
15180,2020,4,761,140874
15260,2020,1,817,41914
15260,2020,2,862,39875
15260,2020,3,852,40177
15260,2020,4,945,40984
15380,2020,1,1021,535490
15380,2020,2,1085,468700
15380,2020,3,1026,498611
15380,2020,4,1160,491652
15500,2020,1,850,62747
15500,2020,2,878,57566
15500,2020,3,838,59992
15500,2020,4,967,61129
15540,2020,1,1105,118483
15540,2020,2,1164,109255
15540,2020,3,1097,113606
15540,2020,4,1262,113564
15940,2020,1,842,162208
15940,2020,2,834,153197
15940,2020,3,847,155578
15940,2020,4,982,157199
15980,2020,1,911,276441
15980,2020,2,944,246158
15980,2020,3,934,253511
15980,2020,4,1041,266571
16020,2020,1,795,44176
16020,2020,2,852,41925
16020,2020,3,820,42781
16020,2020,4,917,43233
16180,2020,1,988,30424
16180,2020,2,1063,29190
16180,2020,3,1041,29625
16180,2020,4,1164,29589
16220,2020,1,966,38418
16220,2020,2,958,35774
16220,2020,3,929,36073
16220,2020,4,1054,36062
16300,2020,1,1098,140947
16300,2020,2,1072,133595
16300,2020,3,1044,133421
16300,2020,4,1191,136249
16540,2020,1,867,59639
16540,2020,2,893,54913
16540,2020,3,918,57151
16540,2020,4,998,57904
16580,2020,1,950,99507
16580,2020,2,1023,92974
16580,2020,3,1016,97721
16580,2020,4,1073,96362
16620,2020,1,966,100720
16620,2020,2,953,93699
16620,2020,3,970,94612
16620,2020,4,1060,96364
16700,2020,1,1001,349003
16700,2020,2,1027,325444
16700,2020,3,1015,329302
16700,2020,4,1140,339187
16740,2020,1,1315,1227832
16740,2020,2,1157,1147042
16740,2020,3,1135,1173845
16740,2020,4,1271,1212190
16820,2020,1,1033,113449
16820,2020,2,1103,101454
16820,2020,3,1059,105607
16820,2020,4,1240,107369
16860,2020,1,972,250472
16860,2020,2,944,235948
16860,2020,3,986,240573
16860,2020,4,1124,247622
16940,2020,1,941,46413
16940,2020,2,962,44968
16940,2020,3,954,45885
16940,2020,4,1052,45909
16984,2020,1,1379,4457566
16984,2020,2,1280,4062300
16984,2020,3,1248,4188021
16984,2020,4,1452,4200508
17020,2020,1,865,80577
17020,2020,2,921,73239
17020,2020,3,946,74422
17020,2020,4,1046,75218
17140,2020,1,1159,1053532
17140,2020,2,1122,985240
17140,2020,3,1156,1008025
17140,2020,4,1249,1023117
17300,2020,1,796,90988
17300,2020,2,808,86113
17300,2020,3,815,89083
17300,2020,4,913,90633
17420,2020,1,823,45352
17420,2020,2,825,46984
17420,2020,3,839,45858
17420,2020,4,969,46056
17660,2020,1,797,62974
17660,2020,2,845,64869
17660,2020,3,824,65491
17660,2020,4,946,63815
17780,2020,1,849,118915
17780,2020,2,889,106477
17780,2020,3,867,112458
17780,2020,4,937,116534
17820,2020,1,1033,291549
17820,2020,2,1058,277424
17820,2020,3,1060,285269
17820,2020,4,1177,284523
17860,2020,1,909,94478
17860,2020,2,990,87826
17860,2020,3,1007,91248
17860,2020,4,1070,93544
17900,2020,1,929,374856
17900,2020,2,928,356042
17900,2020,3,927,361067
17900,2020,4,1032,369212
17980,2020,1,911,117760
17980,2020,2,858,110451
17980,2020,3,852,111462
17980,2020,4,945,114364
18020,2020,1,1255,50956
18020,2020,2,1019,46441
18020,2020,3,1037,47714
18020,2020,4,1159,48379
18140,2020,1,1163,1037311
18140,2020,2,1091,985149
18140,2020,3,1116,1003842
18140,2020,4,1236,1025542
18580,2020,1,958,185874
18580,2020,2,940,174775
18580,2020,3,950,173413
18580,2020,4,1046,176573
18700,2020,1,1032,38087
18700,2020,2,1130,35227
18700,2020,3,1077,35520
18700,2020,4,1233,35325
18880,2020,1,904,114832
18880,2020,2,966,109574
18880,2020,3,943,111522
18880,2020,4,1053,113467
19140,2020,1,879,64262
19140,2020,2,811,60788
19140,2020,3,845,61940
19140,2020,4,959,62470
19300,2020,1,735,76226
19300,2020,2,782,74138
19300,2020,3,787,72935
19300,2020,4,880,74124
19340,2020,1,970,177926
19340,2020,2,987,166009
19340,2020,3,1084,169719
19340,2020,4,1252,170334
19460,2020,1,908,55479
19460,2020,2,922,53320
19460,2020,3,943,53964
19460,2020,4,1047,54828
19500,2020,1,1070,46824
19500,2020,2,1037,43658
19500,2020,3,1017,44751
19500,2020,4,1141,44151
19660,2020,1,801,201372
19660,2020,2,840,183898
19660,2020,3,809,190816
19660,2020,4,910,193877
19740,2020,1,1451,1513443
19740,2020,2,1352,1410878
19740,2020,3,1357,1436656
19740,2020,4,1512,1448216
19780,2020,1,1214,363131
19780,2020,2,1157,345152
19780,2020,3,1133,351175
19780,2020,4,1289,357994
20020,2020,1,823,57167
20020,2020,2,837,55030
20020,2020,3,843,55637
20020,2020,4,975,57126
20100,2020,1,914,67455
20100,2020,2,927,62915
20100,2020,3,951,65636
20100,2020,4,1029,66056
20220,2020,1,916,57684
20220,2020,2,936,54945
20220,2020,3,918,55756
20220,2020,4,1101,56737
20260,2020,1,914,124297
20260,2020,2,965,114032
20260,2020,3,936,117819
20260,2020,4,1054,115473
20500,2020,1,1418,316289
20500,2020,2,1355,299024
20500,2020,3,1380,304919
20500,2020,4,1484,310337
20740,2020,1,913,82284
20740,2020,2,926,77095
20740,2020,3,907,79849
20740,2020,4,1034,79871
20940,2020,1,825,63962
20940,2020,2,860,59933
20940,2020,3,896,58637
20940,2020,4,937,60665
21060,2020,1,832,54624
21060,2020,2,855,50697
21060,2020,3,880,51410
21060,2020,4,935,52513
21140,2020,1,975,130525
21140,2020,2,911,124124
21140,2020,3,1000,129263
21140,2020,4,1142,132993
21300,2020,1,934,35348
21300,2020,2,988,31752
21300,2020,3,951,33102
21300,2020,4,1061,32825
21340,2020,1,782,314734
21340,2020,2,816,292658
21340,2020,3,818,301048
21340,2020,4,898,304009
21500,2020,1,849,120107
21500,2020,2,918,108063
21500,2020,3,876,113598
21500,2020,4,971,111982
21660,2020,1,881,157843
21660,2020,2,936,143514
21660,2020,3,942,145995
21660,2020,4,1054,146520
21780,2020,1,928,150462
21780,2020,2,912,141128
21780,2020,3,939,145599
21780,2020,4,1045,148821
21820,2020,1,1028,35872
21820,2020,2,1106,33677
21820,2020,3,1125,35486
21820,2020,4,1200,34306
22020,2020,1,995,138407
22020,2020,2,1047,131183
22020,2020,3,1032,135747
22020,2020,4,1149,135040
22140,2020,1,891,45341
22140,2020,2,905,41070
22140,2020,3,869,41312
22140,2020,4,979,40647
22180,2020,1,821,128966
22180,2020,2,875,120329
22180,2020,3,881,123106
22180,2020,4,956,125640
22220,2020,1,1200,248223
22220,2020,2,1145,234827
22220,2020,3,995,241608
22220,2020,4,1165,243888
22380,2020,1,855,61617
22380,2020,2,912,54753
22380,2020,3,932,57402
22380,2020,4,979,56266
22420,2020,1,919,131432
22420,2020,2,926,118844
22420,2020,3,935,124297
22420,2020,4,1071,123990
22500,2020,1,825,86029
22500,2020,2,841,81734
22500,2020,3,830,83327
22500,2020,4,932,84593
22520,2020,1,787,53720
22520,2020,2,813,50322
22520,2020,3,816,51737
22520,2020,4,909,52776
22540,2020,1,924,46161
22540,2020,2,958,43705
22540,2020,3,914,45226
22540,2020,4,1073,45082
22660,2020,1,1080,164208
22660,2020,2,1093,156059
22660,2020,3,1091,159343
22660,2020,4,1230,156647
22900,2020,1,796,104914
22900,2020,2,818,100775
22900,2020,3,807,103065
22900,2020,4,891,103145
23060,2020,1,959,211470
23060,2020,2,929,200988
23060,2020,3,914,207685
23060,2020,4,1035,209572
23420,2020,1,878,392385
23420,2020,2,934,381875
23420,2020,3,932,383528
23420,2020,4,1058,376233
23460,2020,1,820,34556
23460,2020,2,740,30873
23460,2020,3,757,31861
23460,2020,4,840,32493
23540,2020,1,980,138023
23540,2020,2,973,127873
23540,2020,3,1005,131223
23540,2020,4,1119,134653
23580,2020,1,944,90599
23580,2020,2,964,86087
23580,2020,3,954,87732
23580,2020,4,1157,90252
23900,2020,1,815,34995
23900,2020,2,906,31056
23900,2020,3,872,33253
23900,2020,4,995,32836
24020,2020,1,898,50351
24020,2020,2,968,46780
24020,2020,3,921,50393
24020,2020,4,1029,48120
24140,2020,1,744,41753
24140,2020,2,787,39735
24140,2020,3,791,40214
24140,2020,4,875,40642
24220,2020,1,885,50926
24220,2020,2,973,48157
24220,2020,3,918,49578
24220,2020,4,1030,48656
24260,2020,1,799,41123
24260,2020,2,867,39650
24260,2020,3,844,40716
24260,2020,4,941,41050
24300,2020,1,889,62581
24300,2020,2,894,59734
24300,2020,3,913,61335
24300,2020,4,995,60932
24340,2020,1,978,563344
24340,2020,2,1021,497017
24340,2020,3,1004,520843
24340,2020,4,1168,517738
24420,2020,1,732,28770
24420,2020,2,817,27946
24420,2020,3,778,28525
24420,2020,4,876,27959
24500,2020,1,830,35209
24500,2020,2,860,33825
24500,2020,3,861,34294
24500,2020,4,968,34683
24540,2020,1,1165,113089
24540,2020,2,1026,104750
24540,2020,3,1022,105409
24540,2020,4,1107,104758
24580,2020,1,1004,171145
24580,2020,2,984,163132
24580,2020,3,989,166513
24580,2020,4,1160,167368
24660,2020,1,947,354215
24660,2020,2,940,325246
24660,2020,3,939,334824
24660,2020,4,1038,346956
24780,2020,1,920,76897
24780,2020,2,912,71775
24780,2020,3,949,74971
24780,2020,4,1015,75700
24860,2020,1,926,400258
24860,2020,2,939,373362
24860,2020,3,930,385519
24860,2020,4,1039,396868
25060,2020,1,866,149903
25060,2020,2,891,139796
25060,2020,3,864,143560
25060,2020,4,955,146746
25180,2020,1,871,98465
25180,2020,2,932,92017
25180,2020,3,902,95198
25180,2020,4,1005,98330
25220,2020,1,706,44429
25220,2020,2,774,41443
25220,2020,3,754,43823
25220,2020,4,854,44400
25260,2020,1,898,47664
25260,2020,2,897,46478
25260,2020,3,978,46691
25260,2020,4,1030,47103
25420,2020,1,1094,326332
25420,2020,2,1126,300898
25420,2020,3,1082,312285
25420,2020,4,1215,316028
25500,2020,1,856,64865
25500,2020,2,872,59000
25500,2020,3,874,61567
25500,2020,4,995,62075
25540,2020,1,1445,614823
25540,2020,2,1337,557759
25540,2020,3,1279,582441
25540,2020,4,1455,590664
25620,2020,1,745,61380
25620,2020,2,771,57861
25620,2020,3,773,59702
25620,2020,4,891,61596
25860,2020,1,816,152924
25860,2020,2,808,142071
25860,2020,3,827,145830
25860,2020,4,943,149719
25940,2020,1,804,77590
25940,2020,2,832,75267
25940,2020,3,816,74398
25940,2020,4,947,75438
25980,2020,1,785,20223
25980,2020,2,808,19309
25980,2020,3,826,19470
25980,2020,4,924,19321
26140,2020,1,741,32480
26140,2020,2,740,30787
26140,2020,3,759,31253
26140,2020,4,860,31999
26300,2020,1,734,38178
26300,2020,2,783,35422
26300,2020,3,775,35571
26300,2020,4,836,36025
26380,2020,1,1007,83379
26380,2020,2,999,76673
26380,2020,3,984,77981
26380,2020,4,1061,79526
26420,2020,1,1453,3045587
26420,2020,2,1289,2827201
26420,2020,3,1268,2826024
26420,2020,4,1418,2896849
26580,2020,1,870,126858
26580,2020,2,922,118528
26580,2020,3,903,122160
26580,2020,4,1006,122787
26620,2020,1,1235,233803
26620,2020,2,1224,221347
26620,2020,3,1256,226615
26620,2020,4,1393,231915
26820,2020,1,891,69223
26820,2020,2,902,69886
26820,2020,3,922,71430
26820,2020,4,1028,72028
26900,2020,1,1133,1017000
26900,2020,2,1069,960592
26900,2020,3,1050,989162
26900,2020,4,1183,1006546
26980,2020,1,1001,90861
26980,2020,2,1063,85263
26980,2020,3,1065,86276
26980,2020,4,1121,87283
27060,2020,1,1074,48599
27060,2020,2,1161,43844
27060,2020,3,1135,45813
27060,2020,4,1213,45915
27100,2020,1,981,56564
27100,2020,2,1039,50943
27100,2020,3,993,53143
27100,2020,4,1134,53358
27140,2020,1,879,254482
27140,2020,2,880,240118
27140,2020,3,890,244940
27140,2020,4,975,250712
27180,2020,1,840,66732
27180,2020,2,858,63649
27180,2020,3,863,64918
27180,2020,4,1010,66481
27260,2020,1,1080,692488
27260,2020,2,1024,650840
27260,2020,3,1020,670013
27260,2020,4,1160,691033
27340,2020,1,698,49342
27340,2020,2,756,46772
27340,2020,3,737,48434
27340,2020,4,827,49490
27500,2020,1,976,66463
27500,2020,2,965,63291
27500,2020,3,926,64185
27500,2020,4,1049,64419
27620,2020,1,837,75968
27620,2020,2,878,73890
27620,2020,3,864,74284
27620,2020,4,949,75007
27740,2020,1,801,77847
27740,2020,2,867,73093
27740,2020,3,839,75748
27740,2020,4,968,78069
27780,2020,1,780,49207
27780,2020,2,824,45465
27780,2020,3,817,46953
27780,2020,4,902,46445
27860,2020,1,799,57678
27860,2020,2,829,54311
27860,2020,3,851,55970
27860,2020,4,913,57360
27900,2020,1,795,77205
27900,2020,2,822,73414
27900,2020,3,801,75058
27900,2020,4,893,76584
27980,2020,1,927,80382
27980,2020,2,980,54692
27980,2020,3,971,52340
27980,2020,4,1051,63611
28020,2020,1,1050,141392
28020,2020,2,1036,129025
28020,2020,3,1013,134112
28020,2020,4,1185,131454
28100,2020,1,850,44660
28100,2020,2,890,41888
28100,2020,3,916,42127
28100,2020,4,972,42246
28140,2020,1,1114,1043441
28140,2020,2,1115,987139
28140,2020,3,1097,1001604
28140,2020,4,1240,1020998
28420,2020,1,1066,123518
28420,2020,2,1056,124237
28420,2020,3,1100,123640
28420,2020,4,1188,117627
28660,2020,1,908,142262
28660,2020,2,960,136554
28660,2020,3,934,138052
28660,2020,4,1052,140895
28700,2020,1,864,115360
28700,2020,2,868,106605
28700,2020,3,859,109713
28700,2020,4,996,111407
28740,2020,1,880,58518
28740,2020,2,1013,52641
28740,2020,3,915,55899
28740,2020,4,1040,54830
28940,2020,1,1001,387549
28940,2020,2,991,367601
28940,2020,3,1019,376134
28940,2020,4,1147,383846
29020,2020,1,1021,37378
29020,2020,2,754,36008
29020,2020,3,911,36419
29020,2020,4,1076,36263
29100,2020,1,899,73909
29100,2020,2,924,68987
29100,2020,3,901,70957
29100,2020,4,1023,71757
29180,2020,1,895,195665
29180,2020,2,908,179409
29180,2020,3,887,181524
29180,2020,4,1000,187281
29200,2020,1,960,93310
29200,2020,2,958,86809
29200,2020,3,958,89873
29200,2020,4,1055,90743
29340,2020,1,1073,105698
29340,2020,2,1065,91292
29340,2020,3,1067,81651
29340,2020,4,1227,89816
29420,2020,1,779,51786
29420,2020,2,815,49277
29420,2020,3,812,50630
29420,2020,4,886,51398
29460,2020,1,879,235163
29460,2020,2,869,220568
29460,2020,3,871,230164
29460,2020,4,976,238450
29540,2020,1,940,244171
29540,2020,2,980,221245
29540,2020,3,967,232488
29540,2020,4,1116,235282
29620,2020,1,1035,210713
29620,2020,2,1092,190910
29620,2020,3,1038,197520
29620,2020,4,1198,195477
29700,2020,1,724,103623
29700,2020,2,756,94647
29700,2020,3,738,96279
29700,2020,4,834,97957
29740,2020,1,761,73477
29740,2020,2,832,68477
29740,2020,3,790,70283
29740,2020,4,881,69582
29820,2020,1,1017,1028725
29820,2020,2,1028,827070
29820,2020,3,1020,879043
29820,2020,4,1142,901063
29940,2020,1,810,47892
29940,2020,2,867,44436
29940,2020,3,827,45804
29940,2020,4,932,45379
30020,2020,1,783,43631
30020,2020,2,769,40764
30020,2020,3,828,41207
30020,2020,4,878,42030
30140,2020,1,843,50910
30140,2020,2,914,46809
30140,2020,3,895,48379
30140,2020,4,1038,48970
30300,2020,1,835,27292
30300,2020,2,855,26779
30300,2020,3,860,27133
30300,2020,4,941,26979
30340,2020,1,869,48661
30340,2020,2,910,46644
30340,2020,3,912,47964
30340,2020,4,1028,48124
30460,2020,1,953,268889
30460,2020,2,1019,250908
30460,2020,3,975,256132
30460,2020,4,1129,258764
30620,2020,1,916,50014
30620,2020,2,912,46990
30620,2020,3,913,48253
30620,2020,4,1021,48789
30700,2020,1,913,177205
30700,2020,2,940,167013
30700,2020,3,939,170864
30700,2020,4,1054,171837
30780,2020,1,959,333540
30780,2020,2,960,316141
30780,2020,3,964,321123
30780,2020,4,1072,327585
30860,2020,1,751,62019
30860,2020,2,792,60952
30860,2020,3,792,63374
30860,2020,4,879,65094
30980,2020,1,906,95626
30980,2020,2,894,87806
30980,2020,3,869,88135
30980,2020,4,973,90072
31020,2020,1,1038,39774
31020,2020,2,1039,37912
31020,2020,3,1085,38607
31020,2020,4,1140,38354
31084,2020,1,1334,6118879
31084,2020,2,1333,5377549
31084,2020,3,1330,5456372
31084,2020,4,1584,5619063
31140,2020,1,1078,639726
31140,2020,2,1070,594135
31140,2020,3,1026,614199
31140,2020,4,1168,628299
31180,2020,1,878,144262
31180,2020,2,917,137562
31180,2020,3,888,140266
31180,2020,4,981,144321
31340,2020,1,856,98607
31340,2020,2,878,91840
31340,2020,3,855,94189
31340,2020,4,962,95252
31420,2020,1,873,98021
31420,2020,2,857,92159
31420,2020,3,870,92947
31420,2020,4,956,95009
31540,2020,1,1146,389953
31540,2020,2,1184,364768
31540,2020,3,1086,374320
31540,2020,4,1276,377291
31700,2020,1,1312,203735
31700,2020,2,1306,186436
31700,2020,3,1246,193869
31700,2020,4,1533,196493
31740,2020,1,772,38421
31740,2020,2,843,35898
31740,2020,3,801,36305
31740,2020,4,912,36837
31860,2020,1,884,54701
31860,2020,2,923,50060
31860,2020,3,929,51711
31860,2020,4,1020,52052
31900,2020,1,792,49030
31900,2020,2,800,46086
31900,2020,3,810,46976
31900,2020,4,914,47434
32580,2020,1,680,270804
32580,2020,2,703,252609
32580,2020,3,715,253738
32580,2020,4,774,262111
32780,2020,1,861,90506
32780,2020,2,922,84960
32780,2020,3,912,87778
32780,2020,4,1008,86575
32820,2020,1,1039,616467
32820,2020,2,1078,581711
32820,2020,3,1067,592011
32820,2020,4,1236,615726
32900,2020,1,862,78783
32900,2020,2,888,78165
32900,2020,3,906,81302
32900,2020,4,994,76058
33140,2020,1,810,39624
33140,2020,2,836,37784
33140,2020,3,828,38230
33140,2020,4,926,38289
33220,2020,1,1389,34962
33220,2020,2,1176,32786
33220,2020,3,1221,34115
33220,2020,4,1333,34080
33260,2020,1,1593,109547
33260,2020,2,1394,89879
33260,2020,3,1350,89865
33260,2020,4,1582,92973
33340,2020,1,1117,819072
33340,2020,2,1098,763407
33340,2020,3,1050,779720
33340,2020,4,1253,787280
33460,2020,1,1351,1906486
33460,2020,2,1295,1754657
33460,2020,3,1268,1792493
33460,2020,4,1424,1785446
33540,2020,1,835,60729
33540,2020,2,903,59209
33540,2020,3,902,59551
33540,2020,4,1011,59785
33660,2020,1,941,171196
33660,2020,2,957,160631
33660,2020,3,966,162971
33660,2020,4,1117,166045
33700,2020,1,975,192185
33700,2020,2,1011,180779
33700,2020,3,1035,186756
33700,2020,4,1108,183095
33740,2020,1,794,74388
33740,2020,2,806,68868
33740,2020,3,803,70977
33740,2020,4,872,72338
33780,2020,1,1006,38806
33780,2020,2,1021,35722
33780,2020,3,993,36913
33780,2020,4,1143,36088
33860,2020,1,885,163062
33860,2020,2,899,153094
33860,2020,3,925,155529
33860,2020,4,1053,159792
34060,2020,1,1072,63642
34060,2020,2,1043,59151
34060,2020,3,1058,61363
34060,2020,4,1117,61490
34100,2020,1,789,45708
34100,2020,2,830,43431
34100,2020,3,824,44549
34100,2020,4,885,45645
34580,2020,1,994,51848
34580,2020,2,1015,48110
34580,2020,3,1036,49562
34580,2020,4,1121,47541
34620,2020,1,823,44934
34620,2020,2,875,41862
34620,2020,3,839,43513
34620,2020,4,913,43742
34740,2020,1,856,60561
34740,2020,2,871,55063
34740,2020,3,843,57428
34740,2020,4,982,56336
34820,2020,1,706,162609
34820,2020,2,736,157332
34820,2020,3,736,158288
34820,2020,4,825,155164
34900,2020,1,1120,77211
34900,2020,2,1186,70404
34900,2020,3,1164,71118
34900,2020,4,1331,66920
34940,2020,1,995,157267
34940,2020,2,1015,135043
34940,2020,3,984,139433
34940,2020,4,1219,149994
34980,2020,1,1167,995139
34980,2020,2,1121,914703
34980,2020,3,1123,946983
34980,2020,4,1291,984999
35300,2020,1,1146,364305
35300,2020,2,1224,334071
35300,2020,3,1176,352741
35300,2020,4,1317,355658
35380,2020,1,1052,542564
35380,2020,2,1107,474322
35380,2020,3,1071,484225
35380,2020,4,1190,504448
35660,2020,1,1091,59448
35660,2020,2,965,55029
35660,2020,3,988,57435
35660,2020,4,1085,54509
35840,2020,1,915,308449
35840,2020,2,914,277632
35840,2020,3,938,283902
35840,2020,4,1067,296548
35980,2020,1,1226,118255
35980,2020,2,1227,101995
35980,2020,3,1155,109133
35980,2020,4,1271,109910
36100,2020,1,755,108017
36100,2020,2,800,102984
36100,2020,3,785,104440
36100,2020,4,884,107969
36220,2020,1,1250,78972
36220,2020,2,1134,65924
36220,2020,3,1096,65270
36220,2020,4,1182,66366
36260,2020,1,888,266192
36260,2020,2,925,261577
36260,2020,3,906,267299
36260,2020,4,1025,271753
36420,2020,1,1004,618151
36420,2020,2,1005,585334
36420,2020,3,971,596069
36420,2020,4,1078,607856
36500,2020,1,1071,118616
36500,2020,2,1119,110153
36500,2020,3,1114,113608
36500,2020,4,1194,112997
36540,2020,1,1057,476777
36540,2020,2,1036,450642
36540,2020,3,1052,460587
36540,2020,4,1167,469738
36740,2020,1,987,1279827
36740,2020,2,1005,1052292
36740,2020,3,997,1115410
36740,2020,4,1141,1171452
36780,2020,1,1056,92280
36780,2020,2,1033,87956
36780,2020,3,1015,90115
36780,2020,4,1164,90623
36980,2020,1,896,51322
36980,2020,2,922,48083
36980,2020,3,903,49362
36980,2020,4,1016,50759
37100,2020,1,1194,331154
37100,2020,2,1197,305659
37100,2020,3,1160,303944
37100,2020,4,1327,309643
37340,2020,1,1034,223325
37340,2020,2,1064,212564
37340,2020,3,1017,214748
37340,2020,4,1159,219545
37460,2020,1,821,78750
37460,2020,2,875,75791
37460,2020,3,864,76726
37460,2020,4,963,77231
37620,2020,1,837,34708
37620,2020,2,894,33129
37620,2020,3,859,33485
37620,2020,4,935,34213
37860,2020,1,895,180734
37860,2020,2,875,172200
37860,2020,3,874,173386
37860,2020,4,989,175740
37900,2020,1,1141,163149
37900,2020,2,1037,151824
37900,2020,3,1066,156202
37900,2020,4,1197,155360
38060,2020,1,1149,2163051
38060,2020,2,1131,1987089
38060,2020,3,1131,2051880
38060,2020,4,1264,2133880
38300,2020,1,1206,1100431
38300,2020,2,1164,1015057
38300,2020,3,1139,1035623
38300,2020,4,1281,1038455
38340,2020,1,953,58004
38340,2020,2,1052,51678
38340,2020,3,1014,54206
38340,2020,4,1127,54073
38540,2020,1,723,34248
38540,2020,2,788,33338
38540,2020,3,742,34654
38540,2020,4,862,34119
38860,2020,1,1071,269143
38860,2020,2,1079,252903
38860,2020,3,1056,265450
38860,2020,4,1216,264057
38900,2020,1,1260,1205388
38900,2020,2,1285,1092360
38900,2020,3,1257,1117795
38900,2020,4,1423,1119494
38940,2020,1,837,152910
38940,2020,2,883,139758
38940,2020,3,850,144657
38940,2020,4,964,150009
39300,2020,1,1081,689033
39300,2020,2,1147,618476
39300,2020,3,1067,652919
39300,2020,4,1230,653548
39340,2020,1,990,254360
39340,2020,2,980,252193
39340,2020,3,976,262106
39340,2020,4,1150,270636
39380,2020,1,878,63301
39380,2020,2,900,59968
39380,2020,3,935,61137
39380,2020,4,997,60036
39460,2020,1,784,49964
39460,2020,2,812,45371
39460,2020,3,824,46832
39460,2020,4,914,49449
39540,2020,1,970,73272
39540,2020,2,960,70326
39540,2020,3,963,71074
39540,2020,4,1172,71754
39580,2020,1,1212,637497
39580,2020,2,1167,596841
39580,2020,3,1180,613333
39580,2020,4,1282,633121
39660,2020,1,880,65056
39660,2020,2,882,65394
39660,2020,3,890,66939
39660,2020,4,985,65438
39740,2020,1,1024,173324
39740,2020,2,1041,155840
39740,2020,3,1053,161691
39740,2020,4,1148,165181
39820,2020,1,878,66619
39820,2020,2,931,64700
39820,2020,3,960,65103
39820,2020,4,1075,64925
39900,2020,1,1049,242487
39900,2020,2,1073,224099
39900,2020,3,1120,231826
39900,2020,4,1261,236563
40060,2020,1,1153,641880
40060,2020,2,1102,590030
40060,2020,3,1094,605235
40060,2020,4,1219,619705
40140,2020,1,950,1555869
40140,2020,2,976,1436311
40140,2020,3,989,1458302
40140,2020,4,1082,1520614
40220,2020,1,886,150939
40220,2020,2,917,138701
40220,2020,3,897,144059
40220,2020,4,1035,146633
40340,2020,1,1171,119007
40340,2020,2,1248,109772
40340,2020,3,1159,115423
40340,2020,4,1378,114181
40380,2020,1,1016,502734
40380,2020,2,1090,454198
40380,2020,3,1037,471583
40380,2020,4,1143,469283
40420,2020,1,940,138949
40420,2020,2,934,128131
40420,2020,3,957,133128
40420,2020,4,1054,132548
40580,2020,1,794,55774
40580,2020,2,798,51556
40580,2020,3,792,52823
40580,2020,4,895,54942
40660,2020,1,852,39451
40660,2020,2,837,37062
40660,2020,3,839,37825
40660,2020,4,960,38550
40900,2020,1,1223,1023931
40900,2020,2,1284,944252
40900,2020,3,1252,960076
40900,2020,4,1388,975128
40980,2020,1,914,81504
40980,2020,2,949,73669
40980,2020,3,936,77236
40980,2020,4,1076,76084
41060,2020,1,963,102304
41060,2020,2,955,97388
41060,2020,3,991,99138
41060,2020,4,1068,97082
41100,2020,1,745,71186
41100,2020,2,774,68124
41100,2020,3,779,72649
41100,2020,4,838,74819
41140,2020,1,866,54110
41140,2020,2,915,52271
41140,2020,3,896,52530
41140,2020,4,979,53402
41180,2020,1,1128,1319498
41180,2020,2,1103,1215760
41180,2020,3,1075,1254869
41180,2020,4,1230,1271342
41420,2020,1,921,177959
41420,2020,2,990,170845
41420,2020,3,960,176277
41420,2020,4,1074,171618
41500,2020,1,977,178986
41500,2020,2,988,194434
41500,2020,3,1005,196090
41500,2020,4,1100,165356
41540,2020,1,831,152455
41540,2020,2,884,153335
41540,2020,3,846,157308
41540,2020,4,963,150515
41620,2020,1,1180,739880
41620,2020,2,1138,707162
41620,2020,3,1145,725772
41620,2020,4,1311,745092
41660,2020,1,867,48867
41660,2020,2,889,45801
41660,2020,3,880,46069
41660,2020,4,982,47402
41700,2020,1,1038,1030630
41700,2020,2,1026,964849
41700,2020,3,1015,976473
41700,2020,4,1145,1003186
41740,2020,1,1315,1484848
41740,2020,2,1316,1321639
41740,2020,3,1333,1349606
41740,2020,4,1566,1370022
41940,2020,1,2869,1137111
41940,2020,2,3029,1038295
41940,2020,3,2849,1050999
41940,2020,4,3639,1064030
42020,2020,1,971,118333
42020,2020,2,1033,106209
42020,2020,3,1043,108953
42020,2020,4,1199,107541
42100,2020,1,1102,101125
42100,2020,2,1137,97489
42100,2020,3,1141,99313
42100,2020,4,1241,94642
42140,2020,1,878,61402
42140,2020,2,936,53701
42140,2020,3,935,55310
42140,2020,4,1084,55185
42200,2020,1,1068,208630
42200,2020,2,1138,200021
42200,2020,3,1105,205705
42200,2020,4,1241,197957
42220,2020,1,1137,209815
42220,2020,2,1177,186774
42220,2020,3,1206,191671
42220,2020,4,1377,191399
42340,2020,1,923,180578
42340,2020,2,935,165009
42340,2020,3,921,169799
42340,2020,4,1024,177517
42540,2020,1,872,249646
42540,2020,2,932,226325
42540,2020,3,904,234569
42540,2020,4,1006,236804
42680,2020,1,869,54148
42680,2020,2,886,48619
42680,2020,3,866,49837
42680,2020,4,1003,52587
42700,2020,1,681,27341
42700,2020,2,725,25540
42700,2020,3,720,25373
42700,2020,4,793,26920
43100,2020,1,1018,59514
43100,2020,2,1005,57888
43100,2020,3,975,58781
43100,2020,4,1129,58430
43300,2020,1,880,47952
43300,2020,2,883,45899
43300,2020,3,883,46704
43300,2020,4,996,47754
43340,2020,1,855,171375
43340,2020,2,898,156929
43340,2020,3,897,160100
43340,2020,4,996,164084
43420,2020,1,936,35501
43420,2020,2,1002,34086
43420,2020,3,1028,35383
43420,2020,4,1087,35536
43580,2020,1,893,86508
43580,2020,2,944,81956
43580,2020,3,935,84247
43580,2020,4,1059,85227
43620,2020,1,1012,154863
43620,2020,2,1006,150966
43620,2020,3,1017,153044
43620,2020,4,1197,155011
43780,2020,1,895,130028
43780,2020,2,940,120844
43780,2020,3,925,123493
43780,2020,4,1045,125247
43900,2020,1,918,157690
43900,2020,2,911,149545
43900,2020,3,928,152771
43900,2020,4,1026,155866
44060,2020,1,978,243748
44060,2020,2,1001,227755
44060,2020,3,1008,232154
44060,2020,4,1103,231055
44100,2020,1,1103,128673
44100,2020,2,1103,120707
44100,2020,3,1120,124581
44100,2020,4,1199,123202
44140,2020,1,1013,272669
44140,2020,2,1053,240539
44140,2020,3,1038,250340
44140,2020,4,1138,258471
44180,2020,1,822,206372
44180,2020,2,875,196360
44180,2020,3,856,201550
44180,2020,4,948,205677
44220,2020,1,842,46140
44220,2020,2,840,44200
44220,2020,3,831,44457
44220,2020,4,934,45076
44300,2020,1,1017,66801
44300,2020,2,1100,64575
44300,2020,3,1061,63427
44300,2020,4,1149,62037
44420,2020,1,824,48590
44420,2020,2,867,45928
44420,2020,3,852,46995
44420,2020,4,937,47249
44700,2020,1,944,258471
44700,2020,2,1010,247373
44700,2020,3,1016,254693
44700,2020,4,1138,257400
44940,2020,1,772,37152
44940,2020,2,787,35296
44940,2020,3,790,35498
44940,2020,4,900,36192
45060,2020,1,1030,298121
45060,2020,2,1080,269983
45060,2020,3,1052,281453
45060,2020,4,1171,280077
45220,2020,1,873,176271
45220,2020,2,901,165225
45220,2020,3,917,169211
45220,2020,4,1026,172758
45460,2020,1,837,64341
45460,2020,2,834,61339
45460,2020,3,833,62202
45460,2020,4,909,62171
45500,2020,1,805,58004
45500,2020,2,836,54663
45500,2020,3,833,55466
45500,2020,4,933,56112
45780,2020,1,999,290506
45780,2020,2,943,269323
45780,2020,3,955,277463
45780,2020,4,1084,280705
45820,2020,1,918,107345
45820,2020,2,894,101954
45820,2020,3,894,104056
45820,2020,4,1007,106214
45940,2020,1,1681,258931
45940,2020,2,1505,238864
45940,2020,3,1392,246780
45940,2020,4,1606,252970
46060,2020,1,991,380252
46060,2020,2,989,351648
46060,2020,3,1002,357855
46060,2020,4,1107,367472
46140,2020,1,1031,435363
46140,2020,2,991,409887
46140,2020,3,969,414923
46140,2020,4,1059,421312
46220,2020,1,911,103698
46220,2020,2,910,92838
46220,2020,3,947,96323
46220,2020,4,1029,96691
46340,2020,1,902,105067
46340,2020,2,929,100055
46340,2020,3,930,101331
46340,2020,4,1034,104500
46520,2020,1,1082,468238
46520,2020,2,1158,384509
46520,2020,3,1166,371304
46520,2020,4,1282,404850
46540,2020,1,880,120408
46540,2020,2,935,110318
46540,2020,3,889,113318
46540,2020,4,995,112688
46660,2020,1,716,55189
46660,2020,2,748,51912
46660,2020,3,760,53123
46660,2020,4,838,54091
46700,2020,1,1281,142199
46700,2020,2,1250,129812
46700,2020,3,1248,130061
46700,2020,4,1346,131632
47020,2020,1,888,38706
47020,2020,2,899,36452
47020,2020,3,884,36541
47020,2020,4,981,37189
47220,2020,1,912,58762
47220,2020,2,971,54723
47220,2020,3,945,57136
47220,2020,4,1097,56433
47260,2020,1,963,746896
47260,2020,2,1010,694660
47260,2020,3,983,709907
47260,2020,4,1112,721016
47300,2020,1,821,160538
47300,2020,2,850,161037
47300,2020,3,864,156352
47300,2020,4,962,155302
47380,2020,1,920,117252
47380,2020,2,941,113633
47380,2020,3,943,115113
47380,2020,4,1047,117042
47460,2020,1,877,29353
47460,2020,2,906,28998
47460,2020,3,923,29914
47460,2020,4,1018,27512
47580,2020,1,876,76095
47580,2020,2,955,72421
47580,2020,3,905,73637
47580,2020,4,1001,74853
47940,2020,1,919,85790
47940,2020,2,933,81857
47940,2020,3,942,83518
47940,2020,4,1126,84568
48060,2020,1,831,38760
48060,2020,2,928,37195
48060,2020,3,882,38976
48060,2020,4,975,37724
48140,2020,1,928,70561
48140,2020,2,921,67929
48140,2020,3,962,68541
48140,2020,4,1069,69285
48260,2020,1,818,36863
48260,2020,2,824,34935
48260,2020,3,805,35432
48260,2020,4,902,35434
48300,2020,1,842,53023
48300,2020,2,847,54413
48300,2020,3,856,55756
48300,2020,4,940,49756
48540,2020,1,874,58792
48540,2020,2,894,55301
48540,2020,3,900,56093
48540,2020,4,991,56777
48620,2020,1,976,299151
48620,2020,2,923,268964
48620,2020,3,900,280466
48620,2020,4,1065,283316
48660,2020,1,805,57461
48660,2020,2,813,54636
48660,2020,3,809,54294
48660,2020,4,878,55299
48700,2020,1,876,49740
48700,2020,2,918,46902
48700,2020,3,905,47969
48700,2020,4,1010,47661
48900,2020,1,912,131071
48900,2020,2,937,122162
48900,2020,3,939,126465
48900,2020,4,1101,128906
49020,2020,1,959,62815
49020,2020,2,956,59750
49020,2020,3,977,61720
49020,2020,4,1068,63136
49180,2020,1,1000,265419
49180,2020,2,951,244348
49180,2020,3,955,252988
49180,2020,4,1064,260362
49340,2020,1,1131,387126
49340,2020,2,1176,347264
49340,2020,3,1143,361412
49340,2020,4,1268,369743
49420,2020,1,805,110960
49420,2020,2,826,116293
49420,2020,3,844,119577
49420,2020,4,925,103565
49620,2020,1,964,178036
49620,2020,2,1027,163776
49620,2020,3,989,169014
49620,2020,4,1115,172240
49660,2020,1,804,201048
49660,2020,2,825,187129
49660,2020,3,820,192012
49660,2020,4,913,191809
49700,2020,1,914,50893
49700,2020,2,944,50954
49700,2020,3,958,50642
49700,2020,4,1069,48706
49740,2020,1,786,75821
49740,2020,2,875,57729
49740,2020,3,862,59936
49740,2020,4,926,73697
10180,2021,1,835,68807
10180,2021,2,886,69054
10180,2021,3,903,69606
10180,2021,4,1008,71432
10420,2021,1,1055,302068
10420,2021,2,1035,308335
10420,2021,3,1037,304560
10420,2021,4,1171,312300
10500,2021,1,853,57921
10500,2021,2,879,57960
10500,2021,3,906,57992
10500,2021,4,995,59079
10540,2021,1,877,46588
10540,2021,2,927,47635
10540,2021,3,939,47589
10540,2021,4,1020,48463
10580,2021,1,1234,412244
10580,2021,2,1249,424939
10580,2021,3,1293,425408
10580,2021,4,1407,431794
10740,2021,1,990,363350
10740,2021,2,1015,367119
10740,2021,3,1036,375947
10740,2021,4,1126,384039
10780,2021,1,826,58703
10780,2021,2,864,59223
10780,2021,3,892,58932
10780,2021,4,981,59861
10900,2021,1,1061,344446
10900,2021,2,1099,352495
10900,2021,3,1117,354101
10900,2021,4,1270,362914
11020,2021,1,843,55478
11020,2021,2,902,57267
11020,2021,3,892,56809
11020,2021,4,1005,57194
11100,2021,1,952,115557
11100,2021,2,983,117180
11100,2021,3,996,116761
11100,2021,4,1140,119660
11180,2021,1,1127,44451
11180,2021,2,1101,45400
11180,2021,3,1080,46053
11180,2021,4,1196,46196
11260,2021,1,1136,161680
11260,2021,2,1197,168100
11260,2021,3,1209,169266
11260,2021,4,1327,166732
11460,2021,1,1273,203728
11460,2021,2,1287,203417
11460,2021,3,1298,210510
11460,2021,4,1378,212327
11500,2021,1,830,43307
11500,2021,2,837,43471
11500,2021,3,871,43316
11500,2021,4,933,44071
11540,2021,1,981,116933
11540,2021,2,982,122278
11540,2021,3,1016,119694
11540,2021,4,1178,121219
11700,2021,1,860,187273
11700,2021,2,906,190271
11700,2021,3,939,192004
11700,2021,4,1039,197923
12020,2021,1,945,86251
12020,2021,2,954,86009
12020,2021,3,962,89823
12020,2021,4,1050,89958
12100,2021,1,1003,110756
12100,2021,2,1029,123761
12100,2021,3,1019,121564
12100,2021,4,1148,121566
12220,2021,1,837,58713
12220,2021,2,863,59025
12220,2021,3,859,59762
12220,2021,4,962,60710
12260,2021,1,993,224023
12260,2021,2,1005,224121
12260,2021,3,1033,224884
12260,2021,4,1112,228525
12420,2021,1,1500,1066816
12420,2021,2,1420,1106301
12420,2021,3,1456,1120122
12420,2021,4,1635,1163291
12540,2021,1,998,300905
12540,2021,2,1013,326537
12540,2021,3,1006,338057
12540,2021,4,1098,334878
12580,2021,1,1322,1251462
12580,2021,2,1289,1281907
12580,2021,3,1291,1287471
12580,2021,4,1487,1316954
12620,2021,1,878,66966
12620,2021,2,921,68837
12620,2021,3,968,69774
12620,2021,4,1058,69905
12700,2021,1,1038,80648
12700,2021,2,1059,100365
12700,2021,3,1075,96188
12700,2021,4,1253,88189
12940,2021,1,1046,369240
12940,2021,2,1075,368080
12940,2021,3,1088,373057
12940,2021,4,1212,386099
12980,2021,1,1175,50591
12980,2021,2,1082,51306
12980,2021,3,1093,51583
12980,2021,4,1186,52580
13020,2021,1,970,32083
13020,2021,2,951,33791
13020,2021,3,959,33876
13020,2021,4,1077,33409
13140,2021,1,1096,146820
13140,2021,2,1081,146202
13140,2021,3,1102,147093
13140,2021,4,1188,150928
13220,2021,1,803,38655
13220,2021,2,853,40427
13220,2021,3,867,40475
13220,2021,4,972,40200
13380,2021,1,1044,85101
13380,2021,2,1073,88104
13380,2021,3,1050,89004
13380,2021,4,1153,89990
13460,2021,1,1016,83822
13460,2021,2,1050,87513
13460,2021,3,1084,87438
13460,2021,4,1197,86965
13740,2021,1,973,83865
13740,2021,2,998,86940
13740,2021,3,1005,86279
13740,2021,4,1155,87007
13780,2021,1,985,89502
13780,2021,2,1043,92100
13780,2021,3,1125,91511
13780,2021,4,1094,93903
13820,2021,1,1143,484263
13820,2021,2,1107,490784
13820,2021,3,1113,489040
13820,2021,4,1278,501259
13900,2021,1,1030,68578
13900,2021,2,1035,71221
13900,2021,3,1049,70708
13900,2021,4,1151,71067
13980,2021,1,906,68734
13980,2021,2,902,66745
13980,2021,3,1013,71338
13980,2021,4,1035,71998
14010,2021,1,1316,82127
14010,2021,2,1098,84031
14010,2021,3,1105,85729
14010,2021,4,1208,87107
14020,2021,1,1022,67901
14020,2021,2,1004,69341
14020,2021,3,989,69452
14020,2021,4,1028,70899
14260,2021,1,984,345081
14260,2021,2,1006,354492
14260,2021,3,1024,355256
14260,2021,4,1240,358401
14500,2021,1,1562,181024
14500,2021,2,1495,188211
14500,2021,3,1627,188355
14500,2021,4,1801,191407
14540,2021,1,827,72124
14540,2021,2,884,72849
14540,2021,3,882,73268
14540,2021,4,1000,75060
14740,2021,1,1118,86622
14740,2021,2,1194,89302
14740,2021,3,1165,89167
14740,2021,4,1268,90677
14860,2021,1,2220,383686
14860,2021,2,1765,400626
14860,2021,3,1679,399257
14860,2021,4,2124,407564
15180,2021,1,686,142388
15180,2021,2,740,144813
15180,2021,3,755,145466
15180,2021,4,830,149960
15260,2021,1,843,41141
15260,2021,2,898,41997
15260,2021,3,897,41835
15260,2021,4,987,43052
15380,2021,1,1064,491902
15380,2021,2,1091,508545
15380,2021,3,1098,508129
15380,2021,4,1200,518784
15500,2021,1,882,62187
15500,2021,2,902,62842
15500,2021,3,939,62822
15500,2021,4,1023,63957
15540,2021,1,1155,113151
15540,2021,2,1150,117369
15540,2021,3,1159,116575
15540,2021,4,1329,118636
15940,2021,1,885,155709
15940,2021,2,877,160182
15940,2021,3,896,158011
15940,2021,4,1013,160514
15980,2021,1,935,271757
15980,2021,2,996,264961
15980,2021,3,1006,274524
15980,2021,4,1109,287508
16020,2021,1,821,42609
16020,2021,2,865,43173
16020,2021,3,881,42712
16020,2021,4,956,43762
16180,2021,1,1000,29859
16180,2021,2,1087,30232
16180,2021,3,1089,30219
16180,2021,4,1213,30295
16220,2021,1,916,35719
16220,2021,2,951,37547
16220,2021,3,981,37206
16220,2021,4,1104,37371
16300,2021,1,1087,134177
16300,2021,2,1092,139143
16300,2021,3,1098,136801
16300,2021,4,1235,138716
16540,2021,1,858,57204
16540,2021,2,931,57789
16540,2021,3,951,58255
16540,2021,4,1049,58679
16580,2021,1,1040,97546
16580,2021,2,1039,99252
16580,2021,3,1069,99701
16580,2021,4,1110,101872
16620,2021,1,973,96372
16620,2021,2,995,98278
16620,2021,3,1019,97587
16620,2021,4,1115,98529
16700,2021,1,1053,337468
16700,2021,2,1087,346648
16700,2021,3,1081,344442
16700,2021,4,1203,352901
16740,2021,1,1343,1203100
16740,2021,2,1208,1222660
16740,2021,3,1216,1223081
16740,2021,4,1362,1264377
16820,2021,1,1095,106731
16820,2021,2,1139,108495
16820,2021,3,1113,109719
16820,2021,4,1394,111288
16860,2021,1,1007,243614
16860,2021,2,1012,244255
16860,2021,3,1056,247021
16860,2021,4,1204,251317
16940,2021,1,933,45383
16940,2021,2,994,47007
16940,2021,3,1028,47182
16940,2021,4,1112,47131
16984,2021,1,1473,4176233
16984,2021,2,1322,4323963
16984,2021,3,1328,4318869
16984,2021,4,1555,4412410
17020,2021,1,922,75399
17020,2021,2,964,76915
17020,2021,3,984,78540
17020,2021,4,1067,78276
17140,2021,1,1191,1018128
17140,2021,2,1143,1041217
17140,2021,3,1201,1040255
17140,2021,4,1314,1060832
17300,2021,1,799,89655
17300,2021,2,850,90390
17300,2021,3,867,91063
17300,2021,4,965,92894
17420,2021,1,842,44776
17420,2021,2,914,43786
17420,2021,3,898,44772
17420,2021,4,1013,45354
17660,2021,1,892,64424
17660,2021,2,883,68635
17660,2021,3,917,67807
17660,2021,4,1029,66187
17780,2021,1,874,115987
17780,2021,2,905,114064
17780,2021,3,919,118332
17780,2021,4,1028,124552
17820,2021,1,1079,287011
17820,2021,2,1079,297123
17820,2021,3,1129,296288
17820,2021,4,1244,301968
17860,2021,1,1004,93887
17860,2021,2,999,94155
17860,2021,3,1031,95314
17860,2021,4,1078,96634
17900,2021,1,957,366870
17900,2021,2,960,368898
17900,2021,3,984,370945
17900,2021,4,1083,380332
17980,2021,1,951,112962
17980,2021,2,887,112381
17980,2021,3,917,112459
17980,2021,4,986,114816
18020,2021,1,1255,47591
18020,2021,2,1110,48389
18020,2021,3,1141,47885
18020,2021,4,1233,48661
18140,2021,1,1190,1011635
18140,2021,2,1132,1032296
18140,2021,3,1175,1032699
18140,2021,4,1284,1065010
18580,2021,1,960,177233
18580,2021,2,966,178471
18580,2021,3,995,179460
18580,2021,4,1097,181998
18700,2021,1,1087,35569
18700,2021,2,1143,36908
18700,2021,3,1110,37116
18700,2021,4,1426,37516
18880,2021,1,939,116234
18880,2021,2,1027,116993
18880,2021,3,1022,116712
18880,2021,4,1143,118197
19140,2021,1,878,62329
19140,2021,2,896,62970
19140,2021,3,932,63409
19140,2021,4,1002,64619
19300,2021,1,771,74663
19300,2021,2,820,78850
19300,2021,3,854,76923
19300,2021,4,942,77934
19340,2021,1,1030,169354
19340,2021,2,1003,174980
19340,2021,3,1041,174610
19340,2021,4,1319,177541
19460,2021,1,922,54202
19460,2021,2,978,54765
19460,2021,3,997,54375
19460,2021,4,1115,55717
19500,2021,1,1293,43908
19500,2021,2,1086,44979
19500,2021,3,1071,45384
19500,2021,4,1175,45478
19660,2021,1,843,198703
19660,2021,2,887,195365
19660,2021,3,877,202127
19660,2021,4,970,206825
19740,2021,1,1517,1456603
19740,2021,2,1429,1509233
19740,2021,3,1446,1510281
19740,2021,4,1640,1544006
19780,2021,1,1257,353919
19780,2021,2,1173,366791
19780,2021,3,1178,363884
19780,2021,4,1359,370265
20020,2021,1,851,56413
20020,2021,2,882,56620
20020,2021,3,896,57180
20020,2021,4,1025,57837
20100,2021,1,919,65664
20100,2021,2,941,67105
20100,2021,3,999,66724
20100,2021,4,1101,68929
20220,2021,1,940,55281
20220,2021,2,956,57508
20220,2021,3,962,56683
20220,2021,4,1192,57970
20260,2021,1,948,116613
20260,2021,2,990,122452
20260,2021,3,1024,121017
20260,2021,4,1119,121702
20500,2021,1,1484,313152
20500,2021,2,1381,319945
20500,2021,3,1450,320024
20500,2021,4,1586,327207
20740,2021,1,931,79779
20740,2021,2,942,81802
20740,2021,3,973,81881
20740,2021,4,1068,82816
20940,2021,1,849,62968
20940,2021,2,921,64072
20940,2021,3,929,62443
20940,2021,4,960,65090
21060,2021,1,861,51752
21060,2021,2,887,52445
21060,2021,3,914,51406
21060,2021,4,989,52624
21140,2021,1,1124,135184
21140,2021,2,1127,138517
21140,2021,3,1136,138792
21140,2021,4,1317,141218
21300,2021,1,961,32106
21300,2021,2,1072,32841
21300,2021,3,1079,32927
21300,2021,4,1123,33944
21340,2021,1,811,303346
21340,2021,2,852,305125
21340,2021,3,851,310609
21340,2021,4,942,317023
21500,2021,1,868,112146
21500,2021,2,893,116044
21500,2021,3,908,115639
21500,2021,4,996,116695
21660,2021,1,950,148302
21660,2021,2,981,152232
21660,2021,3,994,151937
21660,2021,4,1115,153636
21780,2021,1,943,145929
21780,2021,2,953,147870
21780,2021,3,979,148152
21780,2021,4,1082,150747
21820,2021,1,1032,34251
21820,2021,2,1129,35413
21820,2021,3,1162,35877
21820,2021,4,1233,34695
22020,2021,1,1048,135415
22020,2021,2,1081,139318
22020,2021,3,1081,140706
22020,2021,4,1202,141677
22140,2021,1,913,41158
22140,2021,2,946,42363
22140,2021,3,941,42739
22140,2021,4,1045,43392
22180,2021,1,856,126220
22180,2021,2,912,126829
22180,2021,3,934,127182
22180,2021,4,995,130054
22220,2021,1,1277,243891
22220,2021,2,1205,247829
22220,2021,3,1090,249068
22220,2021,4,1226,255300
22380,2021,1,852,56747
22380,2021,2,915,59616
22380,2021,3,941,61699
22380,2021,4,991,61733
22420,2021,1,938,123501
22420,2021,2,966,128582
22420,2021,3,980,126861
22420,2021,4,1069,130423
22500,2021,1,851,83545
22500,2021,2,882,84520
22500,2021,3,899,84816
22500,2021,4,983,86088
22520,2021,1,821,51953
22520,2021,2,848,52104
22520,2021,3,867,52240
22520,2021,4,960,53729
22540,2021,1,978,44366
22540,2021,2,976,45954
22540,2021,3,990,45923
22540,2021,4,1117,45911
22660,2021,1,1144,158970
22660,2021,2,1093,167312
22660,2021,3,1157,167257
22660,2021,4,1295,168849
22900,2021,1,816,102391
22900,2021,2,875,102895
22900,2021,3,864,103706
22900,2021,4,948,105212
23060,2021,1,964,206748
23060,2021,2,987,211675
23060,2021,3,1025,210413
23060,2021,4,1091,217416
23420,2021,1,936,374519
23420,2021,2,996,398480
23420,2021,3,980,402501
23420,2021,4,1090,403001
23460,2021,1,740,31753
23460,2021,2,782,31718
23460,2021,3,799,31581
23460,2021,4,887,31937
23540,2021,1,973,135943
23540,2021,2,1024,133801
23540,2021,3,1075,137173
23540,2021,4,1199,139336
23580,2021,1,981,90561
23580,2021,2,1033,90071
23580,2021,3,1042,91202
23580,2021,4,1225,92609
23900,2021,1,857,33099
23900,2021,2,903,33665
23900,2021,3,928,33997
23900,2021,4,1042,33288
24020,2021,1,914,47138
24020,2021,2,997,52105
24020,2021,3,1005,50856
24020,2021,4,1101,49075
24140,2021,1,790,40281
24140,2021,2,804,40646
24140,2021,3,829,40383
24140,2021,4,929,40408
24220,2021,1,913,48576
24220,2021,2,981,50456
24220,2021,3,964,50174
24220,2021,4,1066,49926
24260,2021,1,831,41050
24260,2021,2,909,41961
24260,2021,3,890,41634
24260,2021,4,1020,41857
24300,2021,1,892,62139
24300,2021,2,921,63984
24300,2021,3,959,64110
24300,2021,4,1050,63893
24340,2021,1,1023,527345
24340,2021,2,1038,542515
24340,2021,3,1059,543236
24340,2021,4,1178,556791
24420,2021,1,778,28606
24420,2021,2,853,29581
24420,2021,3,851,29391
24420,2021,4,910,29265
24500,2021,1,844,34416
24500,2021,2,891,35458
24500,2021,3,905,35093
24500,2021,4,1042,35537
24540,2021,1,1083,104552
24540,2021,2,1053,107647
24540,2021,3,1107,107746
24540,2021,4,1205,109038
24580,2021,1,1015,164478
24580,2021,2,1004,170756
24580,2021,3,1038,168285
24580,2021,4,1203,169950
24660,2021,1,978,342425
24660,2021,2,988,342141
24660,2021,3,1012,344817
24660,2021,4,1091,354657
24780,2021,1,934,75614
24780,2021,2,941,75947
24780,2021,3,1015,76806
24780,2021,4,1080,78619
24860,2021,1,953,392792
24860,2021,2,971,393959
24860,2021,3,986,398033
24860,2021,4,1106,408440
25060,2021,1,884,145886
25060,2021,2,910,148574
25060,2021,3,908,148741
25060,2021,4,981,151755
25180,2021,1,900,96556
25180,2021,2,957,98039
25180,2021,3,962,98222
25180,2021,4,1070,100799
25220,2021,1,734,44010
25220,2021,2,790,44151
25220,2021,3,817,42885
25220,2021,4,933,45793
25260,2021,1,925,44752
25260,2021,2,967,46680
25260,2021,3,973,47672
25260,2021,4,1032,47933
25420,2021,1,1124,313422
25420,2021,2,1133,320754
25420,2021,3,1123,319531
25420,2021,4,1264,326466
25500,2021,1,859,62639
25500,2021,2,892,63112
25500,2021,3,937,64121
25500,2021,4,982,64644
25540,2021,1,1443,581110
25540,2021,2,1328,594599
25540,2021,3,1341,595176
25540,2021,4,1484,606148
25620,2021,1,774,60109
25620,2021,2,805,60390
25620,2021,3,836,60626
25620,2021,4,945,62826
25860,2021,1,853,147773
25860,2021,2,874,148728
25860,2021,3,911,148569
25860,2021,4,997,152767
25940,2021,1,822,75284
25940,2021,2,894,78224
25940,2021,3,878,77018
25940,2021,4,1012,77755
25980,2021,1,792,20498
25980,2021,2,837,20317
25980,2021,3,881,20248
25980,2021,4,955,20802
26140,2021,1,753,32256
26140,2021,2,809,32013
26140,2021,3,816,32224
26140,2021,4,1045,33231
26300,2021,1,733,36484
26300,2021,2,795,36982
26300,2021,3,801,36682
26300,2021,4,876,37601
26380,2021,1,972,79091
26380,2021,2,1005,79826
26380,2021,3,1053,72853
26380,2021,4,1173,77627
26420,2021,1,1422,2892622
26420,2021,2,1316,2941054
26420,2021,3,1338,2967679
26420,2021,4,1497,3063436
26580,2021,1,877,122001
26580,2021,2,930,123972
26580,2021,3,945,124643
26580,2021,4,1046,126320
26620,2021,1,1220,232894
26620,2021,2,1255,236317
26620,2021,3,1297,237110
26620,2021,4,1413,241539
26820,2021,1,902,72012
26820,2021,2,924,74956
26820,2021,3,953,74332
26820,2021,4,1087,74390
26900,2021,1,1167,999805
26900,2021,2,1103,1015946
26900,2021,3,1116,1025804
26900,2021,4,1251,1050560
26980,2021,1,1045,86755
26980,2021,2,1071,88537
26980,2021,3,1126,88828
26980,2021,4,1151,90145
27060,2021,1,1136,46728
27060,2021,2,1228,45236
27060,2021,3,1222,47276
27060,2021,4,1267,46744
27100,2021,1,1010,54311
27100,2021,2,1059,55249
27100,2021,3,1047,55511
27100,2021,4,1164,56472
27140,2021,1,890,245493
27140,2021,2,905,246402
27140,2021,3,936,246407
27140,2021,4,1031,251583
27180,2021,1,853,65984
27180,2021,2,938,66609
27180,2021,3,923,66909
27180,2021,4,1073,67583
27260,2021,1,1121,683807
27260,2021,2,1087,684539
27260,2021,3,1086,700241
27260,2021,4,1223,722453
27340,2021,1,720,49832
27340,2021,2,777,49954
27340,2021,3,773,50758
27340,2021,4,856,51721
27500,2021,1,992,64169
27500,2021,2,971,66536
27500,2021,3,990,65090
27500,2021,4,1104,65486
27620,2021,1,857,73965
27620,2021,2,899,74579
27620,2021,3,902,74287
27620,2021,4,976,75153
27740,2021,1,837,77533
27740,2021,2,916,78071
27740,2021,3,871,78963
27740,2021,4,1017,79968
27780,2021,1,781,46365
27780,2021,2,812,46784
27780,2021,3,839,47392
27780,2021,4,931,47900
27860,2021,1,816,56888
27860,2021,2,887,57081
27860,2021,3,909,57734
27860,2021,4,977,58889
27900,2021,1,807,77091
27900,2021,2,868,77727
27900,2021,3,861,77738
27900,2021,4,920,79600
27980,2021,1,926,66315
27980,2021,2,1003,71107
27980,2021,3,1055,72193
27980,2021,4,1111,74495
28020,2021,1,1098,133988
28020,2021,2,1079,136671
28020,2021,3,1071,137856
28020,2021,4,1238,139345
28100,2021,1,891,41998
28100,2021,2,932,42082
28100,2021,3,969,41754
28100,2021,4,1033,41429
28140,2021,1,1148,1007210
28140,2021,2,1143,1026484
28140,2021,3,1147,1023459
28140,2021,4,1314,1044563
28420,2021,1,1094,119763
28420,2021,2,1112,132867
28420,2021,3,1143,128863
28420,2021,4,1213,123945
28660,2021,1,946,140008
28660,2021,2,990,142134
28660,2021,3,990,142989
28660,2021,4,1102,146122
28700,2021,1,936,110303
28700,2021,2,933,110193
28700,2021,3,921,111383
28700,2021,4,1073,113587
28740,2021,1,929,53473
28740,2021,2,1029,56848
28740,2021,3,987,57032
28740,2021,4,1120,56863
28940,2021,1,1046,381270
28940,2021,2,1066,387487
28940,2021,3,1090,390877
28940,2021,4,1230,397873
29020,2021,1,1027,35560
29020,2021,2,912,36053
29020,2021,3,928,34811
29020,2021,4,1035,35633
29100,2021,1,956,71400
29100,2021,2,945,73237
29100,2021,3,948,72815
29100,2021,4,1078,73252
29180,2021,1,873,186478
29180,2021,2,918,188587
29180,2021,3,932,188202
29180,2021,4,1063,193463
29200,2021,1,939,90747
29200,2021,2,967,90926
29200,2021,3,963,92974
29200,2021,4,1088,95321
29340,2021,1,1118,90816
29340,2021,2,1104,94266
29340,2021,3,1144,94347
29340,2021,4,1268,94741
29420,2021,1,782,53533
29420,2021,2,848,53847
29420,2021,3,854,54999
29420,2021,4,919,55666
29460,2021,1,885,242340
29460,2021,2,902,236322
29460,2021,3,932,245235
29460,2021,4,995,251201
29540,2021,1,974,234759
29540,2021,2,1003,241726
29540,2021,3,1033,240915
29540,2021,4,1156,245890
29620,2021,1,1085,197594
29620,2021,2,1120,201743
29620,2021,3,1102,202015
29620,2021,4,1217,206275
29700,2021,1,738,96861
29700,2021,2,771,99282
29700,2021,3,772,100488
29700,2021,4,899,103272
29740,2021,1,798,69292
29740,2021,2,858,71495
29740,2021,3,821,73385
29740,2021,4,895,73519
29820,2021,1,1049,910042
29820,2021,2,1072,962232
29820,2021,3,1097,994560
29820,2021,4,1196,1027971
29940,2021,1,855,45602
29940,2021,2,881,46733
29940,2021,3,848,46534
29940,2021,4,990,47631
30020,2021,1,782,41493
30020,2021,2,820,41792
30020,2021,3,870,41491
30020,2021,4,928,41734
30140,2021,1,875,49258
30140,2021,2,939,50237
30140,2021,3,996,50131
30140,2021,4,1077,50880
30300,2021,1,831,27210
30300,2021,2,907,27643
30300,2021,3,910,27555
30300,2021,4,976,27505
30340,2021,1,896,47707
30340,2021,2,944,48427
30340,2021,3,984,48262
30340,2021,4,1057,47780
30460,2021,1,980,257210
30460,2021,2,1067,257430
30460,2021,3,1030,263920
30460,2021,4,1167,270431
30620,2021,1,917,48334
30620,2021,2,951,48434
30620,2021,3,961,47865
30620,2021,4,1079,48696
30700,2021,1,945,170900
30700,2021,2,966,172835
30700,2021,3,1000,172303
30700,2021,4,1118,175966
30780,2021,1,980,325604
30780,2021,2,998,329114
30780,2021,3,1020,330012
30780,2021,4,1116,339180
30860,2021,1,781,64943
30860,2021,2,814,65901
30860,2021,3,930,66803
30860,2021,4,1036,67540
30980,2021,1,886,89756
30980,2021,2,923,90883
30980,2021,3,936,92469
30980,2021,4,1028,94120
31020,2021,1,1083,39272
31020,2021,2,1109,40098
31020,2021,3,1156,39619
31020,2021,4,1194,40400
31084,2021,1,1439,5648200
31084,2021,2,1397,5768242
31084,2021,3,1404,5873649
31084,2021,4,1657,6080037
31140,2021,1,1112,624580
31140,2021,2,1094,625382
31140,2021,3,1085,633111
31140,2021,4,1236,650336
31180,2021,1,867,142942
31180,2021,2,916,143702
31180,2021,3,927,145932
31180,2021,4,1021,150719
31340,2021,1,885,94548
31340,2021,2,894,94661
31340,2021,3,901,95071
31340,2021,4,994,96394
31420,2021,1,928,94202
31420,2021,2,903,94136
31420,2021,3,929,95089
31420,2021,4,1006,97243
31540,2021,1,1212,373923
31540,2021,2,1203,390094
31540,2021,3,1177,384792
31540,2021,4,1339,387993
31700,2021,1,1311,194216
31700,2021,2,1341,198336
31700,2021,3,1322,197319
31700,2021,4,1645,200556
31740,2021,1,811,37121
31740,2021,2,854,37737
31740,2021,3,836,37491
31740,2021,4,937,38129
31860,2021,1,928,51851
31860,2021,2,948,52497
31860,2021,3,986,52198
31860,2021,4,1039,54009
31900,2021,1,814,46808
31900,2021,2,822,48021
31900,2021,3,872,47597
31900,2021,4,948,48621
32580,2021,1,693,261541
32580,2021,2,730,266419
32580,2021,3,760,269511
32580,2021,4,822,277978
32780,2021,1,947,87401
32780,2021,2,969,89763
32780,2021,3,989,90006
32780,2021,4,1080,88827
32820,2021,1,1090,598560
32820,2021,2,1157,603768
32820,2021,3,1170,611117
32820,2021,4,1306,623245
32900,2021,1,906,74710
32900,2021,2,936,80743
32900,2021,3,960,85104
32900,2021,4,996,80667
33140,2021,1,836,37719
33140,2021,2,855,39093
33140,2021,3,954,39127
33140,2021,4,981,39705
33220,2021,1,1401,34250
33220,2021,2,1158,35612
33220,2021,3,1209,35454
33220,2021,4,1350,36182
33260,2021,1,1625,96533
33260,2021,2,1396,98866
33260,2021,3,1459,100908
33260,2021,4,1643,105195
33340,2021,1,1160,776187
33340,2021,2,1117,800166
33340,2021,3,1132,795115
33340,2021,4,1311,801851
33460,2021,1,1407,1796680
33460,2021,2,1332,1868618
33460,2021,3,1335,1847185
33460,2021,4,1472,1883323
33540,2021,1,885,59539
33540,2021,2,953,63424
33540,2021,3,956,61967
33540,2021,4,1085,62066
33660,2021,1,955,167291
33660,2021,2,994,170232
33660,2021,3,1027,170999
33660,2021,4,1199,174034
33700,2021,1,1046,184074
33700,2021,2,1065,189402
33700,2021,3,1084,193210
33700,2021,4,1160,191573
33740,2021,1,789,71620
33740,2021,2,828,71705
33740,2021,3,829,71870
33740,2021,4,912,73396
33780,2021,1,1057,35913
33780,2021,2,1056,37431
33780,2021,3,1060,37248
33780,2021,4,1124,38068
33860,2021,1,906,158298
33860,2021,2,941,159471
33860,2021,3,960,159827
33860,2021,4,1088,164114
34060,2021,1,1050,62326
34060,2021,2,1041,63003
34060,2021,3,1111,63834
34060,2021,4,1165,64463
34100,2021,1,796,45111
34100,2021,2,910,44876
34100,2021,3,863,45304
34100,2021,4,952,46440
34580,2021,1,1045,48419
34580,2021,2,1083,50782
34580,2021,3,1098,51014
34580,2021,4,1176,50311
34620,2021,1,831,42914
34620,2021,2,868,42781
34620,2021,3,899,43600
34620,2021,4,989,44491
34740,2021,1,865,57201
34740,2021,2,894,60144
34740,2021,3,898,60231
34740,2021,4,1014,60764
34820,2021,1,744,158680
34820,2021,2,780,170649
34820,2021,3,813,167914
34820,2021,4,902,165465
34900,2021,1,1216,69691
34900,2021,2,1228,75064
34900,2021,3,1265,76127
34900,2021,4,1403,72318
34940,2021,1,1062,152612
34940,2021,2,1116,144248
34940,2021,3,1089,148774
34940,2021,4,1332,160691
34980,2021,1,1234,969599
34980,2021,2,1194,989265
34980,2021,3,1224,1003895
34980,2021,4,1405,1030722
35300,2021,1,1203,348552
35300,2021,2,1232,358649
35300,2021,3,1257,361954
35300,2021,4,1356,369993
35380,2021,1,1094,502334
35380,2021,2,1096,511222
35380,2021,3,1115,483527
35380,2021,4,1263,522416
35660,2021,1,1153,55373
35660,2021,2,1003,58798
35660,2021,3,994,58184
35660,2021,4,1099,57852
35840,2021,1,950,301752
35840,2021,2,1004,294517
35840,2021,3,1021,302169
35840,2021,4,1164,317463
35980,2021,1,1321,107253
35980,2021,2,1189,113692
35980,2021,3,1212,113082
35980,2021,4,1330,113845
36100,2021,1,787,107855
36100,2021,2,865,107405
36100,2021,3,849,108719
36100,2021,4,979,112588
36220,2021,1,1094,67113
36220,2021,2,1154,68138
36220,2021,3,1184,69351
36220,2021,4,1304,71376
36260,2021,1,916,269721
36260,2021,2,965,274802
36260,2021,3,959,274636
36260,2021,4,1078,277155
36420,2021,1,996,600715
36420,2021,2,1024,607580
36420,2021,3,1018,615543
36420,2021,4,1145,629630
36500,2021,1,1157,114562
36500,2021,2,1181,117604
36500,2021,3,1190,118893
36500,2021,4,1250,120737
36540,2021,1,1095,461666
36540,2021,2,1083,470493
36540,2021,3,1096,467917
36540,2021,4,1225,474420
36740,2021,1,1043,1176253
36740,2021,2,1063,1187726
36740,2021,3,1069,1242604
36740,2021,4,1230,1291232
36780,2021,1,1069,89553
36780,2021,2,1063,91514
36780,2021,3,1087,90177
36780,2021,4,1217,91184
36980,2021,1,899,50009
36980,2021,2,946,50585
36980,2021,3,953,50856
36980,2021,4,1060,51455
37100,2021,1,1263,310291
37100,2021,2,1218,318449
37100,2021,3,1205,316262
37100,2021,4,1349,325971
37340,2021,1,1046,223183
37340,2021,2,1104,224508
37340,2021,3,1084,226575
37340,2021,4,1230,229870
37460,2021,1,859,79391
37460,2021,2,923,80895
37460,2021,3,921,80290
37460,2021,4,1017,80752
37620,2021,1,860,34102
37620,2021,2,911,35081
37620,2021,3,909,34720
37620,2021,4,989,35602
37860,2021,1,913,176762
37860,2021,2,925,176353
37860,2021,3,949,178887
37860,2021,4,1048,182071
37900,2021,1,1127,154912
37900,2021,2,1069,158306
37900,2021,3,1075,159540
37900,2021,4,1215,161356
38060,2021,1,1207,2125043
38060,2021,2,1200,2099749
38060,2021,3,1211,2169947
38060,2021,4,1337,2234879
38300,2021,1,1257,1025799
38300,2021,2,1209,1055500
38300,2021,3,1208,1053180
38300,2021,4,1349,1067772
38340,2021,1,997,53351
38340,2021,2,1042,56995
38340,2021,3,1049,57090
38340,2021,4,1127,57929
38540,2021,1,741,34279
38540,2021,2,802,35334
38540,2021,3,787,35930
38540,2021,4,889,35228
38860,2021,1,1132,260684
38860,2021,2,1103,280693
38860,2021,3,1119,276305
38860,2021,4,1285,272588
38900,2021,1,1344,1133950
38900,2021,2,1351,1160081
38900,2021,3,1385,1168814
38900,2021,4,1499,1188119
38940,2021,1,870,151437
38940,2021,2,944,147530
38940,2021,3,931,151676
38940,2021,4,1020,157898
39300,2021,1,1124,647021
39300,2021,2,1143,681502
39300,2021,3,1110,681061
39300,2021,4,1275,687584
39340,2021,1,1065,271186
39340,2021,2,1016,275035
39340,2021,3,1050,280973
39340,2021,4,1162,285951
39380,2021,1,902,60395
39380,2021,2,929,61855
39380,2021,3,973,62525
39380,2021,4,1051,62736
39460,2021,1,841,49249
39460,2021,2,883,47392
39460,2021,3,890,48834
39460,2021,4,1059,51412
39540,2021,1,970,70765
39540,2021,2,987,73591
39540,2021,3,1017,72643
39540,2021,4,1227,73325
39580,2021,1,1272,630904
39580,2021,2,1238,653666
39580,2021,3,1233,649212
39580,2021,4,1405,668067
39660,2021,1,923,65306
39660,2021,2,906,71974
39660,2021,3,945,70375
39660,2021,4,1043,68603
39740,2021,1,1048,161849
39740,2021,2,1078,164759
39740,2021,3,1099,164276
39740,2021,4,1187,168067
39820,2021,1,953,64391
39820,2021,2,998,66894
39820,2021,3,1026,66160
39820,2021,4,1123,66567
39900,2021,1,1130,236588
39900,2021,2,1182,242329
39900,2021,3,1231,243591
39900,2021,4,1345,247289
40060,2021,1,1196,611397
40060,2021,2,1142,623348
40060,2021,3,1150,621393
40060,2021,4,1291,638080
40140,2021,1,997,1520532
40140,2021,2,1040,1547405
40140,2021,3,1036,1561446
40140,2021,4,1126,1623494
40220,2021,1,908,144425
40220,2021,2,964,145430
40220,2021,3,951,145125
40220,2021,4,1101,148164
40340,2021,1,1233,114728
40340,2021,2,1293,119873
40340,2021,3,1220,118283
40340,2021,4,1400,118451
40380,2021,1,1058,466065
40380,2021,2,1104,481672
40380,2021,3,1095,481494
40380,2021,4,1199,487638
40420,2021,1,959,131125
40420,2021,2,966,132989
40420,2021,3,1014,133160
40420,2021,4,1120,135928
40580,2021,1,831,53891
40580,2021,2,849,54262
40580,2021,3,839,54688
40580,2021,4,976,56284
40660,2021,1,873,38969
40660,2021,2,886,38623
40660,2021,3,927,38704
40660,2021,4,1016,39521
40900,2021,1,1295,981740
40900,2021,2,1299,1005440
40900,2021,3,1323,1011459
40900,2021,4,1445,1027022
40980,2021,1,948,75571
40980,2021,2,990,77971
40980,2021,3,1001,77687
40980,2021,4,1128,79541
41060,2021,1,1001,97575
41060,2021,2,998,100837
41060,2021,3,1046,100449
41060,2021,4,1157,100285
41100,2021,1,739,74979
41100,2021,2,792,75676
41100,2021,3,828,77257
41100,2021,4,893,78164
41140,2021,1,899,52220
41140,2021,2,964,52815
41140,2021,3,952,52647
41140,2021,4,1026,53221
41180,2021,1,1167,1260270
41180,2021,2,1142,1282670
41180,2021,3,1133,1283388
41180,2021,4,1281,1303611
41420,2021,1,983,174355
41420,2021,2,1032,180927
41420,2021,3,1031,182585
41420,2021,4,1141,179089
41500,2021,1,1030,165411
41500,2021,2,1028,202773
41500,2021,3,1068,205267
41500,2021,4,1119,177245
41540,2021,1,852,149040
41540,2021,2,894,167187
41540,2021,3,912,162892
41540,2021,4,1027,156892
41620,2021,1,1220,743610
41620,2021,2,1202,756955
41620,2021,3,1226,760082
41620,2021,4,1408,777911
41660,2021,1,860,46910
41660,2021,2,913,47240
41660,2021,3,926,47340
41660,2021,4,1007,48241
41700,2021,1,1064,993832
41700,2021,2,1066,1018540
41700,2021,3,1074,1024854
41700,2021,4,1204,1052302
41740,2021,1,1436,1382059
41740,2021,2,1376,1420675
41740,2021,3,1400,1445103
41740,2021,4,1609,1488406
41940,2021,1,3461,1060336
41940,2021,2,3475,1086505
41940,2021,3,3183,1101383
41940,2021,4,3962,1126177
42020,2021,1,1036,112544
42020,2021,2,1060,115146
42020,2021,3,1069,116412
42020,2021,4,1198,115360
42100,2021,1,1168,93763
42100,2021,2,1162,102877
42100,2021,3,1184,103506
42100,2021,4,1258,99739
42140,2021,1,940,56225
42140,2021,2,960,57697
42140,2021,3,983,59622
42140,2021,4,1188,60106
42200,2021,1,1157,199728
42200,2021,2,1200,214877
42200,2021,3,1158,216337
42200,2021,4,1299,211644
42220,2021,1,1297,191854
42220,2021,2,1241,198085
42220,2021,3,1290,202094
42220,2021,4,1422,203875
42340,2021,1,938,176222
42340,2021,2,971,179788
42340,2021,3,982,181053
42340,2021,4,1104,186665
42540,2021,1,920,233173
42540,2021,2,955,238446
42540,2021,3,961,239883
42540,2021,4,1056,248737
42680,2021,1,900,52870
42680,2021,2,972,50391
42680,2021,3,957,52495
42680,2021,4,1097,55686
42700,2021,1,709,26763
42700,2021,2,774,26824
42700,2021,3,772,26546
42700,2021,4,859,27610
43100,2021,1,1055,57288
43100,2021,2,1014,60398
43100,2021,3,1043,58825
43100,2021,4,1155,58843
43300,2021,1,914,47640
43300,2021,2,940,48701
43300,2021,3,969,48022
43300,2021,4,1072,48863
43340,2021,1,872,163717
43340,2021,2,939,165091
43340,2021,3,951,165184
43340,2021,4,1044,168840
43420,2021,1,944,34131
43420,2021,2,997,33331
43420,2021,3,1014,34108
43420,2021,4,1088,34334
43580,2021,1,936,84171
43580,2021,2,965,85842
43580,2021,3,977,85581
43580,2021,4,1130,87042
43620,2021,1,1036,153313
43620,2021,2,1033,160455
43620,2021,3,1068,158798
43620,2021,4,1266,160450
43780,2021,1,939,123255
43780,2021,2,991,125578
43780,2021,3,1017,124525
43780,2021,4,1142,126431
43900,2021,1,919,154160
43900,2021,2,986,155351
43900,2021,3,968,154735
43900,2021,4,1090,158275
44060,2021,1,1044,236804
44060,2021,2,1064,246489
44060,2021,3,1065,247826
44060,2021,4,1179,250404
44100,2021,1,1135,124793
44100,2021,2,1137,127493
44100,2021,3,1186,128234
44100,2021,4,1212,129151
44140,2021,1,1027,255662
44140,2021,2,1049,267018
44140,2021,3,1068,269744
44140,2021,4,1150,273023
44180,2021,1,871,204475
44180,2021,2,907,206258
44180,2021,3,926,207686
44180,2021,4,1022,211775
44220,2021,1,858,44893
44220,2021,2,886,45533
44220,2021,3,887,45087
44220,2021,4,1019,46435
44300,2021,1,1079,62633
44300,2021,2,1059,66953
44300,2021,3,1125,64522
44300,2021,4,1193,64816
44420,2021,1,855,46790
44420,2021,2,884,47449
44420,2021,3,921,47515
44420,2021,4,1001,48593
44700,2021,1,999,255339
44700,2021,2,1071,264858
44700,2021,3,1082,267096
44700,2021,4,1168,274289
44940,2021,1,807,36263
44940,2021,2,831,36127
44940,2021,3,860,35849
44940,2021,4,953,36545
45060,2021,1,1073,277084
45060,2021,2,1137,285320
45060,2021,3,1126,285142
45060,2021,4,1241,290777
45220,2021,1,904,174598
45220,2021,2,949,175072
45220,2021,3,1009,178869
45220,2021,4,1092,182756
45460,2021,1,866,61856
45460,2021,2,854,63011
45460,2021,3,883,63018
45460,2021,4,956,63643
45500,2021,1,811,55907
45500,2021,2,862,57037
45500,2021,3,872,56851
45500,2021,4,982,56896
45780,2021,1,1017,275708
45780,2021,2,985,279240
45780,2021,3,1018,280479
45780,2021,4,1130,286047
45820,2021,1,936,105961
45820,2021,2,936,106496
45820,2021,3,943,105610
45820,2021,4,1044,108804
45940,2021,1,1794,246864
45940,2021,2,1463,253061
45940,2021,3,1456,254300
45940,2021,4,1646,261361
46060,2021,1,1008,365112
46060,2021,2,1027,361610
46060,2021,3,1047,371846
46060,2021,4,1160,381399
46140,2021,1,1008,416638
46140,2021,2,1011,422487
46140,2021,3,1019,422721
46140,2021,4,1135,429207
46220,2021,1,938,96376
46220,2021,2,963,95135
46220,2021,3,980,97252
46220,2021,4,1062,98485
46340,2021,1,915,103433
46340,2021,2,965,104410
46340,2021,3,1003,104927
46340,2021,4,1098,108174
46520,2021,1,1145,407445
46520,2021,2,1167,422052
46520,2021,3,1192,423099
46520,2021,4,1283,436143
46540,2021,1,913,112013
46540,2021,2,987,115140
46540,2021,3,976,114798
46540,2021,4,1071,116202
46660,2021,1,736,53575
46660,2021,2,796,53516
46660,2021,3,799,53416
46660,2021,4,887,54348
46700,2021,1,1235,129086
46700,2021,2,1237,133334
46700,2021,3,1238,134475
46700,2021,4,1331,136650
47020,2021,1,895,36960
47020,2021,2,929,37235
47020,2021,3,937,37825
47020,2021,4,1030,38550
47220,2021,1,930,56644
47220,2021,2,986,58734
47220,2021,3,992,58913
47220,2021,4,1119,59326
47260,2021,1,1010,714161
47260,2021,2,1045,728447
47260,2021,3,1032,723198
47260,2021,4,1159,734421
47300,2021,1,858,153774
47300,2021,2,883,165098
47300,2021,3,918,167072
47300,2021,4,992,166826
47380,2021,1,919,117536
47380,2021,2,962,117165
47380,2021,3,981,121454
47380,2021,4,1096,123308
47460,2021,1,918,28480
47460,2021,2,966,30383
47460,2021,3,971,31034
47460,2021,4,1030,29505
47580,2021,1,897,74799
47580,2021,2,981,75389
47580,2021,3,943,74767
47580,2021,4,1038,75825
47940,2021,1,942,83489
47940,2021,2,957,85501
47940,2021,3,965,85631
47940,2021,4,1210,85916
48060,2021,1,871,37381
48060,2021,2,955,40332
48060,2021,3,932,39446
48060,2021,4,1017,39229
48140,2021,1,936,68660
48140,2021,2,976,70582
48140,2021,3,998,69605
48140,2021,4,1123,70543
48260,2021,1,821,35511
48260,2021,2,837,36411
48260,2021,3,863,36238
48260,2021,4,949,36829
48300,2021,1,877,51359
48300,2021,2,902,57067
48300,2021,3,920,57372
48300,2021,4,1008,52618
48540,2021,1,876,56185
48540,2021,2,922,57380
48540,2021,3,924,57569
48540,2021,4,1026,58503
48620,2021,1,939,282983
48620,2021,2,944,288249
48620,2021,3,945,287675
48620,2021,4,1112,294499
48660,2021,1,806,55462
48660,2021,2,833,56072
48660,2021,3,867,55907
48660,2021,4,946,56860
48700,2021,1,892,47649
48700,2021,2,940,47993
48700,2021,3,956,47809
48700,2021,4,1057,48208
48900,2021,1,1008,129804
48900,2021,2,1000,130793
48900,2021,3,988,132120
48900,2021,4,1163,134726
49020,2021,1,980,62225
49020,2021,2,1001,63273
49020,2021,3,1029,63066
49020,2021,4,1133,64626
49180,2021,1,1035,258759
49180,2021,2,998,261146
49180,2021,3,1046,260096
49180,2021,4,1161,266613
49340,2021,1,1202,363878
49340,2021,2,1185,379641
49340,2021,3,1189,379119
49340,2021,4,1310,386339
49420,2021,1,822,107347
49420,2021,2,862,118623
49420,2021,3,876,121295
49420,2021,4,942,107615
49620,2021,1,1006,170977
49620,2021,2,1047,173764
49620,2021,3,1059,173644
49620,2021,4,1174,178576
49660,2021,1,825,189965
49660,2021,2,850,195238
49660,2021,3,872,195123
49660,2021,4,971,198807
49700,2021,1,956,48434
49700,2021,2,1011,52259
49700,2021,3,1021,53115
49700,2021,4,1110,51339
49740,2021,1,812,71754
49740,2021,2,927,60801
49740,2021,3,895,64623
49740,2021,4,988,78953
10180,2022,1,916,71378
10180,2022,2,965,71215
10180,2022,3,1022,72443
10180,2022,4,1035,73412
10420,2022,1,1144,305390
10420,2022,2,1062,314533
10420,2022,3,1114,314214
10420,2022,4,1130,318250
10500,2022,1,922,58229
10500,2022,2,943,58491
10500,2022,3,982,59380
10500,2022,4,982,60189
10540,2022,1,941,48951
10540,2022,2,990,49491
10540,2022,3,1022,49284
10540,2022,4,1040,49001
10580,2022,1,1339,425118
10580,2022,2,1336,439571
10580,2022,3,1377,436168
10580,2022,4,1395,436772
10740,2022,1,1054,383550
10740,2022,2,1052,383566
10740,2022,3,1124,391326
10740,2022,4,1132,395898
10780,2022,1,882,59232
10780,2022,2,922,60050
10780,2022,3,944,60533
10780,2022,4,949,60696
10900,2022,1,1144,357776
10900,2022,2,1150,365157
10900,2022,3,1177,364719
10900,2022,4,1237,368134
11020,2022,1,892,56293
11020,2022,2,964,58054
11020,2022,3,992,57370
11020,2022,4,987,57135
11100,2022,1,1037,118429
11100,2022,2,1028,120004
11100,2022,3,1088,119847
11100,2022,4,1129,121776
11180,2022,1,1155,45779
11180,2022,2,1138,46806
11180,2022,3,1159,47701
11180,2022,4,1176,47549
11260,2022,1,1197,166514
11260,2022,2,1255,174083
11260,2022,3,1307,173498
11260,2022,4,1295,168817
11460,2022,1,1300,211627
11460,2022,2,1313,210773
11460,2022,3,1375,215602
11460,2022,4,1358,215765
11500,2022,1,853,43519
11500,2022,2,867,43718
11500,2022,3,905,44149
11500,2022,4,927,44389
11540,2022,1,1075,119511
11540,2022,2,1033,124083
11540,2022,3,1103,123036
11540,2022,4,1145,122983
11700,2022,1,948,195622
11700,2022,2,962,199195
11700,2022,3,1026,199946
11700,2022,4,1059,202005
12020,2022,1,959,87236
12020,2022,2,1030,86877
12020,2022,3,1027,90548
12020,2022,4,1062,90981
12100,2022,1,1076,119763
12100,2022,2,1060,130092
12100,2022,3,1076,126550
12100,2022,4,1118,123633
12220,2022,1,891,60573
12220,2022,2,930,61814
12220,2022,3,949,63349
12220,2022,4,973,62974
12260,2022,1,1037,226117
12260,2022,2,1052,227786
12260,2022,3,1093,229332
12260,2022,4,1101,231539
12420,2022,1,1608,1171573
12420,2022,2,1513,1198295
12420,2022,3,1580,1215015
12420,2022,4,1616,1233829
12540,2022,1,1030,322561
12540,2022,2,1041,340431
12540,2022,3,1066,354141
12540,2022,4,1090,339599
12580,2022,1,1367,1273657
12580,2022,2,1335,1300557
12580,2022,3,1392,1303333
12580,2022,4,1437,1303228
12620,2022,1,951,69129
12620,2022,2,992,70693
12620,2022,3,1003,71757
12620,2022,4,1050,71446
12700,2022,1,1129,84742
12700,2022,2,1109,104352
12700,2022,3,1146,99906
12700,2022,4,1238,89441
12940,2022,1,1124,382787
12940,2022,2,1130,380754
12940,2022,3,1172,390203
12940,2022,4,1204,391014
12980,2022,1,1210,51847
12980,2022,2,1142,53039
12980,2022,3,1167,53224
12980,2022,4,1165,53297
13020,2022,1,1054,33077
13020,2022,2,975,34300
13020,2022,3,1033,34394
13020,2022,4,1063,34027
13140,2022,1,1185,152163
13140,2022,2,1144,152790
13140,2022,3,1197,155113
13140,2022,4,1233,156830
13220,2022,1,871,39730
13220,2022,2,922,40825
13220,2022,3,936,41194
13220,2022,4,998,40965
13380,2022,1,1103,90874
13380,2022,2,1121,92189
13380,2022,3,1153,93283
13380,2022,4,1175,92632
13460,2022,1,1118,87416
13460,2022,2,1140,90339
13460,2022,3,1184,90054
13460,2022,4,1206,89374
13740,2022,1,1030,87201
13740,2022,2,1066,89924
13740,2022,3,1088,89370
13740,2022,4,1168,89176
13780,2022,1,1063,91504
13780,2022,2,1070,93938
13780,2022,3,1125,93234
13780,2022,4,1121,94052
13820,2022,1,1231,499833
13820,2022,2,1161,503400
13820,2022,3,1212,505028
13820,2022,4,1273,510754
13900,2022,1,1077,70058
13900,2022,2,1081,72657
13900,2022,3,1136,71677
13900,2022,4,1135,71208
13980,2022,1,955,72296
13980,2022,2,942,71802
13980,2022,3,1108,73572
13980,2022,4,1040,72905
14010,2022,1,1344,87418
14010,2022,2,1149,89358
14010,2022,3,1221,90986
14010,2022,4,1210,91354
14020,2022,1,1087,71309
14020,2022,2,1048,71465
14020,2022,3,1088,72788
14020,2022,4,988,73013
14260,2022,1,1067,363404
14260,2022,2,1087,369944
14260,2022,3,1146,372791
14260,2022,4,1238,371874
14500,2022,1,1719,190865
14500,2022,2,1610,195282
14500,2022,3,1721,193578
14500,2022,4,1724,195091
14540,2022,1,929,74361
14540,2022,2,950,75801
14540,2022,3,978,77608
14540,2022,4,995,78174
14740,2022,1,1162,91063
14740,2022,2,1244,92233
14740,2022,3,1314,91974
14740,2022,4,1239,93120
14860,2022,1,2450,401566
14860,2022,2,1808,415270
14860,2022,3,1781,412559
14860,2022,4,2034,416280
15180,2022,1,739,149138
15180,2022,2,792,150966
15180,2022,3,807,152224
15180,2022,4,838,153986
15260,2022,1,922,42811
15260,2022,2,955,43800
15260,2022,3,965,44153
15260,2022,4,1001,45003
15380,2022,1,1144,513390
15380,2022,2,1137,526360
15380,2022,3,1164,521941
15380,2022,4,1202,525781
15500,2022,1,1026,63704
15500,2022,2,911,63182
15500,2022,3,970,63622
15500,2022,4,999,64406
15540,2022,1,1238,117167
15540,2022,2,1250,120168
15540,2022,3,1263,119843
15540,2022,4,1348,120478
15940,2022,1,935,157820
15940,2022,2,931,161976
15940,2022,3,989,161061
15940,2022,4,1016,162179
15980,2022,1,1048,287319
15980,2022,2,1061,279064
15980,2022,3,1090,287793
15980,2022,4,1174,290684
16020,2022,1,898,43279
16020,2022,2,917,43736
16020,2022,3,966,44077
16020,2022,4,961,44379
16180,2022,1,1084,30038
16180,2022,2,1173,30590
16180,2022,3,1201,30530
16180,2022,4,1202,30682
16220,2022,1,1015,37277
16220,2022,2,1030,38609
16220,2022,3,1087,38835
16220,2022,4,1158,38851
16300,2022,1,1190,136973
16300,2022,2,1157,142059
16300,2022,3,1206,139389
16300,2022,4,1217,139168
16540,2022,1,930,59058
16540,2022,2,975,59467
16540,2022,3,1021,59997
16540,2022,4,1016,59813
16580,2022,1,1062,101161
16580,2022,2,1079,102877
16580,2022,3,1147,103895
16580,2022,4,1102,104252
16620,2022,1,1031,97982
16620,2022,2,1042,99343
16620,2022,3,1080,99163
16620,2022,4,1117,100194
16700,2022,1,1158,354687
16700,2022,2,1141,364841
16700,2022,3,1189,367023
16700,2022,4,1210,372689
16740,2022,1,1509,1264323
16740,2022,2,1285,1276503
16740,2022,3,1329,1286572
16740,2022,4,1346,1305376
16820,2022,1,1160,110786
16820,2022,2,1176,111764
16820,2022,3,1278,113324
16820,2022,4,1294,114628
16860,2022,1,1096,251562
16860,2022,2,1088,253193
16860,2022,3,1157,258606
16860,2022,4,1220,262630
16940,2022,1,1033,45955
16940,2022,2,1035,46820
16940,2022,3,1102,46770
16940,2022,4,1107,46748
16984,2022,1,1570,4351715
16984,2022,2,1381,4484067
16984,2022,3,1410,4483177
16984,2022,4,1494,4492591
17020,2022,1,949,78665
17020,2022,2,987,77930
17020,2022,3,1043,79233
17020,2022,4,1059,78763
17140,2022,1,1279,1053157
17140,2022,2,1201,1071732
17140,2022,3,1262,1074587
17140,2022,4,1269,1081006
17300,2022,1,871,93024
17300,2022,2,900,93589
17300,2022,3,941,95438
17300,2022,4,954,96639
17420,2022,1,917,45541
17420,2022,2,926,45182
17420,2022,3,948,45544
17420,2022,4,991,44896
17660,2022,1,943,66331
17660,2022,2,957,69781
17660,2022,3,1009,69444
17660,2022,4,1025,67616
17780,2022,1,952,126564
17780,2022,2,978,122553
17780,2022,3,1002,128208
17780,2022,4,1016,132313
17820,2022,1,1146,300670
17820,2022,2,1141,306530
17820,2022,3,1219,305314
17820,2022,4,1235,308465
17860,2022,1,1016,96115
17860,2022,2,1020,95463
17860,2022,3,1082,97618
17860,2022,4,1048,98228
17900,2022,1,1014,379601
17900,2022,2,1023,380167
17900,2022,3,1061,384017
17900,2022,4,1096,387557
17980,2022,1,986,112009
17980,2022,2,921,112964
17980,2022,3,958,113743
17980,2022,4,966,114326
18020,2022,1,1385,49067
18020,2022,2,1144,50271
18020,2022,3,1256,50186
18020,2022,4,1255,50573
18140,2022,1,1266,1047165
18140,2022,2,1182,1062720
18140,2022,3,1258,1060057
18140,2022,4,1287,1069025
18580,2022,1,1026,182477
18580,2022,2,1028,184367
18580,2022,3,1072,184030
18580,2022,4,1104,186994
18700,2022,1,1133,37790
18700,2022,2,1198,38239
18700,2022,3,1200,38243
18700,2022,4,1281,38205
18880,2022,1,1035,120278
18880,2022,2,1082,120649
18880,2022,3,1114,122072
18880,2022,4,1127,121618
19140,2022,1,955,64325
19140,2022,2,970,64756
19140,2022,3,969,64607
19140,2022,4,986,64706
19300,2022,1,839,78517
19300,2022,2,878,82087
19300,2022,3,942,80105
19300,2022,4,955,80481
19340,2022,1,1087,175569
19340,2022,2,1058,179032
19340,2022,3,1125,177655
19340,2022,4,1297,179154
19460,2022,1,1022,55218
19460,2022,2,1049,56048
19460,2022,3,1092,56106
19460,2022,4,1116,56958
19500,2022,1,1477,45086
19500,2022,2,1099,45980
19500,2022,3,1191,46371
19500,2022,4,1233,46308
19660,2022,1,931,207483
19660,2022,2,934,203383
19660,2022,3,953,210672
19660,2022,4,978,211451
19740,2022,1,1649,1537982
19740,2022,2,1506,1581453
19740,2022,3,1577,1575811
19740,2022,4,1619,1592811
19780,2022,1,1350,367362
19780,2022,2,1225,381156
19780,2022,3,1306,378132
19780,2022,4,1336,381946
20020,2022,1,904,58006
20020,2022,2,913,58401
20020,2022,3,958,59017
20020,2022,4,1036,59648
20100,2022,1,973,68132
20100,2022,2,972,68515
20100,2022,3,1062,69111
20100,2022,4,1092,69378
20220,2022,1,1003,57098
20220,2022,2,1008,58803
20220,2022,3,1067,57995
20220,2022,4,1183,58574
20260,2022,1,1016,119275
20260,2022,2,1050,124327
20260,2022,3,1124,124327
20260,2022,4,1079,122649
20500,2022,1,1576,325935
20500,2022,2,1442,330761
20500,2022,3,1549,331558
20500,2022,4,1575,334104
20740,2022,1,999,81764
20740,2022,2,989,84163
20740,2022,3,1053,84059
20740,2022,4,1068,84067
20940,2022,1,894,65372
20940,2022,2,958,66613
20940,2022,3,1009,65175
20940,2022,4,1008,63856
21060,2022,1,908,52490
21060,2022,2,984,53017
21060,2022,3,988,53305
21060,2022,4,996,53807
21140,2022,1,1312,141962
21140,2022,2,1253,144308
21140,2022,3,1155,140454
21140,2022,4,1113,138768
21300,2022,1,1086,32696
21300,2022,2,1092,34185
21300,2022,3,1089,33398
21300,2022,4,1136,33462
21340,2022,1,865,314011
21340,2022,2,896,317218
21340,2022,3,926,322781
21340,2022,4,933,327142
21500,2022,1,915,115555
21500,2022,2,936,118903
21500,2022,3,988,117875
21500,2022,4,983,117437
21660,2022,1,1016,154234
21660,2022,2,1031,156001
21660,2022,3,1063,155890
21660,2022,4,1087,156331
21780,2022,1,1010,149299
21780,2022,2,1012,151648
21780,2022,3,1052,152115
21780,2022,4,1065,153015
21820,2022,1,1064,34575
21820,2022,2,1184,35761
21820,2022,3,1240,36096
21820,2022,4,1242,35022
22020,2022,1,1116,139354
22020,2022,2,1132,143859
22020,2022,3,1183,145034
22020,2022,4,1195,144149
22140,2022,1,948,43425
22140,2022,2,978,44176
22140,2022,3,1015,44806
22140,2022,4,1044,45560
22180,2022,1,921,129390
22180,2022,2,964,129764
22180,2022,3,1001,128806
22180,2022,4,978,131131
22220,2022,1,1463,257098
22220,2022,2,1103,261657
22220,2022,3,1167,266636
22220,2022,4,1201,267762
22380,2022,1,882,60813
22380,2022,2,958,61405
22380,2022,3,996,63753
22380,2022,4,1010,63323
22420,2022,1,972,126961
22420,2022,2,974,131577
22420,2022,3,1015,132015
22420,2022,4,1044,132657
22500,2022,1,942,85831
22500,2022,2,932,87076
22500,2022,3,984,88019
22500,2022,4,993,88906
22520,2022,1,899,53614
22520,2022,2,916,53418
22520,2022,3,946,54042
22520,2022,4,970,54832
22540,2022,1,1087,45511
22540,2022,2,1066,46745
22540,2022,3,1074,46321
22540,2022,4,1104,46114
22660,2022,1,1223,167701
22660,2022,2,1168,173774
22660,2022,3,1241,172526
22660,2022,4,1310,172730
22900,2022,1,898,104571
22900,2022,2,916,106238
22900,2022,3,949,107459
22900,2022,4,951,107327
23060,2022,1,1087,215647
23060,2022,2,1004,220324
23060,2022,3,1079,220513
23060,2022,4,1075,222713
23420,2022,1,984,399970
23420,2022,2,1023,417425
23420,2022,3,1053,422095
23420,2022,4,1087,416050
23460,2022,1,792,31888
23460,2022,2,827,32210
23460,2022,3,870,31932
23460,2022,4,881,32487
23540,2022,1,1043,137909
23540,2022,2,1066,136434
23540,2022,3,1142,141121
23540,2022,4,1206,142196
23580,2022,1,1077,92989
23580,2022,2,1130,95528
23580,2022,3,1158,97163
23580,2022,4,1199,99010
23900,2022,1,916,33278
23900,2022,2,965,33417
23900,2022,3,1019,34332
23900,2022,4,1023,33651
24020,2022,1,1012,48499
24020,2022,2,1056,53267
24020,2022,3,1045,51505
24020,2022,4,1131,49564
24140,2022,1,854,40235
24140,2022,2,860,40400
24140,2022,3,898,40144
24140,2022,4,910,41031
24220,2022,1,967,49838
24220,2022,2,1017,51066
24220,2022,3,1053,51291
24220,2022,4,1067,50987
24260,2022,1,907,41798
24260,2022,2,964,42869
24260,2022,3,979,42591
24260,2022,4,1006,42634
24300,2022,1,969,63717
24300,2022,2,986,65237
24300,2022,3,1078,65161
24300,2022,4,1074,64665
24340,2022,1,1089,555828
24340,2022,2,1066,570188
24340,2022,3,1141,564897
24340,2022,4,1172,575641
24420,2022,1,836,29476
24420,2022,2,887,30274
24420,2022,3,902,30523
24420,2022,4,888,30302
24500,2022,1,926,35484
24500,2022,2,956,36521
24500,2022,3,1038,36692
24500,2022,4,1058,36225
24540,2022,1,1210,109244
24540,2022,2,1151,111980
24540,2022,3,1199,112715
24540,2022,4,1219,113525
24580,2022,1,1094,168216
24580,2022,2,1077,172861
24580,2022,3,1125,172662
24580,2022,4,1184,173848
24660,2022,1,1073,350570
24660,2022,2,1023,350738
24660,2022,3,1073,353901
24660,2022,4,1081,357905
24780,2022,1,990,78101
24780,2022,2,1013,78216
24780,2022,3,1039,79691
24780,2022,4,1099,80355
24860,2022,1,1022,409319
24860,2022,2,1036,413937
24860,2022,3,1068,417649
24860,2022,4,1108,421432
25060,2022,1,981,149680
25060,2022,2,934,151141
25060,2022,3,971,150688
25060,2022,4,975,151626
25180,2022,1,954,98541
25180,2022,2,976,97109
25180,2022,3,1023,99675
25180,2022,4,1040,100784
25220,2022,1,803,45198
25220,2022,2,833,44971
25220,2022,3,868,46581
25220,2022,4,866,47014
25260,2022,1,943,47136
25260,2022,2,969,49010
25260,2022,3,1019,50697
25260,2022,4,1062,49803
25420,2022,1,1182,320721
25420,2022,2,1179,329246
25420,2022,3,1228,329000
25420,2022,4,1224,331942
25500,2022,1,935,64367
25500,2022,2,913,64568
25500,2022,3,1010,65067
25500,2022,4,982,65749
25540,2022,1,1559,597374
25540,2022,2,1370,609698
25540,2022,3,1415,607262
25540,2022,4,1479,611038
25620,2022,1,826,61460
25620,2022,2,844,61850
25620,2022,3,912,62502
25620,2022,4,947,63141
25860,2022,1,954,152145
25860,2022,2,945,153539
25860,2022,3,979,154602
25860,2022,4,998,156694
25940,2022,1,903,77144
25940,2022,2,953,80576
25940,2022,3,971,80043
25940,2022,4,1027,79667
25980,2022,1,852,20608
25980,2022,2,897,20875
25980,2022,3,892,21178
25980,2022,4,951,21307
26140,2022,1,821,33577
26140,2022,2,967,33565
26140,2022,3,882,34021
26140,2022,4,905,34488
26300,2022,1,778,37677
26300,2022,2,826,37904
26300,2022,3,860,37866
26300,2022,4,856,38317
26380,2022,1,1081,77539
26380,2022,2,1109,79639
26380,2022,3,1170,80367
26380,2022,4,1190,80998
26420,2022,1,1564,3053829
26420,2022,2,1386,3093235
26420,2022,3,1437,3126808
26420,2022,4,1500,3184018
26580,2022,1,932,124913
26580,2022,2,1003,125349
26580,2022,3,1031,127397
26580,2022,4,1057,128065
26620,2022,1,1291,241974
26620,2022,2,1314,244672
26620,2022,3,1362,249799
26620,2022,4,1389,251561
26820,2022,1,948,75309
26820,2022,2,976,77663
26820,2022,3,1068,77060
26820,2022,4,1080,77413
26900,2022,1,1286,1043192
26900,2022,2,1167,1059370
26900,2022,3,1220,1071808
26900,2022,4,1238,1079315
26980,2022,1,1105,89691
26980,2022,2,1108,90902
26980,2022,3,1184,91583
26980,2022,4,1160,90996
27060,2022,1,1258,47136
27060,2022,2,1270,46116
27060,2022,3,1283,48613
27060,2022,4,1278,47648
27100,2022,1,1066,56036
27100,2022,2,1074,58093
27100,2022,3,1146,56637
27100,2022,4,1143,56984
27140,2022,1,965,248566
27140,2022,2,960,250751
27140,2022,3,1011,253587
27140,2022,4,1031,255947
27180,2022,1,970,67835
27180,2022,2,965,67899
27180,2022,3,1003,68738
27180,2022,4,1079,68538
27260,2022,1,1222,716218
27260,2022,2,1166,716565
27260,2022,3,1194,731914
27260,2022,4,1239,744091
27340,2022,1,783,51252
27340,2022,2,807,52176
27340,2022,3,852,52363
27340,2022,4,852,53165
27500,2022,1,1070,65471
27500,2022,2,1034,67320
27500,2022,3,1062,66873
27500,2022,4,1070,66774
27620,2022,1,908,74739
27620,2022,2,948,75774
27620,2022,3,983,75862
27620,2022,4,993,76671
27740,2022,1,905,80150
27740,2022,2,957,80167
27740,2022,3,974,81301
27740,2022,4,998,81524
27780,2022,1,823,46913
27780,2022,2,852,47405
27780,2022,3,914,47919
27780,2022,4,932,48142
27860,2022,1,886,58001
27860,2022,2,933,58854
27860,2022,3,941,59747
27860,2022,4,989,59743
27900,2022,1,849,78688
27900,2022,2,912,79164
27900,2022,3,935,79501
27900,2022,4,920,80482
27980,2022,1,1026,74016
27980,2022,2,1068,74661
27980,2022,3,1118,75339
27980,2022,4,1140,76607
28020,2022,1,1175,138839
28020,2022,2,1110,142564
28020,2022,3,1169,141685
28020,2022,4,1188,141041
28100,2022,1,954,41915
28100,2022,2,964,42975
28100,2022,3,1034,42300
28100,2022,4,1025,41942
28140,2022,1,1226,1035080
28140,2022,2,1195,1050929
28140,2022,3,1238,1062515
28140,2022,4,1289,1073848
28420,2022,1,1119,126196
28420,2022,2,1145,134060
28420,2022,3,1205,134333
28420,2022,4,1223,128230
28660,2022,1,998,144656
28660,2022,2,1053,145939
28660,2022,3,1091,147596
28660,2022,4,1081,148843
28700,2022,1,1039,113222
28700,2022,2,971,114405
28700,2022,3,1018,116361
28700,2022,4,1032,116795
28740,2022,1,1030,55875
28740,2022,2,1108,58646
28740,2022,3,1091,58039
28740,2022,4,1144,57187
28940,2022,1,1121,399629
28940,2022,2,1133,402846
28940,2022,3,1174,408740
28940,2022,4,1240,412193
29020,2022,1,1162,34721
29020,2022,2,1014,34617
29020,2022,3,1037,34199
29020,2022,4,1022,35048
29100,2022,1,988,72407
29100,2022,2,1005,73726
29100,2022,3,1034,74247
29100,2022,4,1083,75110
29180,2022,1,935,191539
29180,2022,2,970,192390
29180,2022,3,1024,195810
29180,2022,4,1070,197968
29200,2022,1,1015,96457
29200,2022,2,1027,95494
29200,2022,3,1049,98144
29200,2022,4,1082,99331
29340,2022,1,1194,92923
29340,2022,2,1158,92369
29340,2022,3,1194,93433
29340,2022,4,1246,92126
29420,2022,1,839,55766
29420,2022,2,910,53734
29420,2022,3,941,54868
29420,2022,4,952,55182
29460,2022,1,967,252193
29460,2022,2,979,246110
29460,2022,3,1006,255041
29460,2022,4,1012,259566
29540,2022,1,1048,243730
29540,2022,2,1052,249869
29540,2022,3,1109,249310
29540,2022,4,1129,250820
29620,2022,1,1169,205722
29620,2022,2,1151,210787
29620,2022,3,1195,212727
29620,2022,4,1223,214056
29700,2022,1,795,101856
29700,2022,2,810,103065
29700,2022,3,845,103477
29700,2022,4,888,104640
29740,2022,1,825,73350
29740,2022,2,876,74338
29740,2022,3,894,76821
29740,2022,4,903,75987
29820,2022,1,1126,1034379
29820,2022,2,1120,1057881
29820,2022,3,1162,1073591
29820,2022,4,1206,1081402
29940,2022,1,882,47056
29940,2022,2,929,47305
29940,2022,3,940,49012
29940,2022,4,965,49819
30020,2022,1,839,41587
30020,2022,2,899,41921
30020,2022,3,908,42122
30020,2022,4,914,42439
30140,2022,1,940,50591
30140,2022,2,1011,51007
30140,2022,3,1047,51455
30140,2022,4,1050,51904
30300,2022,1,900,27539
30300,2022,2,934,28181
30300,2022,3,991,28216
30300,2022,4,1004,28096
30340,2022,1,1012,47440
30340,2022,2,994,48208
30340,2022,3,1065,48130
30340,2022,4,1074,47660
30460,2022,1,1072,268861
30460,2022,2,1123,267389
30460,2022,3,1141,277574
30460,2022,4,1157,279199
30620,2022,1,1001,48625
30620,2022,2,1009,48889
30620,2022,3,1037,49097
30620,2022,4,1050,50230
30700,2022,1,1009,173337
30700,2022,2,1031,175316
30700,2022,3,1062,177182
30700,2022,4,1113,177853
30780,2022,1,1049,337086
30780,2022,2,1045,339896
30780,2022,3,1083,343167
30780,2022,4,1119,348789
30860,2022,1,855,67555
30860,2022,2,873,67788
30860,2022,3,926,68616
30860,2022,4,954,68250
30980,2022,1,965,93712
30980,2022,2,978,94177
30980,2022,3,1056,95972
30980,2022,4,1069,97132
31020,2022,1,1167,40523
31020,2022,2,1164,41474
31020,2022,3,1246,41447
31020,2022,4,1210,41462
31084,2022,1,1493,6064106
31084,2022,2,1429,6111802
31084,2022,3,1470,6146074
31084,2022,4,1598,6209146
31140,2022,1,1189,642924
31140,2022,2,1173,650945
31140,2022,3,1179,657173
31140,2022,4,1209,667012
31180,2022,1,934,148910
31180,2022,2,965,147902
31180,2022,3,1010,150038
31180,2022,4,1022,150966
31340,2022,1,953,95643
31340,2022,2,957,96230
31340,2022,3,981,96800
31340,2022,4,1012,97487
31420,2022,1,953,94626
31420,2022,2,945,95335
31420,2022,3,987,95089
31420,2022,4,1015,96459
31540,2022,1,1296,383825
31540,2022,2,1280,396523
31540,2022,3,1283,394719
31540,2022,4,1346,396580
31700,2022,1,1424,199531
31700,2022,2,1433,202905
31700,2022,3,1415,201751
31700,2022,4,1535,202986
31740,2022,1,856,38097
31740,2022,2,911,38461
31740,2022,3,933,39433
31740,2022,4,949,39645
31860,2022,1,1000,53161
31860,2022,2,987,53466
31860,2022,3,1046,55013
31860,2022,4,1071,55421
31900,2022,1,864,48007
31900,2022,2,872,48361
31900,2022,3,940,47805
31900,2022,4,956,48403
32580,2022,1,736,278052
32580,2022,2,765,276758
32580,2022,3,809,282627
32580,2022,4,827,288107
32780,2022,1,1019,88590
32780,2022,2,1028,90655
32780,2022,3,1072,91771
32780,2022,4,1060,89970
32820,2022,1,1160,615977
32820,2022,2,1176,623392
32820,2022,3,1216,629079
32820,2022,4,1242,632901
32900,2022,1,921,80203
32900,2022,2,973,84333
32900,2022,3,1014,88391
32900,2022,4,1005,81221
33140,2022,1,891,38998
33140,2022,2,906,40238
33140,2022,3,963,40244
33140,2022,4,979,40236
33220,2022,1,1569,35087
33220,2022,2,1170,36535
33220,2022,3,1226,36668
33220,2022,4,1349,36418
33260,2022,1,1707,105898
33260,2022,2,1540,108477
33260,2022,3,1659,112362
33260,2022,4,1743,114811
33340,2022,1,1267,796098
33340,2022,2,1160,813341
33340,2022,3,1220,809777
33340,2022,4,1276,810421
33460,2022,1,1493,1854242
33460,2022,2,1368,1922968
33460,2022,3,1435,1908995
33460,2022,4,1439,1909439
33540,2022,1,971,61767
33540,2022,2,1014,64761
33540,2022,3,1062,63958
33540,2022,4,1088,63352
33660,2022,1,1024,170840
33660,2022,2,1049,171812
33660,2022,3,1126,172786
33660,2022,4,1193,174376
33700,2022,1,1089,194100
33700,2022,2,1088,197063
33700,2022,3,1150,200410
33700,2022,4,1148,194831
33740,2022,1,841,73339
33740,2022,2,863,73494
33740,2022,3,868,74404
33740,2022,4,931,75042
33780,2022,1,1149,38463
33780,2022,2,1112,39927
33780,2022,3,1117,39258
33780,2022,4,1115,38974
33860,2022,1,971,159953
33860,2022,2,1006,162545
33860,2022,3,1038,163420
33860,2022,4,1128,165846
34060,2022,1,1084,63943
34060,2022,2,1118,63908
34060,2022,3,1166,64531
34060,2022,4,1187,64823
34100,2022,1,854,46312
34100,2022,2,926,46521
34100,2022,3,939,47502
34100,2022,4,951,47875
34580,2022,1,1098,50734
34580,2022,2,1137,52043
34580,2022,3,1170,52377
34580,2022,4,1197,51408
34620,2022,1,912,43998
34620,2022,2,938,43387
34620,2022,3,978,44660
34620,2022,4,952,44538
34740,2022,1,930,60381
34740,2022,2,922,63349
34740,2022,3,958,62384
34740,2022,4,995,62011
34820,2022,1,821,168050
34820,2022,2,820,179911
34820,2022,3,884,178073
34820,2022,4,903,173144
34900,2022,1,1251,75509
34900,2022,2,1254,79955
34900,2022,3,1314,81504
34900,2022,4,1373,75210
34940,2022,1,1168,161649
34940,2022,2,1191,152939
34940,2022,3,1204,158138
34940,2022,4,1289,166687
34980,2022,1,1349,1032038
34980,2022,2,1272,1050164
34980,2022,3,1327,1066742
34980,2022,4,1403,1074557
35300,2022,1,1281,365620
35300,2022,2,1255,373711
35300,2022,3,1334,371387
35300,2022,4,1376,375845
35380,2022,1,1169,518009
35380,2022,2,1158,524144
35380,2022,3,1201,528669
35380,2022,4,1234,536422
35660,2022,1,1296,57681
35660,2022,2,1021,60983
35660,2022,3,1062,60706
35660,2022,4,1074,58767
35840,2022,1,1063,312364
35840,2022,2,1079,306384
35840,2022,3,1141,314931
35840,2022,4,1186,326099
35980,2022,1,1423,113269
35980,2022,2,1230,117225
35980,2022,3,1270,117276
35980,2022,4,1314,116702
36100,2022,1,846,112160
36100,2022,2,920,112202
36100,2022,3,941,113833
36100,2022,4,968,117136
36220,2022,1,1254,72810
36220,2022,2,1280,73803
36220,2022,3,1386,76153
36220,2022,4,1387,76859
36260,2022,1,993,276668
36260,2022,2,1021,282564
36260,2022,3,1063,283094
36260,2022,4,1084,284727
36420,2022,1,1084,622917
36420,2022,2,1070,631466
36420,2022,3,1102,646888
36420,2022,4,1123,655518
36500,2022,1,1215,122613
36500,2022,2,1247,123743
36500,2022,3,1303,125466
36500,2022,4,1278,126056
36540,2022,1,1190,468646
36540,2022,2,1129,480020
36540,2022,3,1212,479752
36540,2022,4,1235,483352
36740,2022,1,1121,1298370
36740,2022,2,1116,1296173
36740,2022,3,1146,1338770
36740,2022,4,1201,1365512
36780,2022,1,1130,90906
36780,2022,2,1093,93035
36780,2022,3,1155,92292
36780,2022,4,1193,92842
36980,2022,1,980,51006
36980,2022,2,985,51812
36980,2022,3,1019,51452
36980,2022,4,1034,51924
37100,2022,1,1289,328120
37100,2022,2,1225,332774
37100,2022,3,1265,327907
37100,2022,4,1304,328712
37340,2022,1,1122,229376
37340,2022,2,1184,229485
37340,2022,3,1210,232751
37340,2022,4,1231,238018
37460,2022,1,918,80870
37460,2022,2,966,82480
37460,2022,3,981,83199
37460,2022,4,1001,82785
37620,2022,1,900,34887
37620,2022,2,945,35425
37620,2022,3,978,35706
37620,2022,4,998,35871
37860,2022,1,990,181608
37860,2022,2,998,182592
37860,2022,3,1034,185435
37860,2022,4,1086,186436
37900,2022,1,1385,160520
37900,2022,2,1093,165543
37900,2022,3,1146,165105
37900,2022,4,1217,163776
38060,2022,1,1305,2227413
38060,2022,2,1266,2188739
38060,2022,3,1304,2253797
38060,2022,4,1323,2297201
38300,2022,1,1320,1047612
38300,2022,2,1258,1070400
38300,2022,3,1288,1068362
38300,2022,4,1312,1069414
38340,2022,1,1072,56933
38340,2022,2,1076,60048
38340,2022,3,1116,58469
38340,2022,4,1151,58007
38540,2022,1,809,35027
38540,2022,2,833,36758
38540,2022,3,871,37318
38540,2022,4,879,36345
38860,2022,1,1219,268049
38860,2022,2,1180,285193
38860,2022,3,1204,281994
38860,2022,4,1274,277626
38900,2022,1,1423,1197019
38900,2022,2,1396,1210469
38900,2022,3,1453,1216145
38900,2022,4,1451,1218185
38940,2022,1,936,157372
38940,2022,2,994,153670
38940,2022,3,1020,159506
38940,2022,4,1062,163890
39300,2022,1,1206,676712
39300,2022,2,1182,708718
39300,2022,3,1191,703130
39300,2022,4,1223,700489
39340,2022,1,1099,286967
39340,2022,2,1081,288534
39340,2022,3,1115,294085
39340,2022,4,1153,295976
39380,2022,1,963,62334
39380,2022,2,972,63603
39380,2022,3,1056,63696
39380,2022,4,1042,63194
39460,2022,1,898,51808
39460,2022,2,929,50105
39460,2022,3,957,52040
39460,2022,4,1009,53430
39540,2022,1,1042,72840
39540,2022,2,1030,74587
39540,2022,3,1086,74162
39540,2022,4,1205,74507
39580,2022,1,1379,673925
39580,2022,2,1295,690993
39580,2022,3,1318,691832
39580,2022,4,1383,702096
39660,2022,1,982,68250
39660,2022,2,962,74384
39660,2022,3,1024,72244
39660,2022,4,1050,69920
39740,2022,1,1113,167417
39740,2022,2,1110,170280
39740,2022,3,1159,170820
39740,2022,4,1152,172222
39820,2022,1,992,66909
39820,2022,2,1033,68538
39820,2022,3,1084,68115
39820,2022,4,1118,67877
39900,2022,1,1220,249733
39900,2022,2,1222,254820
39900,2022,3,1290,256794
39900,2022,4,1314,254818
40060,2022,1,1298,631601
40060,2022,2,1194,643791
40060,2022,3,1254,644649
40060,2022,4,1289,653390
40140,2022,1,1044,1639763
40140,2022,2,1070,1638591
40140,2022,3,1105,1643891
40140,2022,4,1124,1659382
40220,2022,1,986,146558
40220,2022,2,995,148521
40220,2022,3,1059,149211
40220,2022,4,1088,150733
40340,2022,1,1270,116646
40340,2022,2,1367,120853
40340,2022,3,1285,119826
40340,2022,4,1402,119177
40380,2022,1,1128,482990
40380,2022,2,1149,497167
40380,2022,3,1180,495523
40380,2022,4,1172,495527
40420,2022,1,1043,135598
40420,2022,2,1035,139132
40420,2022,3,1100,138592
40420,2022,4,1120,138827
40580,2022,1,911,55316
40580,2022,2,890,53095
40580,2022,3,930,54128
40580,2022,4,971,55203
40660,2022,1,962,39579
40660,2022,2,953,39443
40660,2022,3,983,39889
40660,2022,4,1008,40744
40900,2022,1,1366,1035389
40900,2022,2,1360,1048090
40900,2022,3,1411,1054651
40900,2022,4,1420,1052164
40980,2022,1,1026,78458
40980,2022,2,1011,80046
40980,2022,3,1066,79856
40980,2022,4,1103,79798
41060,2022,1,1092,99175
41060,2022,2,1045,103077
41060,2022,3,1140,103328
41060,2022,4,1161,102897
41100,2022,1,805,79375
41100,2022,2,843,79258
41100,2022,3,902,80373
41100,2022,4,908,81707
41140,2022,1,994,51966
41140,2022,2,978,52582
41140,2022,3,1034,52478
41140,2022,4,1025,53321
41180,2022,1,1253,1290521
41180,2022,2,1189,1317865
41180,2022,3,1232,1314198
41180,2022,4,1264,1319825
41420,2022,1,1058,182456
41420,2022,2,1084,187655
41420,2022,3,1106,191558
41420,2022,4,1115,185983
41500,2022,1,1051,179193
41500,2022,2,1057,216760
41500,2022,3,1097,219034
41500,2022,4,1124,177877
41540,2022,1,929,156215
41540,2022,2,921,172330
41540,2022,3,993,167713
41540,2022,4,1035,160769
41620,2022,1,1340,778739
41620,2022,2,1290,790529
41620,2022,3,1343,799896
41620,2022,4,1403,804525
41660,2022,1,926,49060
41660,2022,2,965,49366
41660,2022,3,1018,49741
41660,2022,4,1031,50536
41700,2022,1,1160,1053338
41700,2022,2,1117,1066320
41700,2022,3,1158,1078828
41700,2022,4,1184,1091819
41740,2022,1,1483,1494713
41740,2022,2,1414,1509728
41740,2022,3,1488,1516795
41740,2022,4,1532,1529777
41940,2022,1,3303,1118605
41940,2022,2,3214,1139521
41940,2022,3,2958,1146463
41940,2022,4,3302,1152636
42020,2022,1,1063,117898
42020,2022,2,1070,120535
42020,2022,3,1105,120031
42020,2022,4,1184,116109
42100,2022,1,1186,99885
42100,2022,2,1168,107373
42100,2022,3,1283,107804
42100,2022,4,1240,101391
42140,2022,1,964,59405
42140,2022,2,1002,60008
42140,2022,3,1095,60574
42140,2022,4,1177,61375
42200,2022,1,1188,215188
42200,2022,2,1191,227931
42200,2022,3,1254,219704
42200,2022,4,1260,207028
42220,2022,1,1286,204579
42220,2022,2,1272,209803
42220,2022,3,1350,210437
42220,2022,4,1416,208057
42340,2022,1,1022,185708
42340,2022,2,1032,188388
42340,2022,3,1093,188449
42340,2022,4,1131,190759
42540,2022,1,956,244366
42540,2022,2,999,248992
42540,2022,3,1033,250670
42540,2022,4,1032,251493
42680,2022,1,995,55252
42680,2022,2,1034,53213
42680,2022,3,1033,55010
42680,2022,4,1114,57656
42700,2022,1,773,28373
42700,2022,2,830,27446
42700,2022,3,869,27534
42700,2022,4,878,28679
43100,2022,1,1171,57984
43100,2022,2,1081,61307
43100,2022,3,1098,59754
43100,2022,4,1162,59403
43300,2022,1,992,46709
43300,2022,2,992,48047
43300,2022,3,1068,48116
43300,2022,4,1076,48892
43340,2022,1,953,167386
43340,2022,2,987,169097
43340,2022,3,1039,169756
43340,2022,4,1061,171313
43420,2022,1,1000,34139
43420,2022,2,1075,33263
43420,2022,3,1069,34100
43420,2022,4,1090,34231
43580,2022,1,996,86464
43580,2022,2,1020,88665
43580,2022,3,1085,88318
43580,2022,4,1104,89383
43620,2022,1,1146,160072
43620,2022,2,1110,165923
43620,2022,3,1175,165645
43620,2022,4,1226,165374
43780,2022,1,1032,125290
43780,2022,2,1067,128086
43780,2022,3,1115,128520
43780,2022,4,1097,129262
43900,2022,1,992,156748
43900,2022,2,1051,157036
43900,2022,3,1057,158656
43900,2022,4,1068,160606
44060,2022,1,1097,248958
44060,2022,2,1109,254855
44060,2022,3,1163,254885
44060,2022,4,1168,254301
44100,2022,1,1181,127839
44100,2022,2,1163,131880
44100,2022,3,1231,130597
44100,2022,4,1236,129738
44140,2022,1,1084,268191
44140,2022,2,1089,276598
44140,2022,3,1115,276405
44140,2022,4,1153,270952
44180,2022,1,929,212067
44180,2022,2,944,213540
44180,2022,3,1008,215031
44180,2022,4,1009,216213
44220,2022,1,919,46126
44220,2022,2,924,46860
44220,2022,3,975,46197
44220,2022,4,976,46459
44300,2022,1,1108,64059
44300,2022,2,1158,68322
44300,2022,3,1176,67041
44300,2022,4,1167,66169
44420,2022,1,939,48485
44420,2022,2,934,49295
44420,2022,3,999,49958
44420,2022,4,1007,50202
44700,2022,1,1035,277012
44700,2022,2,1092,278764
44700,2022,3,1152,283964
44700,2022,4,1170,281000
44940,2022,1,874,36424
44940,2022,2,903,36651
44940,2022,3,942,36594
44940,2022,4,954,36654
45060,2022,1,1180,285855
45060,2022,2,1180,295181
45060,2022,3,1190,295705
45060,2022,4,1232,295808
45220,2022,1,967,181606
45220,2022,2,996,182205
45220,2022,3,1069,185407
45220,2022,4,1085,185446
45460,2022,1,924,62794
45460,2022,2,910,63530
45460,2022,3,956,64560
45460,2022,4,957,64075
45500,2022,1,888,56096
45500,2022,2,942,56899
45500,2022,3,960,56936
45500,2022,4,974,57408
45780,2022,1,1095,283026
45780,2022,2,1042,286096
45780,2022,3,1104,286870
45780,2022,4,1100,291701
45820,2022,1,1009,107815
45820,2022,2,986,108152
45820,2022,3,1029,109626
45820,2022,4,1039,113918
45940,2022,1,1879,260295
45940,2022,2,1562,263223
45940,2022,3,1594,262115
45940,2022,4,1594,266685
46060,2022,1,1063,379113
46060,2022,2,1082,369766
46060,2022,3,1104,377890
46060,2022,4,1145,385629
46140,2022,1,1091,425611
46140,2022,2,1057,432066
46140,2022,3,1101,438971
46140,2022,4,1131,442705
46220,2022,1,1024,98522
46220,2022,2,1001,98849
46220,2022,3,1057,101883
46220,2022,4,1091,102436
46340,2022,1,1004,106987
46340,2022,2,1022,108296
46340,2022,3,1092,108564
46340,2022,4,1086,110526
46520,2022,1,1187,436115
46520,2022,2,1196,436620
46520,2022,3,1258,441399
46520,2022,4,1271,452053
46540,2022,1,1005,114017
46540,2022,2,1033,118078
46540,2022,3,1040,115975
46540,2022,4,1086,116687
46660,2022,1,797,54200
46660,2022,2,850,54229
46660,2022,3,865,54611
46660,2022,4,887,54604
46700,2022,1,1251,138087
46700,2022,2,1249,140067
46700,2022,3,1313,139670
46700,2022,4,1305,138309
47020,2022,1,957,38292
47020,2022,2,991,38773
47020,2022,3,1042,38979
47020,2022,4,1051,39220
47220,2022,1,1015,59129
47220,2022,2,1028,61332
47220,2022,3,1050,61229
47220,2022,4,1113,59800
47260,2022,1,1078,728401
47260,2022,2,1083,741328
47260,2022,3,1136,739275
47260,2022,4,1152,742798
47300,2022,1,900,165482
47300,2022,2,907,177985
47300,2022,3,963,177157
47300,2022,4,987,174988
47380,2022,1,987,122394
47380,2022,2,1023,121549
47380,2022,3,1059,125153
47380,2022,4,1092,125085
47460,2022,1,1009,29474
47460,2022,2,994,31119
47460,2022,3,1039,31263
47460,2022,4,1040,29539
47580,2022,1,945,76025
47580,2022,2,1029,76908
47580,2022,3,1046,76108
47580,2022,4,1006,77371
47940,2022,1,1011,84111
47940,2022,2,1025,86828
47940,2022,3,1071,85891
47940,2022,4,1198,85914
48060,2022,1,965,38644
48060,2022,2,1056,41152
48060,2022,3,998,40127
48060,2022,4,1038,39247
48140,2022,1,996,69739
48140,2022,2,1012,71740
48140,2022,3,1084,70620
48140,2022,4,1131,71278
48260,2022,1,893,36337
48260,2022,2,894,37437
48260,2022,3,928,37272
48260,2022,4,981,36795
48300,2022,1,935,53562
48300,2022,2,959,56582
48300,2022,3,988,59136
48300,2022,4,1011,53521
48540,2022,1,926,57434
48540,2022,2,967,58124
48540,2022,3,994,58004
48540,2022,4,1030,58406
48620,2022,1,1029,291702
48620,2022,2,1007,293869
48620,2022,3,1043,298991
48620,2022,4,1126,303109
48660,2022,1,873,56216
48660,2022,2,893,56968
48660,2022,3,942,56725
48660,2022,4,977,57392
48700,2022,1,973,47934
48700,2022,2,1008,48853
48700,2022,3,1054,49294
48700,2022,4,1027,49207
48900,2022,1,1054,135919
48900,2022,2,1044,138039
48900,2022,3,1080,139494
48900,2022,4,1121,140766
49020,2022,1,1053,64365
49020,2022,2,1073,65089
49020,2022,3,1083,66081
49020,2022,4,1125,66422
49180,2022,1,1161,265625
49180,2022,2,1071,267014
49180,2022,3,1110,269506
49180,2022,4,1143,271430
49340,2022,1,1256,384561
49340,2022,2,1243,393895
49340,2022,3,1260,391844
49340,2022,4,1291,394136
49420,2022,1,865,112043
49420,2022,2,890,119553
49420,2022,3,936,125191
49420,2022,4,947,108319
49620,2022,1,1082,178129
49620,2022,2,1084,179459
49620,2022,3,1157,180040
49620,2022,4,1135,181532
49660,2022,1,893,195870
49660,2022,2,898,200223
49660,2022,3,947,199919
49660,2022,4,961,200879
49700,2022,1,1022,51371
49700,2022,2,1040,54909
49700,2022,3,1079,55110
49700,2022,4,1096,52207
49740,2022,1,868,76443
49740,2022,2,980,63097
49740,2022,3,971,67386
49740,2022,4,980,78217
10180,2023,1,1034,72811
10180,2023,2,993,73176
10180,2023,3,1031,73296
10180,2023,4,1071,74097
10420,2023,1,1201,315317
10420,2023,2,1085,320625
10420,2023,3,1121,317978
10420,2023,4,1194,319116
10500,2023,1,990,59576
10500,2023,2,940,58619
10500,2023,3,980,58658
10500,2023,4,1004,59324
10540,2023,1,1051,48905
10540,2023,2,1029,50022
10540,2023,3,1050,48964
10540,2023,4,1084,48702
10580,2023,1,1446,435627
10580,2023,2,1382,451005
10580,2023,3,1389,442487
10580,2023,4,1472,444257
10740,2023,1,1145,393988
10740,2023,2,1111,399220
10740,2023,3,1131,399286
10740,2023,4,1185,403696
10780,2023,1,938,59433
10780,2023,2,953,59578
10780,2023,3,938,59646
10780,2023,4,996,60196
10900,2023,1,1219,366076
10900,2023,2,1176,373388
10900,2023,3,1176,371007
10900,2023,4,1279,375923
11020,2023,1,988,56641
11020,2023,2,935,58596
11020,2023,3,983,58223
11020,2023,4,1037,57945
11100,2023,1,1121,120278
11100,2023,2,1073,120636
11100,2023,3,1089,122012
11100,2023,4,1159,123011
11180,2023,1,1180,46979
11180,2023,2,1152,47788
11180,2023,3,1158,48435
11180,2023,4,1215,48094
11260,2023,1,1301,169653
11260,2023,2,1287,179241
11260,2023,3,1322,178383
11260,2023,4,1366,173209
11460,2023,1,1351,213775
11460,2023,2,1330,218602
11460,2023,3,1353,218791
11460,2023,4,1411,219020
11500,2023,1,992,43738
11500,2023,2,937,43850
11500,2023,3,910,43819
11500,2023,4,1002,42980
11540,2023,1,1141,122440
11540,2023,2,1066,127045
11540,2023,3,1104,124315
11540,2023,4,1190,124607
11700,2023,1,1041,200800
11700,2023,2,1013,203793
11700,2023,3,1028,202716
11700,2023,4,1088,206197
12020,2023,1,1037,91716
12020,2023,2,1026,90666
12020,2023,3,1009,94880
12020,2023,4,1075,95569
12100,2023,1,1157,121582
12100,2023,2,1077,134289
12100,2023,3,1072,127220
12100,2023,4,1145,124071
12220,2023,1,973,64152
12220,2023,2,958,64928
12220,2023,3,960,66534
12220,2023,4,1005,67199
12260,2023,1,1108,230360
12260,2023,2,1060,229699
12260,2023,3,1073,228482
12260,2023,4,1126,230805
12420,2023,1,1687,1235789
12420,2023,2,1557,1255782
12420,2023,3,1570,1251410
12420,2023,4,1674,1273188
12540,2023,1,1119,324574
12540,2023,2,1090,348331
12540,2023,3,1085,358670
12540,2023,4,1142,343365
12580,2023,1,1465,1308803
12580,2023,2,1361,1341354
12580,2023,3,1391,1330444
12580,2023,4,1483,1340374
12620,2023,1,1004,69041
12620,2023,2,1026,70798
12620,2023,3,1009,71763
12620,2023,4,1083,71169
12700,2023,1,1217,85961
12700,2023,2,1151,107273
12700,2023,3,1140,100334
12700,2023,4,1287,90714
12940,2023,1,1231,391988
12940,2023,2,1172,387645
12940,2023,3,1181,395959
12940,2023,4,1300,401335
12980,2023,1,1305,53023
12980,2023,2,1143,54320
12980,2023,3,1152,53741
12980,2023,4,1193,53942
13020,2023,1,1087,33492
13020,2023,2,992,34713
13020,2023,3,979,34186
13020,2023,4,1060,33626
13140,2023,1,1281,155643
13140,2023,2,1179,156472
13140,2023,3,1193,157481
13140,2023,4,1284,158000
13220,2023,1,950,41213
13220,2023,2,986,42553
13220,2023,3,936,42256
13220,2023,4,1042,42692
13380,2023,1,1221,92378
13380,2023,2,1167,94802
13380,2023,3,1166,93102
13380,2023,4,1213,93104
13460,2023,1,1179,90382
13460,2023,2,1179,94984
13460,2023,3,1176,94129
13460,2023,4,1269,92543
13740,2023,1,1118,88787
13740,2023,2,1128,91734
13740,2023,3,1089,90264
13740,2023,4,1224,90618
13780,2023,1,1186,93457
13780,2023,2,1130,96163
13780,2023,3,1132,94870
13780,2023,4,1155,96185
13820,2023,1,1328,506799
13820,2023,2,1203,513105
13820,2023,3,1219,511548
13820,2023,4,1315,517408
13900,2023,1,1161,70645
13900,2023,2,1116,73288
13900,2023,3,1147,71924
13900,2023,4,1206,72026
13980,2023,1,1022,73633
13980,2023,2,986,72109
13980,2023,3,1129,75925
13980,2023,4,1134,75902
14010,2023,1,1394,91445
14010,2023,2,1176,91823
14010,2023,3,1175,93713
14010,2023,4,1218,95059
14020,2023,1,1151,73010
14020,2023,2,1048,71500
14020,2023,3,1097,72855
14020,2023,4,1036,72884
14260,2023,1,1183,370062
14260,2023,2,1124,379287
14260,2023,3,1152,378185
14260,2023,4,1248,384514
14500,2023,1,1835,194018
14500,2023,2,1696,196940
14500,2023,3,1739,194061
14500,2023,4,1784,196485
14540,2023,1,1010,78354
14540,2023,2,972,78945
14540,2023,3,988,80133
14540,2023,4,1040,79841
14740,2023,1,1316,91982
14740,2023,2,1256,94285
14740,2023,3,1338,93041
14740,2023,4,1296,93855
14860,2023,1,2590,409250
14860,2023,2,1867,424009
14860,2023,3,1761,417178
14860,2023,4,2088,421205
15180,2023,1,791,153912
15180,2023,2,802,156157
15180,2023,3,804,155571
15180,2023,4,860,156928
15260,2023,1,975,44728
15260,2023,2,966,46268
15260,2023,3,960,45752
15260,2023,4,1030,45680
15380,2023,1,1238,521353
15380,2023,2,1195,538291
15380,2023,3,1175,534798
15380,2023,4,1249,534763
15500,2023,1,1008,65742
15500,2023,2,952,66423
15500,2023,3,971,67164
15500,2023,4,990,68439
15540,2023,1,1329,120071
15540,2023,2,1297,123477
15540,2023,3,1245,122657
15540,2023,4,1396,122707
15940,2023,1,1041,158666
15940,2023,2,955,163337
15940,2023,3,999,163427
15940,2023,4,1039,164741
15980,2023,1,1198,295107
15980,2023,2,1122,285753
15980,2023,3,1101,293179
15980,2023,4,1180,302100
16020,2023,1,964,44147
16020,2023,2,946,44517
16020,2023,3,986,44629
16020,2023,4,1009,45169
16180,2023,1,1222,30898
16180,2023,2,1175,31755
16180,2023,3,1240,31669
16180,2023,4,1269,31689
16220,2023,1,1106,38697
16220,2023,2,1077,40302
16220,2023,3,1117,39879
16220,2023,4,1228,39562
16300,2023,1,1275,137361
16300,2023,2,1171,141978
16300,2023,3,1188,139219
16300,2023,4,1259,138744
16540,2023,1,1004,58807
16540,2023,2,1002,59145
16540,2023,3,1014,59511
16540,2023,4,1070,59239
16580,2023,1,1163,104114
16580,2023,2,1098,106263
16580,2023,3,1183,107411
16580,2023,4,1163,104129
16620,2023,1,1115,102389
16620,2023,2,1116,104266
16620,2023,3,1084,103650
16620,2023,4,1190,105042
16700,2023,1,1264,371202
16700,2023,2,1170,379640
16700,2023,3,1179,379665
16700,2023,4,1261,386053
16740,2023,1,1603,1304178
16740,2023,2,1315,1323664
16740,2023,3,1334,1321494
16740,2023,4,1391,1342177
16820,2023,1,1313,113201
16820,2023,2,1203,114592
16820,2023,3,1265,116839
16820,2023,4,1347,117126
16860,2023,1,1178,262053
16860,2023,2,1152,264191
16860,2023,3,1128,266316
16860,2023,4,1266,269399
16940,2023,1,1102,46782
16940,2023,2,1078,48127
16940,2023,3,1158,47977
16940,2023,4,1178,47937
16984,2023,1,1645,4454170
16984,2023,2,1408,4590095
16984,2023,3,1387,4543047
16984,2023,4,1542,4545149
17020,2023,1,1039,77117
17020,2023,2,1031,77981
17020,2023,3,1049,79679
17020,2023,4,1104,78704
17140,2023,1,1344,1073999
17140,2023,2,1229,1095381
17140,2023,3,1263,1088817
17140,2023,4,1306,1091626
17300,2023,1,953,96234
17300,2023,2,942,96965
17300,2023,3,961,97668
17300,2023,4,1014,98144
17420,2023,1,1019,45265
17420,2023,2,968,45754
17420,2023,3,975,46802
17420,2023,4,1072,45754
17660,2023,1,1026,67585
17660,2023,2,990,73495
17660,2023,3,1013,71931
17660,2023,4,1054,70051
17780,2023,1,1009,131787
17780,2023,2,998,128122
17780,2023,3,994,132520
17780,2023,4,1053,135383
17820,2023,1,1254,309484
17820,2023,2,1201,318933
17820,2023,3,1212,317547
17820,2023,4,1284,320591
17860,2023,1,1066,98564
17860,2023,2,1038,97604
17860,2023,3,1107,98848
17860,2023,4,1088,99662
17900,2023,1,1121,384721
17900,2023,2,1069,386172
17900,2023,3,1073,389279
17900,2023,4,1137,394800
17980,2023,1,1041,114853
17980,2023,2,948,115089
17980,2023,3,965,115506
17980,2023,4,1004,116303
18020,2023,1,1393,50200
18020,2023,2,1243,51040
18020,2023,3,1285,50339
18020,2023,4,1284,50262
18140,2023,1,1343,1060595
18140,2023,2,1238,1083771
18140,2023,3,1248,1081345
18140,2023,4,1318,1089939
18580,2023,1,1123,188464
18580,2023,2,1068,192138
18580,2023,3,1085,191277
18580,2023,4,1155,193520
18700,2023,1,1213,38987
18700,2023,2,1241,39575
18700,2023,3,1221,39067
18700,2023,4,1314,38985
18880,2023,1,1129,124218
18880,2023,2,1095,124342
18880,2023,3,1099,125028
18880,2023,4,1148,123780
19140,2023,1,993,65229
19140,2023,2,948,65184
19140,2023,3,978,66038
19140,2023,4,1020,66274
19300,2023,1,923,81580
19300,2023,2,901,85721
19300,2023,3,948,82964
19300,2023,4,985,82725
19340,2023,1,1148,176589
19340,2023,2,1105,180413
19340,2023,3,1134,178596
19340,2023,4,1387,180166
19460,2023,1,1126,56888
19460,2023,2,1072,57655
19460,2023,3,1075,57491
19460,2023,4,1139,58044
19500,2023,1,1604,46327
19500,2023,2,1171,46043
19500,2023,3,1158,45440
19500,2023,4,1222,44965
19660,2023,1,1016,214485
19660,2023,2,973,210013
19660,2023,3,964,215040
19660,2023,4,1007,217875
19740,2023,1,1748,1580857
19740,2023,2,1567,1624444
19740,2023,3,1561,1602639
19740,2023,4,1668,1617713
19780,2023,1,1453,378501
19780,2023,2,1246,393290
19780,2023,3,1285,387173
19780,2023,4,1370,391195
20020,2023,1,971,59496
20020,2023,2,937,60238
20020,2023,3,943,60241
20020,2023,4,1061,60539
20100,2023,1,1025,69955
20100,2023,2,986,70792
20100,2023,3,1027,70603
20100,2023,4,1115,71489
20220,2023,1,1091,57845
20220,2023,2,1027,59429
20220,2023,3,1061,58563
20220,2023,4,1227,59382
20260,2023,1,1118,121801
20260,2023,2,1038,126357
20260,2023,3,1116,124616
20260,2023,4,1112,123970
20500,2023,1,1696,334759
20500,2023,2,1523,339574
20500,2023,3,1602,338241
20500,2023,4,1686,342134
20740,2023,1,1064,83224
20740,2023,2,1012,85360
20740,2023,3,1028,84662
20740,2023,4,1108,84970
20940,2023,1,1004,64523
20940,2023,2,1007,68529
20940,2023,3,1008,66182
20940,2023,4,1058,64822
21060,2023,1,995,54824
21060,2023,2,1022,55669
21060,2023,3,993,55831
21060,2023,4,1033,57496
21140,2023,1,1238,134037
21140,2023,2,1094,132652
21140,2023,3,1082,130667
21140,2023,4,1157,129357
21300,2023,1,1147,32803
21300,2023,2,1126,33780
21300,2023,3,1102,33713
21300,2023,4,1159,34082
21340,2023,1,934,323491
21340,2023,2,912,325925
21340,2023,3,926,329556
21340,2023,4,964,333187
21500,2023,1,1006,116928
21500,2023,2,955,120459
21500,2023,3,978,119547
21500,2023,4,1013,119027
21660,2023,1,1080,156849
21660,2023,2,1062,159324
21660,2023,3,1073,158192
21660,2023,4,1118,157150
21780,2023,1,1096,151436
21780,2023,2,1030,154150
21780,2023,3,1035,153637
21780,2023,4,1099,154692
21820,2023,1,1203,35263
21820,2023,2,1274,36921
21820,2023,3,1301,37345
21820,2023,4,1326,36196
22020,2023,1,1216,143496
22020,2023,2,1170,147841
22020,2023,3,1202,148406
22020,2023,4,1251,147646
22140,2023,1,1040,45406
22140,2023,2,1037,45967
22140,2023,3,1006,46095
22140,2023,4,1088,46514
22180,2023,1,1015,130912
22180,2023,2,978,131690
22180,2023,3,1017,131914
22180,2023,4,1024,134767
22220,2023,1,1485,266494
22220,2023,2,1149,270256
22220,2023,3,1188,271152
22220,2023,4,1216,271700
22380,2023,1,950,62322
22380,2023,2,1026,64118
22380,2023,3,988,65188
22380,2023,4,1042,65161
22420,2023,1,1033,130435
22420,2023,2,996,135176
22420,2023,3,1012,133359
22420,2023,4,1108,134035
22500,2023,1,1016,89236
22500,2023,2,962,88040
22500,2023,3,972,88502
22500,2023,4,1008,88879
22520,2023,1,978,54902
22520,2023,2,924,55101
22520,2023,3,954,55078
22520,2023,4,1004,55195
22540,2023,1,1115,44910
22540,2023,2,1053,46425
22540,2023,3,1073,46245
22540,2023,4,1145,45808
22660,2023,1,1317,171219
22660,2023,2,1267,178387
22660,2023,3,1255,173990
22660,2023,4,1353,176946
22900,2023,1,978,106443
22900,2023,2,936,106955
22900,2023,3,912,108034
22900,2023,4,967,108481
23060,2023,1,1166,219821
23060,2023,2,1033,222997
23060,2023,3,1072,223284
23060,2023,4,1112,224200
23420,2023,1,1072,404367
23420,2023,2,1050,428345
23420,2023,3,1066,426680
23420,2023,4,1126,420670
23460,2023,1,853,32637
23460,2023,2,848,32708
23460,2023,3,853,32775
23460,2023,4,905,32975
23540,2023,1,1130,142044
23540,2023,2,1152,140788
23540,2023,3,1160,142703
23540,2023,4,1250,143784
23580,2023,1,1193,98087
23580,2023,2,1114,100416
23580,2023,3,1150,101697
23580,2023,4,1253,102224
23900,2023,1,1010,33066
23900,2023,2,992,33890
23900,2023,3,1007,34324
23900,2023,4,1061,33244
24020,2023,1,1120,49311
24020,2023,2,1113,54386
24020,2023,3,1066,52107
24020,2023,4,1161,49923
24140,2023,1,927,41124
24140,2023,2,870,41089
24140,2023,3,898,41331
24140,2023,4,929,42199
24220,2023,1,1041,50815
24220,2023,2,1062,52503
24220,2023,3,1078,52191
24220,2023,4,1123,52583
24260,2023,1,995,42731
24260,2023,2,1016,44188
24260,2023,3,986,43761
24260,2023,4,1045,43789
24300,2023,1,1061,64336
24300,2023,2,1061,66106
24300,2023,3,1061,65791
24300,2023,4,1116,66474
24340,2023,1,1143,574119
24340,2023,2,1090,586598
24340,2023,3,1110,579511
24340,2023,4,1183,582318
24420,2023,1,922,30729
24420,2023,2,907,31577
24420,2023,3,912,31472
24420,2023,4,929,31326
24500,2023,1,1007,35731
24500,2023,2,983,36679
24500,2023,3,1003,36624
24500,2023,4,1078,37016
24540,2023,1,1316,113993
24540,2023,2,1198,116773
24540,2023,3,1272,116943
24540,2023,4,1269,117870
24580,2023,1,1156,170035
24580,2023,2,1089,175259
24580,2023,3,1102,172221
24580,2023,4,1235,173999
24660,2023,1,1126,353248
24660,2023,2,1046,352767
24660,2023,3,1062,353498
24660,2023,4,1121,360076
24780,2023,1,1058,79929
24780,2023,2,1071,79714
24780,2023,3,1054,80906
24780,2023,4,1162,82193
24860,2023,1,1110,419933
24860,2023,2,1067,421609
24860,2023,3,1079,424757
24860,2023,4,1143,430143
25060,2023,1,1023,152552
25060,2023,2,961,154916
25060,2023,3,982,154114
25060,2023,4,1006,154071
25180,2023,1,1043,99156
25180,2023,2,1032,100082
25180,2023,3,1037,101198
25180,2023,4,1123,102705
25220,2023,1,861,47017
25220,2023,2,852,46242
25220,2023,3,876,47236
25220,2023,4,898,47496
25260,2023,1,995,47730
25260,2023,2,1026,50761
25260,2023,3,1009,52160
25260,2023,4,1102,50702
25420,2023,1,1289,327338
25420,2023,2,1180,336021
25420,2023,3,1206,333189
25420,2023,4,1241,337504
25500,2023,1,1016,66042
25500,2023,2,948,65452
25500,2023,3,1007,66705
25500,2023,4,1006,67123
25540,2023,1,1652,604764
25540,2023,2,1430,618450
25540,2023,3,1398,615233
25540,2023,4,1519,617521
25620,2023,1,887,61990
25620,2023,2,880,62171
25620,2023,3,906,62221
25620,2023,4,970,62661
25860,2023,1,1004,154374
25860,2023,2,960,154395
25860,2023,3,963,153647
25860,2023,4,1018,155620
25940,2023,1,982,80284
25940,2023,2,978,84041
25940,2023,3,958,82061
25940,2023,4,1037,81698
25980,2023,1,910,21131
25980,2023,2,903,21085
25980,2023,3,930,20965
25980,2023,4,1003,20979
26140,2023,1,884,34710
26140,2023,2,894,34394
26140,2023,3,873,34288
26140,2023,4,939,34940
26300,2023,1,851,38235
26300,2023,2,857,38393
26300,2023,3,840,37868
26300,2023,4,892,38288
26380,2023,1,1191,81093
26380,2023,2,1180,82917
26380,2023,3,1184,82480
26380,2023,4,1248,83509
26420,2023,1,1710,3187285
26420,2023,2,1427,3219216
26420,2023,3,1443,3217931
26420,2023,4,1557,3257421
26580,2023,1,1040,127752
26580,2023,2,1057,128890
26580,2023,3,1021,130006
26580,2023,4,1104,130533
26620,2023,1,1382,253748
26620,2023,2,1360,258595
26620,2023,3,1370,259765
26620,2023,4,1466,263187
26820,2023,1,1041,77299
26820,2023,2,1020,81387
26820,2023,3,1041,79977
26820,2023,4,1116,80683
26900,2023,1,1352,1069764
26900,2023,2,1201,1091666
26900,2023,3,1206,1095709
26900,2023,4,1279,1104009
26980,2023,1,1160,90084
26980,2023,2,1136,92062
26980,2023,3,1188,92361
26980,2023,4,1199,92481
27060,2023,1,1330,47392
27060,2023,2,1298,46209
27060,2023,3,1300,48393
27060,2023,4,1319,47654
27100,2023,1,1193,55928
27100,2023,2,1081,58230
27100,2023,3,1154,56929
27100,2023,4,1165,56427
27140,2023,1,1032,254566
27140,2023,2,1008,256482
27140,2023,3,1003,254092
27140,2023,4,1068,256496
27180,2023,1,1048,68378
27180,2023,2,1011,68811
27180,2023,3,1018,69651
27180,2023,4,1201,69668
27260,2023,1,1322,739076
27260,2023,2,1205,737797
27260,2023,3,1196,745993
27260,2023,4,1292,758575
27340,2023,1,850,53075
27340,2023,2,839,53418
27340,2023,3,865,53824
27340,2023,4,875,54986
27500,2023,1,1182,67830
27500,2023,2,1058,69845
27500,2023,3,1061,69226
27500,2023,4,1099,68823
27620,2023,1,991,76046
27620,2023,2,1017,77090
27620,2023,3,1013,77000
27620,2023,4,1045,77278
27740,2023,1,1005,81900
27740,2023,2,980,81900
27740,2023,3,999,83011
27740,2023,4,1049,83284
27780,2023,1,896,47271
27780,2023,2,902,47824
27780,2023,3,907,47920
27780,2023,4,999,47941
27860,2023,1,943,58963
27860,2023,2,964,59636
27860,2023,3,935,59856
27860,2023,4,1029,60207
27900,2023,1,922,79980
27900,2023,2,935,80675
27900,2023,3,924,80321
27900,2023,4,963,81142
27980,2023,1,1112,76431
27980,2023,2,1127,77030
27980,2023,3,1102,68379
27980,2023,4,1182,72643
28020,2023,1,1239,139883
28020,2023,2,1117,143272
28020,2023,3,1140,142597
28020,2023,4,1230,141549
28100,2023,1,1014,41807
28100,2023,2,999,42776
28100,2023,3,1011,42443
28100,2023,4,1068,42099
28140,2023,1,1321,1063183
28140,2023,2,1239,1088540
28140,2023,3,1234,1081014
28140,2023,4,1340,1089314
28420,2023,1,1221,129765
28420,2023,2,1198,141593
28420,2023,3,1226,138195
28420,2023,4,1260,131470
28660,2023,1,1112,146794
28660,2023,2,1055,148817
28660,2023,3,1132,149051
28660,2023,4,1136,151010
28700,2023,1,1078,115170
28700,2023,2,991,116921
28700,2023,3,1038,117326
28700,2023,4,1091,117839
28740,2023,1,1121,57325
28740,2023,2,1125,59886
28740,2023,3,1086,59738
28740,2023,4,1170,58557
28940,2023,1,1224,411020
28940,2023,2,1183,414964
28940,2023,3,1177,418124
28940,2023,4,1290,421502
29020,2023,1,1266,34845
29020,2023,2,1024,35809
29020,2023,3,1091,35276
29020,2023,4,1141,35336
29100,2023,1,1058,72963
29100,2023,2,1020,74702
29100,2023,3,1044,74668
29100,2023,4,1140,75048
29180,2023,1,1048,196133
29180,2023,2,1007,197392
29180,2023,3,1027,196647
29180,2023,4,1123,199673
29200,2023,1,1114,100235
29200,2023,2,1078,98723
29200,2023,3,1072,101114
29200,2023,4,1151,101444
29340,2023,1,1273,92517
29340,2023,2,1124,92566
29340,2023,3,1160,92126
29340,2023,4,1261,92130
29420,2023,1,947,54958
29420,2023,2,952,54495
29420,2023,3,944,55582
29420,2023,4,979,55825
29460,2023,1,1036,258757
29460,2023,2,1002,251739
29460,2023,3,1002,259466
29460,2023,4,1062,264491
29540,2023,1,1127,247115
29540,2023,2,1081,252915
29540,2023,3,1091,250986
29540,2023,4,1158,252475
29620,2023,1,1223,212961
29620,2023,2,1198,216362
29620,2023,3,1186,217814
29620,2023,4,1273,217520
29700,2023,1,849,104951
29700,2023,2,849,105554
29700,2023,3,843,106426
29700,2023,4,909,107020
29740,2023,1,910,76413
29740,2023,2,933,77861
29740,2023,3,916,78389
29740,2023,4,954,79116
29820,2023,1,1216,1085325
29820,2023,2,1158,1097611
29820,2023,3,1159,1107252
29820,2023,4,1232,1120779
29940,2023,1,982,50049
29940,2023,2,967,50033
29940,2023,3,948,50542
29940,2023,4,1011,50684
30020,2023,1,895,42466
30020,2023,2,939,42829
30020,2023,3,927,43099
30020,2023,4,996,43452
30140,2023,1,1038,51718
30140,2023,2,1001,53097
30140,2023,3,1038,53168
30140,2023,4,1083,53387
30300,2023,1,999,27791
30300,2023,2,975,28814
30300,2023,3,997,28740
30300,2023,4,1040,29115
30340,2023,1,1079,47114
30340,2023,2,1043,48841
30340,2023,3,1078,48645
30340,2023,4,1113,48370
30460,2023,1,1185,278719
30460,2023,2,1159,277211
30460,2023,3,1155,285213
30460,2023,4,1204,285823
30620,2023,1,1098,49305
30620,2023,2,1049,49816
30620,2023,3,1040,49548
30620,2023,4,1113,49671
30700,2023,1,1086,177784
30700,2023,2,1059,180342
30700,2023,3,1075,180485
30700,2023,4,1156,181398
30780,2023,1,1123,347361
30780,2023,2,1077,350222
30780,2023,3,1075,350462
30780,2023,4,1147,355879
30860,2023,1,920,67034
30860,2023,2,933,67848
30860,2023,3,945,68006
30860,2023,4,1010,68188
30980,2023,1,1081,97327
30980,2023,2,1045,97389
30980,2023,3,1057,96529
30980,2023,4,1103,96896
31020,2023,1,1239,40623
31020,2023,2,1205,42034
31020,2023,3,1224,41139
31020,2023,4,1290,41244
31084,2023,1,1566,6091343
31084,2023,2,1465,6114677
31084,2023,3,1470,6108923
31084,2023,4,1640,6214346
31140,2023,1,1294,659998
31140,2023,2,1198,665121
31140,2023,3,1188,664484
31140,2023,4,1258,674223
31180,2023,1,1014,150631
31180,2023,2,979,151774
31180,2023,3,1025,153112
31180,2023,4,1051,155922
31340,2023,1,1032,96725
31340,2023,2,972,96724
31340,2023,3,1006,97184
31340,2023,4,1051,97567
31420,2023,1,993,94520
31420,2023,2,978,93889
31420,2023,3,987,94713
31420,2023,4,1068,95605
31540,2023,1,1363,393161
31540,2023,2,1279,407792
31540,2023,3,1286,405205
31540,2023,4,1390,406587
31700,2023,1,1511,200679
31700,2023,2,1430,204737
31700,2023,3,1405,203041
31700,2023,4,1584,203992
31740,2023,1,963,40051
31740,2023,2,931,40390
31740,2023,3,949,40041
31740,2023,4,987,40207
31860,2023,1,1040,54537
31860,2023,2,1046,55493
31860,2023,3,1040,55624
31860,2023,4,1087,55711
31900,2023,1,935,48025
31900,2023,2,923,48986
31900,2023,3,932,48488
31900,2023,4,1043,48975
32580,2023,1,780,287645
32580,2023,2,791,287398
32580,2023,3,793,286867
32580,2023,4,842,293267
32780,2023,1,1095,89642
32780,2023,2,1047,92260
32780,2023,3,1066,92985
32780,2023,4,1089,90805
32820,2023,1,1253,613440
32820,2023,2,1222,615898
32820,2023,3,1235,621467
32820,2023,4,1288,628120
32900,2023,1,1012,79795
32900,2023,2,1005,85655
32900,2023,3,1020,89419
32900,2023,4,1045,82359
33140,2023,1,980,40310
33140,2023,2,955,41639
33140,2023,3,968,41198
33140,2023,4,1035,41271
33220,2023,1,1540,37084
33220,2023,2,1263,38434
33220,2023,3,1226,38281
33220,2023,4,1373,38371
33260,2023,1,1936,115955
33260,2023,2,1635,117554
33260,2023,3,1697,117739
33260,2023,4,1821,118652
33340,2023,1,1327,804451
33340,2023,2,1197,826679
33340,2023,3,1198,816381
33340,2023,4,1319,819189
33460,2023,1,1578,1889979
33460,2023,2,1393,1964235
33460,2023,3,1407,1938549
33460,2023,4,1477,1932874
33540,2023,1,1054,63648
33540,2023,2,1059,67221
33540,2023,3,1103,65300
33540,2023,4,1159,64889
33660,2023,1,1116,171188
33660,2023,2,1090,172129
33660,2023,3,1113,171882
33660,2023,4,1236,172647
33700,2023,1,1179,192618
33700,2023,2,1139,199579
33700,2023,3,1162,201777
33700,2023,4,1192,195641
33740,2023,1,918,74983
33740,2023,2,910,74597
33740,2023,3,880,74285
33740,2023,4,966,74702
33780,2023,1,1215,39368
33780,2023,2,1093,41617
33780,2023,3,1097,41588
33780,2023,4,1137,41361
33860,2023,1,1074,165120
33860,2023,2,1054,166903
33860,2023,3,1046,166800
33860,2023,4,1196,169538
34060,2023,1,1188,64870
34060,2023,2,1199,66065
34060,2023,3,1141,66385
34060,2023,4,1236,66782
34100,2023,1,931,47417
34100,2023,2,980,47327
34100,2023,3,938,48031
34100,2023,4,999,48275
34580,2023,1,1185,51361
34580,2023,2,1174,53535
34580,2023,3,1170,53502
34580,2023,4,1219,52704
34620,2023,1,968,44344
34620,2023,2,933,43845
34620,2023,3,963,44724
34620,2023,4,983,45326
34740,2023,1,987,60678
34740,2023,2,965,63861
34740,2023,3,953,63005
34740,2023,4,1038,62440
34820,2023,1,900,175941
34820,2023,2,861,186065
34820,2023,3,884,184044
34820,2023,4,943,180084
34900,2023,1,1340,77398
34900,2023,2,1280,82603
34900,2023,3,1317,81965
34900,2023,4,1398,75827
34940,2023,1,1284,168114
34940,2023,2,1209,158795
34940,2023,3,1195,162887
34940,2023,4,1323,173597
34980,2023,1,1440,1069643
34980,2023,2,1313,1090251
34980,2023,3,1324,1096015
34980,2023,4,1449,1110792
35300,2023,1,1384,368793
35300,2023,2,1305,379015
35300,2023,3,1340,376136
35300,2023,4,1389,381474
35380,2023,1,1271,532665
35380,2023,2,1183,534124
35380,2023,3,1210,530884
35380,2023,4,1299,540781
35660,2023,1,1128,58390
35660,2023,2,1012,62138
35660,2023,3,1018,61732
35660,2023,4,1090,59664
35840,2023,1,1154,328118
35840,2023,2,1126,319856
35840,2023,3,1127,326008
35840,2023,4,1237,337320
35980,2023,1,1467,116117
35980,2023,2,1292,120151
35980,2023,3,1255,119398
35980,2023,4,1373,119715
36100,2023,1,954,117022
36100,2023,2,949,116166
36100,2023,3,942,117104
36100,2023,4,1006,119922
36220,2023,1,1429,77308
36220,2023,2,1370,77338
36220,2023,3,1367,78102
36220,2023,4,1426,78898
36260,2023,1,1086,285177
36260,2023,2,1042,294139
36260,2023,3,1075,293456
36260,2023,4,1126,293938
36420,2023,1,1190,651360
36420,2023,2,1105,657520
36420,2023,3,1104,663907
36420,2023,4,1172,671298
36500,2023,1,1302,125628
36500,2023,2,1287,127793
36500,2023,3,1324,128417
36500,2023,4,1335,127967
36540,2023,1,1269,478229
36540,2023,2,1160,494013
36540,2023,3,1185,491715
36540,2023,4,1255,494162
36740,2023,1,1227,1367770
36740,2023,2,1157,1358659
36740,2023,3,1151,1379555
36740,2023,4,1240,1400576
36780,2023,1,1216,91503
36780,2023,2,1120,94486
36780,2023,3,1138,92706
36780,2023,4,1230,93242
36980,2023,1,1041,51600
36980,2023,2,1026,52073
36980,2023,3,1004,51440
36980,2023,4,1086,52477
37100,2023,1,1351,326549
37100,2023,2,1264,335196
37100,2023,3,1257,330690
37100,2023,4,1341,332407
37340,2023,1,1288,237265
37340,2023,2,1221,238584
37340,2023,3,1217,239329
37340,2023,4,1268,242458
37460,2023,1,977,84251
37460,2023,2,976,85720
37460,2023,3,977,85754
37460,2023,4,1027,84826
37620,2023,1,985,35751
37620,2023,2,1024,36374
37620,2023,3,1008,36432
37620,2023,4,1054,36976
37860,2023,1,1070,188501
37860,2023,2,1030,188416
37860,2023,3,1005,190228
37860,2023,4,1102,190222
37900,2023,1,1428,163341
37900,2023,2,1158,168455
37900,2023,3,1170,166852
37900,2023,4,1257,166505
38060,2023,1,1395,2304170
38060,2023,2,1312,2266142
38060,2023,3,1294,2328134
38060,2023,4,1371,2357095
38300,2023,1,1435,1054708
38300,2023,2,1278,1082978
38300,2023,3,1285,1074854
38300,2023,4,1362,1078660
38340,2023,1,1170,57105
38340,2023,2,1118,60207
38340,2023,3,1142,58904
38340,2023,4,1197,58879
38540,2023,1,880,36152
38540,2023,2,827,37385
38540,2023,3,890,37329
38540,2023,4,910,36997
38860,2023,1,1311,273990
38860,2023,2,1212,293586
38860,2023,3,1212,288291
38860,2023,4,1319,283315
38900,2023,1,1495,1222486
38900,2023,2,1417,1234838
38900,2023,3,1458,1226187
38900,2023,4,1499,1225247
38940,2023,1,1038,164977
38940,2023,2,1014,160338
38940,2023,3,1011,164799
38940,2023,4,1069,168073
39300,2023,1,1277,689852
39300,2023,2,1183,717657
39300,2023,3,1193,711117
39300,2023,4,1262,708873
39340,2023,1,1173,292240
39340,2023,2,1119,294963
39340,2023,3,1120,298037
39340,2023,4,1206,299073
39380,2023,1,1062,62448
39380,2023,2,1021,63502
39380,2023,3,1036,63233
39380,2023,4,1058,62981
39460,2023,1,1003,53692
39460,2023,2,1004,52242
39460,2023,3,971,53005
39460,2023,4,1049,56290
39540,2023,1,1127,74016
39540,2023,2,1093,76737
39540,2023,3,1067,75899
39540,2023,4,1256,76685
39580,2023,1,1449,701837
39580,2023,2,1326,719735
39580,2023,3,1327,712231
39580,2023,4,1431,728415
39660,2023,1,1064,69553
39660,2023,2,999,75707
39660,2023,3,1030,73745
39660,2023,4,1100,71654
39740,2023,1,1210,170295
39740,2023,2,1132,171562
39740,2023,3,1179,172046
39740,2023,4,1203,172706
39820,2023,1,1069,66656
39820,2023,2,1070,69994
39820,2023,3,1089,69436
39820,2023,4,1164,69256
39900,2023,1,1272,253622
39900,2023,2,1241,260148
39900,2023,3,1274,261669
39900,2023,4,1346,261070
40060,2023,1,1379,645175
40060,2023,2,1229,659243
40060,2023,3,1260,653368
40060,2023,4,1336,661600
40140,2023,1,1124,1644098
40140,2023,2,1119,1654461
40140,2023,3,1098,1656196
40140,2023,4,1167,1685284
40220,2023,1,1091,149199
40220,2023,2,1019,150937
40220,2023,3,1069,150963
40220,2023,4,1133,152266
40340,2023,1,1364,118662
40340,2023,2,1367,123341
40340,2023,3,1324,121531
40340,2023,4,1456,121429
40380,2023,1,1237,491448
40380,2023,2,1180,505649
40380,2023,3,1189,501271
40380,2023,4,1219,500793
40420,2023,1,1114,136043
40420,2023,2,1098,140398
40420,2023,3,1078,138560
40420,2023,4,1142,137831
40580,2023,1,988,54095
40580,2023,2,917,53583
40580,2023,3,934,54842
40580,2023,4,1001,55565
40660,2023,1,967,43461
40660,2023,2,942,40922
40660,2023,3,972,43932
40660,2023,4,979,44520
40900,2023,1,1457,1046301
40900,2023,2,1387,1065621
40900,2023,3,1414,1069148
40900,2023,4,1478,1069889
40980,2023,1,1166,77995
40980,2023,2,1041,80652
40980,2023,3,1073,80231
40980,2023,4,1125,80455
41060,2023,1,1115,101978
41060,2023,2,1106,105704
41060,2023,3,1107,104836
41060,2023,4,1179,103946
41100,2023,1,858,82449
41100,2023,2,890,82674
41100,2023,3,890,84996
41100,2023,4,954,84917
41140,2023,1,1071,53027
41140,2023,2,1030,53560
41140,2023,3,1059,53811
41140,2023,4,1059,54248
41180,2023,1,1359,1314227
41180,2023,2,1231,1338419
41180,2023,3,1231,1331319
41180,2023,4,1318,1336774
41420,2023,1,1173,187327
41420,2023,2,1112,193882
41420,2023,3,1119,194817
41420,2023,4,1088,190776
41500,2023,1,1163,173357
41500,2023,2,1111,215191
41500,2023,3,1131,216507
41500,2023,4,1179,177521
41540,2023,1,1009,160475
41540,2023,2,975,179527
41540,2023,3,976,172613
41540,2023,4,1049,165233
41620,2023,1,1450,796129
41620,2023,2,1353,812464
41620,2023,3,1360,813601
41620,2023,4,1467,818117
41660,2023,1,1022,50069
41660,2023,2,985,50384
41660,2023,3,1028,50373
41660,2023,4,1073,51047
41700,2023,1,1247,1090658
41700,2023,2,1135,1104195
41700,2023,3,1172,1107686
41700,2023,4,1229,1119171
41740,2023,1,1580,1516930
41740,2023,2,1513,1529944
41740,2023,3,1466,1531261
41740,2023,4,1568,1543026
41940,2023,1,3291,1130986
41940,2023,2,3289,1140050
41940,2023,3,3060,1140865
41940,2023,4,3656,1143371
42020,2023,1,1130,118780
42020,2023,2,1095,121930
42020,2023,3,1106,121472
42020,2023,4,1262,118548
42100,2023,1,1283,98716
42100,2023,2,1221,106626
42100,2023,3,1235,106674
42100,2023,4,1286,101678
42140,2023,1,1067,60418
42140,2023,2,1090,61328
42140,2023,3,1074,61314
42140,2023,4,1228,62300
42200,2023,1,1288,207554
42200,2023,2,1226,225619
42200,2023,3,1247,222329
42200,2023,4,1304,210347
42220,2023,1,1352,204269
42220,2023,2,1292,210203
42220,2023,3,1316,210789
42220,2023,4,1424,207300
42340,2023,1,1122,190895
42340,2023,2,1079,192802
42340,2023,3,1089,192247
42340,2023,4,1176,196041
42540,2023,1,1040,246986
42540,2023,2,1003,251324
42540,2023,3,1015,253322
42540,2023,4,1052,255205
42680,2023,1,1082,57472
42680,2023,2,1054,55211
42680,2023,3,1029,55973
42680,2023,4,1136,58413
42700,2023,1,888,29342
42700,2023,2,858,28623
42700,2023,3,893,27980
42700,2023,4,917,29169
43100,2023,1,1190,59208
43100,2023,2,1115,62689
43100,2023,3,1113,61299
43100,2023,4,1214,60390
43300,2023,1,1073,50494
43300,2023,2,1042,51529
43300,2023,3,1067,52113
43300,2023,4,1106,52708
43340,2023,1,1049,171747
43340,2023,2,1017,172566
43340,2023,3,1049,171044
43340,2023,4,1099,173004
43420,2023,1,1077,34930
43420,2023,2,1104,34447
43420,2023,3,1084,34963
43420,2023,4,1122,34962
43580,2023,1,1120,87718
43580,2023,2,1040,89757
43580,2023,3,1057,89742
43580,2023,4,1124,89035
43620,2023,1,1219,164265
43620,2023,2,1142,172119
43620,2023,3,1172,169083
43620,2023,4,1265,170433
43780,2023,1,1106,128924
43780,2023,2,1057,131834
43780,2023,3,1094,131165
43780,2023,4,1115,130573
43900,2023,1,1101,159606
43900,2023,2,1066,159709
43900,2023,3,1038,160738
43900,2023,4,1113,163832
44060,2023,1,1200,252929
44060,2023,2,1147,259827
44060,2023,3,1184,258971
44060,2023,4,1224,256878
44100,2023,1,1250,129802
44100,2023,2,1198,131249
44100,2023,3,1248,129565
44100,2023,4,1286,131749
44140,2023,1,1192,265971
44140,2023,2,1111,272129
44140,2023,3,1140,270878
44140,2023,4,1199,269885
44180,2023,1,996,216761
44180,2023,2,1003,218450
44180,2023,3,1007,219407
44180,2023,4,1051,222076
44220,2023,1,982,46901
44220,2023,2,944,47982
44220,2023,3,959,47468
44220,2023,4,994,47172
44300,2023,1,1148,66937
44300,2023,2,1148,70808
44300,2023,3,1148,68793
44300,2023,4,1162,68090
44420,2023,1,1006,50574
44420,2023,2,979,50801
44420,2023,3,1021,50630
44420,2023,4,1057,51050
44700,2023,1,1132,275487
44700,2023,2,1122,289336
44700,2023,3,1146,287321
44700,2023,4,1202,286318
44940,2023,1,985,35071
44940,2023,2,950,35395
44940,2023,3,954,35841
44940,2023,4,1031,36041
45060,2023,1,1276,291897
45060,2023,2,1224,298136
45060,2023,3,1199,296254
45060,2023,4,1270,296343
45220,2023,1,1056,185718
45220,2023,2,1059,183496
45220,2023,3,1074,187109
45220,2023,4,1218,188854
45460,2023,1,1000,63436
45460,2023,2,945,64177
45460,2023,3,952,64599
45460,2023,4,988,64560
45500,2023,1,968,56870
45500,2023,2,954,57579
45500,2023,3,973,56912
45500,2023,4,1036,57143
45780,2023,1,1186,286993
45780,2023,2,1060,291391
45780,2023,3,1081,290632
45780,2023,4,1151,292964
45820,2023,1,1100,112628
45820,2023,2,1042,113899
45820,2023,3,1037,113325
45820,2023,4,1098,113661
45940,2023,1,1984,260666
45940,2023,2,1536,265740
45940,2023,3,1647,263910
45940,2023,4,1654,266915
46060,2023,1,1146,385388
46060,2023,2,1133,381281
46060,2023,3,1107,389003
46060,2023,4,1190,394668
46140,2023,1,1175,442853
46140,2023,2,1100,449076
46140,2023,3,1103,449870
46140,2023,4,1185,453748
46220,2023,1,1109,103504
46220,2023,2,1057,103242
46220,2023,3,1079,105094
46220,2023,4,1145,105665
46340,2023,1,1058,111300
46340,2023,2,1023,112755
46340,2023,3,1062,112328
46340,2023,4,1130,113411
46520,2023,1,1267,447991
46520,2023,2,1246,447587
46520,2023,3,1275,447809
46520,2023,4,1339,457530
46540,2023,1,1108,115571
46540,2023,2,1108,118683
46540,2023,3,1075,117002
46540,2023,4,1136,117382
46660,2023,1,879,55186
46660,2023,2,847,55351
46660,2023,3,875,54536
46660,2023,4,925,55174
46700,2023,1,1343,136380
46700,2023,2,1282,140832
46700,2023,3,1289,142500
46700,2023,4,1357,143108
47020,2023,1,1071,38883
47020,2023,2,1029,39478
47020,2023,3,1048,38578
47020,2023,4,1093,39024
47220,2023,1,1057,59624
47220,2023,2,1053,61423
47220,2023,3,1040,60886
47220,2023,4,1138,59896
47260,2023,1,1181,737875
47260,2023,2,1101,753682
47260,2023,3,1155,752437
47260,2023,4,1218,754528
47300,2023,1,965,167121
47300,2023,2,954,180317
47300,2023,3,970,179187
47300,2023,4,1026,176029
47380,2023,1,1087,121563
47380,2023,2,1075,123908
47380,2023,3,1095,125400
47380,2023,4,1156,127007
47460,2023,1,1049,29643
47460,2023,2,1035,31618
47460,2023,3,1042,31613
47460,2023,4,1053,30205
47580,2023,1,1060,77911
47580,2023,2,1017,78300
47580,2023,3,1068,78339
47580,2023,4,1067,78465
47940,2023,1,1081,84773
47940,2023,2,1033,87316
47940,2023,3,1069,86727
47940,2023,4,1280,86525
48060,2023,1,1046,38920
48060,2023,2,1066,41789
48060,2023,3,1021,40614
48060,2023,4,1066,39486
48140,2023,1,1080,69214
48140,2023,2,1084,71187
48140,2023,3,1054,69842
48140,2023,4,1144,70854
48260,2023,1,959,36567
48260,2023,2,943,37492
48260,2023,3,916,36544
48260,2023,4,1012,36522
48300,2023,1,1012,54239
48300,2023,2,1015,60518
48300,2023,3,1007,60518
48300,2023,4,1063,55390
48540,2023,1,1026,58000
48540,2023,2,1028,59308
48540,2023,3,1017,58570
48540,2023,4,1057,59021
48620,2023,1,1126,302834
48620,2023,2,1052,305875
48620,2023,3,1062,306949
48620,2023,4,1163,309523
48660,2023,1,954,57391
48660,2023,2,940,58166
48660,2023,3,940,57110
48660,2023,4,1022,57720
48700,2023,1,1030,48981
48700,2023,2,1018,49555
48700,2023,3,1032,49733
48700,2023,4,1083,49709
48900,2023,1,1143,141600
48900,2023,2,1057,144462
48900,2023,3,1090,143617
48900,2023,4,1136,144461
49020,2023,1,1109,66600
49020,2023,2,1108,67759
49020,2023,3,1083,67770
49020,2023,4,1157,68797
49180,2023,1,1218,269992
49180,2023,2,1082,270392
49180,2023,3,1113,269902
49180,2023,4,1159,273496
49340,2023,1,1336,385310
49340,2023,2,1260,394420
49340,2023,3,1255,391752
49340,2023,4,1333,394126
49420,2023,1,939,111840
49420,2023,2,937,121455
49420,2023,3,960,124022
49420,2023,4,998,111320
49620,2023,1,1174,180103
49620,2023,2,1100,182213
49620,2023,3,1156,182840
49620,2023,4,1167,185468
49660,2023,1,972,198343
49660,2023,2,925,202586
49660,2023,3,947,202945
49660,2023,4,1005,203772
49700,2023,1,1088,51024
49700,2023,2,1078,55630
49700,2023,3,1113,55921
49700,2023,4,1156,52874
49740,2023,1,953,77084
49740,2023,2,1016,62727
49740,2023,3,998,67266
49740,2023,4,1026,79932
10180,2024,1,1060,73996
10180,2024,2,1029,74195
10180,2024,3,1080,75038
10180,2024,4,1106,74852
10420,2024,1,1260,315033
10420,2024,2,1122,319259
10420,2024,3,1152,316898
10420,2024,4,1233,318558
10500,2024,1,1009,58469
10500,2024,2,968,58607
10500,2024,3,1019,57864
10500,2024,4,1032,59322
10540,2024,1,1073,48335
10540,2024,2,1101,48599
10540,2024,3,1110,49386
10540,2024,4,1133,48865
10580,2024,1,1521,444283
10580,2024,2,1451,458014
10580,2024,3,1437,452167
10580,2024,4,1536,456108
10740,2024,1,1196,400525
10740,2024,2,1159,405517
10740,2024,3,1199,406185
10740,2024,4,1256,406443
10780,2024,1,998,59486
10780,2024,2,992,60211
10780,2024,3,968,59854
10780,2024,4,1041,60224
10900,2024,1,1246,367504
10900,2024,2,1227,374479
10900,2024,3,1227,374155
10900,2024,4,1330,376574
11020,2024,1,1018,57233
11020,2024,2,981,58997
11020,2024,3,1029,58728
11020,2024,4,1070,57859
11100,2024,1,1170,122736
11100,2024,2,1114,123021
11100,2024,3,1138,123108
11100,2024,4,1210,124329
11180,2024,1,1201,55608
11180,2024,2,1134,56393
11180,2024,3,1160,57118
11180,2024,4,1215,56895
11200,2024,1,1201,65462
11200,2024,2,1137,67149
11200,2024,3,1231,65533
11200,2024,4,1202,66731
11260,2024,1,1373,173462
11260,2024,2,1346,181473
11260,2024,3,1388,181499
11260,2024,4,1427,176536
11460,2024,1,1414,216400
11460,2024,2,1393,220160
11460,2024,3,1412,218500
11460,2024,4,1496,218573
11500,2024,1,1026,43646
11500,2024,2,960,44042
11500,2024,3,954,43914
11500,2024,4,1011,43908
11540,2024,1,1183,123365
11540,2024,2,1086,127378
11540,2024,3,1153,125007
11540,2024,4,1227,124826
11700,2024,1,1087,186552
11700,2024,2,1055,188755
11700,2024,3,1087,187650
11700,2024,4,1192,181913
12020,2024,1,1074,94788
12020,2024,2,1051,93229
12020,2024,3,1058,96074
12020,2024,4,1117,97532
12100,2024,1,1136,156401
12100,2024,2,1041,187703
12100,2024,3,1041,174853
12100,2024,4,1139,162848
12220,2024,1,1017,71298
12220,2024,2,1005,71057
12220,2024,3,1011,72152
12220,2024,4,1091,72601
12260,2024,1,1137,230355
12260,2024,2,1091,230595
12260,2024,3,1098,230274
12260,2024,4,1160,233599
12420,2024,1,1802,1253124
12420,2024,2,1626,1267418
12420,2024,3,1645,1266003
12420,2024,4,1781,1284365
12540,2024,1,1170,331410
12540,2024,2,1133,345755
12540,2024,3,1124,362065
12540,2024,4,1195,344200
12580,2024,1,1524,1344675
12580,2024,2,1406,1370652
12580,2024,3,1440,1354909
12580,2024,4,1551,1363047
12620,2024,1,1051,70731
12620,2024,2,1052,73382
12620,2024,3,1042,73078
12620,2024,4,1131,72336
12700,2024,1,1280,86665
12700,2024,2,1190,106822
12700,2024,3,1191,101067
12700,2024,4,1330,90922
12940,2024,1,1294,404972
12940,2024,2,1234,399306
12940,2024,3,1235,403267
12940,2024,4,1336,403343
12980,2024,1,1295,53772
12980,2024,2,1187,55063
12980,2024,3,1198,54840
12980,2024,4,1250,54605
13020,2024,1,1069,33639
13020,2024,2,1007,34529
13020,2024,3,1016,34529
13020,2024,4,1110,33943
13140,2024,1,1324,159996
13140,2024,2,1262,161960
13140,2024,3,1268,162345
13140,2024,4,1361,164287
13220,2024,1,977,41936
13220,2024,2,1027,43492
13220,2024,3,970,43278
13220,2024,4,1073,42916
13380,2024,1,1267,92697
13380,2024,2,1220,94325
13380,2024,3,1235,93776
13380,2024,4,1291,93844
13460,2024,1,1271,106792
13460,2024,2,1276,111486
13460,2024,3,1264,110474
13460,2024,4,1360,108396
13740,2024,1,1178,92602
13740,2024,2,1174,95639
13740,2024,3,1153,94352
13740,2024,4,1313,93794
13780,2024,1,1218,95928
13780,2024,2,1170,98136
13780,2024,3,1184,96435
13780,2024,4,1211,97095
13820,2024,1,1357,513181
13820,2024,2,1239,519677
13820,2024,3,1265,512960
13820,2024,4,1373,520145
13900,2024,1,1213,69740
13900,2024,2,1164,72874
13900,2024,3,1208,71651
13900,2024,4,1254,71216
13980,2024,1,1106,74887
13980,2024,2,1053,73131
13980,2024,3,1160,74205
13980,2024,4,1136,74826
14010,2024,1,1419,89960
14010,2024,2,1204,89499
14010,2024,3,1206,88548
14010,2024,4,1262,88208
14020,2024,1,1227,72276
14020,2024,2,1091,71791
14020,2024,3,1141,73249
14020,2024,4,1064,73231
14260,2024,1,1239,380108
14260,2024,2,1192,388863
14260,2024,3,1225,390199
14260,2024,4,1392,388802
14500,2024,1,1934,192391
14500,2024,2,1778,195724
14500,2024,3,1811,193415
14500,2024,4,1893,193931
14540,2024,1,1077,79421
14540,2024,2,1017,80809
14540,2024,3,1025,81442
14540,2024,4,1065,81987
14580,2024,1,1213,72181
14580,2024,2,1191,74621
14580,2024,3,1212,74066
14580,2024,4,1479,74092
14740,2024,1,1387,92979
14740,2024,2,1329,94398
14740,2024,3,1402,93913
14740,2024,4,1389,94161
14860,2024,1,2776,395276
14860,2024,2,1927,410576
14860,2024,3,1837,404318
14860,2024,4,2209,408901
15180,2024,1,834,156731
15180,2024,2,846,157624
15180,2024,3,848,156685
15180,2024,4,901,157542
15260,2024,1,1006,46319
15260,2024,2,1010,47656
15260,2024,3,1009,47014
15260,2024,4,1058,46918
15380,2024,1,1290,532241
15380,2024,2,1226,545684
15380,2024,3,1224,538212
15380,2024,4,1301,538637
15500,2024,1,1062,68116
15500,2024,2,958,66921
15500,2024,3,994,67656
15500,2024,4,1024,69496
15540,2024,1,1372,120770
15540,2024,2,1354,123212
15540,2024,3,1308,122778
15540,2024,4,1460,122036
15940,2024,1,1079,162039
15940,2024,2,998,166474
15940,2024,3,1032,165050
15940,2024,4,1076,165986
15980,2024,1,1199,305117
15980,2024,2,1153,292482
15980,2024,3,1142,296070
15980,2024,4,1241,304392
16020,2024,1,969,44217
16020,2024,2,937,44561
16020,2024,3,1015,44182
16020,2024,4,1027,44903
16180,2024,1,1278,31507
16180,2024,2,1248,32398
16180,2024,3,1363,31827
16180,2024,4,1424,32324
16220,2024,1,1161,39235
16220,2024,2,1128,40637
16220,2024,3,1160,40238
16220,2024,4,1273,40360
16300,2024,1,1324,136608
16300,2024,2,1222,140686
16300,2024,3,1245,138391
16300,2024,4,1305,138285
16540,2024,1,1055,59277
16540,2024,2,1042,60490
16540,2024,3,1059,61562
16540,2024,4,1116,62185
16580,2024,1,1237,103055
16580,2024,2,1154,104856
16580,2024,3,1243,105053
16580,2024,4,1223,105743
16620,2024,1,1226,104618
16620,2024,2,1182,105345
16620,2024,3,1143,104451
16620,2024,4,1248,104831
16700,2024,1,1311,382853
16700,2024,2,1224,390915
16700,2024,3,1248,388149
16700,2024,4,1347,392063
16740,2024,1,1644,1330005
16740,2024,2,1378,1341302
16740,2024,3,1380,1341914
16740,2024,4,1461,1360344
16820,2024,1,1304,114218
16820,2024,2,1301,114496
16820,2024,3,1296,114687
16820,2024,4,1483,115707
16860,2024,1,1212,267761
16860,2024,2,1169,270766
16860,2024,3,1134,270687
16860,2024,4,1295,269265
16940,2024,1,1163,47553
16940,2024,2,1124,48716
16940,2024,3,1184,48714
16940,2024,4,1219,48631
16984,2024,1,1699,4398611
16984,2024,2,1458,4519104
16984,2024,3,1446,4484502
16984,2024,4,1599,4489036
17020,2024,1,1073,78453
17020,2024,2,1078,78329
17020,2024,3,1110,80186
17020,2024,4,1163,78990
17140,2024,1,1398,1080073
17140,2024,2,1285,1097896
17140,2024,3,1316,1095608
17140,2024,4,1363,1101655
17300,2024,1,1006,101238
17300,2024,2,998,102085
17300,2024,3,1015,103159
17300,2024,4,1074,103284
17410,2024,1,1396,1018193
17410,2024,2,1254,1045335
17410,2024,3,1301,1029460
17410,2024,4,1378,1032370
17420,2024,1,1020,43754
17420,2024,2,1015,43637
17420,2024,3,986,43918
17420,2024,4,1101,43397
17660,2024,1,1079,68257
17660,2024,2,1031,73633
17660,2024,3,1063,72713
17660,2024,4,1128,69416
17780,2024,1,1061,134783
17780,2024,2,1043,131094
17780,2024,3,1041,135175
17780,2024,4,1118,138958
17820,2024,1,1307,312964
17820,2024,2,1246,320204
17820,2024,3,1256,319291
17820,2024,4,1355,319040
17860,2024,1,1128,105811
17860,2024,2,1079,105121
17860,2024,3,1145,106684
17860,2024,4,1146,107583
17900,2024,1,1157,391231
17900,2024,2,1110,392691
17900,2024,3,1121,395882
17900,2024,4,1199,400756
17980,2024,1,1108,115845
17980,2024,2,978,116332
17980,2024,3,1001,115342
17980,2024,4,1051,116412
18020,2024,1,1725,50240
18020,2024,2,1316,50669
18020,2024,3,1285,50015
18020,2024,4,1322,50011
18140,2024,1,1385,1072797
18140,2024,2,1307,1096107
18140,2024,3,1304,1094963
18140,2024,4,1393,1108585
18580,2024,1,1184,190935
18580,2024,2,1119,190868
18580,2024,3,1126,192159
18580,2024,4,1207,195361
18700,2024,1,1227,38929
18700,2024,2,1292,39317
18700,2024,3,1306,38901
18700,2024,4,1341,38875
18880,2024,1,1149,125049
18880,2024,2,1130,124429
18880,2024,3,1150,124922
18880,2024,4,1194,123305
19140,2024,1,1053,66295
19140,2024,2,994,65819
19140,2024,3,1011,66379
19140,2024,4,1068,66484
19300,2024,1,962,84516
19300,2024,2,956,87282
19300,2024,3,978,84877
19300,2024,4,1039,85239
19340,2024,1,1189,177504
19340,2024,2,1155,179410
19340,2024,3,1180,177745
19340,2024,4,1435,177848
19430,2024,1,1240,369584
19430,2024,2,1171,373644
19430,2024,3,1195,371996
19430,2024,4,1247,374989
19460,2024,1,1133,58096
19460,2024,2,1111,58954
19460,2024,3,1123,59019
19460,2024,4,1177,59981
19500,2024,1,1488,44898
19500,2024,2,1213,45379
19500,2024,3,1226,45118
19500,2024,4,1290,45265
19660,2024,1,1057,220204
19660,2024,2,1011,213635
19660,2024,3,996,217438
19660,2024,4,1060,219081
19740,2024,1,1818,1583753
19740,2024,2,1640,1619137
19740,2024,3,1629,1611104
19740,2024,4,1749,1616060
19780,2024,1,1486,399611
19780,2024,2,1274,411950
19780,2024,3,1329,401910
19780,2024,4,1408,404162
20020,2024,1,999,59956
20020,2024,2,953,60608
20020,2024,3,984,59888
20020,2024,4,1118,60624
20100,2024,1,1073,70393
20100,2024,2,1090,71148
20100,2024,3,1086,71391
20100,2024,4,1170,72374
20220,2024,1,1122,57716
20220,2024,2,1065,59430
20220,2024,3,1090,58444
20220,2024,4,1236,58824
20260,2024,1,1147,123528
20260,2024,2,1081,127641
20260,2024,3,1161,125939
20260,2024,4,1167,124147
20500,2024,1,1808,341424
20500,2024,2,1643,344723
20500,2024,3,1690,342211
20500,2024,4,1808,344063
20740,2024,1,1101,84741
20740,2024,2,1055,85612
20740,2024,3,1063,85596
20740,2024,4,1131,85268
20940,2024,1,1019,67650
20940,2024,2,1049,69504
20940,2024,3,1056,66215
20940,2024,4,1080,65911
21060,2024,1,1053,51652
21060,2024,2,1087,51638
21060,2024,3,1043,51614
21060,2024,4,1069,52153
21140,2024,1,1266,127246
21140,2024,2,1168,128823
21140,2024,3,1138,127348
21140,2024,4,1205,126438
21300,2024,1,1173,33575
21300,2024,2,1166,34334
21300,2024,3,1153,33807
21300,2024,4,1216,33883
21340,2024,1,975,333476
21340,2024,2,952,333152
21340,2024,3,960,336502
21340,2024,4,985,340633
21420,2024,1,973,23322
21420,2024,2,962,23384
21420,2024,3,928,23223
21420,2024,4,1009,23437
21500,2024,1,1048,118069
21500,2024,2,991,121832
21500,2024,3,1014,120403
21500,2024,4,1065,119263
21660,2024,1,1117,157047
21660,2024,2,1109,159506
21660,2024,3,1126,158127
21660,2024,4,1187,157913
21780,2024,1,1134,133597
21780,2024,2,1075,134505
21780,2024,3,1099,134859
21780,2024,4,1160,136033
21820,2024,1,1290,36190
21820,2024,2,1330,37711
21820,2024,3,1355,38027
21820,2024,4,1384,36721
22020,2024,1,1262,145512
22020,2024,2,1202,149280
22020,2024,3,1252,150083
22020,2024,4,1289,149034
22140,2024,1,1060,46050
22140,2024,2,1069,46405
22140,2024,3,1035,46726
22140,2024,4,1142,47967
22180,2024,1,1051,132302
22180,2024,2,1026,132108
22180,2024,3,1074,131852
22180,2024,4,1093,133221
22220,2024,1,1584,267544
22220,2024,2,1199,269941
22220,2024,3,1322,271395
22220,2024,4,1394,274204
22380,2024,1,983,65591
22380,2024,2,1059,66148
22380,2024,3,1043,66894
22380,2024,4,1105,66339
22420,2024,1,1085,131298
22420,2024,2,1033,136144
22420,2024,3,1049,134112
22420,2024,4,1125,135423
22500,2024,1,1039,89021
22500,2024,2,1000,88778
22500,2024,3,1024,89127
22500,2024,4,1092,89702
22520,2024,1,986,55344
22520,2024,2,966,55192
22520,2024,3,984,55501
22520,2024,4,1044,56228
22540,2024,1,1134,44825
22540,2024,2,1083,45924
22540,2024,3,1094,45343
22540,2024,4,1170,44443
22660,2024,1,1357,171664
22660,2024,2,1283,178278
22660,2024,3,1294,175746
22660,2024,4,1445,174591
22900,2024,1,1015,96008
22900,2024,2,1018,96612
22900,2024,3,963,97088
22900,2024,4,1020,97435
23060,2024,1,1214,222121
23060,2024,2,1082,224166
23060,2024,3,1125,223977
23060,2024,4,1157,224886
23420,2024,1,1093,468600
23420,2024,2,1075,492052
23420,2024,3,1105,494879
23420,2024,4,1163,480957
23460,2024,1,882,32971
23460,2024,2,880,33176
23460,2024,3,887,32992
23460,2024,4,933,33265
23540,2024,1,1165,151980
23540,2024,2,1187,150204
23540,2024,3,1148,152871
23540,2024,4,1283,153543
23580,2024,1,1218,101052
23580,2024,2,1163,101880
23580,2024,3,1213,102453
23580,2024,4,1323,102781
23900,2024,1,1040,33034
23900,2024,2,1018,33425
23900,2024,3,1041,33770
23900,2024,4,1096,33177
24020,2024,1,1162,49659
24020,2024,2,1158,55259
24020,2024,3,1122,53236
24020,2024,4,1199,50184
24140,2024,1,935,41671
24140,2024,2,912,41502
24140,2024,3,934,42776
24140,2024,4,994,42662
24220,2024,1,1087,51972
24220,2024,2,1111,53694
24220,2024,3,1121,53519
24220,2024,4,1173,53272
24260,2024,1,1017,39867
24260,2024,2,1040,40707
24260,2024,3,1023,40299
24260,2024,4,1079,39795
24300,2024,1,1111,65972
24300,2024,2,1080,67592
24300,2024,3,1075,67474
24300,2024,4,1143,67054
24340,2024,1,1180,594523
24340,2024,2,1124,603324
24340,2024,3,1149,596206
24340,2024,4,1211,600253
24420,2024,1,929,31260
24420,2024,2,929,32002
24420,2024,3,949,31975
24420,2024,4,972,31229
24500,2024,1,1039,36336
24500,2024,2,1024,37576
24500,2024,3,1036,36652
24500,2024,4,1163,36489
24540,2024,1,1321,116364
24540,2024,2,1234,119797
24540,2024,3,1254,120345
24540,2024,4,1300,119739
24580,2024,1,1207,171488
24580,2024,2,1143,176539
24580,2024,3,1138,175580
24580,2024,4,1275,175372
24660,2024,1,1169,357127
24660,2024,2,1095,354036
24660,2024,3,1114,356728
24660,2024,4,1176,362686
24780,2024,1,1111,81932
24780,2024,2,1131,81281
24780,2024,3,1135,81271
24780,2024,4,1227,82325
24860,2024,1,1162,427074
24860,2024,2,1118,431092
24860,2024,3,1125,431924
24860,2024,4,1199,436017
25060,2024,1,1053,159780
25060,2024,2,981,160109
25060,2024,3,1002,160014
25060,2024,4,1037,159113
25180,2024,1,1112,105381
25180,2024,2,1081,105599
25180,2024,3,1078,106370
25180,2024,4,1175,107609
25220,2024,1,879,47395
25220,2024,2,882,46737
25220,2024,3,898,46775
25220,2024,4,939,47542
25260,2024,1,1038,49538
25260,2024,2,1076,51336
25260,2024,3,1069,51825
25260,2024,4,1150,50421
25420,2024,1,1317,331720
25420,2024,2,1217,338872
25420,2024,3,1258,337634
25420,2024,4,1304,340431
25500,2024,1,1051,66794
25500,2024,2,993,65542
25500,2024,3,1049,66675
25500,2024,4,1062,66509
25540,2024,1,1729,587101
25540,2024,2,1488,600945
25540,2024,3,1468,599549
25540,2024,4,1573,608199
25620,2024,1,916,61660
25620,2024,2,916,61604
25620,2024,3,937,61615
25620,2024,4,1002,61729
25740,2024,1,1148,43357
25740,2024,2,1135,45334
25740,2024,3,1153,44421
25740,2024,4,1270,44502
25860,2024,1,1029,154005
25860,2024,2,984,153196
25860,2024,3,1003,153300
25860,2024,4,1066,152933
25940,2024,1,1037,80913
25940,2024,2,1031,84845
25940,2024,3,1009,82437
25940,2024,4,1127,81201
25980,2024,1,961,21112
25980,2024,2,942,21293
25980,2024,3,971,21238
25980,2024,4,1040,21301
26140,2024,1,924,34878
26140,2024,2,935,34559
26140,2024,3,890,34729
26140,2024,4,1016,35069
26300,2024,1,868,38478
26300,2024,2,887,38257
26300,2024,3,876,37724
26300,2024,4,925,38263
26380,2024,1,1221,82335
26380,2024,2,1211,83319
26380,2024,3,1216,81764
26380,2024,4,1301,83335
26420,2024,1,1766,3249969
26420,2024,2,1486,3261174
26420,2024,3,1510,3256248
26420,2024,4,1616,3297782
26580,2024,1,1059,138482
26580,2024,2,1103,139337
26580,2024,3,1062,139511
26580,2024,4,1132,139684
26620,2024,1,1441,262431
26620,2024,2,1415,265758
26620,2024,3,1431,265003
26620,2024,4,1498,267043
26820,2024,1,1083,79101
26820,2024,2,1078,82418
26820,2024,3,1088,81505
26820,2024,4,1155,81296
26900,2024,1,1436,1077746
26900,2024,2,1311,1098129
26900,2024,3,1262,1097342
26900,2024,4,1340,1105915
26980,2024,1,1195,90918
26980,2024,2,1164,92654
26980,2024,3,1227,93392
26980,2024,4,1251,93277
27060,2024,1,1341,48527
27060,2024,2,1329,46864
27060,2024,3,1316,48908
27060,2024,4,1380,48385
27100,2024,1,1229,55735
27100,2024,2,1145,57081
27100,2024,3,1192,56297
27100,2024,4,1214,55720
27140,2024,1,1051,271735
27140,2024,2,1033,273184
27140,2024,3,1026,274161
27140,2024,4,1094,276330
27180,2024,1,1049,83771
27180,2024,2,1040,84498
27180,2024,3,1035,84374
27180,2024,4,1154,84140
27260,2024,1,1369,752585
27260,2024,2,1266,747876
27260,2024,3,1246,756915
27260,2024,4,1351,769266
27340,2024,1,893,54123
27340,2024,2,877,53969
27340,2024,3,915,53952
27340,2024,4,922,55173
27500,2024,1,1204,68681
27500,2024,2,1086,70724
27500,2024,3,1112,70020
27500,2024,4,1167,69902
27620,2024,1,1062,77256
27620,2024,2,1046,78384
27620,2024,3,1051,78126
27620,2024,4,1100,78283
27740,2024,1,1048,81267
27740,2024,2,1011,81187
27740,2024,3,1049,81570
27740,2024,4,1094,80817
27780,2024,1,933,47636
27780,2024,2,935,47608
27780,2024,3,944,47874
27780,2024,4,1018,47668
27860,2024,1,970,60026
27860,2024,2,989,60414
27860,2024,3,959,60838
27860,2024,4,1045,61212
27900,2024,1,974,86706
27900,2024,2,983,86548
27900,2024,3,963,86873
27900,2024,4,1024,87120
27980,2024,1,1166,73452
27980,2024,2,1188,73524
27980,2024,3,1170,73233
27980,2024,4,1230,74744
28020,2024,1,1345,120176
28020,2024,2,1196,121807
28020,2024,3,1220,120778
28020,2024,4,1296,121067
28100,2024,1,1056,42004
28100,2024,2,1045,42845
28100,2024,3,1079,42652
28100,2024,4,1119,42369
28140,2024,1,1374,1076589
28140,2024,2,1272,1099216
28140,2024,3,1292,1092352
28140,2024,4,1388,1097064
28420,2024,1,1301,130164
28420,2024,2,1243,142643
28420,2024,3,1277,141446
28420,2024,4,1339,134082
28450,2024,1,1127,72938
28450,2024,2,1072,74739
28450,2024,3,1051,74184
28450,2024,4,1241,76087
28660,2024,1,1173,150814
28660,2024,2,1109,150091
28660,2024,3,1184,148768
28660,2024,4,1205,151326
28700,2024,1,1137,118690
28700,2024,2,1033,117974
28700,2024,3,1082,118935
28700,2024,4,1130,119713
28740,2024,1,1167,58691
28740,2024,2,1177,60944
28740,2024,3,1151,60363
28740,2024,4,1207,60246
28880,2024,1,1265,267414
28880,2024,2,1280,273699
28880,2024,3,1231,269958
28880,2024,4,1308,273647
28940,2024,1,1254,417209
28940,2024,2,1221,419904
28940,2024,3,1222,424918
28940,2024,4,1350,424804
29020,2024,1,1327,35946
29020,2024,2,1120,36704
29020,2024,3,1109,35660
29020,2024,4,1245,36203
29100,2024,1,1072,82269
29100,2024,2,1048,83989
29100,2024,3,1063,84067
29100,2024,4,1169,84172
29180,2024,1,1072,174962
29180,2024,2,1038,175932
29180,2024,3,1063,176227
29180,2024,4,1136,178863
29200,2024,1,1186,101985
29200,2024,2,1136,100335
29200,2024,3,1116,103046
29200,2024,4,1189,103378
29340,2024,1,1236,100291
29340,2024,2,1147,101218
29340,2024,3,1168,101025
29340,2024,4,1256,100400
29420,2024,1,960,56715
29420,2024,2,987,55354
29420,2024,3,976,56326
29420,2024,4,1015,56892
29460,2024,1,1076,261869
29460,2024,2,1050,253674
29460,2024,3,1042,261114
29460,2024,4,1115,265740
29540,2024,1,1162,249643
29540,2024,2,1121,254421
29540,2024,3,1128,252945
29540,2024,4,1202,255309
29620,2024,1,1285,217990
29620,2024,2,1218,217534
29620,2024,3,1237,221041
29620,2024,4,1315,220335
29700,2024,1,868,106419
29700,2024,2,885,106961
29700,2024,3,887,107981
29700,2024,4,927,109420
29740,2024,1,945,78141
29740,2024,2,954,78916
29740,2024,3,951,79995
29740,2024,4,993,80898
29820,2024,1,1275,1115988
29820,2024,2,1207,1123022
29820,2024,3,1213,1128413
29820,2024,4,1305,1135443
29940,2024,1,1034,50890
29940,2024,2,1042,50751
29940,2024,3,1001,51373
29940,2024,4,1081,51463
30020,2024,1,951,43518
30020,2024,2,990,43085
30020,2024,3,956,43395
30020,2024,4,1026,43807
30140,2024,1,1062,53077
30140,2024,2,1026,53896
30140,2024,3,1060,54168
30140,2024,4,1117,54214
30300,2024,1,1029,28806
30300,2024,2,1025,29169
30300,2024,3,1044,28794
30300,2024,4,1099,28724
30340,2024,1,1121,48250
30340,2024,2,1082,49267
30340,2024,3,1127,48968
30340,2024,4,1172,48526
30460,2024,1,1233,284771
30460,2024,2,1206,280095
30460,2024,3,1199,288648
30460,2024,4,1251,288793
30500,2024,1,1541,71632
30500,2024,2,1407,73040
30500,2024,3,1513,71573
30500,2024,4,1519,72024
30620,2024,1,1145,49128
30620,2024,2,1109,49919
30620,2024,3,1110,49635
30620,2024,4,1159,50738
30700,2024,1,1134,179638
30700,2024,2,1099,181820
30700,2024,3,1119,182443
30700,2024,4,1193,183237
30780,2024,1,1163,353730
30780,2024,2,1114,358344
30780,2024,3,1115,358420
30780,2024,4,1179,362051
30860,2024,1,955,66671
30860,2024,2,985,67531
30860,2024,3,998,68009
30860,2024,4,1046,68395
30980,2024,1,1131,118419
30980,2024,2,1083,117270
30980,2024,3,1097,116673
30980,2024,4,1156,117943
31020,2024,1,1280,40641
31020,2024,2,1283,42168
31020,2024,3,1301,41555
31020,2024,4,1336,41363
31084,2024,1,1622,6180897
31084,2024,2,1529,6152845
31084,2024,3,1520,6173376
31084,2024,4,1710,6236734
31140,2024,1,1338,680680
31140,2024,2,1243,686665
31140,2024,3,1246,685022
31140,2024,4,1307,689068
31180,2024,1,1066,165599
31180,2024,2,1026,164517
31180,2024,3,1054,164829
31180,2024,4,1089,168108
31340,2024,1,1068,97130
31340,2024,2,1011,96276
31340,2024,3,1040,96274
31340,2024,4,1101,97038
31420,2024,1,1051,93830
31420,2024,2,996,94243
31420,2024,3,1038,93141
31420,2024,4,1111,94816
31540,2024,1,1416,402667
31540,2024,2,1345,413775
31540,2024,3,1336,407910
31540,2024,4,1436,410267
31700,2024,1,1560,200506
31700,2024,2,1475,203822
31700,2024,3,1467,201649
31700,2024,4,1626,203506
31740,2024,1,1005,52439
31740,2024,2,973,53251
31740,2024,3,986,53382
31740,2024,4,1022,53507
31860,2024,1,1072,55555
31860,2024,2,1086,55732
31860,2024,3,1081,56120
31860,2024,4,1129,57240
31900,2024,1,956,48827
31900,2024,2,956,49324
31900,2024,3,952,48754
31900,2024,4,1044,49122
32580,2024,1,806,291019
32580,2024,2,818,291358
32580,2024,3,818,291522
32580,2024,4,858,298670
32780,2024,1,1126,89924
32780,2024,2,1075,91887
32780,2024,3,1112,93356
32780,2024,4,1137,90968
32820,2024,1,1272,616912
32820,2024,2,1240,612703
32820,2024,3,1261,614626
32820,2024,4,1320,620652
32900,2024,1,1026,81906
32900,2024,2,1035,85928
32900,2024,3,1057,89857
32900,2024,4,1106,83295
33140,2024,1,1019,40280
33140,2024,2,981,41367
33140,2024,3,1009,40715
33140,2024,4,1066,40580
33220,2024,1,1584,37844
33220,2024,2,1301,38899
33220,2024,3,1226,38430
33220,2024,4,1434,38184
33260,2024,1,1957,119837
33260,2024,2,1721,120398
33260,2024,3,1904,121251
33260,2024,4,1860,122193
33340,2024,1,1388,807462
33340,2024,2,1235,826741
33340,2024,3,1243,818688
33340,2024,4,1375,820575
33460,2024,1,1634,1903215
33460,2024,2,1430,1971178
33460,2024,3,1468,1944712
33460,2024,4,1527,1946970
33500,2024,1,1163,32941
33500,2024,2,1098,34024
33500,2024,3,1170,33576
33500,2024,4,1194,33349
33540,2024,1,1097,65178
33540,2024,2,1100,69329
33540,2024,3,1142,67873
33540,2024,4,1221,66696
33660,2024,1,1159,174023
33660,2024,2,1145,175785
33660,2024,3,1162,175747
33660,2024,4,1278,177239
33700,2024,1,1222,195666
33700,2024,2,1208,199727
33700,2024,3,1219,203512
33700,2024,4,1258,198021
33740,2024,1,919,87103
33740,2024,2,937,86534
33740,2024,3,893,87230
33740,2024,4,994,88024
33780,2024,1,1216,41329
33780,2024,2,1135,42345
33780,2024,3,1150,41345
33780,2024,4,1154,40721
33860,2024,1,1105,168522
33860,2024,2,1100,170091
33860,2024,3,1107,169407
33860,2024,4,1239,171524
34060,2024,1,1236,66561
34060,2024,2,1246,66831
34060,2024,3,1199,67202
34060,2024,4,1294,67382
34100,2024,1,974,47419
34100,2024,2,1031,47792
34100,2024,3,980,48465
34100,2024,4,1040,47907
34580,2024,1,1239,52754
34580,2024,2,1228,54904
34580,2024,3,1237,55275
34580,2024,4,1325,53731
34620,2024,1,995,44829
34620,2024,2,962,44390
34620,2024,3,988,45200
34620,2024,4,1002,45210
34740,2024,1,1026,62105
34740,2024,2,992,65397
34740,2024,3,982,63772
34740,2024,4,1093,62603
34820,2024,1,906,142095
34820,2024,2,883,150148
34820,2024,3,925,145472
34820,2024,4,982,142503
34900,2024,1,1370,78220
34900,2024,2,1317,83791
34900,2024,3,1325,82884
34900,2024,4,1441,76011
34940,2024,1,1327,175311
34940,2024,2,1273,164576
34940,2024,3,1237,167770
34940,2024,4,1394,178500
34980,2024,1,1484,1089026
34980,2024,2,1383,1103791
34980,2024,3,1390,1101904
34980,2024,4,1548,1107450
35300,2024,1,1475,280098
35300,2024,2,1375,285311
35300,2024,3,1456,282843
35300,2024,4,1505,282451
35380,2024,1,1357,439535
35380,2024,2,1277,440217
35380,2024,3,1281,440704
35380,2024,4,1358,449472
35660,2024,1,1179,59629
35660,2024,2,1056,63110
35660,2024,3,1050,61575
35660,2024,4,1105,58675
35840,2024,1,1210,338643
35840,2024,2,1201,329124
35840,2024,3,1167,332688
35840,2024,4,1289,338615
35980,2024,1,1418,125513
35980,2024,2,1317,129207
35980,2024,3,1287,128601
35980,2024,4,1403,127984
36100,2024,1,1003,119316
36100,2024,2,1002,118628
36100,2024,3,977,119400
36100,2024,4,1057,121351
36220,2024,1,1455,78532
36220,2024,2,1393,79293
36220,2024,3,1415,79675
36220,2024,4,1508,80607
36260,2024,1,1135,267593
36260,2024,2,1097,271161
36260,2024,3,1127,271473
36260,2024,4,1163,271735
36420,2024,1,1229,665071
36420,2024,2,1153,666477
36420,2024,3,1149,672572
36420,2024,4,1220,677471
36500,2024,1,1385,127626
36500,2024,2,1364,129581
36500,2024,3,1381,130610
36500,2024,4,1411,129904
36540,2024,1,1287,487736
36540,2024,2,1175,495442
36540,2024,3,1220,491771
36540,2024,4,1291,494026
36740,2024,1,1269,1400145
36740,2024,2,1208,1376008
36740,2024,3,1199,1398940
36740,2024,4,1319,1414384
36780,2024,1,1320,92935
36780,2024,2,1169,94163
36780,2024,3,1196,93247
36780,2024,4,1269,94178
36980,2024,1,1016,48698
36980,2024,2,1021,49343
36980,2024,3,986,49626
36980,2024,4,1071,49716
37100,2024,1,1403,336683
37100,2024,2,1307,339762
37100,2024,3,1304,333874
37100,2024,4,1409,336048
37140,2024,1,1106,49551
37140,2024,2,1088,50264
37140,2024,3,1094,50111
37140,2024,4,1149,50562
37340,2024,1,1358,242460
37340,2024,2,1271,241706
37340,2024,3,1278,242620
37340,2024,4,1328,244097
37460,2024,1,1001,88395
37460,2024,2,998,89791
37460,2024,3,1015,88710
37460,2024,4,1051,89442
37620,2024,1,1013,36138
37620,2024,2,1070,36643
37620,2024,3,1026,36702
37620,2024,4,1073,36660
37860,2024,1,1137,189873
37860,2024,2,1078,188849
37860,2024,3,1093,189607
37860,2024,4,1167,190234
37900,2024,1,1504,165526
37900,2024,2,1192,170018
37900,2024,3,1197,168192
37900,2024,4,1310,166335
38060,2024,1,1446,2376273
38060,2024,2,1374,2305020
38060,2024,3,1353,2358554
38060,2024,4,1466,2395738
38240,2024,1,1008,39945
38240,2024,2,1003,40833
38240,2024,3,1008,39783
38240,2024,4,1138,40765
38300,2024,1,1462,1094204
38300,2024,2,1316,1118925
38300,2024,3,1323,1109528
38300,2024,4,1398,1108925
38340,2024,1,1224,56999
38340,2024,2,1155,59578
38340,2024,3,1181,57744
38340,2024,4,1230,57879
38540,2024,1,919,36671
38540,2024,2,880,38132
38540,2024,3,934,37804
38540,2024,4,938,37799
38860,2024,1,1373,279141
38860,2024,2,1258,299175
38860,2024,3,1242,293632
38860,2024,4,1382,287512
38900,2024,1,1543,1214489
38900,2024,2,1476,1229652
38900,2024,3,1498,1224759
38900,2024,4,1582,1222115
38940,2024,1,1075,167821
38940,2024,2,1056,161946
38940,2024,3,1060,167879
38940,2024,4,1122,170409
39150,2024,1,1002,72330
39150,2024,2,1048,70177
39150,2024,3,1042,71684
39150,2024,4,1113,71968
39300,2024,1,1328,695354
39300,2024,2,1221,724360
39300,2024,3,1229,716742
39300,2024,4,1311,715940
39340,2024,1,1224,297652
39340,2024,2,1158,299414
39340,2024,3,1167,301960
39340,2024,4,1251,302740
39380,2024,1,1041,61964
39380,2024,2,1088,62851
39380,2024,3,1062,62407
39380,2024,4,1131,62064
39460,2024,1,1030,57201
39460,2024,2,1041,54820
39460,2024,3,989,55514
39460,2024,4,1099,57071
39540,2024,1,1152,75860
39540,2024,2,1134,77726
39540,2024,3,1103,76215
39540,2024,4,1314,76797
39580,2024,1,1492,720551
39580,2024,2,1374,730738
39580,2024,3,1369,727202
39580,2024,4,1507,735376
39660,2024,1,1112,70766
39660,2024,2,1043,76558
39660,2024,3,1076,74835
39660,2024,4,1150,72680
39740,2024,1,1246,171957
39740,2024,2,1186,173483
39740,2024,3,1207,174664
39740,2024,4,1253,176839
39820,2024,1,1089,68918
39820,2024,2,1115,70726
39820,2024,3,1150,70421
39820,2024,4,1209,70606
39900,2024,1,1316,271389
39900,2024,2,1306,275417
39900,2024,3,1330,276568
39900,2024,4,1426,275898
40060,2024,1,1426,651856
40060,2024,2,1285,665572
40060,2024,3,1311,658547
40060,2024,4,1399,665786
40140,2024,1,1163,1677760
40140,2024,2,1172,1674201
40140,2024,3,1147,1674310
40140,2024,4,1214,1706929
40220,2024,1,1136,151393
40220,2024,2,1076,152362
40220,2024,3,1124,152250
40220,2024,4,1190,153848
40340,2024,1,1394,120752
40340,2024,2,1466,125418
40340,2024,3,1380,122983
40340,2024,4,1542,123585
40380,2024,1,1283,492372
40380,2024,2,1228,506541
40380,2024,3,1239,500053
40380,2024,4,1282,499974
40420,2024,1,1141,136605
40420,2024,2,1104,139430
40420,2024,3,1111,139195
40420,2024,4,1188,139125
40580,2024,1,1043,54809
40580,2024,2,973,54891
40580,2024,3,988,54733
40580,2024,4,1055,55585
40660,2024,1,966,44125
40660,2024,2,931,43079
40660,2024,3,953,44260
40660,2024,4,978,45372
40900,2024,1,1498,1075727
40900,2024,2,1449,1082370
40900,2024,3,1479,1086737
40900,2024,4,1555,1086744
40980,2024,1,1125,78723
40980,2024,2,1067,80413
40980,2024,3,1105,79893
40980,2024,4,1169,80081
41060,2024,1,1170,103103
41060,2024,2,1147,107265
41060,2024,3,1166,105440
41060,2024,4,1228,104286
41100,2024,1,899,85431
41100,2024,2,929,85223
41100,2024,3,932,88125
41100,2024,4,982,88667
41140,2024,1,1082,54080
41140,2024,2,1061,54296
41140,2024,3,1083,54128
41140,2024,4,1127,54836
41180,2024,1,1395,1317478
41180,2024,2,1265,1336842
41180,2024,3,1270,1330497
41180,2024,4,1364,1337418
41420,2024,1,1167,190696
41420,2024,2,1162,196369
41420,2024,3,1177,199869
41420,2024,4,1231,193051
41500,2024,1,1186,183190
41500,2024,2,1131,216132
41500,2024,3,1169,216801
41500,2024,4,1239,179891
41540,2024,1,1071,53099
41540,2024,2,1085,53894
41540,2024,3,1077,53355
41540,2024,4,1133,53899
41620,2024,1,1534,810697
41620,2024,2,1438,815740
41620,2024,3,1415,820216
41620,2024,4,1528,828551
41660,2024,1,1081,50848
41660,2024,2,1044,51138
41660,2024,3,1090,51048
41660,2024,4,1143,51579
41700,2024,1,1287,1105282
41700,2024,2,1186,1117230
41700,2024,3,1218,1120044
41700,2024,4,1279,1130456
41740,2024,1,1655,1530964
41740,2024,2,1525,1537155
41740,2024,3,1527,1531753
41740,2024,4,1667,1547154
41780,2024,1,1058,46874
41780,2024,2,915,55266
41780,2024,3,943,52682
41780,2024,4,1017,47169
41940,2024,1,3759,1130456
41940,2024,2,3594,1133062
41940,2024,3,3459,1134975
41940,2024,4,4175,1141474
42020,2024,1,1172,121859
42020,2024,2,1154,123283
42020,2024,3,1148,121773
42020,2024,4,1244,119205
42100,2024,1,1320,100962
42100,2024,2,1254,107973
42100,2024,3,1272,107117
42100,2024,4,1359,101177
42140,2024,1,1122,61396
42140,2024,2,1141,62539
42140,2024,3,1147,61791
42140,2024,4,1297,62467
42200,2024,1,1345,212634
42200,2024,2,1299,222272
42200,2024,3,1310,220352
42200,2024,4,1407,210090
42220,2024,1,1384,206176
42220,2024,2,1318,209176
42220,2024,3,1347,208072
42220,2024,4,1445,205763
42340,2024,1,1166,195176
42340,2024,2,1135,197687
42340,2024,3,1145,195865
42340,2024,4,1221,199099
42540,2024,1,1064,250356
42540,2024,2,1037,253557
42540,2024,3,1054,255044
42540,2024,4,1095,256885
42680,2024,1,1121,58310
42680,2024,2,1086,55546
42680,2024,3,1070,56879
42680,2024,4,1182,59432
42700,2024,1,920,29266
42700,2024,2,894,28420
42700,2024,3,923,28760
42700,2024,4,950,29173
43100,2024,1,1281,60122
43100,2024,2,1172,62896
43100,2024,3,1177,61699
43100,2024,4,1247,60852
43300,2024,1,1124,51902
43300,2024,2,1080,52010
43300,2024,3,1120,52073
43300,2024,4,1158,52769
43340,2024,1,1086,160314
43340,2024,2,1047,160328
43340,2024,3,1091,160461
43340,2024,4,1140,162072
43420,2024,1,1123,35442
43420,2024,2,1142,34586
43420,2024,3,1177,34837
43420,2024,4,1164,34864
43580,2024,1,1128,74253
43580,2024,2,1062,74785
43580,2024,3,1100,75287
43580,2024,4,1168,75203
43620,2024,1,1259,172567
43620,2024,2,1182,178837
43620,2024,3,1217,176935
43620,2024,4,1304,177313
43640,2024,1,1151,95904
43640,2024,2,1090,96904
43640,2024,3,1126,96564
43640,2024,4,1198,97342
43780,2024,1,1137,128952
43780,2024,2,1099,131987
43780,2024,3,1123,131871
43780,2024,4,1162,131725
43900,2024,1,1146,162876
43900,2024,2,1129,163649
43900,2024,3,1082,164439
43900,2024,4,1185,165091
44060,2024,1,1264,252866
44060,2024,2,1203,257880
44060,2024,3,1239,256608
44060,2024,4,1289,253958
44100,2024,1,1336,134521
44100,2024,2,1285,137842
44100,2024,3,1326,137481
44100,2024,4,1361,136447
44140,2024,1,1242,200662
44140,2024,2,1164,204510
44140,2024,3,1171,204274
44140,2024,4,1256,202705
44180,2024,1,1061,219304
44180,2024,2,1027,221089
44180,2024,3,1048,221782
44180,2024,4,1085,223452
44220,2024,1,1004,47122
44220,2024,2,977,47654
44220,2024,3,989,46853
44220,2024,4,1035,46063
44300,2024,1,1191,68033
44300,2024,2,1184,70171
44300,2024,3,1218,68833
44300,2024,4,1240,68461
44420,2024,1,1050,50823
44420,2024,2,1019,51089
44420,2024,3,1068,50783
44420,2024,4,1090,51401
44700,2024,1,1177,282456
44700,2024,2,1196,287970
44700,2024,3,1212,291008
44700,2024,4,1281,290032
44940,2024,1,1008,35482
44940,2024,2,994,35587
44940,2024,3,989,34614
44940,2024,4,1108,35087
45060,2024,1,1326,294768
45060,2024,2,1264,304022
45060,2024,3,1261,302237
45060,2024,4,1360,302968
45220,2024,1,1137,189049
45220,2024,2,1132,186878
45220,2024,3,1142,190625
45220,2024,4,1229,192624
45460,2024,1,1036,63851
45460,2024,2,987,64289
45460,2024,3,988,64573
45460,2024,4,1025,65033
45500,2024,1,1002,57425
45500,2024,2,1009,58093
45500,2024,3,1000,57526
45500,2024,4,1054,57905
45780,2024,1,1223,287636
45780,2024,2,1118,290296
45780,2024,3,1121,289329
45780,2024,4,1186,292437
45820,2024,1,1151,110804
45820,2024,2,1091,111957
45820,2024,3,1094,111646
45820,2024,4,1162,113082
45900,2024,1,1097,64961
45900,2024,2,1060,72785
45900,2024,3,1075,69784
45900,2024,4,1179,66583
45940,2024,1,2045,263240
45940,2024,2,1570,269174
45940,2024,3,1657,264279
45940,2024,4,1692,268799
46060,2024,1,1191,388925
46060,2024,2,1184,377545
46060,2024,3,1154,385942
46060,2024,4,1234,392548
46140,2024,1,1227,452808
46140,2024,2,1152,452304
46140,2024,3,1149,456242
46140,2024,4,1231,459964
46220,2024,1,1148,106327
46220,2024,2,1083,106666
46220,2024,3,1106,107769
46220,2024,4,1179,108579
46300,2024,1,936,52711
46300,2024,2,909,54548
46300,2024,3,941,54549
46300,2024,4,978,54416
46340,2024,1,1089,112876
46340,2024,2,1064,113282
46340,2024,3,1094,113333
46340,2024,4,1170,115388
46520,2024,1,1326,454752
46520,2024,2,1302,450981
46520,2024,3,1350,453527
46520,2024,4,1395,461313
46540,2024,1,1161,117900
46540,2024,2,1144,119898
46540,2024,3,1117,118608
46540,2024,4,1179,118789
46660,2024,1,919,54870
46660,2024,2,898,55122
46660,2024,3,921,54526
46660,2024,4,981,54949
46700,2024,1,1365,142861
46700,2024,2,1364,143928
46700,2024,3,1349,144112
46700,2024,4,1413,143594
47020,2024,1,1080,38316
47020,2024,2,1041,38755
47020,2024,3,1061,38401
47020,2024,4,1108,38686
47220,2024,1,1095,59084
47220,2024,2,1094,61203
47220,2024,3,1075,61081
47220,2024,4,1175,60479
47260,2024,1,1232,755630
47260,2024,2,1152,768264
47260,2024,3,1201,761492
47260,2024,4,1241,761276
47300,2024,1,1002,172084
47300,2024,2,997,180418
47300,2024,3,1020,179576
47300,2024,4,1061,176469
47380,2024,1,1148,129278
47380,2024,2,1114,128580
47380,2024,3,1141,130277
47380,2024,4,1218,131862
47460,2024,1,1059,28108
47460,2024,2,1039,30477
47460,2024,3,1079,29729
47460,2024,4,1116,28389
47580,2024,1,1127,76243
47580,2024,2,1050,76673
47580,2024,3,1121,76688
47580,2024,4,1111,77025
47930,2024,1,1373,157644
47930,2024,2,1323,162748
47930,2024,3,1286,162321
47930,2024,4,1525,161599
47940,2024,1,1115,84595
47940,2024,2,1047,86177
47940,2024,3,1095,84887
47940,2024,4,1265,83664
48060,2024,1,1056,39399
48060,2024,2,1068,42372
48060,2024,3,1029,41082
48060,2024,4,1119,40059
48140,2024,1,1097,70401
48140,2024,2,1093,71806
48140,2024,3,1090,70307
48140,2024,4,1180,70815
48260,2024,1,981,36049
48260,2024,2,996,36317
48260,2024,3,966,35203
48260,2024,4,1038,35896
48300,2024,1,1067,55046
48300,2024,2,1075,61029
48300,2024,3,1072,60225
48300,2024,4,1111,54214
48540,2024,1,1068,57930
48540,2024,2,1055,59115
48540,2024,3,1028,58501
48540,2024,4,1108,58654
48620,2024,1,1151,303808
48620,2024,2,1089,305778
48620,2024,3,1093,306308
48620,2024,4,1208,308154
48660,2024,1,987,56971
48660,2024,2,984,57292
48660,2024,3,985,56423
48660,2024,4,1052,56571
48680,2024,1,1084,40536
48680,2024,2,1097,40169
48680,2024,3,1080,40581
48680,2024,4,1188,41463
48700,2024,1,1061,49674
48700,2024,2,1048,49918
48700,2024,3,1057,50088
48700,2024,4,1106,49819
48900,2024,1,1134,184399
48900,2024,2,1076,188738
48900,2024,3,1100,187250
48900,2024,4,1172,187704
49020,2024,1,1182,68393
49020,2024,2,1175,68910
49020,2024,3,1126,68294
49020,2024,4,1210,69482
49180,2024,1,1270,270241
49180,2024,2,1120,268581
49180,2024,3,1163,271867
49180,2024,4,1215,273342
49340,2024,1,1421,348724
49340,2024,2,1340,356946
49340,2024,3,1333,352493
49340,2024,4,1417,353123
49420,2024,1,982,112830
49420,2024,2,973,123217
49420,2024,3,999,123324
49420,2024,4,1054,110353
49620,2024,1,1222,181545
49620,2024,2,1153,182749
49620,2024,3,1196,182858
49620,2024,4,1230,184886
49660,2024,1,1002,158233
49660,2024,2,950,160803
49660,2024,3,978,160286
49660,2024,4,1047,159999
49700,2024,1,1132,52397
49700,2024,2,1119,55456
49700,2024,3,1140,55518
49700,2024,4,1207,52534
49740,2024,1,995,77295
49740,2024,2,1049,65862
49740,2024,3,1051,68202
49740,2024,4,1054,79260
10180,2025,1,1101,74671
10180,2025,2,1077,74204
10180,2025,3,1120,75686
10180,2025,4,1163,76094
10420,2025,1,1287,313806
10420,2025,2,1178,317750
10420,2025,3,1204,316691
10420,2025,4,1295,317065
10500,2025,1,1064,58048
10500,2025,2,1006,57801
10500,2025,3,1039,57163
10500,2025,4,1090,57918
10540,2025,1,1131,48517
10540,2025,2,1131,48861
10540,2025,3,1147,48854
10540,2025,4,1171,48068
10580,2025,1,1513,449553
10580,2025,2,1470,463379
10580,2025,3,1492,456595
10580,2025,4,1605,457237
10740,2025,1,1246,403060
10740,2025,2,1203,405884
10740,2025,3,1233,404239
10740,2025,4,1296,406171
10780,2025,1,1031,60186
10780,2025,2,1013,60652
10780,2025,3,1009,59867
10780,2025,4,1126,60250
10900,2025,1,1307,372642
10900,2025,2,1263,381172
10900,2025,3,1263,378656
10900,2025,4,1375,381424
11020,2025,1,1055,57829
11020,2025,2,1009,59521
11020,2025,3,1062,58555
11020,2025,4,1100,58012
11100,2025,1,1182,123407
11100,2025,2,1150,124508
11100,2025,3,1176,124701
11100,2025,4,1276,125698
11180,2025,1,1240,55700
11180,2025,2,1164,55817
11180,2025,3,1204,56093
11180,2025,4,1281,55809
11200,2025,1,1204,64169
11200,2025,2,1145,66249
11200,2025,3,1248,64426
11200,2025,4,1236,65127
11260,2025,1,1435,176707
11260,2025,2,1409,183411
11260,2025,3,1445,182022
11260,2025,4,1496,176021
11460,2025,1,1465,218560
11460,2025,2,1455,220339
11460,2025,3,1463,219221
11460,2025,4,1522,220026
11500,2025,1,1004,43108
11500,2025,2,998,43351
11500,2025,3,995,43611
11500,2025,4,1036,43901
11540,2025,1,1221,123055
11540,2025,2,1132,127545
11540,2025,3,1178,124092
11540,2025,4,1319,124904
11700,2025,1,1157,180510
11700,2025,2,1112,184090
11700,2025,3,1140,182907
11700,2025,4,1212,186386
12020,2025,1,1111,96683
12020,2025,2,1091,95115
12020,2025,3,1096,99101
12020,2025,4,1141,98235
12100,2025,1,1159,157485
12100,2025,2,1075,187428
12100,2025,3,1082,175199
12100,2025,4,1197,162611
12220,2025,1,1078,72400
12220,2025,2,1052,72669
12220,2025,3,1061,74140
12220,2025,4,1124,73794
12260,2025,1,1158,232546
12260,2025,2,1129,233019
12260,2025,3,1130,237124
12260,2025,4,1211,239481
12420,2025,1,1851,1298197
12420,2025,2,1689,1308605
12420,2025,3,1740,1303882
12420,2025,4,1876,1321014
12540,2025,1,1216,333935
12540,2025,2,1165,343612
12540,2025,3,1170,356125
12540,2025,4,1199,347872
12580,2025,1,1577,1348744
12580,2025,2,1466,1368093
12580,2025,3,1508,1351091
12580,2025,4,1604,1359517
12620,2025,1,1071,71163
12620,2025,2,1090,72432
12620,2025,3,1087,72444
12620,2025,4,1171,71881
12700,2025,1,1316,86350
12700,2025,2,1232,107603
12700,2025,3,1238,101312
12700,2025,4,1396,90347
12940,2025,1,1325,404428
12940,2025,2,1259,397767
12940,2025,3,1250,402815
12940,2025,4,1358,406484
12980,2025,1,1374,54352
12980,2025,2,1257,55915
12980,2025,3,1228,55180
12980,2025,4,1373,55007
13020,2025,1,1103,33681
13020,2025,2,1061,34793
13020,2025,3,1079,34533
13020,2025,4,1170,33770
13140,2025,1,1414,164277
13140,2025,2,1313,162718
13140,2025,3,1329,161538
13140,2025,4,1426,161387
13220,2025,1,1007,42430
13220,2025,2,1041,43606
13220,2025,3,994,43116
13220,2025,4,1092,42540
13380,2025,1,1329,93525
13380,2025,2,1301,95913
13380,2025,3,1296,93428
13380,2025,4,1417,92061
13460,2025,1,1287,106896
13460,2025,2,1298,111884
13460,2025,3,1301,110286
13460,2025,4,1381,107693
13740,2025,1,1225,92282
13740,2025,2,1213,95724
13740,2025,3,1195,93733
13740,2025,4,1341,93159
13780,2025,1,1238,95676
13780,2025,2,1217,98378
13780,2025,3,1216,98194
13780,2025,4,1285,97857
13820,2025,1,1436,515139
13820,2025,2,1301,520182
13820,2025,3,1317,517113
13820,2025,4,1432,523230
13900,2025,1,1266,70180
13900,2025,2,1203,72966
13900,2025,3,1240,71882
13900,2025,4,1306,71248
13980,2025,1,1109,73461
13980,2025,2,1062,70629
13980,2025,3,1196,72396
13980,2025,4,1137,74820
14010,2025,1,1410,86522
14010,2025,2,1249,86603
14010,2025,3,1275,87778
14010,2025,4,1352,87637
14020,2025,1,1266,73150
14020,2025,2,1145,72326
14020,2025,3,1201,73395
14020,2025,4,1105,73488
14260,2025,1,1293,387421
14260,2025,2,1233,396979
14260,2025,3,1279,395931
14260,2025,4,1477,399092
14500,2025,1,2019,190235
14500,2025,2,1840,191785
14500,2025,3,1897,191168
14500,2025,4,2034,191671
14540,2025,1,1101,81304
14540,2025,2,1040,81343
14540,2025,3,1056,82590
14540,2025,4,1084,82741
14580,2025,1,1352,73513
14580,2025,2,1281,75502
14580,2025,3,1307,74918
14580,2025,4,1485,75456
14740,2025,1,1428,93535
14740,2025,2,1369,95566
14740,2025,3,1454,94143
14740,2025,4,1439,93799
14860,2025,1,2923,399435
14860,2025,2,1986,412168
14860,2025,3,1929,407205
14860,2025,4,2341,409802
15180,2025,1,886,156405
15180,2025,2,888,154027
15180,2025,3,888,153384
15180,2025,4,956,155648
15260,2025,1,1048,46795
15260,2025,2,1035,48266
15260,2025,3,1054,47647
15260,2025,4,1124,48738
15380,2025,1,1341,527937
15380,2025,2,1265,543665
15380,2025,3,1271,538870
15380,2025,4,1394,538395
15500,2025,1,1062,67545
15500,2025,2,972,65262
15500,2025,3,1047,65895
15500,2025,4,1055,67180
15540,2025,1,1435,120360
15540,2025,2,1406,122458
15540,2025,3,1356,121851
15540,2025,4,1530,120659
15940,2025,1,1095,161771
15940,2025,2,1052,165060
15940,2025,3,1099,163233
15940,2025,4,1150,163385
15980,2025,1,1217,308046
15980,2025,2,1209,294113
15980,2025,3,1177,295790
15980,2025,4,1296,305718
16020,2025,1,996,44185
16020,2025,2,1008,44752
16020,2025,3,1027,44224
16020,2025,4,1092,44881
16180,2025,1,1357,32213
16180,2025,2,1329,33005
16180,2025,3,1496,32803
16180,2025,4,1396,32630
16220,2025,1,1173,39597
16220,2025,2,1166,40737
16220,2025,3,1215,40203
16220,2025,4,1321,40102
16300,2025,1,1381,136548
16300,2025,2,1271,139797
16300,2025,3,1280,136895
16300,2025,4,1362,138315
16540,2025,1,1073,61089
16540,2025,2,1076,61624
16540,2025,3,1091,62073
16540,2025,4,1148,62702
16580,2025,1,1243,104674
16580,2025,2,1193,104744
16580,2025,3,1283,104821
16580,2025,4,1267,103860
16620,2025,1,1237,102743
16620,2025,2,1227,103046
16620,2025,3,1181,101851
16620,2025,4,1261,102796
16700,2025,1,1369,393838
16700,2025,2,1294,398820
16700,2025,3,1317,394436
16700,2025,4,1411,402077
16740,2025,1,1725,1342909
16740,2025,2,1405,1357959
16740,2025,3,1431,1357314
16740,2025,4,1515,1379186
16820,2025,1,1343,114983
16820,2025,2,1347,115999
16820,2025,3,1341,115599
16820,2025,4,1527,116330
16860,2025,1,1252,268042
16860,2025,2,1225,266057
16860,2025,3,1200,266449
16860,2025,4,1359,268817
16940,2025,1,1210,48665
16940,2025,2,1174,49854
16940,2025,3,1228,49132
16940,2025,4,1264,49013
16984,2025,1,1756,4426013
16984,2025,2,1512,4554643
16984,2025,3,1507,4509399
16984,2025,4,1651,4512607
17020,2025,1,1117,77769
17020,2025,2,1122,77918
17020,2025,3,1140,79746
17020,2025,4,1196,79219
17140,2025,1,1449,1084548
17140,2025,2,1304,1103822
17140,2025,3,1335,1100220
17140,2025,4,1408,1104905
17300,2025,1,1051,103115
17300,2025,2,1041,102479
17300,2025,3,1056,102868
17300,2025,4,1114,104018
17410,2025,1,1422,1005873
17410,2025,2,1302,1035013
17410,2025,3,1334,1021046
17410,2025,4,1431,1021927
17420,2025,1,1072,43019
17420,2025,2,1048,42631
17420,2025,3,1053,42625
17420,2025,4,1149,43273
17660,2025,1,1134,68439
17660,2025,2,1073,74818
17660,2025,3,1137,72712
17660,2025,4,1206,70707
17780,2025,1,1075,138159
17780,2025,2,1080,133094
17780,2025,3,1086,137555
17780,2025,4,1151,140801
17820,2025,1,1361,312833
17820,2025,2,1305,318574
17820,2025,3,1335,314973
17820,2025,4,1421,316630
17860,2025,1,1159,107814
17860,2025,2,1124,106271
17860,2025,3,1206,108371
17860,2025,4,1200,109421
17900,2025,1,1205,395617
17900,2025,2,1147,396880
17900,2025,3,1163,399122
17900,2025,4,1242,403011
17980,2025,1,1108,115873
17980,2025,2,1008,116578
17980,2025,3,1046,115640
17980,2025,4,1085,116057
18020,2025,1,1751,49739
18020,2025,2,1293,49821
18020,2025,3,1335,49167
18020,2025,4,1393,49722
18140,2025,1,1455,1092499
18140,2025,2,1352,1115395
18140,2025,3,1359,1115745
18140,2025,4,1438,1129873
18580,2025,1,1197,193229
18580,2025,2,1154,194105
18580,2025,3,1177,193815
18580,2025,4,1256,195124
18700,2025,1,1326,38934
18700,2025,2,1309,39459
18700,2025,3,1361,38635
18700,2025,4,1376,38584
18880,2025,1,1206,125045
18880,2025,2,1178,125528
18880,2025,3,1193,124781
18880,2025,4,1241,123573
19140,2025,1,1076,64711
19140,2025,2,1021,64228
19140,2025,3,1044,63936
19140,2025,4,1117,63878
19300,2025,1,995,86661
19300,2025,2,991,90161
19300,2025,3,1036,88603
19300,2025,4,1082,87829
19340,2025,1,1232,177849
19340,2025,2,1157,180933
19340,2025,3,1195,179854
19340,2025,4,1442,178879
19430,2025,1,1282,370711
19430,2025,2,1203,377245
19430,2025,3,1237,374536
19430,2025,4,1289,376288
19460,2025,1,1176,59905
19460,2025,2,1153,60516
19460,2025,3,1175,60176
19460,2025,4,1224,60880
19500,2025,1,1441,45047
19500,2025,2,1242,45147
19500,2025,3,1259,45265
19500,2025,4,1349,45317
19660,2025,1,1083,219860
19660,2025,2,1047,214871
19660,2025,3,1042,217425
19660,2025,4,1114,219017
19740,2025,1,1893,1589913
19740,2025,2,1690,1614177
19740,2025,3,1719,1602455
19740,2025,4,1826,1609696
19780,2025,1,1546,396067
19780,2025,2,1312,409540
19780,2025,3,1377,401381
19780,2025,4,1456,404346
20020,2025,1,1052,59544
20020,2025,2,1014,60671
20020,2025,3,1020,60965
20020,2025,4,1162,61464
20100,2025,1,1142,70747
20100,2025,2,1149,71769
20100,2025,3,1159,70857
20100,2025,4,1231,70682
20220,2025,1,1143,57158
20220,2025,2,1101,58632
20220,2025,3,1139,57569
20220,2025,4,1274,58022
20260,2025,1,1185,122386
20260,2025,2,1117,125839
20260,2025,3,1201,124636
20260,2025,4,1202,122944
20500,2025,1,1870,342112
20500,2025,2,1705,344880
20500,2025,3,1779,341019
20500,2025,4,1886,341040
20740,2025,1,1108,84713
20740,2025,2,1088,87079
20740,2025,3,1125,86083
20740,2025,4,1166,85406
20940,2025,1,1071,68850
20940,2025,2,1066,68901
20940,2025,3,1084,66681
20940,2025,4,1110,69320
21060,2025,1,1048,51513
21060,2025,2,1061,52085
21060,2025,3,1059,51969
21060,2025,4,1090,51404
21140,2025,1,1305,125793
21140,2025,2,1253,129362
21140,2025,3,1220,128327
21140,2025,4,1276,128253
21300,2025,1,1215,32895
21300,2025,2,1217,34228
21300,2025,3,1193,33609
21300,2025,4,1286,33662
21340,2025,1,998,337686
21340,2025,2,961,337250
21340,2025,3,989,339182
21340,2025,4,1023,344450
21420,2025,1,988,23392
21420,2025,2,990,23475
21420,2025,3,974,23180
21420,2025,4,1040,23297
21500,2025,1,1095,118209
21500,2025,2,1038,122099
21500,2025,3,1067,120104
21500,2025,4,1111,119352
21660,2025,1,1161,157125
21660,2025,2,1166,159004
21660,2025,3,1176,156805
21660,2025,4,1245,156760
21780,2025,1,1181,134090
21780,2025,2,1133,135680
21780,2025,3,1139,133732
21780,2025,4,1206,134669
21820,2025,1,1370,36523
21820,2025,2,1346,38044
21820,2025,3,1411,37731
21820,2025,4,1432,36225
22020,2025,1,1310,146561
22020,2025,2,1233,150975
22020,2025,3,1290,149552
22020,2025,4,1332,148916
22140,2025,1,1129,47661
22140,2025,2,1101,48364
22140,2025,3,1100,48087
22140,2025,4,1195,47195
22180,2025,1,1090,131629
22180,2025,2,1059,131978
22180,2025,3,1110,131792
22180,2025,4,1099,132434
22220,2025,1,1751,275064
22220,2025,2,1310,277310
22220,2025,3,1382,278425
22220,2025,4,1501,279486
22380,2025,1,1028,66408
22380,2025,2,1110,66699
22380,2025,3,1089,66831
22380,2025,4,1151,64837
22420,2025,1,1107,132243
22420,2025,2,1072,136793
22420,2025,3,1081,135932
22420,2025,4,1175,135705
22500,2025,1,1102,89587
22500,2025,2,1051,89854
22500,2025,3,1081,89357
22500,2025,4,1142,90275
22520,2025,1,1015,55656
22520,2025,2,1009,55583
22520,2025,3,1004,55668
22520,2025,4,1080,56347
22540,2025,1,1172,44026
22540,2025,2,1128,45616
22540,2025,3,1160,45430
22540,2025,4,1243,44694
22660,2025,1,1458,168426
22660,2025,2,1389,173406
22660,2025,3,1429,172148
22660,2025,4,1564,170170
22900,2025,1,1022,95133
22900,2025,2,1009,94680
22900,2025,3,993,95099
22900,2025,4,1066,95695
23060,2025,1,1251,222463
23060,2025,2,1123,224751
23060,2025,3,1176,225248
23060,2025,4,1227,227039
23420,2025,1,1141,470454
23420,2025,2,1121,491764
23420,2025,3,1158,493416
23420,2025,4,1203,492517
23460,2025,1,896,33140
23460,2025,2,900,33373
23460,2025,3,917,32961
23460,2025,4,975,33002
23540,2025,1,1202,154914
23540,2025,2,1228,151464
23540,2025,3,1190,153441
23540,2025,4,1339,154263
23580,2025,1,1261,102393
23580,2025,2,1230,103147
23580,2025,3,1231,103695
23580,2025,4,1358,104231
23900,2025,1,1087,32935
23900,2025,2,1053,33282
23900,2025,3,1093,33867
23900,2025,4,1151,33229
24020,2025,1,1182,49418
24020,2025,2,1151,55138
24020,2025,3,1132,52634
24020,2025,4,1234,50429
24140,2025,1,926,40986
24140,2025,2,934,40748
24140,2025,3,981,41164
24140,2025,4,1022,41396
24220,2025,1,1144,52208
24220,2025,2,1149,53687
24220,2025,3,1167,53474
24220,2025,4,1188,53855
24260,2025,1,1025,39305
24260,2025,2,1064,40344
24260,2025,3,1053,39828
24260,2025,4,1094,40208
24300,2025,1,1121,66637
24300,2025,2,1130,67258
24300,2025,3,1120,67047
24300,2025,4,1204,67223
24340,2025,1,1209,594180
24340,2025,2,1157,603998
24340,2025,3,1198,593798
24340,2025,4,1278,599936
24420,2025,1,965,30614
24420,2025,2,972,31416
24420,2025,3,994,31142
24420,2025,4,1025,30815
24500,2025,1,1086,36235
24500,2025,2,1099,36610
24500,2025,3,1087,35827
24500,2025,4,1221,36301
24540,2025,1,1374,122052
24540,2025,2,1292,123870
24540,2025,3,1310,124715
24540,2025,4,1375,123179
24580,2025,1,1249,173960
24580,2025,2,1192,179115
24580,2025,3,1214,177366
24580,2025,4,1337,177205
24660,2025,1,1208,360977
24660,2025,2,1138,359094
24660,2025,3,1165,361334
24660,2025,4,1223,366222
24780,2025,1,1168,81094
24780,2025,2,1218,80711
24780,2025,3,1170,82023
24780,2025,4,1287,83464
24860,2025,1,1215,436187
24860,2025,2,1166,436296
24860,2025,3,1176,435782
24860,2025,4,1253,441618
25060,2025,1,1082,158941
25060,2025,2,1018,160932
25060,2025,3,1044,159823
25060,2025,4,1090,159630
25180,2025,1,1141,106302
25180,2025,2,1127,106682
25180,2025,3,1104,109735
25180,2025,4,1199,111246
25220,2025,1,918,47149
25220,2025,2,908,46847
25220,2025,3,951,46949
25220,2025,4,989,47556
25260,2025,1,1080,49318
25260,2025,2,1090,53474
25260,2025,3,1085,53265
25260,2025,4,1153,52711
25420,2025,1,1339,333060
25420,2025,2,1251,339432
25420,2025,3,1284,336887
25420,2025,4,1317,340741
25500,2025,1,1103,66236
25500,2025,2,1028,66248
25500,2025,3,1100,66773
25500,2025,4,1120,66726
25540,2025,1,1747,601782
25540,2025,2,1520,611792
25540,2025,3,1498,608631
25540,2025,4,1642,611836
25620,2025,1,955,61995
25620,2025,2,940,62241
25620,2025,3,975,61884
25620,2025,4,1040,62895
25740,2025,1,1205,43499
25740,2025,2,1196,44918
25740,2025,3,1214,44009
25740,2025,4,1322,44205
25860,2025,1,1080,153427
25860,2025,2,1028,152715
25860,2025,3,1056,152531
25860,2025,4,1118,154417
25940,2025,1,1088,82371
25940,2025,2,1067,85537
25940,2025,3,1067,83095
25940,2025,4,1159,83982
25980,2025,1,1011,21213
25980,2025,2,976,20992
25980,2025,3,1012,21118
25980,2025,4,1093,21401
26140,2025,1,937,35613
26140,2025,2,970,35147
26140,2025,3,930,35131
26140,2025,4,1042,35410
26300,2025,1,885,38652
26300,2025,2,898,39119
26300,2025,3,893,38465
26300,2025,4,947,38716
26380,2025,1,1220,83164
26380,2025,2,1245,83246
26380,2025,3,1244,82237
26380,2025,4,1357,82997
26420,2025,1,1806,3285314
26420,2025,2,1533,3299744
26420,2025,3,1549,3278962
26420,2025,4,1686,3323011
26580,2025,1,1091,139205
26580,2025,2,1147,140534
26580,2025,3,1105,140152
26580,2025,4,1183,140187
26620,2025,1,1480,267865
26620,2025,2,1458,270586
26620,2025,3,1477,270955
26620,2025,4,1549,272207
26820,2025,1,1116,80417
26820,2025,2,1099,83308
26820,2025,3,1131,82657
26820,2025,4,1187,81866
26900,2025,1,1530,1089583
26900,2025,2,1311,1105574
26900,2025,3,1312,1101937
26900,2025,4,1399,1112641
26980,2025,1,1246,93407
26980,2025,2,1221,93413
26980,2025,3,1262,95302
26980,2025,4,1286,95989
27060,2025,1,1394,47777
27060,2025,2,1385,46418
27060,2025,3,1355,48648
27060,2025,4,1415,48392
27100,2025,1,1269,54833
27100,2025,2,1177,56562
27100,2025,3,1232,55618
27100,2025,4,1309,55217
27140,2025,1,1090,271801
27140,2025,2,1064,273092
27140,2025,3,1076,271891
27140,2025,4,1144,273232
27180,2025,1,1083,85338
27180,2025,2,1085,85184
27180,2025,3,1088,85243
27180,2025,4,1201,85526
27260,2025,1,1463,755678
27260,2025,2,1307,748036
27260,2025,3,1309,752760
27260,2025,4,1432,765900
27340,2025,1,922,53563
27340,2025,2,932,53508
27340,2025,3,952,54342
27340,2025,4,957,54836
27500,2025,1,1267,69020
27500,2025,2,1150,71059
27500,2025,3,1172,69696
27500,2025,4,1218,69826
27620,2025,1,1099,77969
27620,2025,2,1125,78055
27620,2025,3,1142,77955
27620,2025,4,1174,77770
27740,2025,1,1102,81127
27740,2025,2,1068,80353
27740,2025,3,1101,81036
27740,2025,4,1132,81576
27780,2025,1,981,46910
27780,2025,2,982,47051
27780,2025,3,984,47170
27780,2025,4,1070,47091
27860,2025,1,983,60805
27860,2025,2,1018,60784
27860,2025,3,987,61432
27860,2025,4,1085,61691
27900,2025,1,1001,86140
27900,2025,2,1020,86349
27900,2025,3,1019,86135
27900,2025,4,1079,86403
27980,2025,1,1218,74311
27980,2025,2,1225,74222
27980,2025,3,1209,73693
27980,2025,4,1280,75098
28020,2025,1,1384,121700
28020,2025,2,1234,123395
28020,2025,3,1278,121984
28020,2025,4,1358,121800
28100,2025,1,1100,42108
28100,2025,2,1097,42906
28100,2025,3,1125,42245
28100,2025,4,1174,41470
28140,2025,1,1425,1079232
28140,2025,2,1312,1094173
28140,2025,3,1335,1091961
28140,2025,4,1450,1095109
28420,2025,1,1340,133591
28420,2025,2,1317,145965
28420,2025,3,1332,140951
28420,2025,4,1394,132953
28450,2025,1,1155,74241
28450,2025,2,1067,76814
28450,2025,3,1097,76310
28450,2025,4,1294,78080
28660,2025,1,1236,151034
28660,2025,2,1157,151235
28660,2025,3,1235,151087
28660,2025,4,1243,153150
28700,2025,1,1181,120543
28700,2025,2,1091,120896
28700,2025,3,1278,121155
28700,2025,4,1163,121468
28740,2025,1,1210,59163
28740,2025,2,1223,62224
28740,2025,3,1173,61641
28740,2025,4,1271,61359
28880,2025,1,1292,269353
28880,2025,2,1309,276519
28880,2025,3,1276,274151
28880,2025,4,1350,276401
28940,2025,1,1293,420385
28940,2025,2,1274,421948
28940,2025,3,1276,424431
28940,2025,4,1392,429297
29020,2025,1,1266,34775
29020,2025,2,1173,34793
29020,2025,3,1192,34590
29020,2025,4,1256,35213
29100,2025,1,1122,83322
29100,2025,2,1097,84747
29100,2025,3,1115,83837
29100,2025,4,1203,84170
29180,2025,1,1094,178282
29180,2025,2,1064,179801
29180,2025,3,1094,178424
29180,2025,4,1172,179915
29200,2025,1,1181,101529
29200,2025,2,1155,100101
29200,2025,3,1149,102118
29200,2025,4,1223,102156
29340,2025,1,1271,101038
29340,2025,2,1179,102232
29340,2025,3,1205,101707
29340,2025,4,1301,102543
29420,2025,1,994,57320
29420,2025,2,1025,55418
29420,2025,3,1017,55824
29420,2025,4,1055,55665
29460,2025,1,1111,265339
29460,2025,2,1088,258356
29460,2025,3,1084,264529
29460,2025,4,1160,269962
29540,2025,1,1205,251164
29540,2025,2,1167,256954
29540,2025,3,1175,254542
29540,2025,4,1257,257601
29620,2025,1,1332,219398
29620,2025,2,1246,220532
29620,2025,3,1283,220657
29620,2025,4,1386,219042
29700,2025,1,905,108550
29700,2025,2,891,108438
29700,2025,3,905,109370
29700,2025,4,964,109859
29740,2025,1,986,80752
29740,2025,2,984,81120
29740,2025,3,992,82663
29740,2025,4,1055,82904
29820,2025,1,1330,1127248
29820,2025,2,1254,1133752
29820,2025,3,1260,1150070
29820,2025,4,1348,1161146
29940,2025,1,1077,50567
29940,2025,2,1067,49863
29940,2025,3,1037,51139
29940,2025,4,1095,50899
30020,2025,1,976,43100
30020,2025,2,1014,42635
30020,2025,3,1010,42582
30020,2025,4,1056,42995
30140,2025,1,1098,53231
30140,2025,2,1062,53907
30140,2025,3,1108,54151
30140,2025,4,1170,54458
30300,2025,1,1054,28259
30300,2025,2,1056,28681
30300,2025,3,1098,28451
30300,2025,4,1145,28450
30340,2025,1,1150,47717
30340,2025,2,1113,49197
30340,2025,3,1149,48707
30340,2025,4,1222,48269
30460,2025,1,1270,286394
30460,2025,2,1248,282938
30460,2025,3,1259,291320
30460,2025,4,1287,292368
30500,2025,1,1576,70820
30500,2025,2,1461,71662
30500,2025,3,1526,70233
30500,2025,4,1565,70009
30620,2025,1,1169,49558
30620,2025,2,1139,50450
30620,2025,3,1128,50137
30620,2025,4,1212,50118
30700,2025,1,1168,180769
30700,2025,2,1139,183429
30700,2025,3,1159,183733
30700,2025,4,1246,184213
30780,2025,1,1191,359161
30780,2025,2,1143,360266
30780,2025,3,1150,360150
30780,2025,4,1231,362408
30860,2025,1,1015,67171
30860,2025,2,1071,68400
30860,2025,3,1024,68685
30860,2025,4,1107,68663
30980,2025,1,1174,117992
30980,2025,2,1128,117551
30980,2025,3,1148,117349
30980,2025,4,1227,118296
31020,2025,1,1329,41047
31020,2025,2,1322,41675
31020,2025,3,1350,41158
31020,2025,4,1389,40972
31084,2025,1,1682,6156796
31084,2025,2,1560,6158323
31084,2025,3,1579,6169475
31084,2025,4,1774,6287265
31140,2025,1,1367,678824
31140,2025,2,1305,685260
31140,2025,3,1296,681889
31140,2025,4,1361,688860
31180,2025,1,1100,166734
31180,2025,2,1062,165431
31180,2025,3,1090,166043
31180,2025,4,1152,169735
31340,2025,1,1194,96247
31340,2025,2,1112,96722
31340,2025,3,1144,97081
31340,2025,4,1207,96969
31420,2025,1,1103,94350
31420,2025,2,1048,94944
31420,2025,3,1065,96189
31420,2025,4,1148,97381
31540,2025,1,1463,404526
31540,2025,2,1378,415817
31540,2025,3,1385,409861
31540,2025,4,1516,410638
31700,2025,1,1648,199075
31700,2025,2,1517,201084
31700,2025,3,1554,198732
31700,2025,4,1717,201214
31740,2025,1,1020,53140
31740,2025,2,1002,52814
31740,2025,3,1028,52623
31740,2025,4,1046,52809
31860,2025,1,1106,55440
31860,2025,2,1129,55681
31860,2025,3,1137,56385
31860,2025,4,1171,57473
31900,2025,1,992,48199
31900,2025,2,1000,48829
31900,2025,3,987,48228
31900,2025,4,1086,48746
32580,2025,1,819,296635
32580,2025,2,842,294530
32580,2025,3,836,294315
32580,2025,4,883,300538
32780,2025,1,1141,90692
32780,2025,2,1131,92841
32780,2025,3,1156,93965
32780,2025,4,1192,92010
32820,2025,1,1325,606501
32820,2025,2,1264,600190
32820,2025,3,1316,607695
32820,2025,4,1363,612914
32900,2025,1,1081,82810
32900,2025,2,1068,86229
32900,2025,3,1083,90222
32900,2025,4,1138,84293
33140,2025,1,1038,39520
33140,2025,2,1010,41217
33140,2025,3,1020,40315
33140,2025,4,1090,40038
33220,2025,1,1401,38032
33220,2025,2,1346,39046
33220,2025,3,1278,37934
33220,2025,4,1437,37929
33260,2025,1,1977,122911
33260,2025,2,1731,123239
33260,2025,3,1745,121765
33260,2025,4,1927,122046
33340,2025,1,1435,805197
33340,2025,2,1274,826689
33340,2025,3,1288,815420
33340,2025,4,1442,818698
33460,2025,1,1692,1911501
33460,2025,2,1475,1974915
33460,2025,3,1507,1952150
33460,2025,4,1581,1946063
33500,2025,1,1197,32704
33500,2025,2,1134,33795
33500,2025,3,1207,33320
33500,2025,4,1227,33430
33540,2025,1,1167,65737
33540,2025,2,1158,68775
33540,2025,3,1223,67732
33540,2025,4,1275,66823
33660,2025,1,1200,175094
33660,2025,2,1191,175547
33660,2025,3,1205,173800
33660,2025,4,1309,176176
33700,2025,1,1254,196743
33700,2025,2,1225,200901
33700,2025,3,1241,203708
33700,2025,4,1266,195645
33740,2025,1,954,87003
33740,2025,2,960,87548
33740,2025,3,943,88673
33740,2025,4,1042,89381
33780,2025,1,1220,40094
33780,2025,2,1148,41639
33780,2025,3,1188,41050
33780,2025,4,1237,40546
33860,2025,1,1134,168914
33860,2025,2,1139,170704
33860,2025,3,1137,169107
33860,2025,4,1289,170302
34060,2025,1,1273,67211
34060,2025,2,1305,66717
34060,2025,3,1235,67916
34060,2025,4,1333,68007
34100,2025,1,1005,47154
34100,2025,2,1074,47135
34100,2025,3,1017,47086
34100,2025,4,1086,47418
34580,2025,1,1306,53347
34580,2025,2,1318,55870
34580,2025,3,1301,54566
34580,2025,4,1369,53255
34620,2025,1,1006,44245
34620,2025,2,1003,43844
34620,2025,3,1021,44887
34620,2025,4,1060,44535
34740,2025,1,1107,60197
34740,2025,2,1089,64039
34740,2025,3,1097,62369
34740,2025,4,1229,61763
34820,2025,1,942,143421
34820,2025,2,923,151383
34820,2025,3,965,147823
34820,2025,4,1018,144195
34900,2025,1,1403,77814
34900,2025,2,1359,82181
34900,2025,3,1379,80204
34900,2025,4,1493,75309
34940,2025,1,1369,177653
34940,2025,2,1304,164949
34940,2025,3,1292,165522
34940,2025,4,1432,178104
34980,2025,1,1542,1087736
34980,2025,2,1420,1094231
34980,2025,3,1468,1095134
34980,2025,4,1605,1105795
35300,2025,1,1546,276023
35300,2025,2,1465,281342
35300,2025,3,1516,278903
35300,2025,4,1628,280690
35380,2025,1,1377,442624
35380,2025,2,1311,440882
35380,2025,3,1340,438931
35380,2025,4,1390,441396
35660,2025,1,1178,58845
35660,2025,2,1058,62201
35660,2025,3,1082,61984
35660,2025,4,1162,59527
35840,2025,1,1257,343443
35840,2025,2,1233,332746
35840,2025,3,1228,336224
35840,2025,4,1345,347736
35980,2025,1,1481,126647
35980,2025,2,1375,130096
35980,2025,3,1358,129102
35980,2025,4,1511,128897
36100,2025,1,1032,121645
36100,2025,2,1034,120811
36100,2025,3,1024,121606
36100,2025,4,1105,123558
36220,2025,1,1476,80208
36220,2025,2,1414,79752
36220,2025,3,1432,80082
36220,2025,4,1506,80436
36260,2025,1,1165,268099
36260,2025,2,1129,271977
36260,2025,3,1155,272170
36260,2025,4,1216,269959
36420,2025,1,1263,671768
36420,2025,2,1195,670070
36420,2025,3,1201,671112
36420,2025,4,1270,677451
36500,2025,1,1454,129596
36500,2025,2,1437,130360
36500,2025,3,1476,129385
36500,2025,4,1496,129582
36540,2025,1,1314,488048
36540,2025,2,1210,499687
36540,2025,3,1253,496050
36540,2025,4,1340,498433
36740,2025,1,1324,1401905
36740,2025,2,1237,1385461
36740,2025,3,1260,1400897
36740,2025,4,1370,1427065
36780,2025,1,1359,92721
36780,2025,2,1214,94007
36780,2025,3,1237,92709
36780,2025,4,1358,93563
36980,2025,1,1050,49402
36980,2025,2,1060,50390
36980,2025,3,1059,49672
36980,2025,4,1144,50131
37100,2025,1,1440,334864
37100,2025,2,1349,339861
37100,2025,3,1337,332551
37100,2025,4,1425,339741
37140,2025,1,1137,49943
37140,2025,2,1112,50662
37140,2025,3,1136,50559
37140,2025,4,1183,50836
37340,2025,1,1402,244076
37340,2025,2,1298,243232
37340,2025,3,1332,242544
37340,2025,4,1416,245099
37460,2025,1,1038,90342
37460,2025,2,1032,90822
37460,2025,3,1050,89586
37460,2025,4,1110,87859
37620,2025,1,1083,35846
37620,2025,2,1095,36270
37620,2025,3,1066,36180
37620,2025,4,1106,36291
37860,2025,1,1198,191545
37860,2025,2,1123,191076
37860,2025,3,1126,191550
37860,2025,4,1208,192280
37900,2025,1,1475,163376
37900,2025,2,1233,166733
37900,2025,3,1258,166237
37900,2025,4,1371,161719
38060,2025,1,1499,2389586
38060,2025,2,1422,2314679
38060,2025,3,1409,2363170
38060,2025,4,1502,2401828
38240,2025,1,1059,42539
38240,2025,2,1050,43015
38240,2025,3,1063,42787
38240,2025,4,1173,43433
38300,2025,1,1501,1095362
38300,2025,2,1352,1121343
38300,2025,3,1382,1109907
38300,2025,4,1462,1110237
38340,2025,1,1360,56587
38340,2025,2,1228,59327
38340,2025,3,1263,57537
38340,2025,4,1343,57811
38540,2025,1,949,37355
38540,2025,2,919,38344
38540,2025,3,986,38570
38540,2025,4,994,38431
38860,2025,1,1396,280888
38860,2025,2,1313,301136
38860,2025,3,1317,295478
38860,2025,4,1444,289833
38900,2025,1,1574,1209509
38900,2025,2,1515,1221161
38900,2025,3,1557,1207492
38900,2025,4,1624,1206397
38940,2025,1,1101,171877
38940,2025,2,1095,164946
38940,2025,3,1103,169062
38940,2025,4,1181,173013
39150,2025,1,1061,72256
39150,2025,2,1085,69763
39150,2025,3,1072,71032
39150,2025,4,1136,71650
39300,2025,1,1365,698234
39300,2025,2,1258,724986
39300,2025,3,1285,715886
39300,2025,4,1385,712611
39340,2025,1,1259,300257
39340,2025,2,1208,306254
39340,2025,3,1198,306915
39340,2025,4,1283,309714
39380,2025,1,1095,61408
39380,2025,2,1103,62050
39380,2025,3,1096,62077
39380,2025,4,1179,60528
39460,2025,1,1071,58465
39460,2025,2,1058,55736
39460,2025,3,1013,55986
39460,2025,4,1101,58075
39540,2025,1,1193,74886
39540,2025,2,1232,77361
39540,2025,3,1174,76023
39540,2025,4,1394,75926
39580,2025,1,1581,733986
39580,2025,2,1438,750175
39580,2025,3,1434,744151
39580,2025,4,1582,755945
39660,2025,1,1155,71675
39660,2025,2,1089,77801
39660,2025,3,1129,75411
39660,2025,4,1195,73237
39740,2025,1,1279,174622
39740,2025,2,1214,176099
39740,2025,3,1267,175633
39740,2025,4,1315,176277
39820,2025,1,1138,69904
39820,2025,2,1158,72854
39820,2025,3,1186,72221
39820,2025,4,1226,72417
39900,2025,1,1388,273259
39900,2025,2,1373,278116
39900,2025,3,1415,281695
39900,2025,4,1503,283707
40060,2025,1,1480,660586
40060,2025,2,1331,674427
40060,2025,3,1367,667322
40060,2025,4,1450,675297
40140,2025,1,1199,1694673
40140,2025,2,1192,1693648
40140,2025,3,1176,1693399
40140,2025,4,1234,1696787
40220,2025,1,1170,153082
40220,2025,2,1111,155357
40220,2025,3,1177,153293
40220,2025,4,1211,154463
40340,2025,1,1453,120973
40340,2025,2,1534,126312
40340,2025,3,1570,124825
40340,2025,4,1499,124337
40380,2025,1,1318,496620
40380,2025,2,1263,508839
40380,2025,3,1277,506426
40380,2025,4,1337,504840
40420,2025,1,1162,136093
40420,2025,2,1151,138280
40420,2025,3,1150,137265
40420,2025,4,1226,136775
40580,2025,1,1078,55194
40580,2025,2,991,54846
40580,2025,3,1001,54964
40580,2025,4,1079,55578
40660,2025,1,1018,44460
40660,2025,2,971,44054
40660,2025,3,1015,43952
40660,2025,4,1012,45245
40900,2025,1,1548,1082908
40900,2025,2,1481,1092204
40900,2025,3,1529,1091134
40900,2025,4,1592,1092764
40980,2025,1,1169,78700
40980,2025,2,1119,80996
40980,2025,3,1149,81018
40980,2025,4,1253,81466
41060,2025,1,1232,102486
41060,2025,2,1200,106500
41060,2025,3,1218,105703
41060,2025,4,1295,104274
41100,2025,1,977,89027
41100,2025,2,961,88210
41100,2025,3,959,90836
41100,2025,4,1015,91876
41140,2025,1,1142,54581
41140,2025,2,1131,54537
41140,2025,3,1143,54443
41140,2025,4,1195,55296
41180,2025,1,1439,1318563
41180,2025,2,1315,1331753
41180,2025,3,1325,1319580
41180,2025,4,1426,1330335
41420,2025,1,1213,193225
41420,2025,2,1213,200615
41420,2025,3,1242,202664
41420,2025,4,1279,197199
41500,2025,1,1238,179222
41500,2025,2,1164,214884
41500,2025,3,1210,215448
41500,2025,4,1287,177175
41540,2025,1,1092,53287
41540,2025,2,1156,53603
41540,2025,3,1114,53665
41540,2025,4,1171,55057
41620,2025,1,1589,819996
41620,2025,2,1461,827507
41620,2025,3,1479,829673
41620,2025,4,1591,844071
41660,2025,1,1116,50701
41660,2025,2,1085,50660
41660,2025,3,1131,50791
41660,2025,4,1160,51163
41700,2025,1,1323,1120038
41700,2025,2,1220,1121777
41700,2025,3,1256,1121660
41700,2025,4,1319,1130501
41740,2025,1,1704,1528005
41740,2025,2,1558,1532103
41740,2025,3,1604,1527997
41740,2025,4,1704,1551950
41780,2025,1,1074,47140
41780,2025,2,967,55277
41780,2025,3,980,53031
41780,2025,4,1071,47341
41940,2025,1,4058,1129699
41940,2025,2,3710,1138439
41940,2025,3,3817,1140100
41940,2025,4,4519,1152823
42020,2025,1,1202,121064
42020,2025,2,1245,123226
42020,2025,3,1209,121194
42020,2025,4,1310,119371
42100,2025,1,1353,99482
42100,2025,2,1290,108229
42100,2025,3,1322,107442
42100,2025,4,1430,101785
42140,2025,1,1163,61433
42140,2025,2,1212,61506
42140,2025,3,1213,62231
42140,2025,4,1362,62731
42200,2025,1,1402,209626
42200,2025,2,1349,222360
42200,2025,3,1389,219209
42200,2025,4,1481,208005
42220,2025,1,1380,204114
42220,2025,2,1354,209392
42220,2025,3,1396,208495
42220,2025,4,1504,205563
42340,2025,1,1206,197937
42340,2025,2,1183,199835
42340,2025,3,1201,202106
42340,2025,4,1280,203214
42540,2025,1,1103,250876
42540,2025,2,1074,254520
42540,2025,3,1094,254759
42540,2025,4,1138,256017
42680,2025,1,1312,58409
42680,2025,2,1141,55588
42680,2025,3,1135,56642
42680,2025,4,1281,58877
42700,2025,1,954,29212
42700,2025,2,947,28493
42700,2025,3,963,28260
42700,2025,4,1003,28986
43100,2025,1,1323,59868
43100,2025,2,1256,63105
43100,2025,3,1229,61251
43100,2025,4,1312,60576
43300,2025,1,1172,52525
43300,2025,2,1132,52890
43300,2025,3,1165,53340
43300,2025,4,1202,54051
43340,2025,1,1113,163826
43340,2025,2,1076,164455
43340,2025,3,1122,162783
43340,2025,4,1186,164394
43420,2025,1,1187,35530
43420,2025,2,1140,34117
43420,2025,3,1155,34427
43420,2025,4,1213,33869
43580,2025,1,1135,73986
43580,2025,2,1081,74745
43580,2025,3,1124,74675
43580,2025,4,1206,75019
43620,2025,1,1294,174617
43620,2025,2,1230,181693
43620,2025,3,1255,179106
43620,2025,4,1355,178268
43640,2025,1,1204,96804
43640,2025,2,1110,97933
43640,2025,3,1156,97663
43640,2025,4,1261,99320
43780,2025,1,1174,130037
43780,2025,2,1151,132378
43780,2025,3,1172,133291
43780,2025,4,1232,133013
43900,2025,1,1180,165515
43900,2025,2,1169,165789
43900,2025,3,1154,164516
43900,2025,4,1240,167551
44060,2025,1,1326,253276
44060,2025,2,1272,258368
44060,2025,3,1302,256606
44060,2025,4,1360,253617
44100,2025,1,1398,131758
44100,2025,2,1339,134364
44100,2025,3,1391,133030
44100,2025,4,1429,133021
44140,2025,1,1254,199509
44140,2025,2,1202,203055
44140,2025,3,1209,202844
44140,2025,4,1311,201732
44180,2025,1,1063,220735
44180,2025,2,1054,221399
44180,2025,3,1071,222065
44180,2025,4,1111,224941
44220,2025,1,1024,45527
44220,2025,2,1005,46031
44220,2025,3,1010,45262
44220,2025,4,1058,45156
44300,2025,1,1248,68380
44300,2025,2,1251,71175
44300,2025,3,1257,70113
44300,2025,4,1286,69149
44420,2025,1,1064,53564
44420,2025,2,1045,53567
44420,2025,3,1094,52965
44420,2025,4,1123,53947
44700,2025,1,1213,285411
44700,2025,2,1205,291872
44700,2025,3,1234,294629
44700,2025,4,1268,288860
44940,2025,1,1038,35250
44940,2025,2,1023,35119
44940,2025,3,1038,35545
44940,2025,4,1093,35922
45060,2025,1,1383,299356
45060,2025,2,1320,310257
45060,2025,3,1327,307181
45060,2025,4,1453,306106
45220,2025,1,1185,190427
45220,2025,2,1185,188485
45220,2025,3,1172,190082
45220,2025,4,1301,190976
45460,2025,1,1053,64487
45460,2025,2,1021,64895
45460,2025,3,1031,65254
45460,2025,4,1078,64821
45500,2025,1,1034,57238
45500,2025,2,1020,57880
45500,2025,3,1054,57645
45500,2025,4,1100,57846
45780,2025,1,1238,287688
45780,2025,2,1152,287763
45780,2025,3,1181,286672
45780,2025,4,1246,290124
45820,2025,1,1209,113929
45820,2025,2,1169,114733
45820,2025,3,1153,115008
45820,2025,4,1222,116290
45900,2025,1,1102,65336
45900,2025,2,1104,73987
45900,2025,3,1117,70917
45900,2025,4,1248,68263
45940,2025,1,2146,261493
45940,2025,2,1619,264705
45940,2025,3,1739,261740
45940,2025,4,1761,263535
46060,2025,1,1234,391160
46060,2025,2,1216,380037
46060,2025,3,1197,385533
46060,2025,4,1294,390480
46140,2025,1,1286,455827
46140,2025,2,1200,458558
46140,2025,3,1198,458233
46140,2025,4,1287,466545
46220,2025,1,1159,106403
46220,2025,2,1145,105474
46220,2025,3,1157,107246
46220,2025,4,1218,107148
46300,2025,1,968,53909
46300,2025,2,944,55512
46300,2025,3,986,55399
46300,2025,4,1031,55396
46340,2025,1,1120,115173
46340,2025,2,1099,115593
46340,2025,3,1136,115476
46340,2025,4,1235,116159
46520,2025,1,1414,457257
46520,2025,2,1358,452918
46520,2025,3,1392,452852
46520,2025,4,1463,458723
46540,2025,1,1192,117244
46540,2025,2,1197,119146
46540,2025,3,1158,117737
46540,2025,4,1236,117630
46660,2025,1,928,54876
46660,2025,2,926,54748
46660,2025,3,958,54130
46660,2025,4,1021,55271
46700,2025,1,1440,143360
46700,2025,2,1370,144825
46700,2025,3,1396,144485
46700,2025,4,1447,144559
47020,2025,1,1095,38279
47020,2025,2,1063,38656
47020,2025,3,1083,38023
47020,2025,4,1148,37966
47220,2025,1,1106,60171
47220,2025,2,1111,61848
47220,2025,3,1112,61325
47220,2025,4,1213,60519
47260,2025,1,1261,767730
47260,2025,2,1189,780550
47260,2025,3,1246,774284
47260,2025,4,1282,776420
47300,2025,1,1035,170280
47300,2025,2,1033,175060
47300,2025,3,1052,176702
47300,2025,4,1094,174032
47380,2025,1,1200,128803
47380,2025,2,1177,129397
47380,2025,3,1198,130202
47380,2025,4,1280,131430
47460,2025,1,1118,27836
47460,2025,2,1109,29276
47460,2025,3,1147,29027
47460,2025,4,1175,27668
47580,2025,1,1189,76135
47580,2025,2,1080,76688
47580,2025,3,1141,75998
47580,2025,4,1140,75936
47930,2025,1,1444,158624
47930,2025,2,1348,162754
47930,2025,3,1340,159700
47930,2025,4,1471,160743
47940,2025,1,1126,83481
47940,2025,2,1075,85121
47940,2025,3,1116,84073
47940,2025,4,1243,84851
48060,2025,1,1074,39369
48060,2025,2,1119,42359
48060,2025,3,1073,41407
48060,2025,4,1165,40381
48140,2025,1,1126,69333
48140,2025,2,1165,70816
48140,2025,3,1135,69284
48140,2025,4,1231,70374
48260,2025,1,1028,35406
48260,2025,2,1055,36134
48260,2025,3,1017,36003
48260,2025,4,1130,35474
48300,2025,1,1106,53794
48300,2025,2,1113,60575
48300,2025,3,1096,59613
48300,2025,4,1177,53850
48540,2025,1,1106,57568
48540,2025,2,1107,58507
48540,2025,3,1060,58319
48540,2025,4,1161,58466
48620,2025,1,1197,305275
48620,2025,2,1126,305295
48620,2025,3,1140,306300
48620,2025,4,1254,309309
48660,2025,1,1011,56204
48660,2025,2,1014,56507
48660,2025,3,1017,56250
48660,2025,4,1106,57032
48680,2025,1,1150,41926
48680,2025,2,1133,41270
48680,2025,3,1132,41930
48680,2025,4,1255,43153
48700,2025,1,1080,49236
48700,2025,2,1074,49607
48700,2025,3,1088,49949
48700,2025,4,1138,49684
48900,2025,1,1208,187688
48900,2025,2,1125,193282
48900,2025,3,1159,192251
48900,2025,4,1244,192856
49020,2025,1,1229,67140
49020,2025,2,1167,68445
49020,2025,3,1165,67684
49020,2025,4,1230,68230
49180,2025,1,1331,267548
49180,2025,2,1176,265946
49180,2025,3,1207,270958
49180,2025,4,1266,271808
49340,2025,1,1483,353064
49340,2025,2,1382,361650
49340,2025,3,1371,355479
49340,2025,4,1459,359533
49420,2025,1,1014,111334
49420,2025,2,1003,123321
49420,2025,3,1031,121238
49420,2025,4,1086,109744
49620,2025,1,1275,181725
49620,2025,2,1189,183092
49620,2025,3,1251,183378
49620,2025,4,1291,184999
49660,2025,1,1045,157254
49660,2025,2,996,159580
49660,2025,3,1013,158904
49660,2025,4,1080,158187
49700,2025,1,1175,52294
49700,2025,2,1173,55281
49700,2025,3,1180,55596
49700,2025,4,1242,53363
49740,2025,1,1059,76758
49740,2025,2,1089,64144
49740,2025,3,1093,66073
49740,2025,4,1128,79674
